9.999999999999999547e-07 3.500000000000000000e+02 2.110082188291029226e+01 1.000000000011446177e+00
9.999999999999999547e-07 3.503469387755101820e+02 2.105516990649490694e+01 1.000000000011430412e+00
9.999999999999999547e-07 3.506938775510204209e+02 2.100966958844302823e+01 1.000000000011414425e+00
9.999999999999999547e-07 3.510408163265306030e+02 2.096432025292841317e+01 1.000000000011398660e+00
9.999999999999999547e-07 3.513877551020408418e+02 2.091912122797869600e+01 1.000000000011382895e+00
9.999999999999999547e-07 3.517346938775510239e+02 2.087407184544834493e+01 1.000000000011366907e+00
9.999999999999999547e-07 3.520816326530612059e+02 2.082917144099186757e+01 1.000000000011351364e+00
9.999999999999999547e-07 3.524285714285714448e+02 2.078441935403715135e+01 1.000000000011335821e+00
9.999999999999999547e-07 3.527755102040816269e+02 2.073981492775923385e+01 1.000000000011320056e+00
9.999999999999999547e-07 3.531224489795918089e+02 2.069535750905398785e+01 1.000000000011304513e+00
9.999999999999999547e-07 3.534693877551020478e+02 2.065104644851228244e+01 1.000000000011288970e+00
9.999999999999999547e-07 3.538163265306122298e+02 2.060688110039424714e+01 1.000000000011273649e+00
9.999999999999999547e-07 3.541632653061224687e+02 2.056286082260374926e+01 1.000000000011258106e+00
9.999999999999999547e-07 3.545102040816326507e+02 2.051898497666310917e+01 1.000000000011242784e+00
9.999999999999999547e-07 3.548571428571428328e+02 2.047525292768800753e+01 1.000000000011227463e+00
9.999999999999999547e-07 3.552040816326530717e+02 2.043166404436258432e+01 1.000000000011212142e+00
9.999999999999999547e-07 3.555510204081632537e+02 2.038821769891483626e+01 1.000000000011197043e+00
9.999999999999999547e-07 3.558979591836734926e+02 2.034491326709199654e+01 1.000000000011181944e+00
9.999999999999999547e-07 3.562448979591836746e+02 2.030175012813645807e+01 1.000000000011166623e+00
9.999999999999999547e-07 3.565918367346938567e+02 2.025872766476149778e+01 1.000000000011151524e+00
9.999999999999999547e-07 3.569387755102040956e+02 2.021584526312755870e+01 1.000000000011136425e+00
9.999999999999999547e-07 3.572857142857142776e+02 2.017310231281847877e+01 1.000000000011121770e+00
9.999999999999999547e-07 3.576326530612245165e+02 2.013049820681804292e+01 1.000000000011106671e+00
9.999999999999999547e-07 3.579795918367346985e+02 2.008803234148667016e+01 1.000000000011091794e+00
9.999999999999999547e-07 3.583265306122448806e+02 2.004570411653829964e+01 1.000000000011076917e+00
9.999999999999999547e-07 3.586734693877551194e+02 2.000351293501746852e+01 1.000000000011062040e+00
9.999999999999999547e-07 3.590204081632653015e+02 1.996145820327661369e+01 1.000000000011047385e+00
9.999999999999999547e-07 3.593673469387754835e+02 1.991953933095350493e+01 1.000000000011032508e+00
9.999999999999999547e-07 3.597142857142857224e+02 1.987775573094885573e+01 1.000000000011017853e+00
9.999999999999999547e-07 3.600612244897959044e+02 1.983610681940415787e+01 1.000000000011002976e+00
9.999999999999999547e-07 3.604081632653061433e+02 1.979459201567968307e+01 1.000000000010988543e+00
9.999999999999999547e-07 3.607551020408163254e+02 1.975321074233265506e+01 1.000000000010973888e+00
9.999999999999999547e-07 3.611020408163265074e+02 1.971196242509558161e+01 1.000000000010959678e+00
9.999999999999999547e-07 3.614489795918367463e+02 1.967084649285478193e+01 1.000000000010945023e+00
9.999999999999999547e-07 3.617959183673469283e+02 1.962986237762909525e+01 1.000000000010930590e+00
9.999999999999999547e-07 3.621428571428571672e+02 1.958900951454874217e+01 1.000000000010916379e+00
9.999999999999999547e-07 3.624897959183673493e+02 1.954828734183434946e+01 1.000000000010901724e+00
9.999999999999999547e-07 3.628367346938775313e+02 1.950769530077617731e+01 1.000000000010887513e+00
9.999999999999999547e-07 3.631836734693877702e+02 1.946723283571344254e+01 1.000000000010873302e+00
9.999999999999999547e-07 3.635306122448979522e+02 1.942689939401391896e+01 1.000000000010859091e+00
9.999999999999999547e-07 3.638775510204081911e+02 1.938669442605358739e+01 1.000000000010844881e+00
9.999999999999999547e-07 3.642244897959183731e+02 1.934661738519653440e+01 1.000000000010830892e+00
9.999999999999999547e-07 3.645714285714285552e+02 1.930666772777492923e+01 1.000000000010816681e+00
9.999999999999999547e-07 3.649183673469387941e+02 1.926684491306921743e+01 1.000000000010802692e+00
9.999999999999999547e-07 3.652653061224489761e+02 1.922714840328851693e+01 1.000000000010788481e+00
9.999999999999999547e-07 3.656122448979591582e+02 1.918757766355098582e+01 1.000000000010774714e+00
9.999999999999999547e-07 3.659591836734693970e+02 1.914813216186462341e+01 1.000000000010760726e+00
9.999999999999999547e-07 3.663061224489795791e+02 1.910881136910794709e+01 1.000000000010746959e+00
9.999999999999999547e-07 3.666530612244898180e+02 1.906961475901100300e+01 1.000000000010732970e+00
9.999999999999999547e-07 3.670000000000000000e+02 1.903054180813647633e+01 1.000000000010719203e+00
2.038873469387755127e-02 3.500000000000000000e+02 1.415171063731539647e+01 1.003924024256186653e+00
2.038873469387755127e-02 3.503469387755101820e+02 1.412789743956138544e+01 1.003919533699031419e+00
2.038873469387755127e-02 3.506938775510204209e+02 1.410414155843338868e+01 1.003915054530603257e+00
2.038873469387755127e-02 3.510408163265306030e+02 1.408044283508169237e+01 1.003910586706229235e+00
2.038873469387755127e-02 3.513877551020408418e+02 1.405680111108761743e+01 1.003906130181451584e+00
2.038873469387755127e-02 3.517346938775510239e+02 1.403321622846301686e+01 1.003901684912028358e+00
2.038873469387755127e-02 3.520816326530612059e+02 1.400968802964969306e+01 1.003897250853930556e+00
2.038873469387755127e-02 3.524285714285714448e+02 1.398621635751878145e+01 1.003892827963342338e+00
2.038873469387755127e-02 3.527755102040816269e+02 1.396280105537027083e+01 1.003888416196658806e+00
2.038873469387755127e-02 3.531224489795918089e+02 1.393944196693231774e+01 1.003884015510485561e+00
2.038873469387755127e-02 3.534693877551020478e+02 1.391613893636068156e+01 1.003879625861637592e+00
2.038873469387755127e-02 3.538163265306122298e+02 1.389289180823814718e+01 1.003875247207136612e+00
2.038873469387755127e-02 3.541632653061224687e+02 1.386970042757389088e+01 1.003870879504211944e+00
2.038873469387755127e-02 3.545102040816326507e+02 1.384656463980282304e+01 1.003866522710298748e+00
2.038873469387755127e-02 3.548571428571428328e+02 1.382348429078503393e+01 1.003862176783036242e+00
2.038873469387755127e-02 3.552040816326530717e+02 1.380045922680511872e+01 1.003857841680266594e+00
2.038873469387755127e-02 3.555510204081632537e+02 1.377748929457152727e+01 1.003853517360034697e+00
2.038873469387755127e-02 3.558979591836734926e+02 1.375457434121594424e+01 1.003849203780586619e+00
2.038873469387755127e-02 3.562448979591836746e+02 1.373171421429260697e+01 1.003844900900368042e+00
2.038873469387755127e-02 3.565918367346938567e+02 1.370890876177766593e+01 1.003840608678024049e+00
2.038873469387755127e-02 3.569387755102040956e+02 1.368615783206850089e+01 1.003836327072396450e+00
2.038873469387755127e-02 3.572857142857142776e+02 1.366346127398305654e+01 1.003832056042525123e+00
2.038873469387755127e-02 3.576326530612245165e+02 1.364081893675916035e+01 1.003827795547645119e+00
2.038873469387755127e-02 3.579795918367346985e+02 1.361823067005381382e+01 1.003823545547184892e+00
2.038873469387755127e-02 3.583265306122448806e+02 1.359569632394253880e+01 1.003819306000768297e+00
2.038873469387755127e-02 3.586734693877551194e+02 1.357321574891864735e+01 1.003815076868209921e+00
2.038873469387755127e-02 3.590204081632653015e+02 1.355078879589253305e+01 1.003810858109516868e+00
2.038873469387755127e-02 3.593673469387754835e+02 1.352841531619101367e+01 1.003806649684886532e+00
2.038873469387755127e-02 3.597142857142857224e+02 1.350609516155651768e+01 1.003802451554704156e+00
2.038873469387755127e-02 3.600612244897959044e+02 1.348382818414646955e+01 1.003798263679544833e+00
2.038873469387755127e-02 3.604081632653061433e+02 1.346161423653246736e+01 1.003794086020170617e+00
2.038873469387755127e-02 3.607551020408163254e+02 1.343945317169963971e+01 1.003789918537528969e+00
2.038873469387755127e-02 3.611020408163265074e+02 1.341734484304583042e+01 1.003785761192752757e+00
2.038873469387755127e-02 3.614489795918367463e+02 1.339528910438089149e+01 1.003781613947159368e+00
2.038873469387755127e-02 3.617959183673469283e+02 1.337328580992594418e+01 1.003777476762249599e+00
2.038873469387755127e-02 3.621428571428571672e+02 1.335133481431260094e+01 1.003773349599705433e+00
2.038873469387755127e-02 3.624897959183673493e+02 1.332943597258224244e+01 1.003769232421390933e+00
2.038873469387755127e-02 3.628367346938775313e+02 1.330758914018521111e+01 1.003765125189349794e+00
2.038873469387755127e-02 3.631836734693877702e+02 1.328579417298006504e+01 1.003761027865804678e+00
2.038873469387755127e-02 3.635306122448979522e+02 1.326405092723284262e+01 1.003756940413157217e+00
2.038873469387755127e-02 3.638775510204081911e+02 1.324235925961621163e+01 1.003752862793986012e+00
2.038873469387755127e-02 3.642244897959183731e+02 1.322071902720876047e+01 1.003748794971045522e+00
2.038873469387755127e-02 3.645714285714285552e+02 1.319913008749418815e+01 1.003744736907265844e+00
2.038873469387755127e-02 3.649183673469387941e+02 1.317759229836049428e+01 1.003740688565752048e+00
2.038873469387755127e-02 3.652653061224489761e+02 1.315610551809921169e+01 1.003736649909781065e+00
2.038873469387755127e-02 3.656122448979591582e+02 1.313466960540463191e+01 1.003732620902803907e+00
2.038873469387755127e-02 3.659591836734693970e+02 1.311328441937293476e+01 1.003728601508442786e+00
2.038873469387755127e-02 3.663061224489795791e+02 1.309194981950147074e+01 1.003724591690489776e+00
2.038873469387755127e-02 3.666530612244898180e+02 1.307066566568789412e+01 1.003720591412906815e+00
2.038873469387755127e-02 3.670000000000000000e+02 1.304943181822939025e+01 1.003716600639825485e+00
4.077646938775510155e-02 3.500000000000000000e+02 1.045441166201964656e+01 1.013434444687244529e+00
4.077646938775510155e-02 3.503469387755101820e+02 1.043971046659733659e+01 1.013421298324552744e+00
4.077646938775510155e-02 3.506938775510204209e+02 1.042503706296554711e+01 1.013408180090132005e+00
4.077646938775510155e-02 3.510408163265306030e+02 1.041039140587589529e+01 1.013395089888705636e+00
4.077646938775510155e-02 3.513877551020408418e+02 1.039577345003454489e+01 1.013382027625381987e+00
4.077646938775510155e-02 3.517346938775510239e+02 1.038118315010362736e+01 1.013368993205651991e+00
4.077646938775510155e-02 3.520816326530612059e+02 1.036662046070252430e+01 1.013355986535387387e+00
4.077646938775510155e-02 3.524285714285714448e+02 1.035208533640922290e+01 1.013343007520840056e+00
4.077646938775510155e-02 3.527755102040816269e+02 1.033757773176163752e+01 1.013330056068639573e+00
4.077646938775510155e-02 3.531224489795918089e+02 1.032309760125887799e+01 1.013317132085791661e+00
4.077646938775510155e-02 3.534693877551020478e+02 1.030864489936259076e+01 1.013304235479677295e+00
4.077646938775510155e-02 3.538163265306122298e+02 1.029421958049819885e+01 1.013291366158050710e+00
4.077646938775510155e-02 3.541632653061224687e+02 1.027982159905617010e+01 1.013278524029036731e+00
4.077646938775510155e-02 3.545102040816326507e+02 1.026545090939329619e+01 1.013265709001131887e+00
4.077646938775510155e-02 3.548571428571428328e+02 1.025110746583391830e+01 1.013252920983199967e+00
4.077646938775510155e-02 3.552040816326530717e+02 1.023679122267114217e+01 1.013240159884472247e+00
4.077646938775510155e-02 3.555510204081632537e+02 1.022250213416808684e+01 1.013227425614544597e+00
4.077646938775510155e-02 3.558979591836734926e+02 1.020824015455907485e+01 1.013214718083377708e+00
4.077646938775510155e-02 3.562448979591836746e+02 1.019400523805080994e+01 1.013202037201293537e+00
4.077646938775510155e-02 3.565918367346938567e+02 1.017979733882359561e+01 1.013189382878976197e+00
4.077646938775510155e-02 3.569387755102040956e+02 1.016561641103247915e+01 1.013176755027466847e+00
4.077646938775510155e-02 3.572857142857142776e+02 1.015146240880842754e+01 1.013164153558166136e+00
4.077646938775510155e-02 3.576326530612245165e+02 1.013733528625946789e+01 1.013151578382830209e+00
4.077646938775510155e-02 3.579795918367346985e+02 1.012323499747181188e+01 1.013139029413570036e+00
4.077646938775510155e-02 3.583265306122448806e+02 1.010916149651102458e+01 1.013126506562848972e+00
4.077646938775510155e-02 3.586734693877551194e+02 1.009511473742308318e+01 1.013114009743482757e+00
4.077646938775510155e-02 3.590204081632653015e+02 1.008109467423552807e+01 1.013101538868636631e+00
4.077646938775510155e-02 3.593673469387754835e+02 1.006710126095853930e+01 1.013089093851825329e+00
4.077646938775510155e-02 3.597142857142857224e+02 1.005313445158599706e+01 1.013076674606909755e+00
4.077646938775510155e-02 3.600612244897959044e+02 1.003919420009660257e+01 1.013064281048096982e+00
4.077646938775510155e-02 3.604081632653061433e+02 1.002528046045488708e+01 1.013051913089938028e+00
4.077646938775510155e-02 3.607551020408163254e+02 1.001139318661230782e+01 1.013039570647326748e+00
4.077646938775510155e-02 3.611020408163265074e+02 9.997532332508264119e+00 1.013027253635498282e+00
4.077646938775510155e-02 3.614489795918367463e+02 9.983697852071106382e+00 1.013014961970027494e+00
4.077646938775510155e-02 3.617959183673469283e+02 9.969889699219219636e+00 1.013002695566827427e+00
4.077646938775510155e-02 3.621428571428571672e+02 9.956107827861961468e+00 1.012990454342147961e+00
4.077646938775510155e-02 3.624897959183673493e+02 9.942352191900711844e+00 1.012978238212574489e+00
4.077646938775510155e-02 3.628367346938775313e+02 9.928622745229837676e+00 1.012966047095027022e+00
4.077646938775510155e-02 3.631836734693877702e+02 9.914919441737669814e+00 1.012953880906757309e+00
4.077646938775510155e-02 3.635306122448979522e+02 9.901242235307508466e+00 1.012941739565347943e+00
4.077646938775510155e-02 3.638775510204081911e+02 9.887591079818527362e+00 1.012929622988712586e+00
4.077646938775510155e-02 3.642244897959183731e+02 9.873965929146763187e+00 1.012917531095092416e+00
4.077646938775510155e-02 3.645714285714285552e+02 9.860366737166058826e+00 1.012905463803055461e+00
4.077646938775510155e-02 3.649183673469387941e+02 9.846793457748953315e+00 1.012893421031495489e+00
4.077646938775510155e-02 3.652653061224489761e+02 9.833246044767653515e+00 1.012881402699630007e+00
4.077646938775510155e-02 3.656122448979591582e+02 9.819724452094900968e+00 1.012869408726999820e+00
4.077646938775510155e-02 3.659591836734693970e+02 9.806228633604916922e+00 1.012857439033467033e+00
4.077646938775510155e-02 3.663061224489795791e+02 9.792758543174272745e+00 1.012845493539212827e+00
4.077646938775510155e-02 3.666530612244898180e+02 9.779314134682751458e+00 1.012833572164738127e+00
4.077646938775510155e-02 3.670000000000000000e+02 9.765895362014282099e+00 1.012821674830860497e+00
6.116420408163265182e-02 3.500000000000000000e+02 8.213996298530290119e+00 1.026560473097762660e+00
6.116420408163265182e-02 3.503469387755101820e+02 8.203887775773679891e+00 1.026537596037083500e+00
6.116420408163265182e-02 3.506938775510204209e+02 8.193795282094409771e+00 1.026514760953669558e+00
6.116420408163265182e-02 3.510408163265306030e+02 8.183718804049808782e+00 1.026491967721974374e+00
6.116420408163265182e-02 3.513877551020408418e+02 8.173658328089016933e+00 1.026469216216882696e+00
6.116420408163265182e-02 3.517346938775510239e+02 8.163613840554148737e+00 1.026446506313709817e+00
6.116420408163265182e-02 3.520816326530612059e+02 8.153585327681398098e+00 1.026423837888198465e+00
6.116420408163265182e-02 3.524285714285714448e+02 8.143572775602189395e+00 1.026401210816519916e+00
6.116420408163265182e-02 3.527755102040816269e+02 8.133576170344268164e+00 1.026378624975270437e+00
6.116420408163265182e-02 3.531224489795918089e+02 8.123595497832809542e+00 1.026356080241471735e+00
6.116420408163265182e-02 3.534693877551020478e+02 8.113630743891528496e+00 1.026333576492568511e+00
6.116420408163265182e-02 3.538163265306122298e+02 8.103681894243777606e+00 1.026311113606427128e+00
6.116420408163265182e-02 3.541632653061224687e+02 8.093748934513600446e+00 1.026288691461335612e+00
6.116420408163265182e-02 3.545102040816326507e+02 8.083831850226838256e+00 1.026266309936000765e+00
6.116420408163265182e-02 3.548571428571428328e+02 8.073930626812172662e+00 1.026243968909547277e+00
6.116420408163265182e-02 3.552040816326530717e+02 8.064045249602228793e+00 1.026221668261517950e+00
6.116420408163265182e-02 3.555510204081632537e+02 8.054175703834570044e+00 1.026199407871869251e+00
6.116420408163265182e-02 3.558979591836734926e+02 8.044321974652788754e+00 1.026177187620973541e+00
6.116420408163265182e-02 3.562448979591836746e+02 8.034484047107545379e+00 1.026155007389615292e+00
6.116420408163265182e-02 3.565918367346938567e+02 8.024661906157579239e+00 1.026132867058990428e+00
6.116420408163265182e-02 3.569387755102040956e+02 8.014855536670728142e+00 1.026110766510706318e+00
6.116420408163265182e-02 3.572857142857142776e+02 8.005064923424983547e+00 1.026088705626778008e+00
6.116420408163265182e-02 3.576326530612245165e+02 7.995290051109470220e+00 1.026066684289628883e+00
6.116420408163265182e-02 3.579795918367346985e+02 7.985530904325449875e+00 1.026044702382089113e+00
6.116420408163265182e-02 3.583265306122448806e+02 7.975787467587327484e+00 1.026022759787393435e+00
6.116420408163265182e-02 3.586734693877551194e+02 7.966059725323642482e+00 1.026000856389180926e+00
6.116420408163265182e-02 3.590204081632653015e+02 7.956347661878050204e+00 1.025978992071492568e+00
6.116420408163265182e-02 3.593673469387754835e+02 7.946651261510273123e+00 1.025957166718771463e+00
6.116420408163265182e-02 3.597142857142857224e+02 7.936970508397117818e+00 1.025935380215860393e+00
6.116420408163265182e-02 3.600612244897959044e+02 7.927305386633394235e+00 1.025913632448000490e+00
6.116420408163265182e-02 3.604081632653061433e+02 7.917655880232875809e+00 1.025891923300831010e+00
6.116420408163265182e-02 3.607551020408163254e+02 7.908021973129270243e+00 1.025870252660386672e+00
6.116420408163265182e-02 3.611020408163265074e+02 7.898403649177146768e+00 1.025848620413097656e+00
6.116420408163265182e-02 3.614489795918367463e+02 7.888800892152849187e+00 1.025827026445786938e+00
6.116420408163265182e-02 3.617959183673469283e+02 7.879213685755472873e+00 1.025805470645671402e+00
6.116420408163265182e-02 3.621428571428571672e+02 7.869642013607735187e+00 1.025783952900356510e+00
6.116420408163265182e-02 3.624897959183673493e+02 7.860085859256934704e+00 1.025762473097839855e+00
6.116420408163265182e-02 3.628367346938775313e+02 7.850545206175815416e+00 1.025741031126505831e+00
6.116420408163265182e-02 3.631836734693877702e+02 7.841020037763495765e+00 1.025719626875127632e+00
6.116420408163265182e-02 3.635306122448979522e+02 7.831510337346363038e+00 1.025698260232863035e+00
6.116420408163265182e-02 3.638775510204081911e+02 7.822016088178954440e+00 1.025676931089255284e+00
6.116420408163265182e-02 3.642244897959183731e+02 7.812537273444831065e+00 1.025655639334230207e+00
6.116420408163265182e-02 3.645714285714285552e+02 7.803073876257471397e+00 1.025634384858097103e+00
6.116420408163265182e-02 3.649183673469387941e+02 7.793625879661127520e+00 1.025613167551545413e+00
6.116420408163265182e-02 3.652653061224489761e+02 7.784193266631706187e+00 1.025591987305644048e+00
6.116420408163265182e-02 3.656122448979591582e+02 7.774776020077588612e+00 1.025570844011840732e+00
6.116420408163265182e-02 3.659591836734693970e+02 7.765374122840519533e+00 1.025549737561960217e+00
6.116420408163265182e-02 3.663061224489795791e+02 7.755987557696435886e+00 1.025528667848202513e+00
6.116420408163265182e-02 3.666530612244898180e+02 7.746616307356288367e+00 1.025507634763143994e+00
6.116420408163265182e-02 3.670000000000000000e+02 7.737260354466918955e+00 1.025486638199732070e+00
8.155193877551020210e-02 3.500000000000000000e+02 6.732297253522695257e+00 1.042308748459826129e+00
8.155193877551020210e-02 3.503469387755101820e+02 6.724822311963166044e+00 1.042275950875120039e+00
8.155193877551020210e-02 3.506938775510204209e+02 6.717357847459410891e+00 1.042243205369369541e+00
8.155193877551020210e-02 3.510408163265306030e+02 6.709903856805866873e+00 1.042210511803150608e+00
8.155193877551020210e-02 3.513877551020408418e+02 6.702460336695342136e+00 1.042177870037454435e+00
8.155193877551020210e-02 3.517346938775510239e+02 6.695027283719920952e+00 1.042145279933684776e+00
8.155193877551020210e-02 3.520816326530612059e+02 6.687604694371735548e+00 1.042112741353659056e+00
8.155193877551020210e-02 3.524285714285714448e+02 6.680192565043818753e+00 1.042080254159605257e+00
8.155193877551020210e-02 3.527755102040816269e+02 6.672790892030920240e+00 1.042047818214164145e+00
8.155193877551020210e-02 3.531224489795918089e+02 6.665399671530329861e+00 1.042015433380385714e+00
8.155193877551020210e-02 3.534693877551020478e+02 6.658018899642669908e+00 1.041983099521730072e+00
8.155193877551020210e-02 3.538163265306122298e+02 6.650648572372726441e+00 1.041950816502065003e+00
8.155193877551020210e-02 3.541632653061224687e+02 6.643288685630238888e+00 1.041918584185667518e+00
8.155193877551020210e-02 3.545102040816326507e+02 6.635939235230695843e+00 1.041886402437220083e+00
8.155193877551020210e-02 3.548571428571428328e+02 6.628600216896131769e+00 1.041854271121813280e+00
8.155193877551020210e-02 3.552040816326530717e+02 6.621271626255931686e+00 1.041822190104941370e+00
8.155193877551020210e-02 3.555510204081632537e+02 6.613953458847574574e+00 1.041790159252503623e+00
8.155193877551020210e-02 3.558979591836734926e+02 6.606645710117456716e+00 1.041758178430803650e+00
8.155193877551020210e-02 3.562448979591836746e+02 6.599348375421647539e+00 1.041726247506546965e+00
8.155193877551020210e-02 3.565918367346938567e+02 6.592061450026649894e+00 1.041694366346841649e+00
8.155193877551020210e-02 3.569387755102040956e+02 6.584784929110188756e+00 1.041662534819196351e+00
8.155193877551020210e-02 3.572857142857142776e+02 6.577518807761956410e+00 1.041630752791520953e+00
8.155193877551020210e-02 3.576326530612245165e+02 6.570263080984379833e+00 1.041599020132123687e+00
8.155193877551020210e-02 3.579795918367346985e+02 6.563017743693355222e+00 1.041567336709712466e+00
8.155193877551020210e-02 3.583265306122448806e+02 6.555782790719029585e+00 1.041535702393391327e+00
8.155193877551020210e-02 3.586734693877551194e+02 6.548558216806499743e+00 1.041504117052662437e+00
8.155193877551020210e-02 3.590204081632653015e+02 6.541344016616591261e+00 1.041472580557423422e+00
8.155193877551020210e-02 3.593673469387754835e+02 6.534140184726583200e+00 1.041441092777967148e+00
8.155193877551020210e-02 3.597142857142857224e+02 6.526946715630918661e+00 1.041409653584980166e+00
8.155193877551020210e-02 3.600612244897959044e+02 6.519763603741959734e+00 1.041378262849542713e+00
8.155193877551020210e-02 3.604081632653061433e+02 6.512590843390689166e+00 1.041346920443127599e+00
8.155193877551020210e-02 3.607551020408163254e+02 6.505428428827435106e+00 1.041315626237599101e+00
8.155193877551020210e-02 3.611020408163265074e+02 6.498276354222588758e+00 1.041284380105211405e+00
8.155193877551020210e-02 3.614489795918367463e+02 6.491134613667307818e+00 1.041253181918609050e+00
8.155193877551020210e-02 3.617959183673469283e+02 6.484003201174223463e+00 1.041222031550825822e+00
8.155193877551020210e-02 3.621428571428571672e+02 6.476882110678137572e+00 1.041190928875282307e+00
8.155193877551020210e-02 3.624897959183673493e+02 6.469771336036726161e+00 1.041159873765786781e+00
8.155193877551020210e-02 3.628367346938775313e+02 6.462670871031225950e+00 1.041128866096534322e+00
8.155193877551020210e-02 3.631836734693877702e+02 6.455580709367124470e+00 1.041097905742104146e+00
8.155193877551020210e-02 3.635306122448979522e+02 6.448500844674844856e+00 1.041066992577460049e+00
8.155193877551020210e-02 3.638775510204081911e+02 6.441431270510422635e+00 1.041036126477949519e+00
8.155193877551020210e-02 3.642244897959183731e+02 6.434371980356191401e+00 1.041005307319302409e+00
8.155193877551020210e-02 3.645714285714285552e+02 6.427322967621432959e+00 1.040974534977630039e+00
8.155193877551020210e-02 3.649183673469387941e+02 6.420284225643065668e+00 1.040943809329424097e+00
8.155193877551020210e-02 3.652653061224489761e+02 6.413255747686300801e+00 1.040913130251557517e+00
8.155193877551020210e-02 3.656122448979591582e+02 6.406237526945304239e+00 1.040882497621280045e+00
8.155193877551020210e-02 3.659591836734693970e+02 6.399229556543840403e+00 1.040851911316220457e+00
8.155193877551020210e-02 3.663061224489795791e+02 6.392231829535940157e+00 1.040821371214384561e+00
8.155193877551020210e-02 3.666530612244898180e+02 6.385244338906540307e+00 1.040790877194153641e+00
8.155193877551020210e-02 3.670000000000000000e+02 6.378267077572120414e+00 1.040760429134284681e+00
1.019396734693877593e-01 3.500000000000000000e+02 5.689154126029002612e+00 1.060136894847807376e+00
1.019396734693877593e-01 3.503469387755101820e+02 5.683336588440159431e+00 1.060094180998031321e+00
1.019396734693877593e-01 3.506938775510204209e+02 5.677526554768159706e+00 1.060051526076518646e+00
1.019396734693877593e-01 3.510408163265306030e+02 5.671724025286467352e+00 1.060008929941170797e+00
1.019396734693877593e-01 3.513877551020408418e+02 5.665929000183140829e+00 1.059966392450258699e+00
1.019396734693877593e-01 3.517346938775510239e+02 5.660141479561495714e+00 1.059923913462424760e+00
1.019396734693877593e-01 3.520816326530612059e+02 5.654361463440686464e+00 1.059881492836681094e+00
1.019396734693877593e-01 3.524285714285714448e+02 5.648588951756353893e+00 1.059839130432409293e+00
1.019396734693877593e-01 3.527755102040816269e+02 5.642823944361224697e+00 1.059796826109361545e+00
1.019396734693877593e-01 3.531224489795918089e+02 5.637066441025723407e+00 1.059754579727658408e+00
1.019396734693877593e-01 3.534693877551020478e+02 5.631316441438576348e+00 1.059712391147788813e+00
1.019396734693877593e-01 3.538163265306122298e+02 5.625573945207440474e+00 1.059670260230611394e+00
1.019396734693877593e-01 3.541632653061224687e+02 5.619838951859479792e+00 1.059628186837351826e+00
1.019396734693877593e-01 3.545102040816326507e+02 5.614111460841962220e+00 1.059586170829604157e+00
1.019396734693877593e-01 3.548571428571428328e+02 5.608391471522883087e+00 1.059544212069330138e+00
1.019396734693877593e-01 3.552040816326530717e+02 5.602678983191527351e+00 1.059502310418857896e+00
1.019396734693877593e-01 3.555510204081632537e+02 5.596973995059087770e+00 1.059460465740882373e+00
1.019396734693877593e-01 3.558979591836734926e+02 5.591276506259218237e+00 1.059418677898465111e+00
1.019396734693877593e-01 3.562448979591836746e+02 5.585586515848653733e+00 1.059376946755033355e+00
1.019396734693877593e-01 3.565918367346938567e+02 5.579904022807761876e+00 1.059335272174379838e+00
1.019396734693877593e-01 3.569387755102040956e+02 5.574229026041135349e+00 1.059293654020662556e+00
1.019396734693877593e-01 3.572857142857142776e+02 5.568561524378164762e+00 1.059252092158403435e+00
1.019396734693877593e-01 3.576326530612245165e+02 5.562901516573606209e+00 1.059210586452489444e+00
1.019396734693877593e-01 3.579795918367346985e+02 5.557249001308156799e+00 1.059169136768171038e+00
1.019396734693877593e-01 3.583265306122448806e+02 5.551603977189012440e+00 1.059127742971061714e+00
1.019396734693877593e-01 3.586734693877551194e+02 5.545966442750432712e+00 1.059086404927138014e+00
1.019396734693877593e-01 3.590204081632653015e+02 5.540336396454303980e+00 1.059045122502739522e+00
1.019396734693877593e-01 3.593673469387754835e+02 5.534713836690698052e+00 1.059003895564566644e+00
1.019396734693877593e-01 3.597142857142857224e+02 5.529098761778419302e+00 1.058962723979682385e+00
1.019396734693877593e-01 3.600612244897959044e+02 5.523491169965550895e+00 1.058921607615510130e+00
1.019396734693877593e-01 3.604081632653061433e+02 5.517891059430020562e+00 1.058880546339833639e+00
1.019396734693877593e-01 3.607551020408163254e+02 5.512298428280135276e+00 1.058839540020797498e+00
1.019396734693877593e-01 3.611020408163265074e+02 5.506713274555115945e+00 1.058798588526905116e+00
1.019396734693877593e-01 3.614489795918367463e+02 5.501135596225647184e+00 1.058757691727019390e+00
1.019396734693877593e-01 3.617959183673469283e+02 5.495565391194412008e+00 1.058716849490361600e+00
1.019396734693877593e-01 3.621428571428571672e+02 5.490002657296622957e+00 1.058676061686511183e+00
1.019396734693877593e-01 3.624897959183673493e+02 5.484447392300559443e+00 1.058635328185404845e+00
1.019396734693877593e-01 3.628367346938775313e+02 5.478899593908077570e+00 1.058594648857336118e+00
1.019396734693877593e-01 3.631836734693877702e+02 5.473359259755155470e+00 1.058554023572956471e+00
1.019396734693877593e-01 3.635306122448979522e+02 5.467826387412404898e+00 1.058513452203270644e+00
1.019396734693877593e-01 3.638775510204081911e+02 5.462300974385589036e+00 1.058472934619641537e+00
1.019396734693877593e-01 3.642244897959183731e+02 5.456783018116149186e+00 1.058432470693785321e+00
1.019396734693877593e-01 3.645714285714285552e+02 5.451272515981706590e+00 1.058392060297772330e+00
1.019396734693877593e-01 3.649183673469387941e+02 5.445769465296578460e+00 1.058351703304027724e+00
1.019396734693877593e-01 3.652653061224489761e+02 5.440273863312281577e+00 1.058311399585328827e+00
1.019396734693877593e-01 3.656122448979591582e+02 5.434785707218047435e+00 1.058271149014806234e+00
1.019396734693877593e-01 3.659591836734693970e+02 5.429304994141315177e+00 1.058230951465942482e+00
1.019396734693877593e-01 3.663061224489795791e+02 5.423831721148233420e+00 1.058190806812571161e+00
1.019396734693877593e-01 3.666530612244898180e+02 5.418365885244158520e+00 1.058150714928877134e+00
1.019396734693877593e-01 3.670000000000000000e+02 5.412907483374149287e+00 1.058110675689395652e+00
1.223274081632653026e-01 3.500000000000000000e+02 4.919639361878881623e+00 1.079735302174355871e+00
1.223274081632653026e-01 3.503469387755101820e+02 4.914940228504906194e+00 1.079682634639270278e+00
1.223274081632653026e-01 3.506938775510204209e+02 4.910246843495617242e+00 1.079630030245873673e+00
1.223274081632653026e-01 3.510408163265306030e+02 4.905559208232438628e+00 1.079577488857236256e+00
1.223274081632653026e-01 3.513877551020408418e+02 4.900877324026154724e+00 1.079525010336746194e+00
1.223274081632653026e-01 3.517346938775510239e+02 4.896201192117424661e+00 1.079472594548110065e+00
1.223274081632653026e-01 3.520816326530612059e+02 4.891530813677222866e+00 1.079420241355353083e+00
1.223274081632653026e-01 3.524285714285714448e+02 4.886866189807349770e+00 1.079367950622818872e+00
1.223274081632653026e-01 3.527755102040816269e+02 4.882207321540902534e+00 1.079315722215169693e+00
1.223274081632653026e-01 3.531224489795918089e+02 4.877554209842744903e+00 1.079263555997386437e+00
1.223274081632653026e-01 3.534693877551020478e+02 4.872906855609983268e+00 1.079211451834768631e+00
1.223274081632653026e-01 3.538163265306122298e+02 4.868265259672444500e+00 1.079159409592934882e+00
1.223274081632653026e-01 3.541632653061224687e+02 4.863629422793136037e+00 1.079107429137823093e+00
1.223274081632653026e-01 3.545102040816326507e+02 4.858999345668713943e+00 1.079055510335688695e+00
1.223274081632653026e-01 3.548571428571428328e+02 4.854375028929953650e+00 1.079003653053107303e+00
1.223274081632653026e-01 3.552040816326530717e+02 4.849756473142207369e+00 1.078951857156972727e+00
1.223274081632653026e-01 3.555510204081632537e+02 4.845143678805865939e+00 1.078900122514498072e+00
1.223274081632653026e-01 3.558979591836734926e+02 4.840536646356812689e+00 1.078848448993214859e+00
1.223274081632653026e-01 3.562448979591836746e+02 4.835935376166883515e+00 1.078796836460973907e+00
1.223274081632653026e-01 3.565918367346938567e+02 4.831339868544320737e+00 1.078745284785944225e+00
1.223274081632653026e-01 3.569387755102040956e+02 4.826750123734224296e+00 1.078693793836613679e+00
1.223274081632653026e-01 3.572857142857142776e+02 4.822166141918992288e+00 1.078642363481789879e+00
1.223274081632653026e-01 3.576326530612245165e+02 4.817587923218789037e+00 1.078590993590597291e+00
1.223274081632653026e-01 3.579795918367346985e+02 4.813015467691956317e+00 1.078539684032480128e+00
1.223274081632653026e-01 3.583265306122448806e+02 4.808448775335494751e+00 1.078488434677200791e+00
1.223274081632653026e-01 3.586734693877551194e+02 4.803887846085469704e+00 1.078437245394839650e+00
1.223274081632653026e-01 3.590204081632653015e+02 4.799332679817471359e+00 1.078386116055795707e+00
1.223274081632653026e-01 3.593673469387754835e+02 4.794783276347048151e+00 1.078335046530786379e+00
1.223274081632653026e-01 3.597142857142857224e+02 4.790239635430126874e+00 1.078284036690845937e+00
1.223274081632653026e-01 3.600612244897959044e+02 4.785701756763460324e+00 1.078233086407327512e+00
1.223274081632653026e-01 3.604081632653061433e+02 4.781169639985050068e+00 1.078182195551901534e+00
1.223274081632653026e-01 3.607551020408163254e+02 4.776643284674570111e+00 1.078131363996555958e+00
1.223274081632653026e-01 3.611020408163265074e+02 4.772122690353802099e+00 1.078080591613596484e+00
1.223274081632653026e-01 3.614489795918367463e+02 4.767607856487052764e+00 1.078029878275645892e+00
1.223274081632653026e-01 3.617959183673469283e+02 4.763098782481572258e+00 1.077979223855643598e+00
1.223274081632653026e-01 3.621428571428571672e+02 4.758595467687974256e+00 1.077928628226846097e+00
1.223274081632653026e-01 3.624897959183673493e+02 4.754097911400656962e+00 1.077878091262826521e+00
1.223274081632653026e-01 3.628367346938775313e+02 4.749606112858218765e+00 1.077827612837474636e+00
1.223274081632653026e-01 3.631836734693877702e+02 4.745120071243854376e+00 1.077777192824996622e+00
1.223274081632653026e-01 3.635306122448979522e+02 4.740639785685799801e+00 1.077726831099913962e+00
1.223274081632653026e-01 3.638775510204081911e+02 4.736165255257700046e+00 1.077676527537064555e+00
1.223274081632653026e-01 3.642244897959183731e+02 4.731696478979047882e+00 1.077626282011601599e+00
1.223274081632653026e-01 3.645714285714285552e+02 4.727233455815563978e+00 1.077576094398993378e+00
1.223274081632653026e-01 3.649183673469387941e+02 4.722776184679616129e+00 1.077525964575024142e+00
1.223274081632653026e-01 3.652653061224489761e+02 4.718324664430616266e+00 1.077475892415791892e+00
1.223274081632653026e-01 3.656122448979591582e+02 4.713878893875407705e+00 1.077425877797709264e+00
1.223274081632653026e-01 3.659591836734693970e+02 4.709438871768671930e+00 1.077375920597503978e+00
1.223274081632653026e-01 3.663061224489795791e+02 4.705004596813325612e+00 1.077326020692217279e+00
1.223274081632653026e-01 3.666530612244898180e+02 4.700576067660898971e+00 1.077276177959203940e+00
1.223274081632653026e-01 3.670000000000000000e+02 4.696153282911938120e+00 1.077226392276132261e+00
1.427151428571428460e-01 3.500000000000000000e+02 4.331104329202418057e+00 1.100925441639971636e+00
1.427151428571428460e-01 3.503469387755101820e+02 4.327201647273845708e+00 1.100862658073717526e+00
1.427151428571428460e-01 3.506938775510204209e+02 4.323303593444160597e+00 1.100799939730276122e+00
1.427151428571428460e-01 3.510408163265306030e+02 4.319410169314280346e+00 1.100737286483899346e+00
1.427151428571428460e-01 3.513877551020408418e+02 4.315521376426288747e+00 1.100674698209102909e+00
1.427151428571428460e-01 3.517346938775510239e+02 4.311637216263833672e+00 1.100612174780668084e+00
1.427151428571428460e-01 3.520816326530612059e+02 4.307757690252515204e+00 1.100549716073641271e+00
1.427151428571428460e-01 3.524285714285714448e+02 4.303882799760271993e+00 1.100487321963333764e+00
1.427151428571428460e-01 3.527755102040816269e+02 4.300012546097770283e+00 1.100424992325323759e+00
1.427151428571428460e-01 3.531224489795918089e+02 4.296146930518780493e+00 1.100362727035455457e+00
1.427151428571428460e-01 3.534693877551020478e+02 4.292285954220577793e+00 1.100300525969839072e+00
1.427151428571428460e-01 3.538163265306122298e+02 4.288429618344302696e+00 1.100238389004852602e+00
1.427151428571428460e-01 3.541632653061224687e+02 4.284577923975353642e+00 1.100176316017140721e+00
1.427151428571428460e-01 3.545102040816326507e+02 4.280730872143761800e+00 1.100114306883616777e+00
1.427151428571428460e-01 3.548571428571428328e+02 4.276888463824557896e+00 1.100052361481460128e+00
1.427151428571428460e-01 3.552040816326530717e+02 4.273050699938165664e+00 1.099990479688120137e+00
1.427151428571428460e-01 3.555510204081632537e+02 4.269217581350757129e+00 1.099928661381313733e+00
1.427151428571428460e-01 3.558979591836734926e+02 4.265389108874624746e+00 1.099866906439026293e+00
1.427151428571428460e-01 3.562448979591836746e+02 4.261565283268563320e+00 1.099805214739512538e+00
1.427151428571428460e-01 3.565918367346938567e+02 4.257746105238224388e+00 1.099743586161296527e+00
1.427151428571428460e-01 3.569387755102040956e+02 4.253931575436483037e+00 1.099682020583170328e+00
1.427151428571428460e-01 3.572857142857142776e+02 4.250121694463810940e+00 1.099620517884197568e+00
1.427151428571428460e-01 3.576326530612245165e+02 4.246316462868627184e+00 1.099559077943710106e+00
1.427151428571428460e-01 3.579795918367346985e+02 4.242515881147665979e+00 1.099497700641310471e+00
1.427151428571428460e-01 3.583265306122448806e+02 4.238719949746331928e+00 1.099436385856870535e+00
1.427151428571428460e-01 3.586734693877551194e+02 4.234928669059059736e+00 1.099375133470533061e+00
1.427151428571428460e-01 3.590204081632653015e+02 4.231142039429670376e+00 1.099313943362711488e+00
1.427151428571428460e-01 3.593673469387754835e+02 4.227360061151712145e+00 1.099252815414088591e+00
1.427151428571428460e-01 3.597142857142857224e+02 4.223582734468835476e+00 1.099191749505618931e+00
1.427151428571428460e-01 3.600612244897959044e+02 4.219810059575122452e+00 1.099130745518527075e+00
1.427151428571428460e-01 3.604081632653061433e+02 4.216042036615445632e+00 1.099069803334309370e+00
1.427151428571428460e-01 3.607551020408163254e+02 4.212278665685813550e+00 1.099008922834731949e+00
1.427151428571428460e-01 3.611020408163265074e+02 4.208519946833713554e+00 1.098948103901832507e+00
1.427151428571428460e-01 3.614489795918367463e+02 4.204765880058459082e+00 1.098887346417920519e+00
1.427151428571428460e-01 3.617959183673469283e+02 4.201016465311524506e+00 1.098826650265575466e+00
1.427151428571428460e-01 3.621428571428571672e+02 4.197271702496894186e+00 1.098766015327648837e+00
1.427151428571428460e-01 3.624897959183673493e+02 4.193531591471399977e+00 1.098705441487263013e+00
1.427151428571428460e-01 3.628367346938775313e+02 4.189796132045045418e+00 1.098644928627811712e+00
1.427151428571428460e-01 3.631836734693877702e+02 4.186065323981356556e+00 1.098584476632960660e+00
1.427151428571428460e-01 3.635306122448979522e+02 4.182339166997715907e+00 1.098524085386645366e+00
1.427151428571428460e-01 3.638775510204081911e+02 4.178617660765675978e+00 1.098463754773074452e+00
1.427151428571428460e-01 3.642244897959183731e+02 4.174900804911310992e+00 1.098403484676726771e+00
1.427151428571428460e-01 3.645714285714285552e+02 4.171188599015528631e+00 1.098343274982352735e+00
1.427151428571428460e-01 3.649183673469387941e+02 4.167481042614412878e+00 1.098283125574974317e+00
1.427151428571428460e-01 3.652653061224489761e+02 4.163778135199532215e+00 1.098223036339884384e+00
1.427151428571428460e-01 3.656122448979591582e+02 4.160079876218283346e+00 1.098163007162647142e+00
1.427151428571428460e-01 3.659591836734693970e+02 4.156386265074189623e+00 1.098103037929098358e+00
1.427151428571428460e-01 3.663061224489795791e+02 4.152697301127247442e+00 1.098043128525344470e+00
1.427151428571428460e-01 3.666530612244898180e+02 4.149012983694222001e+00 1.097983278837763033e+00
1.427151428571428460e-01 3.670000000000000000e+02 4.145333312048983032e+00 1.097923488753002719e+00
1.631028775510204032e-01 3.500000000000000000e+02 3.867896306683573204e+00 1.123608159490271818e+00
1.631028775510204032e-01 3.503469387755101820e+02 3.864585477996190566e+00 1.123534943210355630e+00
1.631028775510204032e-01 3.506938775510204209e+02 3.861278516238088709e+00 1.123461792478413823e+00
1.631028775510204032e-01 3.510408163265306030e+02 3.857975422891409600e+00 1.123388707185055013e+00
1.631028775510204032e-01 3.513877551020408418e+02 3.854676199388682889e+00 1.123315687221099202e+00
1.631028775510204032e-01 3.517346938775510239e+02 3.851380847113159867e+00 1.123242732477577999e+00
1.631028775510204032e-01 3.520816326530612059e+02 3.848089367399130545e+00 1.123169842845736399e+00
1.631028775510204032e-01 3.524285714285714448e+02 3.844801761532248729e+00 1.123097018217031895e+00
1.631028775510204032e-01 3.527755102040816269e+02 3.841518030749856649e+00 1.123024258483136917e+00
1.631028775510204032e-01 3.531224489795918089e+02 3.838238176241312249e+00 1.122951563535937280e+00
1.631028775510204032e-01 3.534693877551020478e+02 3.834962199148289397e+00 1.122878933267534185e+00
1.631028775510204032e-01 3.538163265306122298e+02 3.831690100565121160e+00 1.122806367570243991e+00
1.631028775510204032e-01 3.541632653061224687e+02 3.828421881539100013e+00 1.122733866336598441e+00
1.631028775510204032e-01 3.545102040816326507e+02 3.825157543070797139e+00 1.122661429459346438e+00
1.631028775510204032e-01 3.548571428571428328e+02 3.821897086114371511e+00 1.122589056831453602e+00
1.631028775510204032e-01 3.552040816326530717e+02 3.818640511577900742e+00 1.122516748346102045e+00
1.631028775510204032e-01 3.555510204081632537e+02 3.815387820323665746e+00 1.122444503896691925e+00
1.631028775510204032e-01 3.558979591836734926e+02 3.812139013168482915e+00 1.122372323376841230e+00
1.631028775510204032e-01 3.562448979591836746e+02 3.808894090883998107e+00 1.122300206680386880e+00
1.631028775510204032e-01 3.565918367346938567e+02 3.805653054197000174e+00 1.122228153701384068e+00
1.631028775510204032e-01 3.569387755102040956e+02 3.802415903789724272e+00 1.122156164334108031e+00
1.631028775510204032e-01 3.572857142857142776e+02 3.799182640300160063e+00 1.122084238473052498e+00
1.631028775510204032e-01 3.576326530612245165e+02 3.795953264322345699e+00 1.122012376012932133e+00
1.631028775510204032e-01 3.579795918367346985e+02 3.792727776406672913e+00 1.121940576848680982e+00
1.631028775510204032e-01 3.583265306122448806e+02 3.789506177060194325e+00 1.121868840875454243e+00
1.631028775510204032e-01 3.586734693877551194e+02 3.786288466746909442e+00 1.121797167988628274e+00
1.631028775510204032e-01 3.590204081632653015e+02 3.783074645888069298e+00 1.121725558083800145e+00
1.631028775510204032e-01 3.593673469387754835e+02 3.779864714862466002e+00 1.121654011056788525e+00
1.631028775510204032e-01 3.597142857142857224e+02 3.776658674006740490e+00 1.121582526803634128e+00
1.631028775510204032e-01 3.600612244897959044e+02 3.773456523615653868e+00 1.121511105220599491e+00
1.631028775510204032e-01 3.604081632653061433e+02 3.770258263942401378e+00 1.121439746204170085e+00
1.631028775510204032e-01 3.607551020408163254e+02 3.767063895198885959e+00 1.121368449651052979e+00
1.631028775510204032e-01 3.611020408163265074e+02 3.763873417556008683e+00 1.121297215458178398e+00
1.631028775510204032e-01 3.614489795918367463e+02 3.760686831143968067e+00 1.121226043522700389e+00
1.631028775510204032e-01 3.617959183673469283e+02 3.757504136052533195e+00 1.121154933741995041e+00
1.631028775510204032e-01 3.621428571428571672e+02 3.754325332331331033e+00 1.121083886013662712e+00
1.631028775510204032e-01 3.624897959183673493e+02 3.751150419990137319e+00 1.121012900235527354e+00
1.631028775510204032e-01 3.628367346938775313e+02 3.747979398999141232e+00 1.120941976305636301e+00
1.631028775510204032e-01 3.631836734693877702e+02 3.744812269289248263e+00 1.120871114122260925e+00
1.631028775510204032e-01 3.635306122448979522e+02 3.741649030752340455e+00 1.120800313583897978e+00
1.631028775510204032e-01 3.638775510204081911e+02 3.738489683241562833e+00 1.120729574589266253e+00
1.631028775510204032e-01 3.642244897959183731e+02 3.735334226571596528e+00 1.120658897037311252e+00
1.631028775510204032e-01 3.645714285714285552e+02 3.732182660518936324e+00 1.120588280827201633e+00
1.631028775510204032e-01 3.649183673469387941e+02 3.729034984822165111e+00 1.120517725858331648e+00
1.631028775510204032e-01 3.652653061224489761e+02 3.725891199182221669e+00 1.120447232030319817e+00
1.631028775510204032e-01 3.656122448979591582e+02 3.722751303262672451e+00 1.120376799243009813e+00
1.631028775510204032e-01 3.659591836734693970e+02 3.719615296689981143e+00 1.120306427396470461e+00
1.631028775510204032e-01 3.663061224489795791e+02 3.716483179053785335e+00 1.120236116390995074e+00
1.631028775510204032e-01 3.666530612244898180e+02 3.713354949907148761e+00 1.120165866127103005e+00
1.631028775510204032e-01 3.670000000000000000e+02 3.710230608766839300e+00 1.120095676505538318e+00
1.834906122448979604e-01 3.500000000000000000e+02 3.494753281411129286e+00 1.147735569068600414e+00
1.834906122448979604e-01 3.503469387755101820e+02 3.491897630151873599e+00 1.147651438256721335e+00
1.834906122448979604e-01 3.506938775510204209e+02 3.489045301375611974e+00 1.147567371840132244e+00
1.834906122448979604e-01 3.510408163265306030e+02 3.486196296324917565e+00 1.147483369730763370e+00
1.834906122448979604e-01 3.513877551020408418e+02 3.483350616200000527e+00 1.147399431840703476e+00
1.834906122448979604e-01 3.517346938775510239e+02 3.480508262158985566e+00 1.147315558082202536e+00
1.834906122448979604e-01 3.520816326530612059e+02 3.477669235318183727e+00 1.147231748367670168e+00
1.834906122448979604e-01 3.524285714285714448e+02 3.474833536752387264e+00 1.147148002609677642e+00
1.834906122448979604e-01 3.527755102040816269e+02 3.472001167495124108e+00 1.147064320720958763e+00
1.834906122448979604e-01 3.531224489795918089e+02 3.469172128538956290e+00 1.146980702614408543e+00
1.834906122448979604e-01 3.534693877551020478e+02 3.466346420835729525e+00 1.146897148203086525e+00
1.834906122448979604e-01 3.538163265306122298e+02 3.463524045296870302e+00 1.146813657400215014e+00
1.834906122448979604e-01 3.541632653061224687e+02 3.460705002793634133e+00 1.146730230119180849e+00
1.834906122448979604e-01 3.545102040816326507e+02 3.457889294157397764e+00 1.146646866273535403e+00
1.834906122448979604e-01 3.548571428571428328e+02 3.455076920179907418e+00 1.146563565776995475e+00
1.834906122448979604e-01 3.552040816326530717e+02 3.452267881613565237e+00 1.146480328543443727e+00
1.834906122448979604e-01 3.555510204081632537e+02 3.449462179171677967e+00 1.146397154486928471e+00
1.834906122448979604e-01 3.558979591836734926e+02 3.446659813528738958e+00 1.146314043521666104e+00
1.834906122448979604e-01 3.562448979591836746e+02 3.443860785320682183e+00 1.146230995562039112e+00
1.834906122448979604e-01 3.565918367346938567e+02 3.441065095145144692e+00 1.146148010522597627e+00
1.834906122448979604e-01 3.569387755102040956e+02 3.438272743561729961e+00 1.146065088318060532e+00
1.834906122448979604e-01 3.572857142857142776e+02 3.435483731092277448e+00 1.145982228863315022e+00
1.834906122448979604e-01 3.576326530612245165e+02 3.432698058221106407e+00 1.145899432073416824e+00
1.834906122448979604e-01 3.579795918367346985e+02 3.429915725395278780e+00 1.145816697863591749e+00
1.834906122448979604e-01 3.583265306122448806e+02 3.427136733024867876e+00 1.145734026149235030e+00
1.834906122448979604e-01 3.586734693877551194e+02 3.424361081483192848e+00 1.145651416845912207e+00
1.834906122448979604e-01 3.590204081632653015e+02 3.421588771107091365e+00 1.145568869869358464e+00
1.834906122448979604e-01 3.593673469387754835e+02 3.418819802197166080e+00 1.145486385135481733e+00
1.834906122448979604e-01 3.597142857142857224e+02 3.416054175018032435e+00 1.145403962560358924e+00
1.834906122448979604e-01 3.600612244897959044e+02 3.413291889798574008e+00 1.145321602060240584e+00
1.834906122448979604e-01 3.604081632653061433e+02 3.410532946732194315e+00 1.145239303551547572e+00
1.834906122448979604e-01 3.607551020408163254e+02 3.407777345977056171e+00 1.145157066950873936e+00
1.834906122448979604e-01 3.611020408163265074e+02 3.405025087656339267e+00 1.145074892174985592e+00
1.834906122448979604e-01 3.614489795918367463e+02 3.402276171858483966e+00 1.144992779140821648e+00
1.834906122448979604e-01 3.617959183673469283e+02 3.399530598637423129e+00 1.144910727765494407e+00
1.834906122448979604e-01 3.621428571428571672e+02 3.396788368012849890e+00 1.144828737966288701e+00
1.834906122448979604e-01 3.624897959183673493e+02 3.394049479970438821e+00 1.144746809660663667e+00
1.834906122448979604e-01 3.628367346938775313e+02 3.391313934462089730e+00 1.144664942766252302e+00
1.834906122448979604e-01 3.631836734693877702e+02 3.388581731406182129e+00 1.144583137200861911e+00
1.834906122448979604e-01 3.635306122448979522e+02 3.385852870687803495e+00 1.144501392882473212e+00
1.834906122448979604e-01 3.638775510204081911e+02 3.383127352158983303e+00 1.144419709729242118e+00
1.834906122448979604e-01 3.642244897959183731e+02 3.380405175638938164e+00 1.144338087659499514e+00
1.834906122448979604e-01 3.645714285714285552e+02 3.377686340914298313e+00 1.144256526591750367e+00
1.834906122448979604e-01 3.649183673469387941e+02 3.374970847739356294e+00 1.144175026444675947e+00
1.834906122448979604e-01 3.652653061224489761e+02 3.372258695836283238e+00 1.144093587137131385e+00
1.834906122448979604e-01 3.656122448979591582e+02 3.369549884895369107e+00 1.144012208588148560e+00
1.834906122448979604e-01 3.659591836734693970e+02 3.366844414575254962e+00 1.143930890716934767e+00
1.834906122448979604e-01 3.663061224489795791e+02 3.364142284503158997e+00 1.143849633442872493e+00
1.834906122448979604e-01 3.666530612244898180e+02 3.361443494275107469e+00 1.143768436685520751e+00
1.834906122448979604e-01 3.670000000000000000e+02 3.358748043456157184e+00 1.143687300364614412e+00
2.038783469387755176e-01 3.500000000000000000e+02 3.188340296659267548e+00 1.173294971245006701e+00
2.038783469387755176e-01 3.503469387755101820e+02 3.185844703963951918e+00 1.173199273396498654e+00
2.038783469387755176e-01 3.506938775510204209e+02 3.183352027420852881e+00 1.173103637523993603e+00
2.038783469387755176e-01 3.510408163265306030e+02 3.180862268001090065e+00 1.173008063565908587e+00
2.038783469387755176e-01 3.513877551020408418e+02 3.178375426639206580e+00 1.172912551460766117e+00
2.038783469387755176e-01 3.517346938775510239e+02 3.175891504233405715e+00 1.172817101147195507e+00
2.038783469387755176e-01 3.520816326530612059e+02 3.173410501645788528e+00 1.172721712563933982e+00
2.038783469387755176e-01 3.524285714285714448e+02 3.170932419702616301e+00 1.172626385649826242e+00
2.038783469387755176e-01 3.527755102040816269e+02 3.168457259194531250e+00 1.172531120343824673e+00
2.038783469387755176e-01 3.531224489795918089e+02 3.165985020876808775e+00 1.172435916584992022e+00
2.038783469387755176e-01 3.534693877551020478e+02 3.163515705469589268e+00 1.172340774312500056e+00
2.038783469387755176e-01 3.538163265306122298e+02 3.161049313658132576e+00 1.172245693465629790e+00
2.038783469387755176e-01 3.541632653061224687e+02 3.158585846093033389e+00 1.172150673983774594e+00
2.038783469387755176e-01 3.545102040816326507e+02 3.156125303390470815e+00 1.172055715806437082e+00
2.038783469387755176e-01 3.548571428571428328e+02 3.153667686132442416e+00 1.171960818873232446e+00
2.038783469387755176e-01 3.552040816326530717e+02 3.151212994866996908e+00 1.171865983123887789e+00
2.038783469387755176e-01 3.555510204081632537e+02 3.148761230108462428e+00 1.171771208498242789e+00
2.038783469387755176e-01 3.558979591836734926e+02 3.146312392337689001e+00 1.171676494936249924e+00
2.038783469387755176e-01 3.562448979591836746e+02 3.143866482002266594e+00 1.171581842377974914e+00
2.038783469387755176e-01 3.565918367346938567e+02 3.141423499516767137e+00 1.171487250763598054e+00
2.038783469387755176e-01 3.569387755102040956e+02 3.138983445262959915e+00 1.171392720033413548e+00
2.038783469387755176e-01 3.572857142857142776e+02 3.136546319590052256e+00 1.171298250127829732e+00
2.038783469387755176e-01 3.576326530612245165e+02 3.134112122814910251e+00 1.171203840987370404e+00
2.038783469387755176e-01 3.579795918367346985e+02 3.131680855222274573e+00 1.171109492552675713e+00
2.038783469387755176e-01 3.583265306122448806e+02 3.129252517065006955e+00 1.171015204764499718e+00
2.038783469387755176e-01 3.586734693877551194e+02 3.126827108564290025e+00 1.170920977563714604e+00
2.038783469387755176e-01 3.590204081632653015e+02 3.124404629909864006e+00 1.170826810891307579e+00
2.038783469387755176e-01 3.593673469387754835e+02 3.121985081260244765e+00 1.170732704688383752e+00
2.038783469387755176e-01 3.597142857142857224e+02 3.119568462742936532e+00 1.170638658896164586e+00
2.038783469387755176e-01 3.600612244897959044e+02 3.117154774454663713e+00 1.170544673455990337e+00
2.038783469387755176e-01 3.604081632653061433e+02 3.114744016461577836e+00 1.170450748309317168e+00
2.038783469387755176e-01 3.607551020408163254e+02 3.112336188799479153e+00 1.170356883397720926e+00
2.038783469387755176e-01 3.611020408163265074e+02 3.109931291474032466e+00 1.170263078662895362e+00
2.038783469387755176e-01 3.614489795918367463e+02 3.107529324460978959e+00 1.170169334046653020e+00
2.038783469387755176e-01 3.617959183673469283e+02 3.105130287706350689e+00 1.170075649490925018e+00
2.038783469387755176e-01 3.621428571428571672e+02 3.102734181126690416e+00 1.169982024937761933e+00
2.038783469387755176e-01 3.624897959183673493e+02 3.100341004609248330e+00 1.169888460329333801e+00
2.038783469387755176e-01 3.628367346938775313e+02 3.097950758012209871e+00 1.169794955607930342e+00
2.038783469387755176e-01 3.631836734693877702e+02 3.095563441164887131e+00 1.169701510715960735e+00
2.038783469387755176e-01 3.635306122448979522e+02 3.093179053867949335e+00 1.169608125595954951e+00
2.038783469387755176e-01 3.638775510204081911e+02 3.090797595893601368e+00 1.169514800190562864e+00
2.038783469387755176e-01 3.642244897959183731e+02 3.088419066985821360e+00 1.169421534442555144e+00
2.038783469387755176e-01 3.645714285714285552e+02 3.086043466860540097e+00 1.169328328294823027e+00
2.038783469387755176e-01 3.649183673469387941e+02 3.083670795205862625e+00 1.169235181690378322e+00
2.038783469387755176e-01 3.652653061224489761e+02 3.081301051682261871e+00 1.169142094572354518e+00
2.038783469387755176e-01 3.656122448979591582e+02 3.078934235922786922e+00 1.169049066884005672e+00
2.038783469387755176e-01 3.659591836734693970e+02 3.076570347533255756e+00 1.168956098568707969e+00
2.038783469387755176e-01 3.663061224489795791e+02 3.074209386092468410e+00 1.168863189569958827e+00
2.038783469387755176e-01 3.666530612244898180e+02 3.071851351152393050e+00 1.168770339831376459e+00
2.038783469387755176e-01 3.670000000000000000e+02 3.069496242238374251e+00 1.168677549296702756e+00
2.242660816326530471e-01 3.500000000000000000e+02 2.932647943429920190e+00 1.200299305192237487e+00
2.242660816326530471e-01 3.503469387755101820e+02 2.930443915828975676e+00 1.200191211543333081e+00
2.242660816326530471e-01 3.506938775510204209e+02 2.928242490187285441e+00 1.200083176354713732e+00
2.242660816326530471e-01 3.510408163265306030e+02 2.926043667208936938e+00 1.199975199596932107e+00
2.242660816326530471e-01 3.513877551020408418e+02 2.923847447566130242e+00 1.199867281240590611e+00
2.242660816326530471e-01 3.517346938775510239e+02 2.921653831899407194e+00 1.199759421256340941e+00
2.242660816326530471e-01 3.520816326530612059e+02 2.919462820817845916e+00 1.199651619614883868e+00
2.242660816326530471e-01 3.524285714285714448e+02 2.917274414899301505e+00 1.199543876286970567e+00
2.242660816326530471e-01 3.527755102040816269e+02 2.915088614690602320e+00 1.199436191243402172e+00
2.242660816326530471e-01 3.531224489795918089e+02 2.912905420707772475e+00 1.199328564455031332e+00
2.242660816326530471e-01 3.534693877551020478e+02 2.910724833436247216e+00 1.199220995892761765e+00
2.242660816326530471e-01 3.538163265306122298e+02 2.908546853331073212e+00 1.199113485527548928e+00
2.242660816326530471e-01 3.541632653061224687e+02 2.906371480817133257e+00 1.199006033330400456e+00
2.242660816326530471e-01 3.545102040816326507e+02 2.904198716289342563e+00 1.198898639272376165e+00
2.242660816326530471e-01 3.548571428571428328e+02 2.902028560112866806e+00 1.198791303324589608e+00
2.242660816326530471e-01 3.552040816326530717e+02 2.899861012623328627e+00 1.198684025458206071e+00
2.242660816326530471e-01 3.555510204081632537e+02 2.897696074127014132e+00 1.198576805644446130e+00
2.242660816326530471e-01 3.558979591836734926e+02 2.895533744901072737e+00 1.198469643854582989e+00
2.242660816326530471e-01 3.562448979591836746e+02 2.893374025193728549e+00 1.198362540059944248e+00
2.242660816326530471e-01 3.565918367346938567e+02 2.891216915224485096e+00 1.198255494231912799e+00
2.242660816326530471e-01 3.569387755102040956e+02 2.889062415184319832e+00 1.198148506341925712e+00
2.242660816326530471e-01 3.572857142857142776e+02 2.886910525235900860e+00 1.198041576361475125e+00
2.242660816326530471e-01 3.576326530612245165e+02 2.884761245513767669e+00 1.197934704262108907e+00
2.242660816326530471e-01 3.579795918367346985e+02 2.882614576124548300e+00 1.197827890015430219e+00
2.242660816326530471e-01 3.583265306122448806e+02 2.880470517147150300e+00 1.197721133593099507e+00
2.242660816326530471e-01 3.586734693877551194e+02 2.878329068632958343e+00 1.197614434966831398e+00
2.242660816326530471e-01 3.590204081632653015e+02 2.876190230606039400e+00 1.197507794108398471e+00
2.242660816326530471e-01 3.593673469387754835e+02 2.874054003063321705e+00 1.197401210989629261e+00
2.242660816326530471e-01 3.597142857142857224e+02 2.871920385974807477e+00 1.197294685582409812e+00
2.242660816326530471e-01 3.600612244897959044e+02 2.869789379283762099e+00 1.197188217858682346e+00
2.242660816326530471e-01 3.604081632653061433e+02 2.867660982906898415e+00 1.197081807790448149e+00
2.242660816326530471e-01 3.607551020408163254e+02 2.865535196734578349e+00 1.196975455349763573e+00
2.242660816326530471e-01 3.611020408163265074e+02 2.863412020631001642e+00 1.196869160508744923e+00
2.242660816326530471e-01 3.614489795918367463e+02 2.861291454434395920e+00 1.196762923239565790e+00
2.242660816326530471e-01 3.617959183673469283e+02 2.859173497957204102e+00 1.196656743514457055e+00
2.242660816326530471e-01 3.621428571428571672e+02 2.857058150986278022e+00 1.196550621305708662e+00
2.242660816326530471e-01 3.624897959183673493e+02 2.854945413283056510e+00 1.196444556585668950e+00
2.242660816326530471e-01 3.628367346938775313e+02 2.852835284583759901e+00 1.196338549326744216e+00
2.242660816326530471e-01 3.631836734693877702e+02 2.850727764599574332e+00 1.196232599501400262e+00
2.242660816326530471e-01 3.635306122448979522e+02 2.848622853016834267e+00 1.196126707082161289e+00
2.242660816326530471e-01 3.638775510204081911e+02 2.846520549497206343e+00 1.196020872041610339e+00
2.242660816326530471e-01 3.642244897959183731e+02 2.844420853677872341e+00 1.195915094352390184e+00
2.242660816326530471e-01 3.645714285714285552e+02 2.842323765171712591e+00 1.195809373987201552e+00
2.242660816326530471e-01 3.649183673469387941e+02 2.840229283567484053e+00 1.195703710918805784e+00
2.242660816326530471e-01 3.652653061224489761e+02 2.838137408429999731e+00 1.195598105120023069e+00
2.242660816326530471e-01 3.656122448979591582e+02 2.836048139300313409e+00 1.195492556563732878e+00
2.242660816326530471e-01 3.659591836734693970e+02 2.833961475695890631e+00 1.195387065222874412e+00
2.242660816326530471e-01 3.663061224489795791e+02 2.831877417110792106e+00 1.195281631070446604e+00
2.242660816326530471e-01 3.666530612244898180e+02 2.829795963015842464e+00 1.195176254079508116e+00
2.242660816326530471e-01 3.670000000000000000e+02 2.827717112858812776e+00 1.195070934223177339e+00
2.446538163265306043e-01 3.500000000000000000e+02 2.716353572433394259e+00 1.228781341342484623e+00
2.446538163265306043e-01 3.503469387755101820e+02 2.714390350644582117e+00 1.228659839137603571e+00
2.446538163265306043e-01 3.506938775510204209e+02 2.712429480513167679e+00 1.228538390930265845e+00
2.446538163265306043e-01 3.510408163265306030e+02 2.710470962494540004e+00 1.228416996729509991e+00
2.446538163265306043e-01 3.513877551020408418e+02 2.708514797016087439e+00 1.228295656544357906e+00
2.446538163265306043e-01 3.517346938775510239e+02 2.706560984477402787e+00 1.228174370383816383e+00
2.446538163265306043e-01 3.520816326530612059e+02 2.704609525250468494e+00 1.228053138256873789e+00
2.446538163265306043e-01 3.524285714285714448e+02 2.702660419679861370e+00 1.227931960172504278e+00
2.446538163265306043e-01 3.527755102040816269e+02 2.700713668082932450e+00 1.227810836139665573e+00
2.446538163265306043e-01 3.531224489795918089e+02 2.698769270750017490e+00 1.227689766167300522e+00
2.446538163265306043e-01 3.534693877551020478e+02 2.696827227944607497e+00 1.227568750264335540e+00
2.446538163265306043e-01 3.538163265306122298e+02 2.694887539903555229e+00 1.227447788439682830e+00
2.446538163265306043e-01 3.541632653061224687e+02 2.692950206837260829e+00 1.227326880702239276e+00
2.446538163265306043e-01 3.545102040816326507e+02 2.691015228929850345e+00 1.227206027060887106e+00
2.446538163265306043e-01 3.548571428571428328e+02 2.689082606339381787e+00 1.227085227524493449e+00
2.446538163265306043e-01 3.552040816326530717e+02 2.687152339198013884e+00 1.226964482101911003e+00
2.446538163265306043e-01 3.555510204081632537e+02 2.685224427612202813e+00 1.226843790801979139e+00
2.446538163265306043e-01 3.558979591836734926e+02 2.683298871662884277e+00 1.226723153633521468e+00
2.446538163265306043e-01 3.562448979591836746e+02 2.681375671405656025e+00 1.226602570605348497e+00
2.446538163265306043e-01 3.565918367346938567e+02 2.679454826870959483e+00 1.226482041726256300e+00
2.446538163265306043e-01 3.569387755102040956e+02 2.677536338064270716e+00 1.226361567005026965e+00
2.446538163265306043e-01 3.572857142857142776e+02 2.675620204966273175e+00 1.226241146450430142e+00
2.446538163265306043e-01 3.576326530612245165e+02 2.673706427533034002e+00 1.226120780071219052e+00
2.446538163265306043e-01 3.579795918367346985e+02 2.671795005696198988e+00 1.226000467876136257e+00
2.446538163265306043e-01 3.583265306122448806e+02 2.669885939363156435e+00 1.225880209873908999e+00
2.446538163265306043e-01 3.586734693877551194e+02 2.667979228417221016e+00 1.225760006073251862e+00
2.446538163265306043e-01 3.590204081632653015e+02 2.666074872717811850e+00 1.225639856482864998e+00
2.446538163265306043e-01 3.593673469387754835e+02 2.664172872100622591e+00 1.225519761111437012e+00
2.446538163265306043e-01 3.597142857142857224e+02 2.662273226377803059e+00 1.225399719967640966e+00
2.446538163265306043e-01 3.600612244897959044e+02 2.660375935338130216e+00 1.225279733060139264e+00
2.446538163265306043e-01 3.604081632653061433e+02 2.658480998747179136e+00 1.225159800397578769e+00
2.446538163265306043e-01 3.607551020408163254e+02 2.656588416347501980e+00 1.225039921988594793e+00
2.446538163265306043e-01 3.611020408163265074e+02 2.654698187858787861e+00 1.224920097841808220e+00
2.446538163265306043e-01 3.614489795918367463e+02 2.652810312978049367e+00 1.224800327965828384e+00
2.446538163265306043e-01 3.617959183673469283e+02 2.650924791379778878e+00 1.224680612369250188e+00
2.446538163265306043e-01 3.621428571428571672e+02 2.649041622716119093e+00 1.224560951060655878e+00
2.446538163265306043e-01 3.624897959183673493e+02 2.647160806617039785e+00 1.224441344048614377e+00
2.446538163265306043e-01 3.628367346938775313e+02 2.645282342690495003e+00 1.224321791341682619e+00
2.446538163265306043e-01 3.631836734693877702e+02 2.643406230522595823e+00 1.224202292948402437e+00
2.446538163265306043e-01 3.635306122448979522e+02 2.641532469677769779e+00 1.224082848877304563e+00
2.446538163265306043e-01 3.638775510204081911e+02 2.639661059698930945e+00 1.223963459136905074e+00
2.446538163265306043e-01 3.642244897959183731e+02 2.637792000107641588e+00 1.223844123735707834e+00
2.446538163265306043e-01 3.645714285714285552e+02 2.635925290404271149e+00 1.223724842682203606e+00
2.446538163265306043e-01 3.649183673469387941e+02 2.634060930068165440e+00 1.223605615984868278e+00
2.446538163265306043e-01 3.652653061224489761e+02 2.632198918557802969e+00 1.223486443652166633e+00
2.446538163265306043e-01 3.656122448979591582e+02 2.630339255310951252e+00 1.223367325692549024e+00
2.446538163265306043e-01 3.659591836734693970e+02 2.628481939744837792e+00 1.223248262114451590e+00
2.446538163265306043e-01 3.663061224489795791e+02 2.626626971256295739e+00 1.223129252926299593e+00
2.446538163265306043e-01 3.666530612244898180e+02 2.624774349221931313e+00 1.223010298136501861e+00
2.446538163265306043e-01 3.670000000000000000e+02 2.622924072998274792e+00 1.222891397753455456e+00
2.650415510204081060e-01 3.500000000000000000e+02 2.531238676059674120e+00 1.258790124972354985e+00
2.650415510204081060e-01 3.503469387755101820e+02 2.529477710393779333e+00 1.258654006661028113e+00
2.650415510204081060e-01 3.506938775510204209e+02 2.527718891869878526e+00 1.258517937082570759e+00
2.650415510204081060e-01 3.510408163265306030e+02 2.525962220717247853e+00 1.258381916291728686e+00
2.650415510204081060e-01 3.513877551020408418e+02 2.524207697140445017e+00 1.258245944343152400e+00
2.650415510204081060e-01 3.517346938775510239e+02 2.522455321319480248e+00 1.258110021291397818e+00
2.650415510204081060e-01 3.520816326530612059e+02 2.520705093409999265e+00 1.257974147190925818e+00
2.650415510204081060e-01 3.524285714285714448e+02 2.518957013543452472e+00 1.257838322096103134e+00
2.650415510204081060e-01 3.527755102040816269e+02 2.517211081827277042e+00 1.257702546061201243e+00
2.650415510204081060e-01 3.531224489795918089e+02 2.515467298345068770e+00 1.257566819140396808e+00
2.650415510204081060e-01 3.534693877551020478e+02 2.513725663156755274e+00 1.257431141387771012e+00
2.650415510204081060e-01 3.538163265306122298e+02 2.511986176298770523e+00 1.257295512857309783e+00
2.650415510204081060e-01 3.541632653061224687e+02 2.510248837784226250e+00 1.257159933602904234e+00
2.650415510204081060e-01 3.545102040816326507e+02 2.508513647603079821e+00 1.257024403678349334e+00
2.650415510204081060e-01 3.548571428571428328e+02 2.506780605722310984e+00 1.256888923137345015e+00
2.650415510204081060e-01 3.552040816326530717e+02 2.505049712086084401e+00 1.256753492033494846e+00
2.650415510204081060e-01 3.555510204081632537e+02 2.503320966615926402e+00 1.256618110420306911e+00
2.650415510204081060e-01 3.558979591836734926e+02 2.501594369210884850e+00 1.256482778351193152e+00
2.650415510204081060e-01 3.562448979591836746e+02 2.499869919747697011e+00 1.256347495879469367e+00
2.650415510204081060e-01 3.565918367346938567e+02 2.498147618080963639e+00 1.256212263058353873e+00
2.650415510204081060e-01 3.569387755102040956e+02 2.496427464043300848e+00 1.256077079940970620e+00
2.650415510204081060e-01 3.572857142857142776e+02 2.494709457445515532e+00 1.255941946580344970e+00
2.650415510204081060e-01 3.576326530612245165e+02 2.492993598076768347e+00 1.255806863029406584e+00
2.650415510204081060e-01 3.579795918367346985e+02 2.491279885704722474e+00 1.255671829340987200e+00
2.650415510204081060e-01 3.583265306122448806e+02 2.489568320075728369e+00 1.255536845567821747e+00
2.650415510204081060e-01 3.586734693877551194e+02 2.487858900914961868e+00 1.255401911762547673e+00
2.650415510204081060e-01 3.590204081632653015e+02 2.486151627926602270e+00 1.255267027977705174e+00
2.650415510204081060e-01 3.593673469387754835e+02 2.484446500793977108e+00 1.255132194265736523e+00
2.650415510204081060e-01 3.597142857142857224e+02 2.482743519179734015e+00 1.254997410678985847e+00
2.650415510204081060e-01 3.600612244897959044e+02 2.481042682725985049e+00 1.254862677269698690e+00
2.650415510204081060e-01 3.604081632653061433e+02 2.479343991054474117e+00 1.254727994090023335e+00
2.650415510204081060e-01 3.607551020408163254e+02 2.477647443766728852e+00 1.254593361192008594e+00
2.650415510204081060e-01 3.611020408163265074e+02 2.475953040444214714e+00 1.254458778627605131e+00
2.650415510204081060e-01 3.614489795918367463e+02 2.474260780648489089e+00 1.254324246448663915e+00
2.650415510204081060e-01 3.617959183673469283e+02 2.472570663921359824e+00 1.254189764706937993e+00
2.650415510204081060e-01 3.621428571428571672e+02 2.470882689785030006e+00 1.254055333454079380e+00
2.650415510204081060e-01 3.624897959183673493e+02 2.469196857742256501e+00 1.253920952741642170e+00
2.650415510204081060e-01 3.628367346938775313e+02 2.467513167276496500e+00 1.253786622621078761e+00
2.650415510204081060e-01 3.631836734693877702e+02 2.465831617852061175e+00 1.253652343143743408e+00
2.650415510204081060e-01 3.635306122448979522e+02 2.464152208914264897e+00 1.253518114360889113e+00
2.650415510204081060e-01 3.638775510204081911e+02 2.462474939889568670e+00 1.253383936323668291e+00
2.650415510204081060e-01 3.642244897959183731e+02 2.460799810185735570e+00 1.253249809083133215e+00
2.650415510204081060e-01 3.645714285714285552e+02 2.459126819191972402e+00 1.253115732690234907e+00
2.650415510204081060e-01 3.649183673469387941e+02 2.457455966279077142e+00 1.252981707195823136e+00
2.650415510204081060e-01 3.652653061224489761e+02 2.455787250799587262e+00 1.252847732650646195e+00
2.650415510204081060e-01 3.656122448979591582e+02 2.454120672087920507e+00 1.252713809105351128e+00
2.650415510204081060e-01 3.659591836734693970e+02 2.452456229460518333e+00 1.252579936610482836e+00
2.650415510204081060e-01 3.663061224489795791e+02 2.450793922215995124e+00 1.252446115216484079e+00
2.650415510204081060e-01 3.666530612244898180e+02 2.449133749635273638e+00 1.252312344973695701e+00
2.650415510204081060e-01 3.670000000000000000e+02 2.447475710981731112e+00 1.252178625932355294e+00
2.854292857142856632e-01 3.500000000000000000e+02 2.371202741998504671e+00 1.290388836624428048e+00
2.854292857142856632e-01 3.503469387755101820e+02 2.369614131860132478e+00 1.290236685535714800e+00
2.854292857142856632e-01 3.506938775510204209e+02 2.368027498094446681e+00 1.290084577268236776e+00
2.854292857142856632e-01 3.510408163265306030e+02 2.366442840727340791e+00 1.289932511930691916e+00
2.854292857142856632e-01 3.513877551020408418e+02 2.364860159762790293e+00 1.289780489631587423e+00
2.854292857142856632e-01 3.517346938775510239e+02 2.363279455183005417e+00 1.289628510479238876e+00
2.854292857142856632e-01 3.520816326530612059e+02 2.361700726948604778e+00 1.289476574581769341e+00
2.854292857142856632e-01 3.524285714285714448e+02 2.360123974998764584e+00 1.289324682047111370e+00
2.854292857142856632e-01 3.527755102040816269e+02 2.358549199251386064e+00 1.289172832983003669e+00
2.854292857142856632e-01 3.531224489795918089e+02 2.356976399603257555e+00 1.289021027496991323e+00
2.854292857142856632e-01 3.534693877551020478e+02 2.355405575930204609e+00 1.288869265696426902e+00
2.854292857142856632e-01 3.538163265306122298e+02 2.353836728087255636e+00 1.288717547688467135e+00
2.854292857142856632e-01 3.541632653061224687e+02 2.352269855908800444e+00 1.288565873580075571e+00
2.854292857142856632e-01 3.545102040816326507e+02 2.350704959208736788e+00 1.288414243478019472e+00
2.854292857142856632e-01 3.548571428571428328e+02 2.349142037780639125e+00 1.288262657488870699e+00
2.854292857142856632e-01 3.552040816326530717e+02 2.347581091397902053e+00 1.288111115719005051e+00
2.854292857142856632e-01 3.555510204081632537e+02 2.346022119813901075e+00 1.287959618274600926e+00
2.854292857142856632e-01 3.558979591836734926e+02 2.344465122762144471e+00 1.287808165261640880e+00
2.854292857142856632e-01 3.562448979591836746e+02 2.342910099956422521e+00 1.287656756785907852e+00
2.854292857142856632e-01 3.565918367346938567e+02 2.341357051090967367e+00 1.287505392952988048e+00
2.854292857142856632e-01 3.569387755102040956e+02 2.339805975840591135e+00 1.287354073868268056e+00
2.854292857142856632e-01 3.572857142857142776e+02 2.338256873860849794e+00 1.287202799636935735e+00
2.854292857142856632e-01 3.576326530612245165e+02 2.336709744788179943e+00 1.287051570363978659e+00
2.854292857142856632e-01 3.579795918367346985e+02 2.335164588240057792e+00 1.286900386154185227e+00
2.854292857142856632e-01 3.583265306122448806e+02 2.333621403815137274e+00 1.286749247112141781e+00
2.854292857142856632e-01 3.586734693877551194e+02 2.332080191093406363e+00 1.286598153342234818e+00
2.854292857142856632e-01 3.590204081632653015e+02 2.330540949636326076e+00 1.286447104948647446e+00
2.854292857142856632e-01 3.593673469387754835e+02 2.329003678986976134e+00 1.286296102035362487e+00
2.854292857142856632e-01 3.597142857142857224e+02 2.327468378670204618e+00 1.286145144706158927e+00
2.854292857142856632e-01 3.600612244897959044e+02 2.325935048192768306e+00 1.285994233064612136e+00
2.854292857142856632e-01 3.604081632653061433e+02 2.324403687043469890e+00 1.285843367214095423e+00
2.854292857142856632e-01 3.607551020408163254e+02 2.322874294693314301e+00 1.285692547257776264e+00
2.854292857142856632e-01 3.611020408163265074e+02 2.321346870595635714e+00 1.285541773298618073e+00
2.854292857142856632e-01 3.614489795918367463e+02 2.319821414186246766e+00 1.285391045439379987e+00
2.854292857142856632e-01 3.617959183673469283e+02 2.318297924883574890e+00 1.285240363782614637e+00
2.854292857142856632e-01 3.621428571428571672e+02 2.316776402088802200e+00 1.285089728430668377e+00
2.854292857142856632e-01 3.624897959183673493e+02 2.315256845186005830e+00 1.284939139485681725e+00
2.854292857142856632e-01 3.628367346938775313e+02 2.313739253542288488e+00 1.284788597049587588e+00
2.854292857142856632e-01 3.631836734693877702e+02 2.312223626507926344e+00 1.284638101224111484e+00
2.854292857142856632e-01 3.635306122448979522e+02 2.310709963416494706e+00 1.284487652110771094e+00
2.854292857142856632e-01 3.638775510204081911e+02 2.309198263585008348e+00 1.284337249810875381e+00
2.854292857142856632e-01 3.642244897959183731e+02 2.307688526314056077e+00 1.284186894425524583e+00
2.854292857142856632e-01 3.645714285714285552e+02 2.306180750887934838e+00 1.284036586055609552e+00
2.854292857142856632e-01 3.649183673469387941e+02 2.304674936574778510e+00 1.283886324801810863e+00
2.854292857142856632e-01 3.652653061224489761e+02 2.303171082626694677e+00 1.283736110764599481e+00
2.854292857142856632e-01 3.656122448979591582e+02 2.301669188279896527e+00 1.283585944044234539e+00
2.854292857142856632e-01 3.659591836734693970e+02 2.300169252754827642e+00 1.283435824740764675e+00
2.854292857142856632e-01 3.663061224489795791e+02 2.298671275256301438e+00 1.283285752954026693e+00
2.854292857142856632e-01 3.666530612244898180e+02 2.297175254973620628e+00 1.283135728783645124e+00
2.854292857142856632e-01 3.670000000000000000e+02 2.295681191080714889e+00 1.282985752329031781e+00
3.058170204081632204e-01 3.500000000000000000e+02 2.231628186276615633e+00 1.323653586436173146e+00
3.058170204081632204e-01 3.503469387755101820e+02 2.230188311580862504e+00 1.323483758613791528e+00
3.058170204081632204e-01 3.506938775510204209e+02 2.228750267963421461e+00 1.323313967232183419e+00
3.058170204081632204e-01 3.510408163265306030e+02 2.227314055268020176e+00 1.323144212463409186e+00
3.058170204081632204e-01 3.513877551020408418e+02 2.225879673318895691e+00 1.322974494479218999e+00
3.058170204081632204e-01 3.517346938775510239e+02 2.224447121920940962e+00 1.322804813451048389e+00
3.058170204081632204e-01 3.520816326530612059e+02 2.223016400859850084e+00 1.322635169550018697e+00
3.058170204081632204e-01 3.524285714285714448e+02 2.221587509902274160e+00 1.322465562946935957e+00
3.058170204081632204e-01 3.527755102040816269e+02 2.220160448795963859e+00 1.322295993812291126e+00
3.058170204081632204e-01 3.531224489795918089e+02 2.218735217269919513e+00 1.322126462316256523e+00
3.058170204081632204e-01 3.534693877551020478e+02 2.217311815034533229e+00 1.321956968628686502e+00
3.058170204081632204e-01 3.538163265306122298e+02 2.215890241781739434e+00 1.321787512919117669e+00
3.058170204081632204e-01 3.541632653061224687e+02 2.214470497185158315e+00 1.321618095356765332e+00
3.058170204081632204e-01 3.545102040816326507e+02 2.213052580900232602e+00 1.321448716110525057e+00
3.058170204081632204e-01 3.548571428571428328e+02 2.211636492564385215e+00 1.321279375348968665e+00
3.058170204081632204e-01 3.552040816326530717e+02 2.210222231797145387e+00 1.321110073240347127e+00
3.058170204081632204e-01 3.555510204081632537e+02 2.208809798200303209e+00 1.320940809952586559e+00
3.058170204081632204e-01 3.558979591836734926e+02 2.207399191358042856e+00 1.320771585653289781e+00
3.058170204081632204e-01 3.562448979591836746e+02 2.205990410837084248e+00 1.320602400509732322e+00
3.058170204081632204e-01 3.565918367346938567e+02 2.204583456186822943e+00 1.320433254688864855e+00
3.058170204081632204e-01 3.569387755102040956e+02 2.203178326939471798e+00 1.320264148357309208e+00
3.058170204081632204e-01 3.572857142857142776e+02 2.201775022610189314e+00 1.320095081681361693e+00
3.058170204081632204e-01 3.576326530612245165e+02 2.200373542697230622e+00 1.319926054826986439e+00
3.058170204081632204e-01 3.579795918367346985e+02 2.198973886682069168e+00 1.319757067959820285e+00
3.058170204081632204e-01 3.583265306122448806e+02 2.197576054029542370e+00 1.319588121245167445e+00
3.058170204081632204e-01 3.586734693877551194e+02 2.196180044187983071e+00 1.319419214848001287e+00
3.058170204081632204e-01 3.590204081632653015e+02 2.194785856589353212e+00 1.319250348932963224e+00
3.058170204081632204e-01 3.593673469387754835e+02 2.193393490649372612e+00 1.319081523664360267e+00
3.058170204081632204e-01 3.597142857142857224e+02 2.192002945767664190e+00 1.318912739206166362e+00
3.058170204081632204e-01 3.600612244897959044e+02 2.190614221327871647e+00 1.318743995722019724e+00
3.058170204081632204e-01 3.604081632653061433e+02 2.189227316697798464e+00 1.318575293375222834e+00
3.058170204081632204e-01 3.607551020408163254e+02 2.187842231229535805e+00 1.318406632328742223e+00
3.058170204081632204e-01 3.611020408163265074e+02 2.186458964259590854e+00 1.318238012745206023e+00
3.058170204081632204e-01 3.614489795918367463e+02 2.185077515109022261e+00 1.318069434786905081e+00
3.058170204081632204e-01 3.617959183673469283e+02 2.183697883083553837e+00 1.317900898615790517e+00
3.058170204081632204e-01 3.621428571428571672e+02 2.182320067473720648e+00 1.317732404393473944e+00
3.058170204081632204e-01 3.624897959183673493e+02 2.180944067554983601e+00 1.317563952281226358e+00
3.058170204081632204e-01 3.628367346938775313e+02 2.179569882587852447e+00 1.317395542439977696e+00
3.058170204081632204e-01 3.631836734693877702e+02 2.178197511818023457e+00 1.317227175030315056e+00
3.058170204081632204e-01 3.635306122448979522e+02 2.176826954476494436e+00 1.317058850212483145e+00
3.058170204081632204e-01 3.638775510204081911e+02 2.175458209779688623e+00 1.316890568146382723e+00
3.058170204081632204e-01 3.642244897959183731e+02 2.174091276929583483e+00 1.316722328991571267e+00
3.058170204081632204e-01 3.645714285714285552e+02 2.172726155113828828e+00 1.316554132907259644e+00
3.058170204081632204e-01 3.649183673469387941e+02 2.171362843505866280e+00 1.316385980052313442e+00
3.058170204081632204e-01 3.652653061224489761e+02 2.170001341265058503e+00 1.316217870585251859e+00
3.058170204081632204e-01 3.656122448979591582e+02 2.168641647536801553e+00 1.316049804664246592e+00
3.058170204081632204e-01 3.659591836734693970e+02 2.167283761452643009e+00 1.315881782447121617e+00
3.058170204081632204e-01 3.663061224489795791e+02 2.165927682130413867e+00 1.315713804091351635e+00
3.058170204081632204e-01 3.666530612244898180e+02 2.164573408674329347e+00 1.315545869754062291e+00
3.058170204081632204e-01 3.670000000000000000e+02 2.163220940175119900e+00 1.315377979592029067e+00
3.262047551020407776e-01 3.500000000000000000e+02 2.108959462900982018e+00 1.358672855077432962e+00
3.262047551020407776e-01 3.503469387755101820e+02 2.107649364069125841e+00 1.358483456953222923e+00
3.262047551020407776e-01 3.506938775510204209e+02 2.106340970648823419e+00 1.358294088635242369e+00
3.262047551020407776e-01 3.510408163265306030e+02 2.105034282320818129e+00 1.358104750369624414e+00
3.262047551020407776e-01 3.513877551020408418e+02 2.103729298748495680e+00 1.357915442402032991e+00
3.262047551020407776e-01 3.517346938775510239e+02 2.102426019578018224e+00 1.357726164977663519e+00
3.262047551020407776e-01 3.520816326530612059e+02 2.101124444438464245e+00 1.357536918341241572e+00
3.262047551020407776e-01 3.524285714285714448e+02 2.099824572941971113e+00 1.357347702737018658e+00
3.262047551020407776e-01 3.527755102040816269e+02 2.098526404683863866e+00 1.357158518408774883e+00
3.262047551020407776e-01 3.531224489795918089e+02 2.097229939242792440e+00 1.356969365599814070e+00
3.262047551020407776e-01 3.534693877551020478e+02 2.095935176180872883e+00 1.356780244552963977e+00
3.262047551020407776e-01 3.538163265306122298e+02 2.094642115043815700e+00 1.356591155510573410e+00
3.262047551020407776e-01 3.541632653061224687e+02 2.093350755361059967e+00 1.356402098714513338e+00
3.262047551020407776e-01 3.545102040816326507e+02 2.092061096645910112e+00 1.356213074406173114e+00
3.262047551020407776e-01 3.548571428571428328e+02 2.090773138395664699e+00 1.356024082826459365e+00
3.262047551020407776e-01 3.552040816326530717e+02 2.089486880091746990e+00 1.355835124215796439e+00
3.262047551020407776e-01 3.555510204081632537e+02 2.088202321199839506e+00 1.355646198814122183e+00
3.262047551020407776e-01 3.558979591836734926e+02 2.086919461170011925e+00 1.355457306860889721e+00
3.262047551020407776e-01 3.562448979591836746e+02 2.085638299436846310e+00 1.355268448595063679e+00
3.262047551020407776e-01 3.565918367346938567e+02 2.084358835419573008e+00 1.355079624255119519e+00
3.262047551020407776e-01 3.569387755102040956e+02 2.083081068522192769e+00 1.354890834079042650e+00
3.262047551020407776e-01 3.572857142857142776e+02 2.081804998133607310e+00 1.354702078304327539e+00
3.262047551020407776e-01 3.576326530612245165e+02 2.080530623627742326e+00 1.354513357167974386e+00
3.262047551020407776e-01 3.579795918367346985e+02 2.079257944363675392e+00 1.354324670906490224e+00
3.262047551020407776e-01 3.583265306122448806e+02 2.077986959685758972e+00 1.354136019755886933e+00
3.262047551020407776e-01 3.586734693877551194e+02 2.076717668923746540e+00 1.353947403951678563e+00
3.262047551020407776e-01 3.590204081632653015e+02 2.075450071392913820e+00 1.353758823728882454e+00
3.262047551020407776e-01 3.593673469387754835e+02 2.074184166394185347e+00 1.353570279322015901e+00
3.262047551020407776e-01 3.597142857142857224e+02 2.072919953214250377e+00 1.353381770965096154e+00
3.262047551020407776e-01 3.600612244897959044e+02 2.071657431125690785e+00 1.353193298891639973e+00
3.262047551020407776e-01 3.604081632653061433e+02 2.070396599387093861e+00 1.353004863334658969e+00
3.262047551020407776e-01 3.607551020408163254e+02 2.069137457243181544e+00 1.352816464526663820e+00
3.262047551020407776e-01 3.611020408163265074e+02 2.067880003924922772e+00 1.352628102699658275e+00
3.262047551020407776e-01 3.614489795918367463e+02 2.066624238649653833e+00 1.352439778085140043e+00
3.262047551020407776e-01 3.617959183673469283e+02 2.065370160621195605e+00 1.352251490914100573e+00
3.262047551020407776e-01 3.621428571428571672e+02 2.064117769029973015e+00 1.352063241417021722e+00
3.262047551020407776e-01 3.624897959183673493e+02 2.062867063053128724e+00 1.351875029823876639e+00
3.262047551020407776e-01 3.628367346938775313e+02 2.061618041854639483e+00 1.351686856364127776e+00
3.262047551020407776e-01 3.631836734693877702e+02 2.060370704585431589e+00 1.351498721266725545e+00
3.262047551020407776e-01 3.635306122448979522e+02 2.059125050383497690e+00 1.351310624760108325e+00
3.262047551020407776e-01 3.638775510204081911e+02 2.057881078374003803e+00 1.351122567072200020e+00
3.262047551020407776e-01 3.642244897959183731e+02 2.056638787669410107e+00 1.350934548430410276e+00
3.262047551020407776e-01 3.645714285714285552e+02 2.055398177369578860e+00 1.350746569061632929e+00
3.262047551020407776e-01 3.649183673469387941e+02 2.054159246561885421e+00 1.350558629192244453e+00
3.262047551020407776e-01 3.652653061224489761e+02 2.052921994321331489e+00 1.350370729048104401e+00
3.262047551020407776e-01 3.656122448979591582e+02 2.051686419710656129e+00 1.350182868854552964e+00
3.262047551020407776e-01 3.659591836734693970e+02 2.050452521780442350e+00 1.349995048836410527e+00
3.262047551020407776e-01 3.663061224489795791e+02 2.049220299569228576e+00 1.349807269217977446e+00
3.262047551020407776e-01 3.666530612244898180e+02 2.047989752103615224e+00 1.349619530223032049e+00
3.262047551020407776e-01 3.670000000000000000e+02 2.046760878398375727e+00 1.349431832074829973e+00
3.465924897959183348e-01 3.500000000000000000e+02 2.000416988290083964e+00 1.395547407578703325e+00
3.465924897959183348e-01 3.503469387755101820e+02 1.999221230782427750e+00 1.395336269090826642e+00
3.465924897959183348e-01 3.506938775510204209e+02 1.998027068406295736e+00 1.395125153786464622e+00
3.465924897959183348e-01 3.510408163265306030e+02 1.996834500696555992e+00 1.394914061997945431e+00
3.465924897959183348e-01 3.513877551020408418e+02 1.995643527172616061e+00 1.394702994056930434e+00
3.465924897959183348e-01 3.517346938775510239e+02 1.994454147338551087e+00 1.394491950294411309e+00
3.465924897959183348e-01 3.520816326530612059e+02 1.993266360683229044e+00 1.394280931040709826e+00
3.465924897959183348e-01 3.524285714285714448e+02 1.992080166680445075e+00 1.394069936625474737e+00
3.465924897959183348e-01 3.527755102040816269e+02 1.990895564789036731e+00 1.393858967377678448e+00
3.465924897959183348e-01 3.531224489795918089e+02 1.989712554453023419e+00 1.393648023625618348e+00
3.465924897959183348e-01 3.534693877551020478e+02 1.988531135101719416e+00 1.393437105696911704e+00
3.465924897959183348e-01 3.538163265306122298e+02 1.987351306149868657e+00 1.393226213918494771e+00
3.465924897959183348e-01 3.541632653061224687e+02 1.986173066997759085e+00 1.393015348616621019e+00
3.465924897959183348e-01 3.545102040816326507e+02 1.984996417031353877e+00 1.392804510116859573e+00
3.465924897959183348e-01 3.548571428571428328e+02 1.983821355622409355e+00 1.392593698744092556e+00
3.465924897959183348e-01 3.552040816326530717e+02 1.982647882128597105e+00 1.392382914822513529e+00
3.465924897959183348e-01 3.555510204081632537e+02 1.981475995893625441e+00 1.392172158675625493e+00
3.465924897959183348e-01 3.558979591836734926e+02 1.980305696247360414e+00 1.391961430626239338e+00
3.465924897959183348e-01 3.562448979591836746e+02 1.979136982505943498e+00 1.391750730996472285e+00
3.465924897959183348e-01 3.565918367346938567e+02 1.977969853971912162e+00 1.391540060107744781e+00
3.465924897959183348e-01 3.569387755102040956e+02 1.976804309934316661e+00 1.391329418280780716e+00
3.465924897959183348e-01 3.572857142857142776e+02 1.975640349668839946e+00 1.391118805835604322e+00
3.465924897959183348e-01 3.576326530612245165e+02 1.974477972437909346e+00 1.390908223091538831e+00
3.465924897959183348e-01 3.579795918367346985e+02 1.973317177490819141e+00 1.390697670367204486e+00
3.465924897959183348e-01 3.583265306122448806e+02 1.972157964063840696e+00 1.390487147980517646e+00
3.465924897959183348e-01 3.586734693877551194e+02 1.971000331380339698e+00 1.390276656248688125e+00
3.465924897959183348e-01 3.590204081632653015e+02 1.969844278650888958e+00 1.390066195488218970e+00
3.465924897959183348e-01 3.593673469387754835e+02 1.968689805073383203e+00 1.389855766014902905e+00
3.465924897959183348e-01 3.597142857142857224e+02 1.967536909833150105e+00 1.389645368143822335e+00
3.465924897959183348e-01 3.600612244897959044e+02 1.966385592103063962e+00 1.389435002189347790e+00
3.465924897959183348e-01 3.604081632653061433e+02 1.965235851043653614e+00 1.389224668465135482e+00
3.465924897959183348e-01 3.607551020408163254e+02 1.964087685803219019e+00 1.389014367284125528e+00
3.465924897959183348e-01 3.611020408163265074e+02 1.962941095517934276e+00 1.388804098958542399e+00
3.465924897959183348e-01 3.614489795918367463e+02 1.961796079311961538e+00 1.388593863799891803e+00
3.465924897959183348e-01 3.617959183673469283e+02 1.960652636297558260e+00 1.388383662118958917e+00
3.465924897959183348e-01 3.621428571428571672e+02 1.959510765575185331e+00 1.388173494225808380e+00
3.465924897959183348e-01 3.624897959183673493e+02 1.958370466233614771e+00 1.387963360429782744e+00
3.465924897959183348e-01 3.628367346938775313e+02 1.957231737350034084e+00 1.387753261039499142e+00
3.465924897959183348e-01 3.631836734693877702e+02 1.956094577990156846e+00 1.387543196362849951e+00
3.465924897959183348e-01 3.635306122448979522e+02 1.954958987208322618e+00 1.387333166707001908e+00
3.465924897959183348e-01 3.638775510204081911e+02 1.953824964047606194e+00 1.387123172378391667e+00
3.465924897959183348e-01 3.642244897959183731e+02 1.952692507539918632e+00 1.386913213682728685e+00
3.465924897959183348e-01 3.645714285714285552e+02 1.951561616706112279e+00 1.386703290924990339e+00
3.465924897959183348e-01 3.649183673469387941e+02 1.950432290556083137e+00 1.386493404409422814e+00
3.465924897959183348e-01 3.652653061224489761e+02 1.949304528088872779e+00 1.386283554439538879e+00
3.465924897959183348e-01 3.656122448979591582e+02 1.948178328292771155e+00 1.386073741318117669e+00
3.465924897959183348e-01 3.659591836734693970e+02 1.947053690145414739e+00 1.385863965347202242e+00
3.465924897959183348e-01 3.663061224489795791e+02 1.945930612613889332e+00 1.385654226828098912e+00
3.465924897959183348e-01 3.666530612244898180e+02 1.944809094654829762e+00 1.385444526061377024e+00
3.465924897959183348e-01 3.670000000000000000e+02 1.943689135214516028e+00 1.385234863346865852e+00
3.669802244897958921e-01 3.500000000000000000e+02 1.903798301925830438e+00 1.434390574893688042e+00
3.669802244897958921e-01 3.503469387755101820e+02 1.902704162885411110e+00 1.434155217549630157e+00
3.669802244897958921e-01 3.506938775510204209e+02 1.901611520935974520e+00 1.433919877111786700e+00
3.669802244897958921e-01 3.510408163265306030e+02 1.900520375481732804e+00 1.433684554012334189e+00
3.669802244897958921e-01 3.513877551020408418e+02 1.899430725913141549e+00 1.433449248682526989e+00
3.669802244897958921e-01 3.517346938775510239e+02 1.898342571607021467e+00 1.433213961552693982e+00
3.669802244897958921e-01 3.520816326530612059e+02 1.897255911926673422e+00 1.432978693052238572e+00
3.669802244897958921e-01 3.524285714285714448e+02 1.896170746222000325e+00 1.432743443609633127e+00
3.669802244897958921e-01 3.527755102040816269e+02 1.895087073829624602e+00 1.432508213652417206e+00
3.669802244897958921e-01 3.531224489795918089e+02 1.894004894073002765e+00 1.432273003607196449e+00
3.669802244897958921e-01 3.534693877551020478e+02 1.892924206262544429e+00 1.432037813899638579e+00
3.669802244897958921e-01 3.538163265306122298e+02 1.891845009695726665e+00 1.431802644954470516e+00
3.669802244897958921e-01 3.541632653061224687e+02 1.890767303657208798e+00 1.431567497195478378e+00
3.669802244897958921e-01 3.545102040816326507e+02 1.889691087418946314e+00 1.431332371045501706e+00
3.669802244897958921e-01 3.548571428571428328e+02 1.888616360240306991e+00 1.431097266926434131e+00
3.669802244897958921e-01 3.552040816326530717e+02 1.887543121368179255e+00 1.430862185259218933e+00
3.669802244897958921e-01 3.555510204081632537e+02 1.886471370037089867e+00 1.430627126463847709e+00
3.669802244897958921e-01 3.558979591836734926e+02 1.885401105469310057e+00 1.430392090959358598e+00
3.669802244897958921e-01 3.562448979591836746e+02 1.884332326874969210e+00 1.430157079163832279e+00
3.669802244897958921e-01 3.565918367346938567e+02 1.883265033452164561e+00 1.429922091494391756e+00
3.669802244897958921e-01 3.569387755102040956e+02 1.882199224387071990e+00 1.429687128367198801e+00
3.669802244897958921e-01 3.572857142857142776e+02 1.881134898854052162e+00 1.429452190197452399e+00
3.669802244897958921e-01 3.576326530612245165e+02 1.880072056015760884e+00 1.429217277399386088e+00
3.669802244897958921e-01 3.579795918367346985e+02 1.879010695023253685e+00 1.428982390386267509e+00
3.669802244897958921e-01 3.583265306122448806e+02 1.877950815016097952e+00 1.428747529570393970e+00
3.669802244897958921e-01 3.586734693877551194e+02 1.876892415122473734e+00 1.428512695363092000e+00
3.669802244897958921e-01 3.590204081632653015e+02 1.875835494459280772e+00 1.428277888174715793e+00
3.669802244897958921e-01 3.593673469387754835e+02 1.874780052132244856e+00 1.428043108414643658e+00
3.669802244897958921e-01 3.597142857142857224e+02 1.873726087236021742e+00 1.427808356491277353e+00
3.669802244897958921e-01 3.600612244897959044e+02 1.872673598854298849e+00 1.427573632812039417e+00
3.669802244897958921e-01 3.604081632653061433e+02 1.871622586059898952e+00 1.427338937783372064e+00
3.669802244897958921e-01 3.607551020408163254e+02 1.870573047914885212e+00 1.427104271810734737e+00
3.669802244897958921e-01 3.611020408163265074e+02 1.869524983470657764e+00 1.426869635298603445e+00
3.669802244897958921e-01 3.614489795918367463e+02 1.868478391768057412e+00 1.426635028650467429e+00
3.669802244897958921e-01 3.617959183673469283e+02 1.867433271837468212e+00 1.426400452268827834e+00
3.669802244897958921e-01 3.621428571428571672e+02 1.866389622698913175e+00 1.426165906555197482e+00
3.669802244897958921e-01 3.624897959183673493e+02 1.865347443362155078e+00 1.425931391910097767e+00
3.669802244897958921e-01 3.628367346938775313e+02 1.864306732826795932e+00 1.425696908733055990e+00
3.669802244897958921e-01 3.631836734693877702e+02 1.863267490082372468e+00 1.425462457422607576e+00
3.669802244897958921e-01 3.635306122448979522e+02 1.862229714108455836e+00 1.425228038376290529e+00
3.669802244897958921e-01 3.638775510204081911e+02 1.861193403874747077e+00 1.424993651990645427e+00
3.669802244897958921e-01 3.642244897959183731e+02 1.860158558341172608e+00 1.424759298661214979e+00
3.669802244897958921e-01 3.645714285714285552e+02 1.859125176457980144e+00 1.424524978782540474e+00
3.669802244897958921e-01 3.649183673469387941e+02 1.858093257165833290e+00 1.424290692748161780e+00
3.669802244897958921e-01 3.652653061224489761e+02 1.857062799395907016e+00 1.424056440950616231e+00
3.669802244897958921e-01 3.656122448979591582e+02 1.856033802069979588e+00 1.423822223781435081e+00
3.669802244897958921e-01 3.659591836734693970e+02 1.855006264100524715e+00 1.423588041631145495e+00
3.669802244897958921e-01 3.663061224489795791e+02 1.853980184390807029e+00 1.423353894889265669e+00
3.669802244897958921e-01 3.666530612244898180e+02 1.852955561834970899e+00 1.423119783944305938e+00
3.669802244897958921e-01 3.670000000000000000e+02 1.851932395318133251e+00 1.422885709183767444e+00
3.873679591836734493e-01 3.500000000000000000e+02 1.817337078451114474e+00 1.475328841122471424e+00
3.873679591836734493e-01 3.503469387755101820e+02 1.816333952628259363e+00 1.475066440376285204e+00
3.873679591836734493e-01 3.506938775510204209e+02 1.815332235710768627e+00 1.474804051025062623e+00
3.873679591836734493e-01 3.510408163265306030e+02 1.814331926985767840e+00 1.474541673616100335e+00
3.873679591836734493e-01 3.513877551020408418e+02 1.813333025728172787e+00 1.474279308695445545e+00
3.873679591836734493e-01 3.517346938775510239e+02 1.812335531200803818e+00 1.474016956807896905e+00
3.873679591836734493e-01 3.520816326530612059e+02 1.811339442654490650e+00 1.473754618496995406e+00
3.873679591836734493e-01 3.524285714285714448e+02 1.810344759328188280e+00 1.473492294305027928e+00
3.873679591836734493e-01 3.527755102040816269e+02 1.809351480449083116e+00 1.473229984773019252e+00
3.873679591836734493e-01 3.531224489795918089e+02 1.808359605232703560e+00 1.472967690440730726e+00
3.873679591836734493e-01 3.534693877551020478e+02 1.807369132883028584e+00 1.472705411846658041e+00
3.873679591836734493e-01 3.538163265306122298e+02 1.806380062592591651e+00 1.472443149528026574e+00
3.873679591836734493e-01 3.541632653061224687e+02 1.805392393542592178e+00 1.472180904020790049e+00
3.873679591836734493e-01 3.545102040816326507e+02 1.804406124902998343e+00 1.471918675859626990e+00
3.873679591836734493e-01 3.548571428571428328e+02 1.803421255832655223e+00 1.471656465577937389e+00
3.873679591836734493e-01 3.552040816326530717e+02 1.802437785479387822e+00 1.471394273707841149e+00
3.873679591836734493e-01 3.555510204081632537e+02 1.801455712980104540e+00 1.471132100780174756e+00
3.873679591836734493e-01 3.558979591836734926e+02 1.800475037460902206e+00 1.470869947324488392e+00
3.873679591836734493e-01 3.562448979591836746e+02 1.799495758037170434e+00 1.470607813869044156e+00
3.873679591836734493e-01 3.565918367346938567e+02 1.798517873813687995e+00 1.470345700940811851e+00
3.873679591836734493e-01 3.569387755102040956e+02 1.797541383884732724e+00 1.470083609065468977e+00
3.873679591836734493e-01 3.572857142857142776e+02 1.796566287334174117e+00 1.469821538767395408e+00
3.873679591836734493e-01 3.576326530612245165e+02 1.795592583235581241e+00 1.469559490569673610e+00
3.873679591836734493e-01 3.579795918367346985e+02 1.794620270652315552e+00 1.469297464994083979e+00
3.873679591836734493e-01 3.583265306122448806e+02 1.793649348637634588e+00 1.469035462561104399e+00
3.873679591836734493e-01 3.586734693877551194e+02 1.792679816234788115e+00 1.468773483789906908e+00
3.873679591836734493e-01 3.590204081632653015e+02 1.791711672477116712e+00 1.468511529198355259e+00
3.873679591836734493e-01 3.593673469387754835e+02 1.790744916388148367e+00 1.468249599303004027e+00
3.873679591836734493e-01 3.597142857142857224e+02 1.789779546981696168e+00 1.467987694619094841e+00
3.873679591836734493e-01 3.600612244897959044e+02 1.788815563261951791e+00 1.467725815660554822e+00
3.873679591836734493e-01 3.604081632653061433e+02 1.787852964223583641e+00 1.467463962939995703e+00
3.873679591836734493e-01 3.607551020408163254e+02 1.786891748851829442e+00 1.467202136968709825e+00
3.873679591836734493e-01 3.611020408163265074e+02 1.785931916122589724e+00 1.466940338256669696e+00
3.873679591836734493e-01 3.614489795918367463e+02 1.784973465002524406e+00 1.466678567312524661e+00
3.873679591836734493e-01 3.617959183673469283e+02 1.784016394449141840e+00 1.466416824643600902e+00
3.873679591836734493e-01 3.621428571428571672e+02 1.783060703410893399e+00 1.466155110755897883e+00
3.873679591836734493e-01 3.624897959183673493e+02 1.782106390827264519e+00 1.465893426154087686e+00
3.873679591836734493e-01 3.628367346938775313e+02 1.781153455628864846e+00 1.465631771341512124e+00
3.873679591836734493e-01 3.631836734693877702e+02 1.780201896737519052e+00 1.465370146820181629e+00
3.873679591836734493e-01 3.635306122448979522e+02 1.779251713066358986e+00 1.465108553090774368e+00
3.873679591836734493e-01 3.638775510204081911e+02 1.778302903519907385e+00 1.464846990652633130e+00
3.873679591836734493e-01 3.642244897959183731e+02 1.777355466994173128e+00 1.464585460003763995e+00
3.873679591836734493e-01 3.645714285714285552e+02 1.776409402376733393e+00 1.464323961640836336e+00
3.873679591836734493e-01 3.649183673469387941e+02 1.775464708546824699e+00 1.464062496059179264e+00
3.873679591836734493e-01 3.652653061224489761e+02 1.774521384375429722e+00 1.463801063752781628e+00
3.873679591836734493e-01 3.656122448979591582e+02 1.773579428725361451e+00 1.463539665214289132e+00
3.873679591836734493e-01 3.659591836734693970e+02 1.772638840451348674e+00 1.463278300935004328e+00
3.873679591836734493e-01 3.663061224489795791e+02 1.771699618400126131e+00 1.463016971404884847e+00
3.873679591836734493e-01 3.666530612244898180e+02 1.770761761410512225e+00 1.462755677112542063e+00
3.873679591836734493e-01 3.670000000000000000e+02 1.769825268313498290e+00 1.462494418545238650e+00
4.077556938775510065e-01 3.500000000000000000e+02 1.739601356031965418e+00 1.518502702640790236e+00
4.077556938775510065e-01 3.503469387755101820e+02 1.738680314194200438e+00 1.518210043800881204e+00
4.077556938775510065e-01 3.506938775510204209e+02 1.737760601090001300e+00 1.517917392141626909e+00
4.077556938775510065e-01 3.510408163265306030e+02 1.736842215901590381e+00 1.517624748342394359e+00
4.077556938775510065e-01 3.513877551020408418e+02 1.735925157800394025e+00 1.517332113080888334e+00
4.077556938775510065e-01 3.517346938775510239e+02 1.735009425947148909e+00 1.517039487033147616e+00
4.077556938775510065e-01 3.520816326530612059e+02 1.734095019492002621e+00 1.516746870873542763e+00
4.077556938775510065e-01 3.524285714285714448e+02 1.733181937574618248e+00 1.516454265274771007e+00
4.077556938775510065e-01 3.527755102040816269e+02 1.732270179324275405e+00 1.516161670907853143e+00
4.077556938775510065e-01 3.531224489795918089e+02 1.731359743859971489e+00 1.515869088442131307e+00
4.077556938775510065e-01 3.534693877551020478e+02 1.730450630290522041e+00 1.515576518545263429e+00
4.077556938775510065e-01 3.538163265306122298e+02 1.729542837714662440e+00 1.515283961883222563e+00
4.077556938775510065e-01 3.541632653061224687e+02 1.728636365221144944e+00 1.514991419120290894e+00
4.077556938775510065e-01 3.545102040816326507e+02 1.727731211888838381e+00 1.514698890919059293e+00
4.077556938775510065e-01 3.548571428571428328e+02 1.726827376786825408e+00 1.514406377940422432e+00
4.077556938775510065e-01 3.552040816326530717e+02 1.725924858974502207e+00 1.514113880843575677e+00
4.077556938775510065e-01 3.555510204081632537e+02 1.725023657501672636e+00 1.513821400286013974e+00
4.077556938775510065e-01 3.558979591836734926e+02 1.724123771408645034e+00 1.513528936923526969e+00
4.077556938775510065e-01 3.562448979591836746e+02 1.723225199726328372e+00 1.513236491410195894e+00
4.077556938775510065e-01 3.565918367346938567e+02 1.722327941476327284e+00 1.512944064398393351e+00
4.077556938775510065e-01 3.569387755102040956e+02 1.721431995671034443e+00 1.512651656538778866e+00
4.077556938775510065e-01 3.572857142857142776e+02 1.720537361313727365e+00 1.512359268480295116e+00
4.077556938775510065e-01 3.576326530612245165e+02 1.719644037398657677e+00 1.512066900870167707e+00
4.077556938775510065e-01 3.579795918367346985e+02 1.718752022911146593e+00 1.511774554353901179e+00
4.077556938775510065e-01 3.583265306122448806e+02 1.717861316827674623e+00 1.511482229575276559e+00
4.077556938775510065e-01 3.586734693877551194e+02 1.716971918115974383e+00 1.511189927176350034e+00
4.077556938775510065e-01 3.590204081632653015e+02 1.716083825735120305e+00 1.510897647797448951e+00
4.077556938775510065e-01 3.593673469387754835e+02 1.715197038635617455e+00 1.510605392077170483e+00
4.077556938775510065e-01 3.597142857142857224e+02 1.714311555759493233e+00 1.510313160652379416e+00
4.077556938775510065e-01 3.600612244897959044e+02 1.713427376040384864e+00 1.510020954158205919e+00
4.077556938775510065e-01 3.604081632653061433e+02 1.712544498403626880e+00 1.509728773228043552e+00
4.077556938775510065e-01 3.607551020408163254e+02 1.711662921766339718e+00 1.509436618493546378e+00
4.077556938775510065e-01 3.611020408163265074e+02 1.710782645037516980e+00 1.509144490584627407e+00
4.077556938775510065e-01 3.614489795918367463e+02 1.709903667118110260e+00 1.508852390129457488e+00
4.077556938775510065e-01 3.617959183673469283e+02 1.709025986901116845e+00 1.508560317754461977e+00
4.077556938775510065e-01 3.621428571428571672e+02 1.708149603271663208e+00 1.508268274084320515e+00
4.077556938775510065e-01 3.624897959183673493e+02 1.707274515107090496e+00 1.507976259741962144e+00
4.077556938775510065e-01 3.628367346938775313e+02 1.706400721277038901e+00 1.507684275348568637e+00
4.077556938775510065e-01 3.631836734693877702e+02 1.705528220643531156e+00 1.507392321523567391e+00
4.077556938775510065e-01 3.635306122448979522e+02 1.704657012061054466e+00 1.507100398884633874e+00
4.077556938775510065e-01 3.638775510204081911e+02 1.703787094376642663e+00 1.506808508047687845e+00
4.077556938775510065e-01 3.642244897959183731e+02 1.702918466429961475e+00 1.506516649626892690e+00
4.077556938775510065e-01 3.645714285714285552e+02 1.702051127053383350e+00 1.506224824234652981e+00
4.077556938775510065e-01 3.649183673469387941e+02 1.701185075072074726e+00 1.505933032481615363e+00
4.077556938775510065e-01 3.652653061224489761e+02 1.700320309304072852e+00 1.505641274976664556e+00
4.077556938775510065e-01 3.656122448979591582e+02 1.699456828560365285e+00 1.505349552326922247e+00
4.077556938775510065e-01 3.659591836734693970e+02 1.698594631644968267e+00 1.505057865137748863e+00
4.077556938775510065e-01 3.663061224489795791e+02 1.697733717355008665e+00 1.504766214012738690e+00
4.077556938775510065e-01 3.666530612244898180e+02 1.696874084480798350e+00 1.504474599553721204e+00
4.077556938775510065e-01 3.670000000000000000e+02 1.696015731805911475e+00 1.504183022360757516e+00
4.281434285714285082e-01 3.500000000000000000e+02 1.669418879079645812e+00 1.564067785027422053e+00
4.281434285714285082e-01 3.503469387755101820e+02 1.668572334502826493e+00 1.563741211732704972e+00
4.281434285714285082e-01 3.506938775510204209e+02 1.667727045055391821e+00 1.563414643370605539e+00
4.281434285714285082e-01 3.510408163265306030e+02 1.666883009825698148e+00 1.563088080771206867e+00
4.281434285714285082e-01 3.513877551020408418e+02 1.666040227892610526e+00 1.562761524762407372e+00
4.281434285714285082e-01 3.517346938775510239e+02 1.665198698325600191e+00 1.562434976169916112e+00
4.281434285714285082e-01 3.520816326530612059e+02 1.664358420184837151e+00 1.562108435817249008e+00
4.281434285714285082e-01 3.524285714285714448e+02 1.663519392521289886e+00 1.561781904525725517e+00
4.281434285714285082e-01 3.527755102040816269e+02 1.662681614376817940e+00 1.561455383114465745e+00
4.281434285714285082e-01 3.531224489795918089e+02 1.661845084784264959e+00 1.561128872400385781e+00
4.281434285714285082e-01 3.534693877551020478e+02 1.661009802767555277e+00 1.560802373198193704e+00
4.281434285714285082e-01 3.538163265306122298e+02 1.660175767341785180e+00 1.560475886320387806e+00
4.281434285714285082e-01 3.541632653061224687e+02 1.659342977513312833e+00 1.560149412577251704e+00
4.281434285714285082e-01 3.545102040816326507e+02 1.658511432279856201e+00 1.559822952776851901e+00
4.281434285714285082e-01 3.548571428571428328e+02 1.657681130630575872e+00 1.559496507725035119e+00
4.281434285714285082e-01 3.552040816326530717e+02 1.656852071546173866e+00 1.559170078225423639e+00
4.281434285714285082e-01 3.555510204081632537e+02 1.656024253998976681e+00 1.558843665079413299e+00
4.281434285714285082e-01 3.558979591836734926e+02 1.655197676953028108e+00 1.558517269086171719e+00
4.281434285714285082e-01 3.562448979591836746e+02 1.654372339364176936e+00 1.558190891042632531e+00
4.281434285714285082e-01 3.565918367346938567e+02 1.653548240180164441e+00 1.557864531743494707e+00
4.281434285714285082e-01 3.569387755102040956e+02 1.652725378340713647e+00 1.557538191981220788e+00
4.281434285714285082e-01 3.572857142857142776e+02 1.651903752777612588e+00 1.557211872546030884e+00
4.281434285714285082e-01 3.576326530612245165e+02 1.651083362414804467e+00 1.556885574225903568e+00
4.281434285714285082e-01 3.579795918367346985e+02 1.650264206168471359e+00 1.556559297806571429e+00
4.281434285714285082e-01 3.583265306122448806e+02 1.649446282947117259e+00 1.556233044071519300e+00
4.281434285714285082e-01 3.586734693877551194e+02 1.648629591651656900e+00 1.555906813801982036e+00
4.281434285714285082e-01 3.590204081632653015e+02 1.647814131175496133e+00 1.555580607776942514e+00
4.281434285714285082e-01 3.593673469387754835e+02 1.646999900404616746e+00 1.555254426773127641e+00
4.281434285714285082e-01 3.597142857142857224e+02 1.646186898217657513e+00 1.554928271565009901e+00
4.281434285714285082e-01 3.600612244897959044e+02 1.645375123485999014e+00 1.554602142924801811e+00
4.281434285714285082e-01 3.604081632653061433e+02 1.644564575073842683e+00 1.554276041622454585e+00
4.281434285714285082e-01 3.607551020408163254e+02 1.643755251838291631e+00 1.553949968425659245e+00
4.281434285714285082e-01 3.611020408163265074e+02 1.642947152629435026e+00 1.553623924099840625e+00
4.281434285714285082e-01 3.614489795918367463e+02 1.642140276290422918e+00 1.553297909408158928e+00
4.281434285714285082e-01 3.617959183673469283e+02 1.641334621657545734e+00 1.552971925111505502e+00
4.281434285714285082e-01 3.621428571428571672e+02 1.640530187560319542e+00 1.552645971968503735e+00
4.281434285714285082e-01 3.624897959183673493e+02 1.639726972821555329e+00 1.552320050735505053e+00
4.281434285714285082e-01 3.628367346938775313e+02 1.638924976257442490e+00 1.551994162166590252e+00
4.281434285714285082e-01 3.631836734693877702e+02 1.638124196677623212e+00 1.551668307013566173e+00
4.281434285714285082e-01 3.635306122448979522e+02 1.637324632885271303e+00 1.551342486025962808e+00
4.281434285714285082e-01 3.638775510204081911e+02 1.636526283677166127e+00 1.551016699951037081e+00
4.281434285714285082e-01 3.642244897959183731e+02 1.635729147843766995e+00 1.550690949533766849e+00
4.281434285714285082e-01 3.645714285714285552e+02 1.634933224169292432e+00 1.550365235516852458e+00
4.281434285714285082e-01 3.649183673469387941e+02 1.634138511431789231e+00 1.550039558640714299e+00
4.281434285714285082e-01 3.652653061224489761e+02 1.633345008403210841e+00 1.549713919643492588e+00
4.281434285714285082e-01 3.656122448979591582e+02 1.632552713849487080e+00 1.549388319261045810e+00
4.281434285714285082e-01 3.659591836734693970e+02 1.631761626530598974e+00 1.549062758226952052e+00
4.281434285714285082e-01 3.663061224489795791e+02 1.630971745200650913e+00 1.548737237272504785e+00
4.281434285714285082e-01 3.666530612244898180e+02 1.630183068607941266e+00 1.548411757126713528e+00
4.281434285714285082e-01 3.670000000000000000e+02 1.629395595495033433e+00 1.548086318516305626e+00
4.485311632653060654e-01 3.500000000000000000e+02 1.605821526229662899e+00 1.612196218247933688e+00
4.485311632653060654e-01 3.503469387755101820e+02 1.605042979126598768e+00 1.611831572340804541e+00
4.485311632653060654e-01 3.506938775510204209e+02 1.604265618962228857e+00 1.611466931926820445e+00
4.485311632653060654e-01 3.510408163265306030e+02 1.603489444741164505e+00 1.611102298007067501e+00
4.485311632653060654e-01 3.513877551020408418e+02 1.602714455459731235e+00 1.610737671579790531e+00
4.485311632653060654e-01 3.517346938775510239e+02 1.601940650106061792e+00 1.610373053640388408e+00
4.485311632653060654e-01 3.520816326530612059e+02 1.601168027660186510e+00 1.610008445181410730e+00
4.485311632653060654e-01 3.524285714285714448e+02 1.600396587094116807e+00 1.609643847192554045e+00
4.485311632653060654e-01 3.527755102040816269e+02 1.599626327371940437e+00 1.609279260660658073e+00
4.485311632653060654e-01 3.531224489795918089e+02 1.598857247449902763e+00 1.608914686569702823e+00
4.485311632653060654e-01 3.534693877551020478e+02 1.598089346276496236e+00 1.608550125900805039e+00
4.485311632653060654e-01 3.538163265306122298e+02 1.597322622792547442e+00 1.608185579632214646e+00
4.485311632653060654e-01 3.541632653061224687e+02 1.596557075931301917e+00 1.607821048739311642e+00
4.485311632653060654e-01 3.545102040816326507e+02 1.595792704618507196e+00 1.607456534194604547e+00
4.485311632653060654e-01 3.548571428571428328e+02 1.595029507772501631e+00 1.607092036967724180e+00
4.485311632653060654e-01 3.552040816326530717e+02 1.594267484304293880e+00 1.606727558025424329e+00
4.485311632653060654e-01 3.555510204081632537e+02 1.593506633117649507e+00 1.606363098331577977e+00
4.485311632653060654e-01 3.558979591836734926e+02 1.592746953109170249e+00 1.605998658847173299e+00
4.485311632653060654e-01 3.562448979591836746e+02 1.591988443168379952e+00 1.605634240530312784e+00
4.485311632653060654e-01 3.565918367346938567e+02 1.591231102177802503e+00 1.605269844336209673e+00
4.485311632653060654e-01 3.569387755102040956e+02 1.590474929013045102e+00 1.604905471217187518e+00
4.485311632653060654e-01 3.572857142857142776e+02 1.589719922542878860e+00 1.604541122122674857e+00
4.485311632653060654e-01 3.576326530612245165e+02 1.588966081629315630e+00 1.604176797999206538e+00
4.485311632653060654e-01 3.579795918367346985e+02 1.588213405127690159e+00 1.603812499790418622e+00
4.485311632653060654e-01 3.583265306122448806e+02 1.587461891886738030e+00 1.603448228437049261e+00
4.485311632653060654e-01 3.586734693877551194e+02 1.586711540748672933e+00 1.603083984876933599e+00
4.485311632653060654e-01 3.590204081632653015e+02 1.585962350549263933e+00 1.602719770045005543e+00
4.485311632653060654e-01 3.593673469387754835e+02 1.585214320117913855e+00 1.602355584873294214e+00
4.485311632653060654e-01 3.597142857142857224e+02 1.584467448277735446e+00 1.601991430290921281e+00
4.485311632653060654e-01 3.600612244897959044e+02 1.583721733845625090e+00 1.601627307224101848e+00
4.485311632653060654e-01 3.604081632653061433e+02 1.582977175632340749e+00 1.601263216596142014e+00
4.485311632653060654e-01 3.607551020408163254e+02 1.582233772442575015e+00 1.600899159327437760e+00
4.485311632653060654e-01 3.611020408163265074e+02 1.581491523075031047e+00 1.600535136335473396e+00
4.485311632653060654e-01 3.614489795918367463e+02 1.580750426322492963e+00 1.600171148534819565e+00
4.485311632653060654e-01 3.617959183673469283e+02 1.580010480971901998e+00 1.599807196837135015e+00
4.485311632653060654e-01 3.621428571428571672e+02 1.579271685804428671e+00 1.599443282151162160e+00
4.485311632653060654e-01 3.624897959183673493e+02 1.578534039595543614e+00 1.599079405382729968e+00
4.485311632653060654e-01 3.628367346938775313e+02 1.577797541115089075e+00 1.598715567434749962e+00
4.485311632653060654e-01 3.631836734693877702e+02 1.577062189127351299e+00 1.598351769207215556e+00
4.485311632653060654e-01 3.635306122448979522e+02 1.576327982391130034e+00 1.597988011597205826e+00
4.485311632653060654e-01 3.638775510204081911e+02 1.575594919659808468e+00 1.597624295498878855e+00
4.485311632653060654e-01 3.642244897959183731e+02 1.574862999681422293e+00 1.597260621803475944e+00
4.485311632653060654e-01 3.645714285714285552e+02 1.574132221198729642e+00 1.596896991399318511e+00
4.485311632653060654e-01 3.649183673469387941e+02 1.573402582949278594e+00 1.596533405171809417e+00
4.485311632653060654e-01 3.652653061224489761e+02 1.572674083665475786e+00 1.596169864003432970e+00
4.485311632653060654e-01 3.656122448979591582e+02 1.571946722074653247e+00 1.595806368773752704e+00
4.485311632653060654e-01 3.659591836734693970e+02 1.571220496899134123e+00 1.595442920359413375e+00
4.485311632653060654e-01 3.663061224489795791e+02 1.570495406856301512e+00 1.595079519634140519e+00
4.485311632653060654e-01 3.666530612244898180e+02 1.569771450658662859e+00 1.594716167468739565e+00
4.485311632653060654e-01 3.670000000000000000e+02 1.569048627013916120e+00 1.594352864731098718e+00
4.689188979591836226e-01 3.500000000000000000e+02 1.548003392325787653e+00 1.663078282245410433e+00
4.689188979591836226e-01 3.503469387755101820e+02 1.547287231355084502e+00 1.662670833621989086e+00
4.689188979591836226e-01 3.506938775510204209e+02 1.546572193611335910e+00 1.662263394918603199e+00
4.689188979591836226e-01 3.510408163265306030e+02 1.545858278024799803e+00 1.661855967329119110e+00
4.689188979591836226e-01 3.513877551020408418e+02 1.545145483518576501e+00 1.661448552043741644e+00
4.689188979591836226e-01 3.517346938775510239e+02 1.544433809008692426e+00 1.661041150249011000e+00
4.689188979591836226e-01 3.520816326530612059e+02 1.543723253404184259e+00 1.660633763127799645e+00
4.689188979591836226e-01 3.524285714285714448e+02 1.543013815607179540e+00 1.660226391859308315e+00
4.689188979591836226e-01 3.527755102040816269e+02 1.542305494512978381e+00 1.659819037619065574e+00
4.689188979591836226e-01 3.531224489795918089e+02 1.541598289010137623e+00 1.659411701578921816e+00
4.689188979591836226e-01 3.534693877551020478e+02 1.540892197980546330e+00 1.659004384907048824e+00
4.689188979591836226e-01 3.538163265306122298e+02 1.540187220299509718e+00 1.658597088767936656e+00
4.689188979591836226e-01 3.541632653061224687e+02 1.539483354835827100e+00 1.658189814322391209e+00
4.689188979591836226e-01 3.545102040816326507e+02 1.538780600451868708e+00 1.657782562727531772e+00
4.689188979591836226e-01 3.548571428571428328e+02 1.538078956003658293e+00 1.657375335136788363e+00
4.689188979591836226e-01 3.552040816326530717e+02 1.537378420340945961e+00 1.656968132699901730e+00
4.689188979591836226e-01 3.555510204081632537e+02 1.536678992307288105e+00 1.656560956562919351e+00
4.689188979591836226e-01 3.558979591836734926e+02 1.535980670740124232e+00 1.656153807868192995e+00
4.689188979591836226e-01 3.562448979591836746e+02 1.535283454470848685e+00 1.655746687754380719e+00
4.689188979591836226e-01 3.565918367346938567e+02 1.534587342324891690e+00 1.655339597356440873e+00
4.689188979591836226e-01 3.569387755102040956e+02 1.533892333121789964e+00 1.654932537805634096e+00
4.689188979591836226e-01 3.572857142857142776e+02 1.533198425675262433e+00 1.654525510229520213e+00
4.689188979591836226e-01 3.576326530612245165e+02 1.532505618793284397e+00 1.654118515751957341e+00
4.689188979591836226e-01 3.579795918367346985e+02 1.531813911278158358e+00 1.653711555493101226e+00
4.689188979591836226e-01 3.583265306122448806e+02 1.531123301926589519e+00 1.653304630569403466e+00
4.689188979591836226e-01 3.586734693877551194e+02 1.530433789529756172e+00 1.652897742093611733e+00
4.689188979591836226e-01 3.590204081632653015e+02 1.529745372873380971e+00 1.652490891174767773e+00
4.689188979591836226e-01 3.593673469387754835e+02 1.529058050737801988e+00 1.652084078918208965e+00
4.689188979591836226e-01 3.597142857142857224e+02 1.528371821898044214e+00 1.651677306425564984e+00
4.689188979591836226e-01 3.600612244897959044e+02 1.527686685123887944e+00 1.651270574794758028e+00
4.689188979591836226e-01 3.604081632653061433e+02 1.527002639179938281e+00 1.650863885120005259e+00
4.689188979591836226e-01 3.607551020408163254e+02 1.526319682825696411e+00 1.650457238491815914e+00
4.689188979591836226e-01 3.611020408163265074e+02 1.525637814815622662e+00 1.650050635996990422e+00
4.689188979591836226e-01 3.614489795918367463e+02 1.524957033899210446e+00 1.649644078718623730e+00
4.689188979591836226e-01 3.617959183673469283e+02 1.524277338821048211e+00 1.649237567736102195e+00
4.689188979591836226e-01 3.621428571428571672e+02 1.523598728320889828e+00 1.648831104125106473e+00
4.689188979591836226e-01 3.624897959183673493e+02 1.522921201133718982e+00 1.648424688957609519e+00
4.689188979591836226e-01 3.628367346938775313e+02 1.522244755989814458e+00 1.648018323301878585e+00
4.689188979591836226e-01 3.631836734693877702e+02 1.521569391614817857e+00 1.647612008222475222e+00
4.689188979591836226e-01 3.635306122448979522e+02 1.520895106729796220e+00 1.647205744780255721e+00
4.689188979591836226e-01 3.638775510204081911e+02 1.520221900051304420e+00 1.646799534032372003e+00
4.689188979591836226e-01 3.642244897959183731e+02 1.519549770291454438e+00 1.646393377032272953e+00
4.689188979591836226e-01 3.645714285714285552e+02 1.518878716157973319e+00 1.645987274829704639e+00
4.689188979591836226e-01 3.649183673469387941e+02 1.518208736354267341e+00 1.645581228470712087e+00
4.689188979591836226e-01 3.652653061224489761e+02 1.517539829579485744e+00 1.645175238997639511e+00
4.689188979591836226e-01 3.656122448979591582e+02 1.516871994528581347e+00 1.644769307449132079e+00
4.689188979591836226e-01 3.659591836734693970e+02 1.516205229892371165e+00 1.644363434860136808e+00
4.689188979591836226e-01 3.663061224489795791e+02 1.515539534357599027e+00 1.643957622261905227e+00
4.689188979591836226e-01 3.666530612244898180e+02 1.514874906606994198e+00 1.643551870681993154e+00
4.689188979591836226e-01 3.670000000000000000e+02 1.514211345319330437e+00 1.643146181144263585e+00
4.893066326530611798e-01 3.500000000000000000e+02 1.495288785070279181e+00 1.716924345332929036e+00
4.893066326530611798e-01 3.503469387755101820e+02 1.494630131239061299e+00 1.716468710054576130e+00
4.893066326530611798e-01 3.506938775510204209e+02 1.493972540635065016e+00 1.716013094315489651e+00
4.893066326530611798e-01 3.510408163265306030e+02 1.493316012123039771e+00 1.715557499525284690e+00
4.893066326530611798e-01 3.513877551020408418e+02 1.492660544561634106e+00 1.715101927088900080e+00
4.893066326530611798e-01 3.517346938775510239e+02 1.492006136803472272e+00 1.714646378406594396e+00
4.893066326530611798e-01 3.520816326530612059e+02 1.491352787695227944e+00 1.714190854873945957e+00
4.893066326530611798e-01 3.524285714285714448e+02 1.490700496077705495e+00 1.713735357881848609e+00
4.893066326530611798e-01 3.527755102040816269e+02 1.490049260785910601e+00 1.713279888816512164e+00
4.893066326530611798e-01 3.531224489795918089e+02 1.489399080649128626e+00 1.712824449059459742e+00
4.893066326530611798e-01 3.534693877551020478e+02 1.488749954490996563e+00 1.712369039987527319e+00
4.893066326530611798e-01 3.538163265306122298e+02 1.488101881129578530e+00 1.711913662972861738e+00
4.893066326530611798e-01 3.541632653061224687e+02 1.487454859377437266e+00 1.711458319382920479e+00
4.893066326530611798e-01 3.545102040816326507e+02 1.486808888041709631e+00 1.711003010580469885e+00
4.893066326530611798e-01 3.548571428571428328e+02 1.486163965924175878e+00 1.710547737923585609e+00
4.893066326530611798e-01 3.552040816326530717e+02 1.485520091821331601e+00 1.710092502765650613e+00
4.893066326530611798e-01 3.555510204081632537e+02 1.484877264524459672e+00 1.709637306455356942e+00
4.893066326530611798e-01 3.558979591836734926e+02 1.484235482819701968e+00 1.709182150336703065e+00
4.893066326530611798e-01 3.562448979591836746e+02 1.483594745488125088e+00 1.708727035748994538e+00
4.893066326530611798e-01 3.565918367346938567e+02 1.482955051305794303e+00 1.708271964026845557e+00
4.893066326530611798e-01 3.569387755102040956e+02 1.482316399043839938e+00 1.707816936500176963e+00
4.893066326530611798e-01 3.572857142857142776e+02 1.481678787468525105e+00 1.707361954494217127e+00
4.893066326530611798e-01 3.576326530612245165e+02 1.481042215341316082e+00 1.706907019329504394e+00
4.893066326530611798e-01 3.579795918367346985e+02 1.480406681418946935e+00 1.706452132321883530e+00
4.893066326530611798e-01 3.583265306122448806e+02 1.479772184453487238e+00 1.705997294782511720e+00
4.893066326530611798e-01 3.586734693877551194e+02 1.479138723192408911e+00 1.705542508017853898e+00
4.893066326530611798e-01 3.590204081632653015e+02 1.478506296378650164e+00 1.705087773329688305e+00
4.893066326530611798e-01 3.593673469387754835e+02 1.477874902750682784e+00 1.704633092015105156e+00
4.893066326530611798e-01 3.597142857142857224e+02 1.477244541042575854e+00 1.704178465366508632e+00
4.893066326530611798e-01 3.600612244897959044e+02 1.476615209984058374e+00 1.703723894671617334e+00
4.893066326530611798e-01 3.604081632653061433e+02 1.475986908300584766e+00 1.703269381213468270e+00
4.893066326530611798e-01 3.607551020408163254e+02 1.475359634713398815e+00 1.702814926270414864e+00
4.893066326530611798e-01 3.611020408163265074e+02 1.474733387939593188e+00 1.702360531116132059e+00
4.893066326530611798e-01 3.614489795918367463e+02 1.474108166692174038e+00 1.701906197019615874e+00
4.893066326530611798e-01 3.617959183673469283e+02 1.473483969680121408e+00 1.701451925245187624e+00
4.893066326530611798e-01 3.621428571428571672e+02 1.472860795608452733e+00 1.700997717052493474e+00
4.893066326530611798e-01 3.624897959183673493e+02 1.472238643178278128e+00 1.700543573696508881e+00
4.893066326530611798e-01 3.628367346938775313e+02 1.471617511086867225e+00 1.700089496427539482e+00
4.893066326530611798e-01 3.631836734693877702e+02 1.470997398027703573e+00 1.699635486491224201e+00
4.893066326530611798e-01 3.635306122448979522e+02 1.470378302690547700e+00 1.699181545128539250e+00
4.893066326530611798e-01 3.638775510204081911e+02 1.469760223761491513e+00 1.698727673575797681e+00
4.893066326530611798e-01 3.642244897959183731e+02 1.469143159923021802e+00 1.698273873064655159e+00
4.893066326530611798e-01 3.645714285714285552e+02 1.468527109854072643e+00 1.697820144822110855e+00
4.893066326530611798e-01 3.649183673469387941e+02 1.467912072230087350e+00 1.697366490070512990e+00
4.893066326530611798e-01 3.652653061224489761e+02 1.467298045723072430e+00 1.696912910027558619e+00
4.893066326530611798e-01 3.656122448979591582e+02 1.466685029001654872e+00 1.696459405906300733e+00
4.893066326530611798e-01 3.659591836734693970e+02 1.466073020731137433e+00 1.696005978915148482e+00
4.893066326530611798e-01 3.663061224489795791e+02 1.465462019573555708e+00 1.695552630257872284e+00
4.893066326530611798e-01 3.666530612244898180e+02 1.464852024187730750e+00 1.695099361133607152e+00
4.893066326530611798e-01 3.670000000000000000e+02 1.464243033229326585e+00 1.694646172736856693e+00
5.096943673469387370e-01 3.500000000000000000e+02 1.447107520031051253e+00 1.773967127562899648e+00
5.096943673469387370e-01 3.503469387755101820e+02 1.446502102481965091e+00 1.773457172155858741e+00
5.096943673469387370e-01 3.506938775510204209e+02 1.445897691235218385e+00 1.772947252759222048e+00
5.096943673469387370e-01 3.510408163265306030e+02 1.445294285098504661e+00 1.772437371022024255e+00
5.096943673469387370e-01 3.513877551020408418e+02 1.444691882874408417e+00 1.771927528587370348e+00
5.096943673469387370e-01 3.517346938775510239e+02 1.444090483360474408e+00 1.771417727092436056e+00
5.096943673469387370e-01 3.520816326530612059e+02 1.443490085349278917e+00 1.770907968168469182e+00
5.096943673469387370e-01 3.524285714285714448e+02 1.442890687628499924e+00 1.770398253440788050e+00
5.096943673469387370e-01 3.527755102040816269e+02 1.442292288980985271e+00 1.769888584528783726e+00
5.096943673469387370e-01 3.531224489795918089e+02 1.441694888184823720e+00 1.769378963045920905e+00
5.096943673469387370e-01 3.534693877551020478e+02 1.441098484013412451e+00 1.768869390599737690e+00
5.096943673469387370e-01 3.538163265306122298e+02 1.440503075235524788e+00 1.768359868791848033e+00
5.096943673469387370e-01 3.541632653061224687e+02 1.439908660615376368e+00 1.767850399217942625e+00
5.096943673469387370e-01 3.545102040816326507e+02 1.439315238912693751e+00 1.767340983467790005e+00
5.096943673469387370e-01 3.548571428571428328e+02 1.438722808882781257e+00 1.766831623125239892e+00
5.096943673469387370e-01 3.552040816326530717e+02 1.438131369276583582e+00 1.766322319768222737e+00
5.096943673469387370e-01 3.555510204081632537e+02 1.437540918840754411e+00 1.765813074968753282e+00
5.096943673469387370e-01 3.558979591836734926e+02 1.436951456317717923e+00 1.765303890292933220e+00
5.096943673469387370e-01 3.562448979591836746e+02 1.436362980445735626e+00 1.764794767300952083e+00
5.096943673469387370e-01 3.565918367346938567e+02 1.435775489958969420e+00 1.764285707547091464e+00
5.096943673469387370e-01 3.569387755102040956e+02 1.435188983587541989e+00 1.763776712579726347e+00
5.096943673469387370e-01 3.572857142857142776e+02 1.434603460057604529e+00 1.763267783941329547e+00
5.096943673469387370e-01 3.576326530612245165e+02 1.434018918091392925e+00 1.762758923168473491e+00
5.096943673469387370e-01 3.579795918367346985e+02 1.433435356407293915e+00 1.762250131791832208e+00
5.096943673469387370e-01 3.583265306122448806e+02 1.432852773719905271e+00 1.761741411336189334e+00
5.096943673469387370e-01 3.586734693877551194e+02 1.432271168740093081e+00 1.761232763320436545e+00
5.096943673469387370e-01 3.590204081632653015e+02 1.431690540175057258e+00 1.760724189257580452e+00
5.096943673469387370e-01 3.593673469387754835e+02 1.431110886728385267e+00 1.760215690654745035e+00
5.096943673469387370e-01 3.597142857142857224e+02 1.430532207100117192e+00 1.759707269013176312e+00
5.096943673469387370e-01 3.600612244897959044e+02 1.429954499986797689e+00 1.759198925828245663e+00
5.096943673469387370e-01 3.604081632653061433e+02 1.429377764081542157e+00 1.758690662589454723e+00
5.096943673469387370e-01 3.607551020408163254e+02 1.428801998074086033e+00 1.758182480780441148e+00
5.096943673469387370e-01 3.611020408163265074e+02 1.428227200650847406e+00 1.757674381878980396e+00
5.096943673469387370e-01 3.614489795918367463e+02 1.427653370494982532e+00 1.757166367356992831e+00
5.096943673469387370e-01 3.617959183673469283e+02 1.427080506286441342e+00 1.756658438680546608e+00
5.096943673469387370e-01 3.621428571428571672e+02 1.426508606702022730e+00 1.756150597309865669e+00
5.096943673469387370e-01 3.624897959183673493e+02 1.425937670415431624e+00 1.755642844699331739e+00
5.096943673469387370e-01 3.628367346938775313e+02 1.425367696097331605e+00 1.755135182297490992e+00
5.096943673469387370e-01 3.631836734693877702e+02 1.424798682415401085e+00 1.754627611547060040e+00
5.096943673469387370e-01 3.635306122448979522e+02 1.424230628034387269e+00 1.754120133884930821e+00
5.096943673469387370e-01 3.638775510204081911e+02 1.423663531616157440e+00 1.753612750742175930e+00
5.096943673469387370e-01 3.642244897959183731e+02 1.423097391819753366e+00 1.753105463544055720e+00
5.096943673469387370e-01 3.645714285714285552e+02 1.422532207301444585e+00 1.752598273710023413e+00
5.096943673469387370e-01 3.649183673469387941e+02 1.421967976714779480e+00 1.752091182653730206e+00
5.096943673469387370e-01 3.652653061224489761e+02 1.421404698710636350e+00 1.751584191783034150e+00
5.096943673469387370e-01 3.656122448979591582e+02 1.420842371937277138e+00 1.751077302500003929e+00
5.096943673469387370e-01 3.659591836734693970e+02 1.420280995040394290e+00 1.750570516200926185e+00
5.096943673469387370e-01 3.663061224489795791e+02 1.419720566663164929e+00 1.750063834276314179e+00
5.096943673469387370e-01 3.666530612244898180e+02 1.419161085446297932e+00 1.749557258110909341e+00
5.096943673469387370e-01 3.670000000000000000e+02 1.418602550028085441e+00 1.749050789083695046e+00
5.300821020408162942e-01 3.500000000000000000e+02 1.402975656208297561e+00 1.834464331308022000e+00
5.300821020408162942e-01 3.503469387755101820e+02 1.402419712255984718e+00 1.833893060744738568e+00
5.300821020408162942e-01 3.506938775510204209e+02 1.401864720220776128e+00 1.833321851589585272e+00
5.300821020408162942e-01 3.510408163265306030e+02 1.401310678861505066e+00 1.832750705754604637e+00
5.300821020408162942e-01 3.513877551020408418e+02 1.400757586932831034e+00 1.832179625144377155e+00
5.300821020408162942e-01 3.517346938775510239e+02 1.400205443185301046e+00 1.831608611656027952e+00
5.300821020408162942e-01 3.520816326530612059e+02 1.399654246365417576e+00 1.831037667179225004e+00
5.300821020408162942e-01 3.524285714285714448e+02 1.399103995215701612e+00 1.830466793596188912e+00
5.300821020408162942e-01 3.527755102040816269e+02 1.398554688474755059e+00 1.829895992781692682e+00
5.300821020408162942e-01 3.531224489795918089e+02 1.398006324877326456e+00 1.829325266603069489e+00
5.300821020408162942e-01 3.534693877551020478e+02 1.397458903154371379e+00 1.828754616920214682e+00
5.300821020408162942e-01 3.538163265306122298e+02 1.396912422033115275e+00 1.828184045585593109e+00
5.300821020408162942e-01 3.541632653061224687e+02 1.396366880237114971e+00 1.827613554444242228e+00
5.300821020408162942e-01 3.545102040816326507e+02 1.395822276486320401e+00 1.827043145333778318e+00
5.300821020408162942e-01 3.548571428571428328e+02 1.395278609497133893e+00 1.826472820084402704e+00
5.300821020408162942e-01 3.552040816326530717e+02 1.394735877982471450e+00 1.825902580518905527e+00
5.300821020408162942e-01 3.555510204081632537e+02 1.394194080651821599e+00 1.825332428452673073e+00
5.300821020408162942e-01 3.558979591836734926e+02 1.393653216211304668e+00 1.824762365693693766e+00
5.300821020408162942e-01 3.562448979591836746e+02 1.393113283363731192e+00 1.824192394042563503e+00
5.300821020408162942e-01 3.565918367346938567e+02 1.392574280808658971e+00 1.823622515292493862e+00
5.300821020408162942e-01 3.569387755102040956e+02 1.392036207242453694e+00 1.823052731229316770e+00
5.300821020408162942e-01 3.572857142857142776e+02 1.391499061358341782e+00 1.822483043631493160e+00
5.300821020408162942e-01 3.576326530612245165e+02 1.390962841846471010e+00 1.821913454270117638e+00
5.300821020408162942e-01 3.579795918367346985e+02 1.390427547393962238e+00 1.821343964908928470e+00
5.300821020408162942e-01 3.583265306122448806e+02 1.389893176684970255e+00 1.820774577304313580e+00
5.300821020408162942e-01 3.586734693877551194e+02 1.389359728400733074e+00 1.820205293205317432e+00
5.300821020408162942e-01 3.590204081632653015e+02 1.388827201219631435e+00 1.819636114353649914e+00
5.300821020408162942e-01 3.593673469387754835e+02 1.388295593817240992e+00 1.819067042483693664e+00
5.300821020408162942e-01 3.597142857142857224e+02 1.387764904866385374e+00 1.818498079322512950e+00
5.300821020408162942e-01 3.600612244897959044e+02 1.387235133037190371e+00 1.817929226589860114e+00
5.300821020408162942e-01 3.604081632653061433e+02 1.386706276997137000e+00 1.817360485998186892e+00
5.300821020408162942e-01 3.607551020408163254e+02 1.386178335411112350e+00 1.816791859252649743e+00
5.300821020408162942e-01 3.611020408163265074e+02 1.385651306941462657e+00 1.816223348051121178e+00
5.300821020408162942e-01 3.614489795918367463e+02 1.385125190248045923e+00 1.815654954084196859e+00
5.300821020408162942e-01 3.617959183673469283e+02 1.384599983988278771e+00 1.815086679035205153e+00
5.300821020408162942e-01 3.621428571428571672e+02 1.384075686817192175e+00 1.814518524580218228e+00
5.300821020408162942e-01 3.624897959183673493e+02 1.383552297387476537e+00 1.813950492388058500e+00
5.300821020408162942e-01 3.628367346938775313e+02 1.383029814349535203e+00 1.813382584120309948e+00
5.300821020408162942e-01 3.631836734693877702e+02 1.382508236351531972e+00 1.812814801431326783e+00
5.300821020408162942e-01 3.635306122448979522e+02 1.381987562039439510e+00 1.812247145968244766e+00
5.300821020408162942e-01 3.638775510204081911e+02 1.381467790057089084e+00 1.811679619370989647e+00
5.300821020408162942e-01 3.642244897959183731e+02 1.380948919046216528e+00 1.811112223272288269e+00
5.300821020408162942e-01 3.645714285714285552e+02 1.380430947646510864e+00 1.810544959297678336e+00
5.300821020408162942e-01 3.649183673469387941e+02 1.379913874495661830e+00 1.809977829065518851e+00
5.300821020408162942e-01 3.652653061224489761e+02 1.379397698229404945e+00 1.809410834187001660e+00
5.300821020408162942e-01 3.656122448979591582e+02 1.378882417481569700e+00 1.808843976266159226e+00
5.300821020408162942e-01 3.659591836734693970e+02 1.378368030884123741e+00 1.808277256899879948e+00
5.300821020408162942e-01 3.663061224489795791e+02 1.377854537067218166e+00 1.807710677677915267e+00
5.300821020408162942e-01 3.666530612244898180e+02 1.377341934659234379e+00 1.807144240182892769e+00
5.300821020408162942e-01 3.670000000000000000e+02 1.376830222286826277e+00 1.806577945990326395e+00
5.504698367346938515e-01 3.500000000000000000e+02 1.362480334942582250e+00 1.898701692252029005e+00
5.504698367346938515e-01 3.503469387755101820e+02 1.361970528733794428e+00 1.898061118579115414e+00
5.504698367346938515e-01 3.506938775510204209e+02 1.361461622142593919e+00 1.897420643230283366e+00
5.504698367346938515e-01 3.510408163265306030e+02 1.360953613887019742e+00 1.896780268402928904e+00
5.504698367346938515e-01 3.513877551020408418e+02 1.360446502681816661e+00 1.896139996285124640e+00
5.504698367346938515e-01 3.517346938775510239e+02 1.359940287238495582e+00 1.895499829055626417e+00
5.504698367346938515e-01 3.520816326530612059e+02 1.359434966265391953e+00 1.894859768883885298e+00
5.504698367346938515e-01 3.524285714285714448e+02 1.358930538467725269e+00 1.894219817930053784e+00
5.504698367346938515e-01 3.527755102040816269e+02 1.358427002547656137e+00 1.893579978344997805e+00
5.504698367346938515e-01 3.531224489795918089e+02 1.357924357204343346e+00 1.892940252270306489e+00
5.504698367346938515e-01 3.534693877551020478e+02 1.357422601134001816e+00 1.892300641838299935e+00
5.504698367346938515e-01 3.538163265306122298e+02 1.356921733029958332e+00 1.891661149172042755e+00
5.504698367346938515e-01 3.541632653061224687e+02 1.356421751582708612e+00 1.891021776385352959e+00
5.504698367346938515e-01 3.545102040816326507e+02 1.355922655479970373e+00 1.890382525582811279e+00
5.504698367346938515e-01 3.548571428571428328e+02 1.355424443406741286e+00 1.889743398859776269e+00
5.504698367346938515e-01 3.552040816326530717e+02 1.354927114045351821e+00 1.889104398302391852e+00
5.504698367346938515e-01 3.555510204081632537e+02 1.354430666075518097e+00 1.888465525987600424e+00
5.504698367346938515e-01 3.558979591836734926e+02 1.353935098174398943e+00 1.887826783983152845e+00
5.504698367346938515e-01 3.562448979591836746e+02 1.353440409016644752e+00 1.887188174347624203e+00
5.504698367346938515e-01 3.565918367346938567e+02 1.352946597274453655e+00 1.886549699130420255e+00
5.504698367346938515e-01 3.569387755102040956e+02 1.352453661617620817e+00 1.885911360371796297e+00
5.504698367346938515e-01 3.572857142857142776e+02 1.351961600713591505e+00 1.885273160102863166e+00
5.504698367346938515e-01 3.576326530612245165e+02 1.351470413227512157e+00 1.884635100345604997e+00
5.504698367346938515e-01 3.579795918367346985e+02 1.350980097822281456e+00 1.883997183112888996e+00
5.504698367346938515e-01 3.583265306122448806e+02 1.350490653158599397e+00 1.883359410408481205e+00
5.504698367346938515e-01 3.586734693877551194e+02 1.350002077895017694e+00 1.882721784227056050e+00
5.504698367346938515e-01 3.590204081632653015e+02 1.349514370687989739e+00 1.882084306554215436e+00
5.504698367346938515e-01 3.593673469387754835e+02 1.349027530191917679e+00 1.881446979366495409e+00
5.504698367346938515e-01 3.597142857142857224e+02 1.348541555059204144e+00 1.880809804631386140e+00
5.504698367346938515e-01 3.600612244897959044e+02 1.348056443940296445e+00 1.880172784307343692e+00
5.504698367346938515e-01 3.604081632653061433e+02 1.347572195483736079e+00 1.879535920343802680e+00
5.504698367346938515e-01 3.607551020408163254e+02 1.347088808336207144e+00 1.878899214681194474e+00
5.504698367346938515e-01 3.611020408163265074e+02 1.346606281142579631e+00 1.878262669250956973e+00
5.504698367346938515e-01 3.614489795918367463e+02 1.346124612545959165e+00 1.877626285975554143e+00
5.504698367346938515e-01 3.617959183673469283e+02 1.345643801187730082e+00 1.876990066768488008e+00
5.504698367346938515e-01 3.621428571428571672e+02 1.345163845707603389e+00 1.876354013534313525e+00
5.504698367346938515e-01 3.624897959183673493e+02 1.344684744743660065e+00 1.875718128168655907e+00
5.504698367346938515e-01 3.628367346938775313e+02 1.344206496932394357e+00 1.875082412558226386e+00
5.504698367346938515e-01 3.631836734693877702e+02 1.343729100908762186e+00 1.874446868580833980e+00
5.504698367346938515e-01 3.635306122448979522e+02 1.343252555306220675e+00 1.873811498105405926e+00
5.504698367346938515e-01 3.638775510204081911e+02 1.342776858756774105e+00 1.873176302991999442e+00
5.504698367346938515e-01 3.642244897959183731e+02 1.342302009891015002e+00 1.872541285091821717e+00
5.504698367346938515e-01 3.645714285714285552e+02 1.341828007338168538e+00 1.871906446247243672e+00
5.504698367346938515e-01 3.649183673469387941e+02 1.341354849726132725e+00 1.871271788291817062e+00
5.504698367346938515e-01 3.652653061224489761e+02 1.340882535681521714e+00 1.870637313050290462e+00
5.504698367346938515e-01 3.656122448979591582e+02 1.340411063829706206e+00 1.870003022338627696e+00
5.504698367346938515e-01 3.659591836734693970e+02 1.339940432794855418e+00 1.869368917964021382e+00
5.504698367346938515e-01 3.663061224489795791e+02 1.339470641199976830e+00 1.868735001724914913e+00
5.504698367346938515e-01 3.666530612244898180e+02 1.339001687666955487e+00 1.868101275411013784e+00
5.504698367346938515e-01 3.670000000000000000e+02 1.338533570816596407e+00 1.867467740803307130e+00
5.708575714285714087e-01 3.500000000000000000e+02 1.325267747552715925e+00 1.966996516444348808e+00
5.708575714285714087e-01 3.503469387755101820e+02 1.324801103147607906e+00 1.966277504373841856e+00
5.708575714285714087e-01 3.506938775510204209e+02 1.324335307758213620e+00 1.965558642297821956e+00
5.708575714285714087e-01 3.510408163265306030e+02 1.323870360069822505e+00 1.964839932718436710e+00
5.708575714285714087e-01 3.513877551020408418e+02 1.323406258765262633e+00 1.964121378126257866e+00
5.708575714285714087e-01 3.517346938775510239e+02 1.322943002524956002e+00 1.963402981000301528e+00
5.708575714285714087e-01 3.520816326530612059e+02 1.322480590026970493e+00 1.962684743808044363e+00
5.708575714285714087e-01 3.524285714285714448e+02 1.322019019947075824e+00 1.961966669005438701e+00
5.708575714285714087e-01 3.527755102040816269e+02 1.321558290958790627e+00 1.961248759036930744e+00
5.708575714285714087e-01 3.531224489795918089e+02 1.321098401733439509e+00 1.960531016335481658e+00
5.708575714285714087e-01 3.534693877551020478e+02 1.320639350940201240e+00 1.959813443322580007e+00
5.708575714285714087e-01 3.538163265306122298e+02 1.320181137246160485e+00 1.959096042408262184e+00
5.708575714285714087e-01 3.541632653061224687e+02 1.319723759316358214e+00 1.958378815991133282e+00
5.708575714285714087e-01 3.545102040816326507e+02 1.319267215813842098e+00 1.957661766458381303e+00
5.708575714285714087e-01 3.548571428571428328e+02 1.318811505399716255e+00 1.956944896185799143e+00
5.708575714285714087e-01 3.552040816326530717e+02 1.318356626733188319e+00 1.956228207537803021e+00
5.708575714285714087e-01 3.555510204081632537e+02 1.317902578471620068e+00 1.955511702867451573e+00
5.708575714285714087e-01 3.558979591836734926e+02 1.317449359270575382e+00 1.954795384516464729e+00
5.708575714285714087e-01 3.562448979591836746e+02 1.316996967783865768e+00 1.954079254815244804e+00
5.708575714285714087e-01 3.565918367346938567e+02 1.316545402663600983e+00 1.953363316082896040e+00
5.708575714285714087e-01 3.569387755102040956e+02 1.316094662560232997e+00 1.952647570627244811e+00
5.708575714285714087e-01 3.572857142857142776e+02 1.315644746122602848e+00 1.951932020744860496e+00
5.708575714285714087e-01 3.576326530612245165e+02 1.315195651997987714e+00 1.951216668721074798e+00
5.708575714285714087e-01 3.579795918367346985e+02 1.314747378832144875e+00 1.950501516830004833e+00
5.708575714285714087e-01 3.583265306122448806e+02 1.314299925269358793e+00 1.949786567334571785e+00
5.708575714285714087e-01 3.586734693877551194e+02 1.313853289952481962e+00 1.949071822486524663e+00
5.708575714285714087e-01 3.590204081632653015e+02 1.313407471522983760e+00 1.948357284526460287e+00
5.708575714285714087e-01 3.593673469387754835e+02 1.312962468620990641e+00 1.947642955683845711e+00
5.708575714285714087e-01 3.597142857142857224e+02 1.312518279885330763e+00 1.946928838177039101e+00
5.708575714285714087e-01 3.600612244897959044e+02 1.312074903953576177e+00 1.946214934213313041e+00
5.708575714285714087e-01 3.604081632653061433e+02 1.311632339462087016e+00 1.945501245988877193e+00
5.708575714285714087e-01 3.607551020408163254e+02 1.311190585046051682e+00 1.944787775688898046e+00
5.708575714285714087e-01 3.611020408163265074e+02 1.310749639339529260e+00 1.944074525487525795e+00
5.708575714285714087e-01 3.614489795918367463e+02 1.310309500975490371e+00 1.943361497547913430e+00
5.708575714285714087e-01 3.617959183673469283e+02 1.309870168585859362e+00 1.942648694022242051e+00
5.708575714285714087e-01 3.621428571428571672e+02 1.309431640801552943e+00 1.941936117051742405e+00
5.708575714285714087e-01 3.624897959183673493e+02 1.308993916252521039e+00 1.941223768766720648e+00
5.708575714285714087e-01 3.628367346938775313e+02 1.308556993567786764e+00 1.940511651286579431e+00
5.708575714285714087e-01 3.631836734693877702e+02 1.308120871375484162e+00 1.939799766719842555e+00
5.708575714285714087e-01 3.635306122448979522e+02 1.307685548302901068e+00 1.939088117164180058e+00
5.708575714285714087e-01 3.638775510204081911e+02 1.307251022976512189e+00 1.938376704706429754e+00
5.708575714285714087e-01 3.642244897959183731e+02 1.306817294022019960e+00 1.937665531422624099e+00
5.708575714285714087e-01 3.645714285714285552e+02 1.306384360064394068e+00 1.936954599378012842e+00
5.708575714285714087e-01 3.649183673469387941e+02 1.305952219727905206e+00 1.936243910627087006e+00
5.708575714285714087e-01 3.652653061224489761e+02 1.305520871636163704e+00 1.935533467213606418e+00
5.708575714285714087e-01 3.656122448979591582e+02 1.305090314412157504e+00 1.934823271170621251e+00
5.708575714285714087e-01 3.659591836734693970e+02 1.304660546678285904e+00 1.934113324520498889e+00
5.708575714285714087e-01 3.663061224489795791e+02 1.304231567056397090e+00 1.933403629274949020e+00
5.708575714285714087e-01 3.666530612244898180e+02 1.303803374167822993e+00 1.932694187435048283e+00
5.708575714285714087e-01 3.670000000000000000e+02 1.303375966633415040e+00 1.931985000991264689e+00
5.912453061224489659e-01 3.500000000000000000e+02 1.291033513152907375e+00 2.039701783635096799e+00
5.912453061224489659e-01 3.503469387755101820e+02 1.290607358845883290e+00 2.038893868616863614e+00
5.912453061224489659e-01 3.506938775510204209e+02 1.290182004316628550e+00 2.038086174059173583e+00
5.912453061224489659e-01 3.510408163265306030e+02 1.289757448225814729e+00 2.037278702782925777e+00
5.912453061224489659e-01 3.513877551020408418e+02 1.289333689232437852e+00 2.036471457594752454e+00
5.912453061224489659e-01 3.517346938775510239e+02 1.288910725993868800e+00 2.035664441287046156e+00
5.912453061224489659e-01 3.520816326530612059e+02 1.288488557165899939e+00 2.034857656637983236e+00
5.912453061224489659e-01 3.524285714285714448e+02 1.288067181402793304e+00 2.034051106411559395e+00
5.912453061224489659e-01 3.527755102040816269e+02 1.287646597357324785e+00 2.033244793357610547e+00
5.912453061224489659e-01 3.531224489795918089e+02 1.287226803680834974e+00 2.032438720211846572e+00
5.912453061224489659e-01 3.534693877551020478e+02 1.286807799023270249e+00 2.031632889695875299e+00
5.912453061224489659e-01 3.538163265306122298e+02 1.286389582033231171e+00 2.030827304517236698e+00
5.912453061224489659e-01 3.541632653061224687e+02 1.285972151358017568e+00 2.030021967369427305e+00
5.912453061224489659e-01 3.545102040816326507e+02 1.285555505643669383e+00 2.029216880931932643e+00
5.912453061224489659e-01 3.548571428571428328e+02 1.285139643535016196e+00 2.028412047870256973e+00
5.912453061224489659e-01 3.552040816326530717e+02 1.284724563675717190e+00 2.027607470835950387e+00
5.912453061224489659e-01 3.555510204081632537e+02 1.284310264708305116e+00 2.026803152466643887e+00
5.912453061224489659e-01 3.558979591836734926e+02 1.283896745274229367e+00 2.025999095386075588e+00
5.912453061224489659e-01 3.562448979591836746e+02 1.283484004013898838e+00 2.025195302204122694e+00
5.912453061224489659e-01 3.565918367346938567e+02 1.283072039566721889e+00 2.024391775516833025e+00
5.912453061224489659e-01 3.569387755102040956e+02 1.282660850571150535e+00 2.023588517906457440e+00
5.912453061224489659e-01 3.572857142857142776e+02 1.282250435664719967e+00 2.022785531941477810e+00
5.912453061224489659e-01 3.576326530612245165e+02 1.281840793484089192e+00 2.021982820176641216e+00
5.912453061224489659e-01 3.579795918367346985e+02 1.281431922665081435e+00 2.021180385152991033e+00
5.912453061224489659e-01 3.583265306122448806e+02 1.281023821842725008e+00 2.020378229397898906e+00
5.912453061224489659e-01 3.586734693877551194e+02 1.280616489651290824e+00 2.019576355425097169e+00
5.912453061224489659e-01 3.590204081632653015e+02 1.280209924724333481e+00 2.018774765734711707e+00
5.912453061224489659e-01 3.593673469387754835e+02 1.279804125694727679e+00 2.017973462813293484e+00
5.912453061224489659e-01 3.597142857142857224e+02 1.279399091194709959e+00 2.017172449133852297e+00
5.912453061224489659e-01 3.600612244897959044e+02 1.278994819855911791e+00 2.016371727155889193e+00
5.912453061224489659e-01 3.604081632653061433e+02 1.278591310309402429e+00 2.015571299325430665e+00
5.912453061224489659e-01 3.607551020408163254e+02 1.278188561185719774e+00 2.014771168075060626e+00
5.912453061224489659e-01 3.611020408163265074e+02 1.277786571114914338e+00 2.013971335823955044e+00
5.912453061224489659e-01 3.614489795918367463e+02 1.277385338726578334e+00 2.013171804977915702e+00
5.912453061224489659e-01 3.617959183673469283e+02 1.276984862649887420e+00 2.012372577929403938e+00
5.912453061224489659e-01 3.621428571428571672e+02 1.276585141513632671e+00 2.011573657057573516e+00
5.912453061224489659e-01 3.624897959183673493e+02 1.276186173946256996e+00 2.010775044728307925e+00
5.912453061224489659e-01 3.628367346938775313e+02 1.275787958575891334e+00 2.009976743294251023e+00
5.912453061224489659e-01 3.631836734693877702e+02 1.275390494030385513e+00 2.009178755094845226e+00
5.912453061224489659e-01 3.635306122448979522e+02 1.274993778937346889e+00 2.008381082456363487e+00
5.912453061224489659e-01 3.638775510204081911e+02 1.274597811924170099e+00 2.007583727691945263e+00
5.912453061224489659e-01 3.642244897959183731e+02 1.274202591618073033e+00 2.006786693101632491e+00
5.912453061224489659e-01 3.645714285714285552e+02 1.273808116646128807e+00 2.005989980972403330e+00
5.912453061224489659e-01 3.649183673469387941e+02 1.273414385635298851e+00 2.005193593578206368e+00
5.912453061224489659e-01 3.652653061224489761e+02 1.273021397212464434e+00 2.004397533180001467e+00
5.912453061224489659e-01 3.656122448979591582e+02 1.272629150004459309e+00 2.003601802025788192e+00
5.912453061224489659e-01 3.659591836734693970e+02 1.272237642638102129e+00 2.002806402350647108e+00
5.912453061224489659e-01 3.663061224489795791e+02 1.271846873740225758e+00 2.002011336376773531e+00
5.912453061224489659e-01 3.666530612244898180e+02 1.271456841937710802e+00 2.001216606313511726e+00
5.912453061224489659e-01 3.670000000000000000e+02 1.271067545857513803e+00 2.000422214357396200e+00
6.116330408163265231e-01 3.500000000000000000e+02 1.259514931249489100e+00 2.117210914467312577e+00
6.116330408163265231e-01 3.503469387755101820e+02 1.259126852687832754e+00 2.116302087771706475e+00
6.116330408163265231e-01 3.506938775510204209e+02 1.258739525742134102e+00 2.115393575846631791e+00
6.116330408163265231e-01 3.510408163265306030e+02 1.258352949056758652e+00 2.114485381836895161e+00
6.116330408163265231e-01 3.513877551020408418e+02 1.257967121275138433e+00 2.113577508869834976e+00
6.116330408163265231e-01 3.517346938775510239e+02 1.257582041039814191e+00 2.112669960055366225e+00
6.116330408163265231e-01 3.520816326530612059e+02 1.257197706992474906e+00 2.111762738486019586e+00
6.116330408163265231e-01 3.524285714285714448e+02 1.256814117774006201e+00 2.110855847236985827e+00
6.116330408163265231e-01 3.527755102040816269e+02 1.256431272024523427e+00 2.109949289366156222e+00
6.116330408163265231e-01 3.531224489795918089e+02 1.256049168383419179e+00 2.109043067914171399e+00
6.116330408163265231e-01 3.534693877551020478e+02 1.255667805489400157e+00 2.108137185904458644e+00
6.116330408163265231e-01 3.538163265306122298e+02 1.255287181980527800e+00 2.107231646343278531e+00
6.116330408163265231e-01 3.541632653061224687e+02 1.254907296494257807e+00 2.106326452219769774e+00
6.116330408163265231e-01 3.545102040816326507e+02 1.254528147667480997e+00 2.105421606505991416e+00
6.116330408163265231e-01 3.548571428571428328e+02 1.254149734136559058e+00 2.104517112156969461e+00
6.116330408163265231e-01 3.552040816326530717e+02 1.253772054537366065e+00 2.103612972110738166e+00
6.116330408163265231e-01 3.555510204081632537e+02 1.253395107505322681e+00 2.102709189288389791e+00
6.116330408163265231e-01 3.558979591836734926e+02 1.253018891675438118e+00 2.101805766594115887e+00
6.116330408163265231e-01 3.562448979591836746e+02 1.252643405682343447e+00 2.100902706915254825e+00
6.116330408163265231e-01 3.565918367346938567e+02 1.252268648160330899e+00 2.100000013122336640e+00
6.116330408163265231e-01 3.569387755102040956e+02 1.251894617743388061e+00 2.099097688069128331e+00
6.116330408163265231e-01 3.572857142857142776e+02 1.251521313065235397e+00 2.098195734592681383e+00
6.116330408163265231e-01 3.576326530612245165e+02 1.251148732759362003e+00 2.097294155513377056e+00
6.116330408163265231e-01 3.579795918367346985e+02 1.250776875459059134e+00 2.096392953634973022e+00
6.116330408163265231e-01 3.583265306122448806e+02 1.250405739797456395e+00 2.095492131744649544e+00
6.116330408163265231e-01 3.586734693877551194e+02 1.250035324407555493e+00 2.094591692613056111e+00
6.116330408163265231e-01 3.590204081632653015e+02 1.249665627922264433e+00 2.093691638994362059e+00
6.116330408163265231e-01 3.593673469387754835e+02 1.249296648974431934e+00 2.092791973626297874e+00
6.116330408163265231e-01 3.597142857142857224e+02 1.248928386196879847e+00 2.091892699230207153e+00
6.116330408163265231e-01 3.600612244897959044e+02 1.248560838222435132e+00 2.090993818511091895e+00
6.116330408163265231e-01 3.604081632653061433e+02 1.248194003683964715e+00 2.090095334157660023e+00
6.116330408163265231e-01 3.607551020408163254e+02 1.247827881214406576e+00 2.089197248842376897e+00
6.116330408163265231e-01 3.611020408163265074e+02 1.247462469446801281e+00 2.088299565221508391e+00
6.116330408163265231e-01 3.614489795918367463e+02 1.247097767014323733e+00 2.087402285935171520e+00
6.116330408163265231e-01 3.617959183673469283e+02 1.246733772550314256e+00 2.086505413607383286e+00
6.116330408163265231e-01 3.621428571428571672e+02 1.246370484688309910e+00 2.085608950846108200e+00
6.116330408163265231e-01 3.624897959183673493e+02 1.246007902062074235e+00 2.084712900243308020e+00
6.116330408163265231e-01 3.628367346938775313e+02 1.245646023305627681e+00 2.083817264374987932e+00
6.116330408163265231e-01 3.631836734693877702e+02 1.245284847053277133e+00 2.082922045801248956e+00
6.116330408163265231e-01 3.635306122448979522e+02 1.244924371939646557e+00 2.082027247066335462e+00
6.116330408163265231e-01 3.638775510204081911e+02 1.244564596599703643e+00 2.081132870698682247e+00
6.116330408163265231e-01 3.642244897959183731e+02 1.244205519668791116e+00 2.080238919210968263e+00
6.116330408163265231e-01 3.645714285714285552e+02 1.243847139782654265e+00 2.079345395100162364e+00
6.116330408163265231e-01 3.649183673469387941e+02 1.243489455577467817e+00 2.078452300847573042e+00
6.116330408163265231e-01 3.652653061224489761e+02 1.243132465689865684e+00 2.077559638918902163e+00
6.116330408163265231e-01 3.656122448979591582e+02 1.242776168756966948e+00 2.076667411764288484e+00
6.116330408163265231e-01 3.659591836734693970e+02 1.242420563416404944e+00 2.075775621818363170e+00
6.116330408163265231e-01 3.663061224489795791e+02 1.242065648306351022e+00 2.074884271500295529e+00
6.116330408163265231e-01 3.666530612244898180e+02 1.241711422065544079e+00 2.073993363213845864e+00
6.116330408163265231e-01 3.670000000000000000e+02 1.241357883333315426e+00 2.073102899347413430e+00
6.320207755102040803e-01 3.500000000000000000e+02 1.230484706299938447e+00 2.199963320083385021e+00
6.320207755102040803e-01 3.503469387755101820e+02 1.230132506499266976e+00 2.198939774194005992e+00
6.320207755102040803e-01 3.506938775510204209e+02 1.229781010980973477e+00 2.197916667539971947e+00
6.320207755102040803e-01 3.510408163265306030e+02 1.229430218381700746e+00 2.196894003581457699e+00
6.320207755102040803e-01 3.513877551020408418e+02 1.229080127337850437e+00 2.195871785757406602e+00
6.320207755102040803e-01 3.517346938775510239e+02 1.228730736485622366e+00 2.194850017485596716e+00
6.320207755102040803e-01 3.520816326530612059e+02 1.228382044461047595e+00 2.193828702162697653e+00
6.320207755102040803e-01 3.524285714285714448e+02 1.228034049900029290e+00 2.192807843164337189e+00
6.320207755102040803e-01 3.527755102040816269e+02 1.227686751438374246e+00 2.191787443845164329e+00
6.320207755102040803e-01 3.531224489795918089e+02 1.227340147711830864e+00 2.190767507538907033e+00
6.320207755102040803e-01 3.534693877551020478e+02 1.226994237356123563e+00 2.189748037558441940e+00
6.320207755102040803e-01 3.538163265306122298e+02 1.226649019006986752e+00 2.188729037195854765e+00
6.320207755102040803e-01 3.541632653061224687e+02 1.226304491300200361e+00 2.187710509722503360e+00
6.320207755102040803e-01 3.545102040816326507e+02 1.225960652871622480e+00 2.186692458389083438e+00
6.320207755102040803e-01 3.548571428571428328e+02 1.225617502357223998e+00 2.185674886425692520e+00
6.320207755102040803e-01 3.552040816326530717e+02 1.225275038393119909e+00 2.184657797041892113e+00
6.320207755102040803e-01 3.555510204081632537e+02 1.224933259615604175e+00 2.183641193426774763e+00
6.320207755102040803e-01 3.558979591836734926e+02 1.224592164661180593e+00 2.182625078749029335e+00
6.320207755102040803e-01 3.562448979591836746e+02 1.224251752166594986e+00 2.181609456157001858e+00
6.320207755102040803e-01 3.565918367346938567e+02 1.223912020768867626e+00 2.180594328778764801e+00
6.320207755102040803e-01 3.569387755102040956e+02 1.223572969105323427e+00 2.179579699722180575e+00
6.320207755102040803e-01 3.572857142857142776e+02 1.223234595813623926e+00 2.178565572074966372e+00
6.320207755102040803e-01 3.576326530612245165e+02 1.222896899531796144e+00 2.177551948904763002e+00
6.320207755102040803e-01 3.579795918367346985e+02 1.222559878898264341e+00 2.176538833259194838e+00
6.320207755102040803e-01 3.583265306122448806e+02 1.222223532551879099e+00 2.175526228165942211e+00
6.320207755102040803e-01 3.586734693877551194e+02 1.221887859131947085e+00 2.174514136632801797e+00
6.320207755102040803e-01 3.590204081632653015e+02 1.221552857278259685e+00 2.173502561647758125e+00
6.320207755102040803e-01 3.593673469387754835e+02 1.221218525631122098e+00 2.172491506179043963e+00
6.320207755102040803e-01 3.597142857142857224e+02 1.220884862831382200e+00 2.171480973175213602e+00
6.320207755102040803e-01 3.600612244897959044e+02 1.220551867520457412e+00 2.170470965565204136e+00
6.320207755102040803e-01 3.604081632653061433e+02 1.220219538340363563e+00 2.169461486258402960e+00
6.320207755102040803e-01 3.607551020408163254e+02 1.219887873933741762e+00 2.168452538144717501e+00
6.320207755102040803e-01 3.611020408163265074e+02 1.219556872943885706e+00 2.167444124094639157e+00
6.320207755102040803e-01 3.614489795918367463e+02 1.219226534014768770e+00 2.166436246959311696e+00
6.320207755102040803e-01 3.617959183673469283e+02 1.218896855791069544e+00 2.165428909570599636e+00
6.320207755102040803e-01 3.621428571428571672e+02 1.218567836918197811e+00 2.164422114741151315e+00
6.320207755102040803e-01 3.624897959183673493e+02 1.218239476042322966e+00 2.163415865264471716e+00
6.320207755102040803e-01 3.628367346938775313e+02 1.217911771810395782e+00 2.162410163914984640e+00
6.320207755102040803e-01 3.631836734693877702e+02 1.217584722870175717e+00 2.161405013448105539e+00
6.320207755102040803e-01 3.635306122448979522e+02 1.217258327870256007e+00 2.160400416600305018e+00
6.320207755102040803e-01 3.638775510204081911e+02 1.216932585460086758e+00 2.159396376089178116e+00
6.320207755102040803e-01 3.642244897959183731e+02 1.216607494290000702e+00 2.158392894613510471e+00
6.320207755102040803e-01 3.645714285714285552e+02 1.216283053011236515e+00 2.157389974853351600e+00
6.320207755102040803e-01 3.649183673469387941e+02 1.215959260275961240e+00 2.156387619470074402e+00
6.320207755102040803e-01 3.652653061224489761e+02 1.215636114737296491e+00 2.155385831106448880e+00
6.320207755102040803e-01 3.656122448979591582e+02 1.215313615049338880e+00 2.154384612386710529e+00
6.320207755102040803e-01 3.659591836734693970e+02 1.214991759867184218e+00 2.153383965916623399e+00
6.320207755102040803e-01 3.663061224489795791e+02 1.214670547846949056e+00 2.152383894283554699e+00
6.320207755102040803e-01 3.666530612244898180e+02 1.214349977645793777e+00 2.151384400056536972e+00
6.320207755102040803e-01 3.670000000000000000e+02 1.214030047921943911e+00 2.150385485786341810e+00
6.524085102040816375e-01 3.500000000000000000e+02 1.203745838488161413e+00 2.288450878311047543e+00
6.524085102040816375e-01 3.503469387755101820e+02 1.203427503241311758e+00 2.287296704392467461e+00
6.524085102040816375e-01 3.506938775510204209e+02 1.203109825559495194e+00 2.286143132226445385e+00
6.524085102040816375e-01 3.510408163265306030e+02 1.202792804080562661e+00 2.284990165559548370e+00
6.524085102040816375e-01 3.513877551020408418e+02 1.202476437442770107e+00 2.283837808112740397e+00
6.524085102040816375e-01 3.517346938775510239e+02 1.202160724284810911e+00 2.282686063581474745e+00
6.524085102040816375e-01 3.520816326530612059e+02 1.201845663245846518e+00 2.281534935635779693e+00
6.524085102040816375e-01 3.524285714285714448e+02 1.201531252965537533e+00 2.280384427920348678e+00
6.524085102040816375e-01 3.527755102040816269e+02 1.201217492084074134e+00 2.279234544054628664e+00
6.524085102040816375e-01 3.531224489795918089e+02 1.200904379242205611e+00 2.278085287632908962e+00
6.524085102040816375e-01 3.534693877551020478e+02 1.200591913081271889e+00 2.276936662224412711e+00
6.524085102040816375e-01 3.538163265306122298e+02 1.200280092243229069e+00 2.275788671373382588e+00
6.524085102040816375e-01 3.541632653061224687e+02 1.199968915370683620e+00 2.274641318599174955e+00
6.524085102040816375e-01 3.545102040816326507e+02 1.199658381106916583e+00 2.273494607396345568e+00
6.524085102040816375e-01 3.548571428571428328e+02 1.199348488095913767e+00 2.272348541234741059e+00
6.524085102040816375e-01 3.552040816326530717e+02 1.199039234982393731e+00 2.271203123559589976e+00
6.524085102040816375e-01 3.555510204081632537e+02 1.198730620411834868e+00 2.270058357791591597e+00
6.524085102040816375e-01 3.558979591836734926e+02 1.198422643030503387e+00 2.268914247327006528e+00
6.524085102040816375e-01 3.562448979591836746e+02 1.198115301485477957e+00 2.267770795537746853e+00
6.524085102040816375e-01 3.565918367346938567e+02 1.197808594424679907e+00 2.266628005771468057e+00
6.524085102040816375e-01 3.569387755102040956e+02 1.197502520496896761e+00 2.265485881351656960e+00
6.524085102040816375e-01 3.572857142857142776e+02 1.197197078351807775e+00 2.264344425577725861e+00
6.524085102040816375e-01 3.576326530612245165e+02 1.196892266640012803e+00 2.263203641725098691e+00
6.524085102040816375e-01 3.579795918367346985e+02 1.196588084013052500e+00 2.262063533045306496e+00
6.524085102040816375e-01 3.583265306122448806e+02 1.196284529123438301e+00 2.260924102766075805e+00
6.524085102040816375e-01 3.586734693877551194e+02 1.195981600624673069e+00 2.259785354091420118e+00
6.524085102040816375e-01 3.590204081632653015e+02 1.195679297171278410e+00 2.258647290201731384e+00
6.524085102040816375e-01 3.593673469387754835e+02 1.195377617418815541e+00 2.257509914253869709e+00
6.524085102040816375e-01 3.597142857142857224e+02 1.195076560023912160e+00 2.256373229381257062e+00
6.524085102040816375e-01 3.600612244897959044e+02 1.194776123644283095e+00 2.255237238693965196e+00
6.524085102040816375e-01 3.604081632653061433e+02 1.194476306938754728e+00 2.254101945278809360e+00
6.524085102040816375e-01 3.607551020408163254e+02 1.194177108567287426e+00 2.252967352199438889e+00
6.524085102040816375e-01 3.611020408163265074e+02 1.193878527190998406e+00 2.251833462496429128e+00
6.524085102040816375e-01 3.614489795918367463e+02 1.193580561472181945e+00 2.250700279187370700e+00
6.524085102040816375e-01 3.617959183673469283e+02 1.193283210074335132e+00 2.249567805266962317e+00
6.524085102040816375e-01 3.621428571428571672e+02 1.192986471662173864e+00 2.248436043707103149e+00
6.524085102040816375e-01 3.624897959183673493e+02 1.192690344901659927e+00 2.247304997456982534e+00
6.524085102040816375e-01 3.628367346938775313e+02 1.192394828460017431e+00 2.246174669443171457e+00
6.524085102040816375e-01 3.631836734693877702e+02 1.192099921005755681e+00 2.245045062569714478e+00
6.524085102040816375e-01 3.635306122448979522e+02 1.191805621208689603e+00 2.243916179718221660e+00
6.524085102040816375e-01 3.638775510204081911e+02 1.191511927739958621e+00 2.242788023747958270e+00
6.524085102040816375e-01 3.642244897959183731e+02 1.191218839272047747e+00 2.241660597495936713e+00
6.524085102040816375e-01 3.645714285714285552e+02 1.190926354478806681e+00 2.240533903777011115e+00
6.524085102040816375e-01 3.649183673469387941e+02 1.190634472035468461e+00 2.239407945383961707e+00
6.524085102040816375e-01 3.652653061224489761e+02 1.190343190618670555e+00 2.238282725087592517e+00
6.524085102040816375e-01 3.656122448979591582e+02 1.190052508906470408e+00 2.237158245636819753e+00
6.524085102040816375e-01 3.659591836734693970e+02 1.189762425578366312e+00 2.236034509758762390e+00
6.524085102040816375e-01 3.663061224489795791e+02 1.189472939315316058e+00 2.234911520158835430e+00
6.524085102040816375e-01 3.666530612244898180e+02 1.189184048799752702e+00 2.233789279520840498e+00
6.524085102040816375e-01 3.670000000000000000e+02 1.188895752715603660e+00 2.232667790507055106e+00
6.727962448979591947e-01 3.500000000000000000e+02 1.179127446816414571e+00 2.383225512097087773e+00
6.727962448979591947e-01 3.503469387755101820e+02 1.178841114285210656e+00 2.381922339377040121e+00
6.727962448979591947e-01 3.506938775510204209e+02 1.178555393039627530e+00 2.380619978875825993e+00
6.727962448979591947e-01 3.510408163265306030e+02 1.178270281728076130e+00 2.379318434567651241e+00
6.727962448979591947e-01 3.513877551020408418e+02 1.177985778999966815e+00 2.378017710396117312e+00
6.727962448979591947e-01 3.517346938775510239e+02 1.177701883505737124e+00 2.376717810274349141e+00
6.727962448979591947e-01 3.520816326530612059e+02 1.177418593896877974e+00 2.375418738085109727e+00
6.727962448979591947e-01 3.524285714285714448e+02 1.177135908825958088e+00 2.374120497680929365e+00
6.727962448979591947e-01 3.527755102040816269e+02 1.176853826946649084e+00 2.372823092884226881e+00
6.727962448979591947e-01 3.531224489795918089e+02 1.176572346913751010e+00 2.371526527487430869e+00
6.727962448979591947e-01 3.534693877551020478e+02 1.176291467383217215e+00 2.370230805253104034e+00
6.727962448979591947e-01 3.538163265306122298e+02 1.176011187012176551e+00 2.368935929914069316e+00
6.727962448979591947e-01 3.541632653061224687e+02 1.175731504458959575e+00 2.367641905173526240e+00
6.727962448979591947e-01 3.545102040816326507e+02 1.175452418383119646e+00 2.366348734705180590e+00
6.727962448979591947e-01 3.548571428571428328e+02 1.175173927445457789e+00 2.365056422153363425e+00
6.727962448979591947e-01 3.552040816326530717e+02 1.174896030308045569e+00 2.363764971133157200e+00
6.727962448979591947e-01 3.555510204081632537e+02 1.174618725634245964e+00 2.362474385230515672e+00
6.727962448979591947e-01 3.558979591836734926e+02 1.174342012088737786e+00 2.361184668002390463e+00
6.727962448979591947e-01 3.562448979591836746e+02 1.174065888337535002e+00 2.359895822976851854e+00
6.727962448979591947e-01 3.565918367346938567e+02 1.173790353048011159e+00 2.358607853653210906e+00
6.727962448979591947e-01 3.569387755102040956e+02 1.173515404888918701e+00 2.357320763502147365e+00
6.727962448979591947e-01 3.572857142857142776e+02 1.173241042530410061e+00 2.356034555965828226e+00
6.727962448979591947e-01 3.576326530612245165e+02 1.172967264644059204e+00 2.354749234458029861e+00
6.727962448979591947e-01 3.579795918367346985e+02 1.172694069902882053e+00 2.353464802364266362e+00
6.727962448979591947e-01 3.583265306122448806e+02 1.172421456981355137e+00 2.352181263041907222e+00
6.727962448979591947e-01 3.586734693877551194e+02 1.172149424555437136e+00 2.350898619820301239e+00
6.727962448979591947e-01 3.590204081632653015e+02 1.171877971302587973e+00 2.349616876000903076e+00
6.727962448979591947e-01 3.593673469387754835e+02 1.171607095901786577e+00 2.348336034857390509e+00
6.727962448979591947e-01 3.597142857142857224e+02 1.171336797033551980e+00 2.347056099635789650e+00
6.727962448979591947e-01 3.600612244897959044e+02 1.171067073379960410e+00 2.345777073554597081e+00
6.727962448979591947e-01 3.604081632653061433e+02 1.170797923624665282e+00 2.344498959804904192e+00
6.727962448979591947e-01 3.607551020408163254e+02 1.170529346452913178e+00 2.343221761550515758e+00
6.727962448979591947e-01 3.611020408163265074e+02 1.170261340551564055e+00 2.341945481928074280e+00
6.727962448979591947e-01 3.614489795918367463e+02 1.169993904609106572e+00 2.340670124047183442e+00
6.727962448979591947e-01 3.617959183673469283e+02 1.169727037315676732e+00 2.339395690990525800e+00
6.727962448979591947e-01 3.621428571428571672e+02 1.169460737363075431e+00 2.338122185813988452e+00
6.727962448979591947e-01 3.624897959183673493e+02 1.169195003444784664e+00 2.336849611546785610e+00
6.727962448979591947e-01 3.628367346938775313e+02 1.168929834255983069e+00 2.335577971191575841e+00
6.727962448979591947e-01 3.631836734693877702e+02 1.168665228493563246e+00 2.334307267724585522e+00
6.727962448979591947e-01 3.635306122448979522e+02 1.168401184856148411e+00 2.333037504095733183e+00
6.727962448979591947e-01 3.638775510204081911e+02 1.168137702044107495e+00 2.331768683228744088e+00
6.727962448979591947e-01 3.642244897959183731e+02 1.167874778759569354e+00 2.330500808021280346e+00
6.727962448979591947e-01 3.645714285714285552e+02 1.167612413706441421e+00 2.329233881345051049e+00
6.727962448979591947e-01 3.649183673469387941e+02 1.167350605590420365e+00 2.327967906045941504e+00
6.727962448979591947e-01 3.652653061224489761e+02 1.167089353119012074e+00 2.326702884944130467e+00
6.727962448979591947e-01 3.656122448979591582e+02 1.166828655001541426e+00 2.325438820834211384e+00
6.727962448979591947e-01 3.659591836734693970e+02 1.166568509949169163e+00 2.324175716485309184e+00
6.727962448979591947e-01 3.663061224489795791e+02 1.166308916674905438e+00 2.322913574641206402e+00
6.727962448979591947e-01 3.666530612244898180e+02 1.166049873893624023e+00 2.321652398020456864e+00
6.727962448979591947e-01 3.670000000000000000e+02 1.165791380322076298e+00 2.320392189316510922e+00
6.931839795918367519e-01 3.500000000000000000e+02 1.156481344353700758e+00 2.484908084865531830e+00
6.931839795918367519e-01 3.503469387755101820e+02 1.156225277847876098e+00 2.483434649344981704e+00
6.931839795918367519e-01 3.506938775510204209e+02 1.155969776641050606e+00 2.481962296881066621e+00
6.931839795918367519e-01 3.510408163265306030e+02 1.155714839402023575e+00 2.480491031574212357e+00
6.931839795918367519e-01 3.513877551020408418e+02 1.155460464801135734e+00 2.479020857488626106e+00
6.931839795918367519e-01 3.517346938775510239e+02 1.155206651510289673e+00 2.477551778652467895e+00
6.931839795918367519e-01 3.520816326530612059e+02 1.154953398202972714e+00 2.476083799058007795e+00
6.931839795918367519e-01 3.524285714285714448e+02 1.154700703554274899e+00 2.474616922661804441e+00
6.931839795918367519e-01 3.527755102040816269e+02 1.154448566240908747e+00 2.473151153384861800e+00
6.931839795918367519e-01 3.531224489795918089e+02 1.154196984941230575e+00 2.471686495112799697e+00
6.931839795918367519e-01 3.534693877551020478e+02 1.153945958335258926e+00 2.470222951696021685e+00
6.931839795918367519e-01 3.538163265306122298e+02 1.153695485104692997e+00 2.468760526949876688e+00
6.931839795918367519e-01 3.541632653061224687e+02 1.153445563932931961e+00 2.467299224654826872e+00
6.931839795918367519e-01 3.545102040816326507e+02 1.153196193505093392e+00 2.465839048556614177e+00
6.931839795918367519e-01 3.548571428571428328e+02 1.152947372508031920e+00 2.464380002366425071e+00
6.931839795918367519e-01 3.552040816326530717e+02 1.152699099630355217e+00 2.462922089761055755e+00
6.931839795918367519e-01 3.555510204081632537e+02 1.152451373562443093e+00 2.461465314383075587e+00
6.931839795918367519e-01 3.558979591836734926e+02 1.152204192996466370e+00 2.460009679840995389e+00
6.931839795918367519e-01 3.562448979591836746e+02 1.151957556626399093e+00 2.458555189709428213e+00
6.931839795918367519e-01 3.565918367346938567e+02 1.151711463148040293e+00 2.457101847529256755e+00
6.931839795918367519e-01 3.569387755102040956e+02 1.151465911259027752e+00 2.455649656807795456e+00
6.931839795918367519e-01 3.572857142857142776e+02 1.151220899658854435e+00 2.454198621018955251e+00
6.931839795918367519e-01 3.576326530612245165e+02 1.150976427048885586e+00 2.452748743603408332e+00
6.931839795918367519e-01 3.579795918367346985e+02 1.150732492132373164e+00 2.451300027968748019e+00
6.931839795918367519e-01 3.583265306122448806e+02 1.150489093614471159e+00 2.449852477489657065e+00
6.931839795918367519e-01 3.586734693877551194e+02 1.150246230202252251e+00 2.448406095508063540e+00
6.931839795918367519e-01 3.590204081632653015e+02 1.150003900604722240e+00 2.446960885333311797e+00
6.931839795918367519e-01 3.593673469387754835e+02 1.149762103532832036e+00 2.445516850242317908e+00
6.931839795918367519e-01 3.597142857142857224e+02 1.149520837699496534e+00 2.444073993479734863e+00
6.931839795918367519e-01 3.600612244897959044e+02 1.149280101819605715e+00 2.442632318258114221e+00
6.931839795918367519e-01 3.604081632653061433e+02 1.149039894610038415e+00 2.441191827758065536e+00
6.931839795918367519e-01 3.607551020408163254e+02 1.148800214789678753e+00 2.439752525128419780e+00
6.931839795918367519e-01 3.611020408163265074e+02 1.148561061079426127e+00 2.438314413486389665e+00
6.931839795918367519e-01 3.614489795918367463e+02 1.148322432202210308e+00 2.436877495917729064e+00
6.931839795918367519e-01 3.617959183673469283e+02 1.148084326883005213e+00 2.435441775476893334e+00
6.931839795918367519e-01 3.621428571428571672e+02 1.147846743848839113e+00 2.434007255187200958e+00
6.931839795918367519e-01 3.624897959183673493e+02 1.147609681828809958e+00 2.432573938040991202e+00
6.931839795918367519e-01 3.628367346938775313e+02 1.147373139554095145e+00 2.431141826999783540e+00
6.931839795918367519e-01 3.631836734693877702e+02 1.147137115757965287e+00 2.429710924994436638e+00
6.931839795918367519e-01 3.635306122448979522e+02 1.146901609175795089e+00 2.428281234925308674e+00
6.931839795918367519e-01 3.638775510204081911e+02 1.146666618545075789e+00 2.426852759662411874e+00
6.931839795918367519e-01 3.642244897959183731e+02 1.146432142605425808e+00 2.425425502045573278e+00
6.931839795918367519e-01 3.645714285714285552e+02 1.146198180098602304e+00 2.423999464884590171e+00
6.931839795918367519e-01 3.649183673469387941e+02 1.145964729768512047e+00 2.422574650959389952e+00
6.931839795918367519e-01 3.652653061224489761e+02 1.145731790361222746e+00 2.421151063020183347e+00
6.931839795918367519e-01 3.656122448979591582e+02 1.145499360624971930e+00 2.419728703787622948e+00
6.931839795918367519e-01 3.659591836734693970e+02 1.145267439310179602e+00 2.418307575952958643e+00
6.931839795918367519e-01 3.663061224489795791e+02 1.145036025169456462e+00 2.416887682178193053e+00
6.931839795918367519e-01 3.666530612244898180e+02 1.144805116957615665e+00 2.415469025096237399e+00
6.931839795918367519e-01 3.670000000000000000e+02 1.144574713431679713e+00 2.414051607311065162e+00
7.135717142857143092e-01 3.500000000000000000e+02 1.135679226099084671e+00 2.594198876064278014e+00
7.135717142857143092e-01 3.503469387755101820e+02 1.135451789202032602e+00 2.592530502897356204e+00
7.135717142857143092e-01 3.506938775510204209e+02 1.135224871799299651e+00 2.590863559619944745e+00
7.135717142857143092e-01 3.510408163265306030e+02 1.134998472590423857e+00 2.589198050296829035e+00
7.135717142857143092e-01 3.513877551020408418e+02 1.134772590276968307e+00 2.587533978950437685e+00
7.135717142857143092e-01 3.517346938775510239e+02 1.134547223562533569e+00 2.585871349561074339e+00
7.135717142857143092e-01 3.520816326530612059e+02 1.134322371152776343e+00 2.584210166067132608e+00
7.135717142857143092e-01 3.524285714285714448e+02 1.134098031755422564e+00 2.582550432365319004e+00
7.135717142857143092e-01 3.527755102040816269e+02 1.133874204080282055e+00 2.580892152310878096e+00
7.135717142857143092e-01 3.531224489795918089e+02 1.133650886839264293e+00 2.579235329717807002e+00
7.135717142857143092e-01 3.534693877551020478e+02 1.133428078746392176e+00 2.577579968359080098e+00
7.135717142857143092e-01 3.538163265306122298e+02 1.133205778517815565e+00 2.575926071966867958e+00
7.135717142857143092e-01 3.541632653061224687e+02 1.132983984871825500e+00 2.574273644232753622e+00
7.135717142857143092e-01 3.545102040816326507e+02 1.132762696528867297e+00 2.572622688807957303e+00
7.135717142857143092e-01 3.548571428571428328e+02 1.132541912211554980e+00 2.570973209303549112e+00
7.135717142857143092e-01 3.552040816326530717e+02 1.132321630644682164e+00 2.569325209290668877e+00
7.135717142857143092e-01 3.555510204081632537e+02 1.132101850555237377e+00 2.567678692300744192e+00
7.135717142857143092e-01 3.558979591836734926e+02 1.131882570672414934e+00 2.566033661825707135e+00
7.135717142857143092e-01 3.562448979591836746e+02 1.131663789727626268e+00 2.564390121318206983e+00
7.135717142857143092e-01 3.565918367346938567e+02 1.131445506454514582e+00 2.562748074191831815e+00
7.135717142857143092e-01 3.569387755102040956e+02 1.131227719588965508e+00 2.561107523821319898e+00
7.135717142857143092e-01 3.572857142857142776e+02 1.131010427869117541e+00 2.559468473542772404e+00
7.135717142857143092e-01 3.576326530612245165e+02 1.130793630035374253e+00 2.557830926653875014e+00
7.135717142857143092e-01 3.579795918367346985e+02 1.130577324830416286e+00 2.556194886414101308e+00
7.135717142857143092e-01 3.583265306122448806e+02 1.130361510999211117e+00 2.554560356044934366e+00
7.135717142857143092e-01 3.586734693877551194e+02 1.130146187289023718e+00 2.552927338730073270e+00
7.135717142857143092e-01 3.590204081632653015e+02 1.129931352449427218e+00 2.551295837615649376e+00
7.135717142857143092e-01 3.593673469387754835e+02 1.129717005232313554e+00 2.549665855810434145e+00
7.135717142857143092e-01 3.597142857142857224e+02 1.129503144391903025e+00 2.548037396386050979e+00
7.135717142857143092e-01 3.600612244897959044e+02 1.129289768684754502e+00 2.546410462377185713e+00
7.135717142857143092e-01 3.604081632653061433e+02 1.129076876869774093e+00 2.544785056781795340e+00
7.135717142857143092e-01 3.607551020408163254e+02 1.128864467708225128e+00 2.543161182561317624e+00
7.135717142857143092e-01 3.611020408163265074e+02 1.128652539963737489e+00 2.541538842640878926e+00
7.135717142857143092e-01 3.614489795918367463e+02 1.128441092402317381e+00 2.539918039909501157e+00
7.135717142857143092e-01 3.617959183673469283e+02 1.128230123792353323e+00 2.538298777220309166e+00
7.135717142857143092e-01 3.621428571428571672e+02 1.128019632904628367e+00 2.536681057390737681e+00
7.135717142857143092e-01 3.624897959183673493e+02 1.127809618512324530e+00 2.535064883202738706e+00
7.135717142857143092e-01 3.628367346938775313e+02 1.127600079391035015e+00 2.533450257402981798e+00
7.135717142857143092e-01 3.631836734693877702e+02 1.127391014318769979e+00 2.531837182703061462e+00
7.135717142857143092e-01 3.635306122448979522e+02 1.127182422075963641e+00 2.530225661779704982e+00
7.135717142857143092e-01 3.638775510204081911e+02 1.126974301445483606e+00 2.528615697274967378e+00
7.135717142857143092e-01 3.642244897959183731e+02 1.126766651212636638e+00 2.527007291796440125e+00
7.135717142857143092e-01 3.645714285714285552e+02 1.126559470165178656e+00 2.525400447917450997e+00
7.135717142857143092e-01 3.649183673469387941e+02 1.126352757093318058e+00 2.523795168177265236e+00
7.135717142857143092e-01 3.652653061224489761e+02 1.126146510789725275e+00 2.522191455081286726e+00
7.135717142857143092e-01 3.656122448979591582e+02 1.125940730049538985e+00 2.520589311101259611e+00
7.135717142857143092e-01 3.659591836734693970e+02 1.125735413670371665e+00 2.518988738675462802e+00
7.135717142857143092e-01 3.663061224489795791e+02 1.125530560452317586e+00 2.517389740208912929e+00
7.135717142857143092e-01 3.666530612244898180e+02 1.125326169197956805e+00 2.515792318073561962e+00
7.135717142857143092e-01 3.670000000000000000e+02 1.125122238712363609e+00 2.514196474608491716e+00
7.339594489795918664e-01 3.500000000000000000e+02 1.116610360950711867e+00 2.711889961018090656e+00
7.339594489795918664e-01 3.503469387755101820e+02 1.116409994260546767e+00 2.709997940996513144e+00
7.339594489795918664e-01 3.506938775510204209e+02 1.116210101368328989e+00 2.708107793386210993e+00
7.339594489795918664e-01 3.510408163265306030e+02 1.116010681015227934e+00 2.706219521969557285e+00
7.339594489795918664e-01 3.513877551020408418e+02 1.115811731944854390e+00 2.704333130480122360e+00
7.339594489795918664e-01 3.517346938775510239e+02 1.115613252903269181e+00 2.702448622602970918e+00
7.339594489795918664e-01 3.520816326530612059e+02 1.115415242638994053e+00 2.700566001974951114e+00
7.339594489795918664e-01 3.524285714285714448e+02 1.115217699903022330e+00 2.698685272184982775e+00
7.339594489795918664e-01 3.527755102040816269e+02 1.115020623448828241e+00 2.696806436774346061e+00
7.339594489795918664e-01 3.531224489795918089e+02 1.114824012032376466e+00 2.694929499236969228e+00
7.339594489795918664e-01 3.534693877551020478e+02 1.114627864412132352e+00 2.693054463019718625e+00
7.339594489795918664e-01 3.538163265306122298e+02 1.114432179349070129e+00 2.691181331522678466e+00
7.339594489795918664e-01 3.541632653061224687e+02 1.114236955606682455e+00 2.689310108099441710e+00
7.339594489795918664e-01 3.545102040816326507e+02 1.114042191950989302e+00 2.687440796057392056e+00
7.339594489795918664e-01 3.548571428571428328e+02 1.113847887150545946e+00 2.685573398657985056e+00
7.339594489795918664e-01 3.552040816326530717e+02 1.113654039976452514e+00 2.683707919117032326e+00
7.339594489795918664e-01 3.555510204081632537e+02 1.113460649202359543e+00 2.681844360604982658e+00
7.339594489795918664e-01 3.558979591836734926e+02 1.113267713604479292e+00 2.679982726247202240e+00
7.339594489795918664e-01 3.562448979591836746e+02 1.113075231961591749e+00 2.678123019124251769e+00
7.339594489795918664e-01 3.565918367346938567e+02 1.112883203055050618e+00 2.676265242272169331e+00
7.339594489795918664e-01 3.569387755102040956e+02 1.112691625668794204e+00 2.674409398682743522e+00
7.339594489795918664e-01 3.572857142857142776e+02 1.112500498589349407e+00 2.672555491303790109e+00
7.339594489795918664e-01 3.576326530612245165e+02 1.112309820605840160e+00 2.670703523039431371e+00
7.339594489795918664e-01 3.579795918367346985e+02 1.112119590509993650e+00 2.668853496750364318e+00
7.339594489795918664e-01 3.583265306122448806e+02 1.111929807096147416e+00 2.667005415254140033e+00
7.339594489795918664e-01 3.586734693877551194e+02 1.111740469161254685e+00 2.665159281325431895e+00
7.339594489795918664e-01 3.590204081632653015e+02 1.111551575504892586e+00 2.663315097696309586e+00
7.339594489795918664e-01 3.593673469387754835e+02 1.111363124929265034e+00 2.661472867056506431e+00
7.339594489795918664e-01 3.597142857142857224e+02 1.111175116239211169e+00 2.659632592053694733e+00
7.339594489795918664e-01 3.600612244897959044e+02 1.110987548242210465e+00 2.657794275293744679e+00
7.339594489795918664e-01 3.604081632653061433e+02 1.110800419748386725e+00 2.655957919341001450e+00
7.339594489795918664e-01 3.607551020408163254e+02 1.110613729570516295e+00 2.654123526718545012e+00
7.339594489795918664e-01 3.611020408163265074e+02 1.110427476524029622e+00 2.652291099908458794e+00
7.339594489795918664e-01 3.614489795918367463e+02 1.110241659427018357e+00 2.650460641352090807e+00
7.339594489795918664e-01 3.617959183673469283e+02 1.110056277100240463e+00 2.648632153450322768e+00
7.339594489795918664e-01 3.621428571428571672e+02 1.109871328367122878e+00 2.646805638563823670e+00
7.339594489795918664e-01 3.624897959183673493e+02 1.109686812053769067e+00 2.644981099013320236e+00
7.339594489795918664e-01 3.628367346938775313e+02 1.109502726988959020e+00 2.643158537079848269e+00
7.339594489795918664e-01 3.631836734693877702e+02 1.109319072004157469e+00 2.641337955005018667e+00
7.339594489795918664e-01 3.635306122448979522e+02 1.109135845933515663e+00 2.639519354991273214e+00
7.339594489795918664e-01 3.638775510204081911e+02 1.108953047613875365e+00 2.637702739202138158e+00
7.339594489795918664e-01 3.642244897959183731e+02 1.108770675884773738e+00 2.635888109762487996e+00
7.339594489795918664e-01 3.645714285714285552e+02 1.108588729588444899e+00 2.634075468758792837e+00
7.339594489795918664e-01 3.649183673469387941e+02 1.108407207569825026e+00 2.632264818239373749e+00
7.339594489795918664e-01 3.652653061224489761e+02 1.108226108676554800e+00 2.630456160214659445e+00
7.339594489795918664e-01 3.656122448979591582e+02 1.108045431758982069e+00 2.628649496657434526e+00
7.339594489795918664e-01 3.659591836734693970e+02 1.107865175670165181e+00 2.626844829503090839e+00
7.339594489795918664e-01 3.663061224489795791e+02 1.107685339265877422e+00 2.625042160649878831e+00
7.339594489795918664e-01 3.666530612244898180e+02 1.107505921404606353e+00 2.623241491959154015e+00
7.339594489795918664e-01 3.670000000000000000e+02 1.107326920947558024e+00 2.621442825255624776e+00
7.543471836734694236e-01 3.500000000000000000e+02 1.099179703252925577e+00 2.838879895837602696e+00
7.543471836734694236e-01 3.503469387755101820e+02 1.099004902078306367e+00 2.836730731418075635e+00
7.543471836734694236e-01 3.506938775510204209e+02 1.098830529082079011e+00 2.834584002508124811e+00
7.543471836734694236e-01 3.510408163265306030e+02 1.098656583058464919e+00 2.832439712242333485e+00
7.543471836734694236e-01 3.513877551020408418e+02 1.098483062804471055e+00 2.830297863700121930e+00
7.543471836734694236e-01 3.517346938775510239e+02 1.098309967119892372e+00 2.828158459906116473e+00
7.543471836734694236e-01 3.520816326530612059e+02 1.098137294807320474e+00 2.826021503830535408e+00
7.543471836734694236e-01 3.524285714285714448e+02 1.097965044672148061e+00 2.823886998389547820e+00
7.543471836734694236e-01 3.527755102040816269e+02 1.097793215522572252e+00 2.821754946445648393e+00
7.543471836734694236e-01 3.531224489795918089e+02 1.097621806169602143e+00 2.819625350808028230e+00
7.543471836734694236e-01 3.534693877551020478e+02 1.097450815427062354e+00 2.817498214232938558e+00
7.543471836734694236e-01 3.538163265306122298e+02 1.097280242111597914e+00 2.815373539424055327e+00
7.543471836734694236e-01 3.541632653061224687e+02 1.097110085042678485e+00 2.813251329032846026e+00
7.543471836734694236e-01 3.545102040816326507e+02 1.096940343042603683e+00 2.811131585658932064e+00
7.543471836734694236e-01 3.548571428571428328e+02 1.096771014936504640e+00 2.809014311850444923e+00
7.543471836734694236e-01 3.552040816326530717e+02 1.096602099552351328e+00 2.806899510104391204e+00
7.543471836734694236e-01 3.555510204081632537e+02 1.096433595720954113e+00 2.804787182867003015e+00
7.543471836734694236e-01 3.558979591836734926e+02 1.096265502275967529e+00 2.802677332534101673e+00
7.543471836734694236e-01 3.562448979591836746e+02 1.096097818053894057e+00 2.800569961451445433e+00
7.543471836734694236e-01 3.565918367346938567e+02 1.095930541894087673e+00 2.798465071915090085e+00
7.543471836734694236e-01 3.569387755102040956e+02 1.095763672638756958e+00 2.796362666171729128e+00
7.543471836734694236e-01 3.572857142857142776e+02 1.095597209132966432e+00 2.794262746419053922e+00
7.543471836734694236e-01 3.576326530612245165e+02 1.095431150224642769e+00 2.792165314806096532e+00
7.543471836734694236e-01 3.579795918367346985e+02 1.095265494764572578e+00 2.790070373433577000e+00
7.543471836734694236e-01 3.583265306122448806e+02 1.095100241606409952e+00 2.787977924354247961e+00
7.543471836734694236e-01 3.586734693877551194e+02 1.094935389606675136e+00 2.785887969573237033e+00
7.543471836734694236e-01 3.590204081632653015e+02 1.094770937624758300e+00 2.783800511048393655e+00
7.543471836734694236e-01 3.593673469387754835e+02 1.094606884522921098e+00 2.781715550690622596e+00
7.543471836734694236e-01 3.597142857142857224e+02 1.094443229166299325e+00 2.779633090364225012e+00
7.543471836734694236e-01 3.600612244897959044e+02 1.094279970422903370e+00 2.777553131887236848e+00
7.543471836734694236e-01 3.604081632653061433e+02 1.094117107163620206e+00 2.775475677031762789e+00
7.543471836734694236e-01 3.607551020408163254e+02 1.093954638262215617e+00 2.773400727524310216e+00
7.543471836734694236e-01 3.611020408163265074e+02 1.093792562595335749e+00 2.771328285046121831e+00
7.543471836734694236e-01 3.614489795918367463e+02 1.093630879042505777e+00 2.769258351233503390e+00
7.543471836734694236e-01 3.617959183673469283e+02 1.093469586486133904e+00 2.767190927678158552e+00
7.543471836734694236e-01 3.621428571428571672e+02 1.093308683811511139e+00 2.765126015927513059e+00
7.543471836734694236e-01 3.624897959183673493e+02 1.093148169906811518e+00 2.763063617485036705e+00
7.543471836734694236e-01 3.628367346938775313e+02 1.092988043663093434e+00 2.761003733810574179e+00
7.543471836734694236e-01 3.631836734693877702e+02 1.092828303974300530e+00 2.758946366320664367e+00
7.543471836734694236e-01 3.635306122448979522e+02 1.092668949737261030e+00 2.756891516388860985e+00
7.543471836734694236e-01 3.638775510204081911e+02 1.092509979851688184e+00 2.754839185346054986e+00
7.543471836734694236e-01 3.642244897959183731e+02 1.092351393220182709e+00 2.752789374480786755e+00
7.543471836734694236e-01 3.645714285714285552e+02 1.092193188748228350e+00 2.750742085039569407e+00
7.543471836734694236e-01 3.649183673469387941e+02 1.092035365344196540e+00 2.748697318227198760e+00
7.543471836734694236e-01 3.652653061224489761e+02 1.091877921919343519e+00 2.746655075207068197e+00
7.543471836734694236e-01 3.656122448979591582e+02 1.091720857387810106e+00 2.744615357101479969e+00
7.543471836734694236e-01 3.659591836734693970e+02 1.091564170666621703e+00 2.742578164991952505e+00
7.543471836734694236e-01 3.663061224489795791e+02 1.091407860675689401e+00 2.740543499919536163e+00
7.543471836734694236e-01 3.666530612244898180e+02 1.091251926337805545e+00 2.738511362885112543e+00
7.543471836734694236e-01 3.670000000000000000e+02 1.091096366578646837e+00 2.736481754849700909e+00
7.747349183673469808e-01 3.500000000000000000e+02 1.083306358166444161e+00 2.976191205160160447e+00
7.747349183673469808e-01 3.503469387755101820e+02 1.083155650555278626e+00 2.973745695051521754e+00
7.747349183673469808e-01 3.506938775510204209e+02 1.083005325597696800e+00 2.971303335667625500e+00
7.747349183673469808e-01 3.510408163265306030e+02 1.082855382152865031e+00 2.968864128964839644e+00
7.747349183673469808e-01 3.513877551020408418e+02 1.082705819082996346e+00 2.966428076838770078e+00
7.747349183673469808e-01 3.517346938775510239e+02 1.082556635253351773e+00 2.963995181124737588e+00
7.747349183673469808e-01 3.520816326530612059e+02 1.082407829532242349e+00 2.961565443598239256e+00
7.747349183673469808e-01 3.524285714285714448e+02 1.082259400791028447e+00 2.959138865975421417e+00
7.747349183673469808e-01 3.527755102040816269e+02 1.082111347904122223e+00 2.956715449913541960e+00
7.747349183673469808e-01 3.531224489795918089e+02 1.081963669748987167e+00 2.954295197011433505e+00
7.747349183673469808e-01 3.534693877551020478e+02 1.081816365206138775e+00 2.951878108809966594e+00
7.747349183673469808e-01 3.538163265306122298e+02 1.081669433159145877e+00 2.949464186792501330e+00
7.747349183673469808e-01 3.541632653061224687e+02 1.081522872494629972e+00 2.947053432385349669e+00
7.747349183673469808e-01 3.545102040816326507e+02 1.081376682102264786e+00 2.944645846958220847e+00
7.747349183673469808e-01 3.548571428571428328e+02 1.081230860874778044e+00 2.942241431824679676e+00
7.747349183673469808e-01 3.552040816326530717e+02 1.081085407707950141e+00 2.939840188242587971e+00
7.747349183673469808e-01 3.555510204081632537e+02 1.080940321500613477e+00 2.937442117414555298e+00
7.747349183673469808e-01 3.558979591836734926e+02 1.080795601154652674e+00 2.935047220488379960e+00
7.747349183673469808e-01 3.562448979591836746e+02 1.080651245575003916e+00 2.932655498557489526e+00
7.747349183673469808e-01 3.565918367346938567e+02 1.080507253669654721e+00 2.930266952661378266e+00
7.747349183673469808e-01 3.569387755102040956e+02 1.080363624349642393e+00 2.927881583786048569e+00
7.747349183673469808e-01 3.572857142857142776e+02 1.080220356529053127e+00 2.925499392864437276e+00
7.747349183673469808e-01 3.576326530612245165e+02 1.080077449125020683e+00 2.923120380776855765e+00
7.747349183673469808e-01 3.579795918367346985e+02 1.079934901057727270e+00 2.920744548351406955e+00
7.747349183673469808e-01 3.583265306122448806e+02 1.079792711250399551e+00 2.918371896364424511e+00
7.747349183673469808e-01 3.586734693877551194e+02 1.079650878629309085e+00 2.916002425540890730e+00
7.747349183673469808e-01 3.590204081632653015e+02 1.079509402123769668e+00 2.913636136554857536e+00
7.747349183673469808e-01 3.593673469387754835e+02 1.079368280666136659e+00 2.911273030029867037e+00
7.747349183673469808e-01 3.597142857142857224e+02 1.079227513191804322e+00 2.908913106539373405e+00
7.747349183673469808e-01 3.600612244897959044e+02 1.079087098639204934e+00 2.906556366607148778e+00
7.747349183673469808e-01 3.604081632653061433e+02 1.078947035949806565e+00 2.904202810707702476e+00
7.747349183673469808e-01 3.607551020408163254e+02 1.078807324068110196e+00 2.901852439266688677e+00
7.747349183673469808e-01 3.611020408163265074e+02 1.078667961941648823e+00 2.899505252661317201e+00
7.747349183673469808e-01 3.614489795918367463e+02 1.078528948520984576e+00 2.897161251220750966e+00
7.747349183673469808e-01 3.617959183673469283e+02 1.078390282759705832e+00 2.894820435226517663e+00
7.747349183673469808e-01 3.621428571428571672e+02 1.078251963614426101e+00 2.892482804912908989e+00
7.747349183673469808e-01 3.624897959183673493e+02 1.078113990044779813e+00 2.890148360467374999e+00
7.747349183673469808e-01 3.628367346938775313e+02 1.077976361013422313e+00 2.887817102030920235e+00
7.747349183673469808e-01 3.631836734693877702e+02 1.077839075486023424e+00 2.885489029698505625e+00
7.747349183673469808e-01 3.635306122448979522e+02 1.077702132431267446e+00 2.883164143519430400e+00
7.747349183673469808e-01 3.638775510204081911e+02 1.077565530820849826e+00 2.880842443497726002e+00
7.747349183673469808e-01 3.642244897959183731e+02 1.077429269629472941e+00 2.878523929592544661e+00
7.747349183673469808e-01 3.645714285714285552e+02 1.077293347834844539e+00 2.876208601718537761e+00
7.747349183673469808e-01 3.649183673469387941e+02 1.077157764417673302e+00 2.873896459746243526e+00
7.747349183673469808e-01 3.652653061224489761e+02 1.077022518361665959e+00 2.871587503502468053e+00
7.747349183673469808e-01 3.656122448979591582e+02 1.076887608653524619e+00 2.869281732770660120e+00
7.747349183673469808e-01 3.659591836734693970e+02 1.076753034282942556e+00 2.866979147291284669e+00
7.747349183673469808e-01 3.663061224489795791e+02 1.076618794242600430e+00 2.864679746762202495e+00
7.747349183673469808e-01 3.666530612244898180e+02 1.076484887528164736e+00 2.862383530839036183e+00
7.747349183673469808e-01 3.670000000000000000e+02 1.076351313138280696e+00 2.860090499135543141e+00
7.951226530612245380e-01 3.500000000000000000e+02 1.068922350026074719e+00 3.124991294029153099e+00
7.951226530612245380e-01 3.503469387755101820e+02 1.068794274514702103e+00 3.122203417056330643e+00
7.951226530612245380e-01 3.506938775510204209e+02 1.068666536304360593e+00 3.119419598236459201e+00
7.951226530612245380e-01 3.510408163265306030e+02 1.068539134331401463e+00 3.116639837588108808e+00
7.951226530612245380e-01 3.513877551020408418e+02 1.068412067535395638e+00 3.113864135065386840e+00
7.951226530612245380e-01 3.517346938775510239e+02 1.068285334859131019e+00 3.111092490558519774e+00
7.951226530612245380e-01 3.520816326530612059e+02 1.068158935248609609e+00 3.108324903894424285e+00
7.951226530612245380e-01 3.524285714285714448e+02 1.068032867653043061e+00 3.105561374837292554e+00
7.951226530612245380e-01 3.527755102040816269e+02 1.067907131024852019e+00 3.102801903089153157e+00
7.951226530612245380e-01 3.531224489795918089e+02 1.067781724319661008e+00 3.100046488290444380e+00
7.951226530612245380e-01 3.534693877551020478e+02 1.067656646496294881e+00 3.097295130020577325e+00
7.951226530612245380e-01 3.538163265306122298e+02 1.067531896516777268e+00 3.094547827798493689e+00
7.951226530612245380e-01 3.541632653061224687e+02 1.067407473346325242e+00 3.091804581083226644e+00
7.951226530612245380e-01 3.545102040816326507e+02 1.067283375953346658e+00 3.089065389274450180e+00
7.951226530612245380e-01 3.548571428571428328e+02 1.067159603309435489e+00 3.086330251713032879e+00
7.951226530612245380e-01 3.552040816326530717e+02 1.067036154389368940e+00 3.083599167681580155e+00
7.951226530612245380e-01 3.555510204081632537e+02 1.066913028171103006e+00 3.080872136404980921e+00
7.951226530612245380e-01 3.558979591836734926e+02 1.066790223635768919e+00 3.078149157050942275e+00
7.951226530612245380e-01 3.562448979591836746e+02 1.066667739767667822e+00 3.075430228730531734e+00
7.951226530612245380e-01 3.565918367346938567e+02 1.066545575554268543e+00 3.072715350498702591e+00
7.951226530612245380e-01 3.569387755102040956e+02 1.066423729986200941e+00 3.070004521354828597e+00
7.951226530612245380e-01 3.572857142857142776e+02 1.066302202057254345e+00 3.067297740243226212e+00
7.951226530612245380e-01 3.576326530612245165e+02 1.066180990764369563e+00 3.064595006053680404e+00
7.951226530612245380e-01 3.579795918367346985e+02 1.066060095107638439e+00 3.061896317621955355e+00
7.951226530612245380e-01 3.583265306122448806e+02 1.065939514090295415e+00 3.059201673730320259e+00
7.951226530612245380e-01 3.586734693877551194e+02 1.065819246718715085e+00 3.056511073108053367e+00
7.951226530612245380e-01 3.590204081632653015e+02 1.065699292002407761e+00 3.053824514431954462e+00
7.951226530612245380e-01 3.593673469387754835e+02 1.065579648954012359e+00 3.051141996326848016e+00
7.951226530612245380e-01 3.597142857142857224e+02 1.065460316589293299e+00 3.048463517366085451e+00
7.951226530612245380e-01 3.600612244897959044e+02 1.065341293927135835e+00 3.045789076072046520e+00
7.951226530612245380e-01 3.604081632653061433e+02 1.065222579989539398e+00 3.043118670916630020e+00
7.951226530612245380e-01 3.607551020408163254e+02 1.065104173801612708e+00 3.040452300321747625e+00
7.951226530612245380e-01 3.611020408163265074e+02 1.064986074391570670e+00 3.037789962659815046e+00
7.951226530612245380e-01 3.614489795918367463e+02 1.064868280790726596e+00 3.035131656254232535e+00
7.951226530612245380e-01 3.617959183673469283e+02 1.064750792033487992e+00 3.032477379379868054e+00
7.951226530612245380e-01 3.621428571428571672e+02 1.064633607157351003e+00 3.029827130263541779e+00
7.951226530612245380e-01 3.624897959183673493e+02 1.064516725202894420e+00 3.027180907084492834e+00
7.951226530612245380e-01 3.628367346938775313e+02 1.064400145213775462e+00 3.024538707974858909e+00
7.951226530612245380e-01 3.631836734693877702e+02 1.064283866236722886e+00 3.021900531020140779e+00
7.951226530612245380e-01 3.635306122448979522e+02 1.064167887321532335e+00 3.019266374259669927e+00
7.951226530612245380e-01 3.638775510204081911e+02 1.064052207521058779e+00 3.016636235687072620e+00
7.951226530612245380e-01 3.642244897959183731e+02 1.063936825891214077e+00 3.014010113250726430e+00
7.951226530612245380e-01 3.645714285714285552e+02 1.063821741490956985e+00 3.011388004854219425e+00
7.951226530612245380e-01 3.649183673469387941e+02 1.063706953382291154e+00 3.008769908356802247e+00
7.951226530612245380e-01 3.652653061224489761e+02 1.063592460630256475e+00 3.006155821573836651e+00
7.951226530612245380e-01 3.656122448979591582e+02 1.063478262302923971e+00 3.003545742277244468e+00
7.951226530612245380e-01 3.659591836734693970e+02 1.063364357471390909e+00 3.000939668195952592e+00
7.951226530612245380e-01 3.663061224489795791e+02 1.063250745209772807e+00 2.998337597016331291e+00
7.951226530612245380e-01 3.666530612244898180e+02 1.063137424595198111e+00 2.995739526382632079e+00
7.951226530612245380e-01 3.670000000000000000e+02 1.063024394707802855e+00 2.993145453897425590e+00
8.155103877551020952e-01 3.500000000000000000e+02 1.055971654931692205e+00 3.286617563393748220e+00
8.155103877551020952e-01 3.503469387755101820e+02 1.055864737383467977e+00 3.283433111567438889e+00
8.155103877551020952e-01 3.506938775510204209e+02 1.055758112106776725e+00 3.280253868682556639e+00
8.155103877551020952e-01 3.510408163265306030e+02 1.055651778127531415e+00 3.277079831742433669e+00
8.155103877551020952e-01 3.513877551020408418e+02 1.055545734474938602e+00 3.273910997685939961e+00
8.155103877551020952e-01 3.517346938775510239e+02 1.055439980181490434e+00 3.270747363388177842e+00
8.155103877551020952e-01 3.520816326530612059e+02 1.055334514282957992e+00 3.267588925661180532e+00
8.155103877551020952e-01 3.524285714285714448e+02 1.055229335818386405e+00 3.264435681254585830e+00
8.155103877551020952e-01 3.527755102040816269e+02 1.055124443830086189e+00 3.261287626856326227e+00
8.155103877551020952e-01 3.531224489795918089e+02 1.055019837363629698e+00 3.258144759093303922e+00
8.155103877551020952e-01 3.534693877551020478e+02 1.054915515467840459e+00 3.255007074532056510e+00
8.155103877551020952e-01 3.538163265306122298e+02 1.054811477194789848e+00 3.251874569679432003e+00
8.155103877551020952e-01 3.541632653061224687e+02 1.054707721599788206e+00 3.248747240983241635e+00
8.155103877551020952e-01 3.545102040816326507e+02 1.054604247741379064e+00 3.245625084832920226e+00
8.155103877551020952e-01 3.548571428571428328e+02 1.054501054681331373e+00 3.242508097560177660e+00
8.155103877551020952e-01 3.552040816326530717e+02 1.054398141484633511e+00 3.239396275439640593e+00
8.155103877551020952e-01 3.555510204081632537e+02 1.054295507219485506e+00 3.236289614689503047e+00
8.155103877551020952e-01 3.558979591836734926e+02 1.054193150957291714e+00 3.233188111472154347e+00
8.155103877551020952e-01 3.562448979591836746e+02 1.054091071772654598e+00 3.230091761894813729e+00
8.155103877551020952e-01 3.565918367346938567e+02 1.053989268743366958e+00 3.227000562010160500e+00
8.155103877551020952e-01 3.569387755102040956e+02 1.053887740950404162e+00 3.223914507816953545e+00
8.155103877551020952e-01 3.572857142857142776e+02 1.053786487477917921e+00 3.220833595260649496e+00
8.155103877551020952e-01 3.576326530612245165e+02 1.053685507413228306e+00 3.217757820234016020e+00
8.155103877551020952e-01 3.579795918367346985e+02 1.053584799846816411e+00 3.214687178577738447e+00
8.155103877551020952e-01 3.583265306122448806e+02 1.053484363872317253e+00 3.211621666081026394e+00
8.155103877551020952e-01 3.586734693877551194e+02 1.053384198586511777e+00 3.208561278482211065e+00
8.155103877551020952e-01 3.590204081632653015e+02 1.053284303089318419e+00 3.205506011469339001e+00
8.155103877551020952e-01 3.593673469387754835e+02 1.053184676483789328e+00 3.202455860680761823e+00
8.155103877551020952e-01 3.597142857142857224e+02 1.053085317876097715e+00 3.199410821705724661e+00
8.155103877551020952e-01 3.600612244897959044e+02 1.052986226375533629e+00 3.196370890084943017e+00
8.155103877551020952e-01 3.604081632653061433e+02 1.052887401094494857e+00 3.193336061311179197e+00
8.155103877551020952e-01 3.607551020408163254e+02 1.052788841148480037e+00 3.190306330829815185e+00
8.155103877551020952e-01 3.611020408163265074e+02 1.052690545656079779e+00 3.187281694039424185e+00
8.155103877551020952e-01 3.614489795918367463e+02 1.052592513738970004e+00 3.184262146292322182e+00
8.155103877551020952e-01 3.617959183673469283e+02 1.052494744521903502e+00 3.181247682895138595e+00
8.155103877551020952e-01 3.621428571428571672e+02 1.052397237132701724e+00 3.178238299109362952e+00
8.155103877551020952e-01 3.624897959183673493e+02 1.052299990702248111e+00 3.175233990151895558e+00
8.155103877551020952e-01 3.628367346938775313e+02 1.052203004364479000e+00 3.172234751195594615e+00
8.155103877551020952e-01 3.631836734693877702e+02 1.052106277256375844e+00 3.169240577369815792e+00
8.155103877551020952e-01 3.635306122448979522e+02 1.052009808517957445e+00 3.166251463760952678e+00
8.155103877551020952e-01 3.638775510204081911e+02 1.051913597292272851e+00 3.163267405412960365e+00
8.155103877551020952e-01 3.642244897959183731e+02 1.051817642725390911e+00 3.160288397327893239e+00
8.155103877551020952e-01 3.645714285714285552e+02 1.051721943966394512e+00 3.157314434466425901e+00
8.155103877551020952e-01 3.649183673469387941e+02 1.051626500167371914e+00 3.154345511748366082e+00
8.155103877551020952e-01 3.652653061224489761e+02 1.051531310483407422e+00 3.151381624053183117e+00
8.155103877551020952e-01 3.656122448979591582e+02 1.051436374072574731e+00 3.148422766220510205e+00
8.155103877551020952e-01 3.659591836734693970e+02 1.051341690095928039e+00 3.145468933050652893e+00
8.155103877551020952e-01 3.663061224489795791e+02 1.051247257717494499e+00 3.142520119305093562e+00
8.155103877551020952e-01 3.666530612244898180e+02 1.051153076104264450e+00 3.139576319706995022e+00
8.155103877551020952e-01 3.670000000000000000e+02 1.051059144426185199e+00 3.136637528941685904e+00
8.358981224489795414e-01 3.500000000000000000e+02 1.044409468836685839e+00 3.462607712447768993e+00
8.358981224489795414e-01 3.503469387755101820e+02 1.044322197691054610e+00 3.458962609061824178e+00
8.358981224489795414e-01 3.506938775510204209e+02 1.044235174352841744e+00 3.455324174252941472e+00
8.358981224489795414e-01 3.510408163265306030e+02 1.044148397949693496e+00 3.451692400490846246e+00
8.358981224489795414e-01 3.513877551020408418e+02 1.044061867612512184e+00 3.448067280187355088e+00
8.358981224489795414e-01 3.517346938775510239e+02 1.043975582475446195e+00 3.444448805697178262e+00
8.358981224489795414e-01 3.520816326530612059e+02 1.043889541675882437e+00 3.440836969318709304e+00
8.358981224489795414e-01 3.524285714285714448e+02 1.043803744354435459e+00 3.437231763294818165e+00
8.358981224489795414e-01 3.527755102040816269e+02 1.043718189654938344e+00 3.433633179813618153e+00
8.358981224489795414e-01 3.531224489795918089e+02 1.043632876724434944e+00 3.430041211009259072e+00
8.358981224489795414e-01 3.534693877551020478e+02 1.043547804713168325e+00 3.426455848962675965e+00
8.358981224489795414e-01 3.538163265306122298e+02 1.043462972774573227e+00 3.422877085702356936e+00
8.358981224489795414e-01 3.541632653061224687e+02 1.043378380065264732e+00 3.419304913205098551e+00
8.358981224489795414e-01 3.545102040816326507e+02 1.043294025745030718e+00 3.415739323396747018e+00
8.358981224489795414e-01 3.548571428571428328e+02 1.043209908976821421e+00 3.412180308152941155e+00
8.358981224489795414e-01 3.552040816326530717e+02 1.043126028926740112e+00 3.408627859299846907e+00
8.358981224489795414e-01 3.555510204081632537e+02 1.043042384764033326e+00 3.405081968614882104e+00
8.358981224489795414e-01 3.558979591836734926e+02 1.042958975661081755e+00 3.401542627827440324e+00
8.358981224489795414e-01 3.562448979591836746e+02 1.042875800793390262e+00 3.398009828619599659e+00
8.358981224489795414e-01 3.565918367346938567e+02 1.042792859339579215e+00 3.394483562626839923e+00
8.358981224489795414e-01 3.569387755102040956e+02 1.042710150481374054e+00 3.390963821438734538e+00
8.358981224489795414e-01 3.572857142857142776e+02 1.042627673403595079e+00 3.387450596599652641e+00
8.358981224489795414e-01 3.576326530612245165e+02 1.042545427294150118e+00 3.383943879609446093e+00
8.358981224489795414e-01 3.579795918367346985e+02 1.042463411344022539e+00 3.380443661924130705e+00
8.358981224489795414e-01 3.583265306122448806e+02 1.042381624747263036e+00 3.376949934956570143e+00
8.358981224489795414e-01 3.586734693877551194e+02 1.042300066700978745e+00 3.373462690077134507e+00
8.358981224489795414e-01 3.590204081632653015e+02 1.042218736405325252e+00 3.369981918614379790e+00
8.358981224489795414e-01 3.593673469387754835e+02 1.042137633063496382e+00 3.366507611855695803e+00
8.358981224489795414e-01 3.597142857142857224e+02 1.042056755881711982e+00 3.363039761047961651e+00
8.358981224489795414e-01 3.600612244897959044e+02 1.041976104069213260e+00 3.359578357398198101e+00
8.358981224489795414e-01 3.604081632653061433e+02 1.041895676838248130e+00 3.356123392074199963e+00
8.358981224489795414e-01 3.607551020408163254e+02 1.041815473404064329e+00 3.352674856205179132e+00
8.358981224489795414e-01 3.611020408163265074e+02 1.041735492984899425e+00 3.349232740882388981e+00
8.358981224489795414e-01 3.614489795918367463e+02 1.041655734801970379e+00 3.345797037159749188e+00
8.358981224489795414e-01 3.617959183673469283e+02 1.041576198079463778e+00 3.342367736054466576e+00
8.358981224489795414e-01 3.621428571428571672e+02 1.041496882044526950e+00 3.338944828547645294e+00
8.358981224489795414e-01 3.624897959183673493e+02 1.041417785927257755e+00 3.335528305584891662e+00
8.358981224489795414e-01 3.628367346938775313e+02 1.041338908960693921e+00 3.332118158076914582e+00
8.358981224489795414e-01 3.631836734693877702e+02 1.041260250380805275e+00 3.328714376900130834e+00
8.358981224489795414e-01 3.635306122448979522e+02 1.041181809426483307e+00 3.325316952897241940e+00
8.358981224489795414e-01 3.638775510204081911e+02 1.041103585339529403e+00 3.321925876877827477e+00
8.358981224489795414e-01 3.642244897959183731e+02 1.041025577364648402e+00 3.318541139618918390e+00
8.358981224489795414e-01 3.645714285714285552e+02 1.040947784749436611e+00 3.315162731865577417e+00
8.358981224489795414e-01 3.649183673469387941e+02 1.040870206744372917e+00 3.311790644331460420e+00
8.358981224489795414e-01 3.652653061224489761e+02 1.040792842602807911e+00 3.308424867699385263e+00
8.358981224489795414e-01 3.656122448979591582e+02 1.040715691580956559e+00 3.305065392621885145e+00
8.358981224489795414e-01 3.659591836734693970e+02 1.040638752937885769e+00 3.301712209721763269e+00
8.358981224489795414e-01 3.663061224489795791e+02 1.040562025935506840e+00 3.298365309592641292e+00
8.358981224489795414e-01 3.666530612244898180e+02 1.040485509838563472e+00 3.295024682799499782e+00
8.358981224489795414e-01 3.670000000000000000e+02 1.040409203914624880e+00 3.291690319879213789e+00
8.562858571428570986e-01 3.500000000000000000e+02 1.034201690962945674e+00 3.654736475068072199e+00
8.562858571428570986e-01 3.503469387755101820e+02 1.034132490136179250e+00 3.650554695084310630e+00
8.562858571428570986e-01 3.506938775510204209e+02 1.034063493575997139e+00 3.646381436345404126e+00
8.562858571428570986e-01 3.510408163265306030e+02 1.033994700523217736e+00 3.642216684656859549e+00
8.562858571428570986e-01 3.513877551020408418e+02 1.033926110221763395e+00 3.638060425783791629e+00
8.562858571428570986e-01 3.517346938775510239e+02 1.033857721918646888e+00 3.633912645451795598e+00
8.562858571428570986e-01 3.520816326530612059e+02 1.033789534863961190e+00 3.629773329347794952e+00
8.562858571428570986e-01 3.524285714285714448e+02 1.033721548310868599e+00 3.625642463120898107e+00
8.562858571428570986e-01 3.527755102040816269e+02 1.033653761515587632e+00 3.621520032383233278e+00
8.562858571428570986e-01 3.531224489795918089e+02 1.033586173737384373e+00 3.617406022710779379e+00
8.562858571428570986e-01 3.534693877551020478e+02 1.033518784238559363e+00 3.613300419644197792e+00
8.562858571428570986e-01 3.538163265306122298e+02 1.033451592284436504e+00 3.609203208689628628e+00
8.562858571428570986e-01 3.541632653061224687e+02 1.033384597143353290e+00 3.605114375319509623e+00
8.562858571428570986e-01 3.545102040816326507e+02 1.033317798086647255e+00 3.601033904973373279e+00
8.562858571428570986e-01 3.548571428571428328e+02 1.033251194388647098e+00 3.596961783058626683e+00
8.562858571428570986e-01 3.552040816326530717e+02 1.033184785326660249e+00 3.592897994951337548e+00
8.562858571428570986e-01 3.555510204081632537e+02 1.033118570180961537e+00 3.588842525997010924e+00
8.562858571428570986e-01 3.558979591836734926e+02 1.033052548234782764e+00 3.584795361511342815e+00
8.562858571428570986e-01 3.562448979591836746e+02 1.032986718774300927e+00 3.580756486780982684e+00
8.562858571428570986e-01 3.565918367346938567e+02 1.032921081088627568e+00 3.576725887064281295e+00
8.562858571428570986e-01 3.569387755102040956e+02 1.032855634469797446e+00 3.572703547592028794e+00
8.562858571428570986e-01 3.572857142857142776e+02 1.032790378212756988e+00 3.568689453568192338e+00
8.562858571428570986e-01 3.576326530612245165e+02 1.032725311615353414e+00 3.564683590170630634e+00
8.562858571428570986e-01 3.579795918367346985e+02 1.032660433978324965e+00 3.560685942551816918e+00
8.562858571428570986e-01 3.583265306122448806e+02 1.032595744605287358e+00 3.556696495839552608e+00
8.562858571428570986e-01 3.586734693877551194e+02 1.032531242802724902e+00 3.552715235137655192e+00
8.562858571428570986e-01 3.590204081632653015e+02 1.032466927879978069e+00 3.548742145526667890e+00
8.562858571428570986e-01 3.593673469387754835e+02 1.032402799149233052e+00 3.544777212064534222e+00
8.562858571428570986e-01 3.597142857142857224e+02 1.032338855925510890e+00 3.540820419787283679e+00
8.562858571428570986e-01 3.600612244897959044e+02 1.032275097526656804e+00 3.536871753709699195e+00
8.562858571428570986e-01 3.604081632653061433e+02 1.032211523273327325e+00 3.532931198825981944e+00
8.562858571428570986e-01 3.607551020408163254e+02 1.032148132488982073e+00 3.528998740110413479e+00
8.562858571428570986e-01 3.611020408163265074e+02 1.032084924499871104e+00 3.525074362517999216e+00
8.562858571428570986e-01 3.614489795918367463e+02 1.032021898635023804e+00 3.521158050985116361e+00
8.562858571428570986e-01 3.617959183673469283e+02 1.031959054226239569e+00 3.517249790430143630e+00
8.562858571428570986e-01 3.621428571428571672e+02 1.031896390608074476e+00 3.513349565754098069e+00
8.562858571428570986e-01 3.624897959183673493e+02 1.031833907117833737e+00 3.509457361841249678e+00
8.562858571428570986e-01 3.628367346938775313e+02 1.031771603095557266e+00 3.505573163559740024e+00
8.562858571428570986e-01 3.631836734693877702e+02 1.031709477884011461e+00 3.501696955762190200e+00
8.562858571428570986e-01 3.635306122448979522e+02 1.031647530828678105e+00 3.497828723286304786e+00
8.562858571428570986e-01 3.638775510204081911e+02 1.031585761277741708e+00 3.493968450955458938e+00
8.562858571428570986e-01 3.642244897959183731e+02 1.031524168582081069e+00 3.490116123579293905e+00
8.562858571428570986e-01 3.645714285714285552e+02 1.031462752095257507e+00 3.486271725954296574e+00
8.562858571428570986e-01 3.649183673469387941e+02 1.031401511173503538e+00 3.482435242864373226e+00
8.562858571428570986e-01 3.652653061224489761e+02 1.031340445175713771e+00 3.478606659081419750e+00
8.562858571428570986e-01 3.656122448979591582e+02 1.031279553463432919e+00 3.474785959365882526e+00
8.562858571428570986e-01 3.659591836734693970e+02 1.031218835400846023e+00 3.470973128467315316e+00
8.562858571428570986e-01 3.663061224489795791e+02 1.031158290354766471e+00 3.467168151124928599e+00
8.562858571428570986e-01 3.666530612244898180e+02 1.031097917694627553e+00 3.463371012068133581e+00
8.562858571428570986e-01 3.670000000000000000e+02 1.031037716792470027e+00 3.459581696017076435e+00
8.766735918367346558e-01 3.500000000000000000e+02 1.025324609980357682e+00 3.865060382014704476e+00
8.766735918367346558e-01 3.503469387755101820e+02 1.025271808541942775e+00 3.860251367409575973e+00
8.766735918367346558e-01 3.506938775510204209e+02 1.025219169257572505e+00 3.855453228442641489e+00
8.766735918367346558e-01 3.510408163265306030e+02 1.025166691491173676e+00 3.850665941272872761e+00
8.766735918367346558e-01 3.513877551020408418e+02 1.025114374609499057e+00 3.845889482054129171e+00
8.766735918367346558e-01 3.517346938775510239e+02 1.025062217982117163e+00 3.841123826935998409e+00
8.766735918367346558e-01 3.520816326530612059e+02 1.025010220981398934e+00 3.836368952064624693e+00
8.766735918367346558e-01 3.524285714285714448e+02 1.024958382982505078e+00 3.831624833583532563e+00
8.766735918367346558e-01 3.527755102040816269e+02 1.024906703363375637e+00 3.826891447634423571e+00
8.766735918367346558e-01 3.531224489795918089e+02 1.024855181504715773e+00 3.822168770357993406e+00
8.766735918367346558e-01 3.534693877551020478e+02 1.024803816789985556e+00 3.817456777894698838e+00
8.766735918367346558e-01 3.538163265306122298e+02 1.024752608605385085e+00 3.812755446385553082e+00
8.766735918367346558e-01 3.541632653061224687e+02 1.024701556339845832e+00 3.808064751972882522e+00
8.766735918367346558e-01 3.545102040816326507e+02 1.024650659385016427e+00 3.803384670801087886e+00
8.766735918367346558e-01 3.548571428571428328e+02 1.024599917135250671e+00 3.798715179017393417e+00
8.766735918367346558e-01 3.552040816326530717e+02 1.024549328987596652e+00 3.794056252772582738e+00
8.766735918367346558e-01 3.555510204081632537e+02 1.024498894341784316e+00 3.789407868221724929e+00
8.766735918367346558e-01 3.558979591836734926e+02 1.024448612600212360e+00 3.784770001524898397e+00
8.766735918367346558e-01 3.562448979591836746e+02 1.024398483167938911e+00 3.780142628847896535e+00
8.766735918367346558e-01 3.565918367346938567e+02 1.024348505452667313e+00 3.775525726362924495e+00
8.766735918367346558e-01 3.569387755102040956e+02 1.024298678864735690e+00 3.770919270249296407e+00
8.766735918367346558e-01 3.572857142857142776e+02 1.024249002817104959e+00 3.766323236694112619e+00
8.766735918367346558e-01 3.576326530612245165e+02 1.024199476725346170e+00 3.761737601892926719e+00
8.766735918367346558e-01 3.579795918367346985e+02 1.024150100007630071e+00 3.757162342050417436e+00
8.766735918367346558e-01 3.583265306122448806e+02 1.024100872084715563e+00 3.752597433381034797e+00
8.766735918367346558e-01 3.586734693877551194e+02 1.024051792379937265e+00 3.748042852109649825e+00
8.766735918367346558e-01 3.590204081632653015e+02 1.024002860319193298e+00 3.743498574472192253e+00
8.766735918367346558e-01 3.593673469387754835e+02 1.023954075330935964e+00 3.738964576716264254e+00
8.766735918367346558e-01 3.597142857142857224e+02 1.023905436846158645e+00 3.734440835101784373e+00
8.766735918367346558e-01 3.600612244897959044e+02 1.023856944298384031e+00 3.729927325901571056e+00
8.766735918367346558e-01 3.604081632653061433e+02 1.023808597123654573e+00 3.725424025401960826e+00
8.766735918367346558e-01 3.607551020408163254e+02 1.023760394760518500e+00 3.720930909903397588e+00
8.766735918367346558e-01 3.611020408163265074e+02 1.023712336650021149e+00 3.716447955721021490e+00
8.766735918367346558e-01 3.614489795918367463e+02 1.023664422235692317e+00 3.711975139185234696e+00
8.766735918367346558e-01 3.617959183673469283e+02 1.023616650963534269e+00 3.707512436642282250e+00
8.766735918367346558e-01 3.621428571428571672e+02 1.023569022282012186e+00 3.703059824454808524e+00
8.766735918367346558e-01 3.624897959183673493e+02 1.023521535642041735e+00 3.698617279002411884e+00
8.766735918367346558e-01 3.628367346938775313e+02 1.023474190496978853e+00 3.694184776682185589e+00
8.766735918367346558e-01 3.631836734693877702e+02 1.023426986302607533e+00 3.689762293909259139e+00
8.766735918367346558e-01 3.635306122448979522e+02 1.023379922517129836e+00 3.685349807117329846e+00
8.766735918367346558e-01 3.638775510204081911e+02 1.023332998601155008e+00 3.680947292759176648e+00
8.766735918367346558e-01 3.642244897959183731e+02 1.023286214017686602e+00 3.676554727307183690e+00
8.766735918367346558e-01 3.645714285714285552e+02 1.023239568232114260e+00 3.672172087253845696e+00
8.766735918367346558e-01 3.649183673469387941e+02 1.023193060712200397e+00 3.667799349112259133e+00
8.766735918367346558e-01 3.652653061224489761e+02 1.023146690928070868e+00 3.663436489416628028e+00
8.766735918367346558e-01 3.656122448979591582e+02 1.023100458352203868e+00 3.659083484722742252e+00
8.766735918367346558e-01 3.659591836734693970e+02 1.023054362459418387e+00 3.654740311608451808e+00
8.766735918367346558e-01 3.663061224489795791e+02 1.023008402726864663e+00 3.650406946674146003e+00
8.766735918367346558e-01 3.666530612244898180e+02 1.022962578634012631e+00 3.646083366543211302e+00
8.766735918367346558e-01 3.670000000000000000e+02 1.022916889662641049e+00 3.641769547862494072e+00
8.970613265306122130e-01 3.500000000000000000e+02 1.017764787469820797e+00 4.095972592804212553e+00
8.970613265306122130e-01 3.503469387755101820e+02 1.017726585056117683e+00 4.090428022764745819e+00
8.970613265306122130e-01 3.506938775510204209e+02 1.017688504805739136e+00 4.084897325477935937e+00
8.970613265306122130e-01 3.510408163265306030e+02 1.017650546213008766e+00 4.079380463286026881e+00
8.970613265306122130e-01 3.513877551020408418e+02 1.017612708774681796e+00 4.073877398589586640e+00
8.970613265306122130e-01 3.517346938775510239e+02 1.017574991989934396e+00 4.068388093848136045e+00
8.970613265306122130e-01 3.520816326530612059e+02 1.017537395360349262e+00 4.062912511580770492e+00
8.970613265306122130e-01 3.524285714285714448e+02 1.017499918389905167e+00 4.057450614366769237e+00
8.970613265306122130e-01 3.527755102040816269e+02 1.017462560584963427e+00 4.052002364846191362e+00
8.970613265306122130e-01 3.531224489795918089e+02 1.017425321454257459e+00 4.046567725720464637e+00
8.970613265306122130e-01 3.534693877551020478e+02 1.017388200508879015e+00 4.041146659752961057e+00
8.970613265306122130e-01 3.538163265306122298e+02 1.017351197262268636e+00 4.035739129769559952e+00
8.970613265306122130e-01 3.541632653061224687e+02 1.017314311230200996e+00 4.030345098659202208e+00
8.970613265306122130e-01 3.545102040816326507e+02 1.017277541930776019e+00 4.024964529374433830e+00
8.970613265306122130e-01 3.548571428571428328e+02 1.017240888884404226e+00 4.019597384931938855e+00
8.970613265306122130e-01 3.552040816326530717e+02 1.017204351613797630e+00 4.014243628413058040e+00
8.970613265306122130e-01 3.555510204081632537e+02 1.017167929643955748e+00 4.008903222964306678e+00
8.970613265306122130e-01 3.558979591836734926e+02 1.017131622502155830e+00 4.003576131797869309e+00
8.970613265306122130e-01 3.562448979591836746e+02 1.017095429717941313e+00 3.998262318192092657e+00
8.970613265306122130e-01 3.565918367346938567e+02 1.017059350823107611e+00 3.992961745491972358e+00
8.970613265306122130e-01 3.569387755102040956e+02 1.017023385351695230e+00 3.987674377109616586e+00
8.970613265306122130e-01 3.572857142857142776e+02 1.016987532839974007e+00 3.982400176524716340e+00
8.970613265306122130e-01 3.576326530612245165e+02 1.016951792826434664e+00 3.977139107284987318e+00
8.970613265306122130e-01 3.579795918367346985e+02 1.016916164851775495e+00 3.971891133006624663e+00
8.970613265306122130e-01 3.583265306122448806e+02 1.016880648458893699e+00 3.966656217374722182e+00
8.970613265306122130e-01 3.586734693877551194e+02 1.016845243192870507e+00 3.961434324143712438e+00
8.970613265306122130e-01 3.590204081632653015e+02 1.016809948600964519e+00 3.956225417137771316e+00
8.970613265306122130e-01 3.593673469387754835e+02 1.016774764232596384e+00 3.951029460251225256e+00
8.970613265306122130e-01 3.597142857142857224e+02 1.016739689639340805e+00 3.945846417448950927e+00
8.970613265306122130e-01 3.600612244897959044e+02 1.016704724374914104e+00 3.940676252766763810e+00
8.970613265306122130e-01 3.604081632653061433e+02 1.016669867995163345e+00 3.935518930311792563e+00
8.970613265306122130e-01 3.607551020408163254e+02 1.016635120058056119e+00 3.930374414262860050e+00
8.970613265306122130e-01 3.611020408163265074e+02 1.016600480123669881e+00 3.925242668870832841e+00
8.970613265306122130e-01 3.614489795918367463e+02 1.016565947754179078e+00 3.920123658458992022e+00
8.970613265306122130e-01 3.617959183673469283e+02 1.016531522513847596e+00 3.915017347423360938e+00
8.970613265306122130e-01 3.621428571428571672e+02 1.016497203969015661e+00 3.909923700233059574e+00
8.970613265306122130e-01 3.624897959183673493e+02 1.016462991688090511e+00 3.904842681430622964e+00
8.970613265306122130e-01 3.628367346938775313e+02 1.016428885241535518e+00 3.899774255632328046e+00
8.970613265306122130e-01 3.631836734693877702e+02 1.016394884201858417e+00 3.894718387528504522e+00
8.970613265306122130e-01 3.635306122448979522e+02 1.016360988143603761e+00 3.889675041883853268e+00
8.970613265306122130e-01 3.638775510204081911e+02 1.016327196643339148e+00 3.884644183537723450e+00
8.970613265306122130e-01 3.642244897959183731e+02 1.016293509279647234e+00 3.879625777404424714e+00
8.970613265306122130e-01 3.645714285714285552e+02 1.016259925633114625e+00 3.874619788473499415e+00
8.970613265306122130e-01 3.649183673469387941e+02 1.016226445286321223e+00 3.869626181809998400e+00
8.970613265306122130e-01 3.652653061224489761e+02 1.016193067823830676e+00 3.864644922554760331e+00
8.970613265306122130e-01 3.656122448979591582e+02 1.016159792832179498e+00 3.859675975924662605e+00
8.970613265306122130e-01 3.659591836734693970e+02 1.016126619899868189e+00 3.854719307212879809e+00
8.970613265306122130e-01 3.663061224489795791e+02 1.016093548617349906e+00 3.849774881789135961e+00
8.970613265306122130e-01 3.666530612244898180e+02 1.016060578577020479e+00 3.844842665099940771e+00
8.970613265306122130e-01 3.670000000000000000e+02 1.016027709373209742e+00 3.839922622668824559e+00
9.174490612244897703e-01 3.500000000000000000e+02 1.011519140135963779e+00 4.350270439234686926e+00
9.174490612244897703e-01 3.503469387755101820e+02 1.011493566843988834e+00 4.343860171049836794e+00
9.174490612244897703e-01 3.506938775510204209e+02 1.011468078782784552e+00 4.337467599274183350e+00
9.174490612244897703e-01 3.510408163265306030e+02 1.011442675580084272e+00 4.331092666600822483e+00
9.174490612244897703e-01 3.513877551020408418e+02 1.011417356865551342e+00 4.324735315888638354e+00
9.174490612244897703e-01 3.517346938775510239e+02 1.011392122270766247e+00 4.318395490162388661e+00
9.174490612244897703e-01 3.520816326530612059e+02 1.011366971429217498e+00 4.312073132612774806e+00
9.174490612244897703e-01 3.524285714285714448e+02 1.011341903976290091e+00 4.305768186596516500e+00
9.174490612244897703e-01 3.527755102040816269e+02 1.011316919549254401e+00 4.299480595636396174e+00
9.174490612244897703e-01 3.531224489795918089e+02 1.011292017787256192e+00 4.293210303421314933e+00
9.174490612244897703e-01 3.534693877551020478e+02 1.011267198331305295e+00 4.286957253806318313e+00
9.174490612244897703e-01 3.538163265306122298e+02 1.011242460824266276e+00 4.280721390812634475e+00
9.174490612244897703e-01 3.541632653061224687e+02 1.011217804910845119e+00 4.274502658627683083e+00
9.174490612244897703e-01 3.545102040816326507e+02 1.011193230237583007e+00 4.268301001605091294e+00
9.174490612244897703e-01 3.548571428571428328e+02 1.011168736452842332e+00 4.262116364264686652e+00
9.174490612244897703e-01 3.552040816326530717e+02 1.011144323206797369e+00 4.255948691292493535e+00
9.174490612244897703e-01 3.555510204081632537e+02 1.011119990151424952e+00 4.249797927540710951e+00
9.174490612244897703e-01 3.558979591836734926e+02 1.011095736940493817e+00 4.243664018027689444e+00
9.174490612244897703e-01 3.562448979591836746e+02 1.011071563229553050e+00 4.237546907937895568e+00
9.174490612244897703e-01 3.565918367346938567e+02 1.011047468675924321e+00 4.231446542621870144e+00
9.174490612244897703e-01 3.569387755102040956e+02 1.011023452938689893e+00 4.225362867596177630e+00
9.174490612244897703e-01 3.572857142857142776e+02 1.010999515678683736e+00 4.219295828543345728e+00
9.174490612244897703e-01 3.576326530612245165e+02 1.010975656558481317e+00 4.213245371311804099e+00
9.174490612244897703e-01 3.579795918367346985e+02 1.010951875242389164e+00 4.207211441915795547e+00
9.174490612244897703e-01 3.583265306122448806e+02 1.010928171396436648e+00 4.201193986535317393e+00
9.174490612244897703e-01 3.586734693877551194e+02 1.010904544688363993e+00 4.195192951516011348e+00
9.174490612244897703e-01 3.590204081632653015e+02 1.010880994787614284e+00 4.189208283369082686e+00
9.174490612244897703e-01 3.593673469387754835e+02 1.010857521365322809e+00 4.183239928771183891e+00
9.174490612244897703e-01 3.597142857142857224e+02 1.010834124094308617e+00 4.177287834564314295e+00
9.174490612244897703e-01 3.600612244897959044e+02 1.010810802649063644e+00 4.171351947755698397e+00
9.174490612244897703e-01 3.604081632653061433e+02 1.010787556705744050e+00 4.165432215517659742e+00
9.174490612244897703e-01 3.607551020408163254e+02 1.010764385942160892e+00 4.159528585187497463e+00
9.174490612244897703e-01 3.611020408163265074e+02 1.010741290037770135e+00 4.153641004267336179e+00
9.174490612244897703e-01 3.614489795918367463e+02 1.010718268673663545e+00 4.147769420423996323e+00
9.174490612244897703e-01 3.617959183673469283e+02 1.010695321532559809e+00 4.141913781488835156e+00
9.174490612244897703e-01 3.621428571428571672e+02 1.010672448298794990e+00 4.136074035457591336e+00
9.174490612244897703e-01 3.624897959183673493e+02 1.010649648658313637e+00 4.130250130490228599e+00
9.174490612244897703e-01 3.628367346938775313e+02 1.010626922298658803e+00 4.124442014910757237e+00
9.174490612244897703e-01 3.631836734693877702e+02 1.010604268908964709e+00 4.118649637207066228e+00
9.174490612244897703e-01 3.635306122448979522e+02 1.010581688179945425e+00 4.112872946030747379e+00
9.174490612244897703e-01 3.638775510204081911e+02 1.010559179803888430e+00 4.107111890196899928e+00
9.174490612244897703e-01 3.642244897959183731e+02 1.010536743474643728e+00 4.101366418683944026e+00
9.174490612244897703e-01 3.645714285714285552e+02 1.010514378887615639e+00 4.095636480633426224e+00
9.174490612244897703e-01 3.649183673469387941e+02 1.010492085739755019e+00 4.089922025349811641e+00
9.174490612244897703e-01 3.652653061224489761e+02 1.010469863729549056e+00 4.084223002300282346e+00
9.174490612244897703e-01 3.656122448979591582e+02 1.010447712557012823e+00 4.078539361114521533e+00
9.174490612244897703e-01 3.659591836734693970e+02 1.010425631923681511e+00 4.072871051584497692e+00
9.174490612244897703e-01 3.663061224489795791e+02 1.010403621532601104e+00 4.067218023664239901e+00
9.174490612244897703e-01 3.666530612244898180e+02 1.010381681088320383e+00 4.061580227469614890e+00
9.174490612244897703e-01 3.670000000000000000e+02 1.010359810296881156e+00 4.055957613278090790e+00
9.378367959183673275e-01 3.500000000000000000e+02 1.006595229440630179e+00 4.631239119314258801e+00
9.378367959183673275e-01 3.503469387755101820e+02 1.006580098653791389e+00 4.623806056199047276e+00
9.378367959183673275e-01 3.506938775510204209e+02 1.006565020473994210e+00 4.616395580645111352e+00
9.378367959183673275e-01 3.510408163265306030e+02 1.006549994658772373e+00 4.609007607528697648e+00
9.378367959183673275e-01 3.513877551020408418e+02 1.006535020967008087e+00 4.601642052067543176e+00
9.378367959183673275e-01 3.517346938775510239e+02 1.006520099158924042e+00 4.594298829819846830e+00
9.378367959183673275e-01 3.520816326530612059e+02 1.006505228996077417e+00 4.586977856683158272e+00
9.378367959183673275e-01 3.524285714285714448e+02 1.006490410241347888e+00 4.579679048893341431e+00
9.378367959183673275e-01 3.527755102040816269e+02 1.006475642658931413e+00 4.572402323023476711e+00
9.378367959183673275e-01 3.531224489795918089e+02 1.006460926014332236e+00 4.565147595982800510e+00
9.378367959183673275e-01 3.534693877551020478e+02 1.006446260074353338e+00 4.557914785015618975e+00
9.378367959183673275e-01 3.538163265306122298e+02 1.006431644607088449e+00 4.550703807700222647e+00
9.378367959183673275e-01 3.541632653061224687e+02 1.006417079381916269e+00 4.543514581947809994e+00
9.378367959183673275e-01 3.545102040816326507e+02 1.006402564169488478e+00 4.536347026001389615e+00
9.378367959183673275e-01 3.548571428571428328e+02 1.006388098741725967e+00 4.529201058434702887e+00
9.378367959183673275e-01 3.552040816326530717e+02 1.006373682871806841e+00 4.522076598151128835e+00
9.378367959183673275e-01 3.555510204081632537e+02 1.006359316334161980e+00 4.514973564382582794e+00
9.378367959183673275e-01 3.558979591836734926e+02 1.006344998904465049e+00 4.507891876688434607e+00
9.378367959183673275e-01 3.562448979591836746e+02 1.006330730359626058e+00 4.500831454954404620e+00
9.378367959183673275e-01 3.565918367346938567e+02 1.006316510477781589e+00 4.493792219391464116e+00
9.378367959183673275e-01 3.569387755102040956e+02 1.006302339038290361e+00 4.486774090534741966e+00
9.378367959183673275e-01 3.572857142857142776e+02 1.006288215821722565e+00 4.479776989242417073e+00
9.378367959183673275e-01 3.576326530612245165e+02 1.006274140609854095e+00 4.472800836694622362e+00
9.378367959183673275e-01 3.579795918367346985e+02 1.006260113185657668e+00 4.465845554392333661e+00
9.378367959183673275e-01 3.583265306122448806e+02 1.006246133333297710e+00 4.458911064156270143e+00
9.378367959183673275e-01 3.586734693877551194e+02 1.006232200838119484e+00 4.451997288125788543e+00
9.378367959183673275e-01 3.590204081632653015e+02 1.006218315486644865e+00 4.445104148757775597e+00
9.378367959183673275e-01 3.593673469387754835e+02 1.006204477066563019e+00 4.438231568825537821e+00
9.378367959183673275e-01 3.597142857142857224e+02 1.006190685366724846e+00 4.431379471417702831e+00
9.378367959183673275e-01 3.600612244897959044e+02 1.006176940177133661e+00 4.424547779937101133e+00
9.378367959183673275e-01 3.604081632653061433e+02 1.006163241288940080e+00 4.417736418099657669e+00
9.378367959183673275e-01 3.607551020408163254e+02 1.006149588494432701e+00 4.410945309933292258e+00
9.378367959183673275e-01 3.611020408163265074e+02 1.006135981587033656e+00 4.404174379776799597e+00
9.378367959183673275e-01 3.614489795918367463e+02 1.006122420361289960e+00 4.397423552278738157e+00
9.378367959183673275e-01 3.617959183673469283e+02 1.006108904612865729e+00 4.390692752396331500e+00
9.378367959183673275e-01 3.621428571428571672e+02 1.006095434138537525e+00 4.383981905394347400e+00
9.378367959183673275e-01 3.624897959183673493e+02 1.006082008736185252e+00 4.377290936843997393e+00
9.378367959183673275e-01 3.628367346938775313e+02 1.006068628204787041e+00 4.370619772621809673e+00
9.378367959183673275e-01 3.631836734693877702e+02 1.006055292344411489e+00 4.363968338908538414e+00
9.378367959183673275e-01 3.635306122448979522e+02 1.006042000956210547e+00 4.357336562188048212e+00
9.378367959183673275e-01 3.638775510204081911e+02 1.006028753842414414e+00 4.350724369246194989e+00
9.378367959183673275e-01 3.642244897959183731e+02 1.006015550806323100e+00 4.344131687169729084e+00
9.378367959183673275e-01 3.645714285714285552e+02 1.006002391652300654e+00 4.337558443345185033e+00
9.378367959183673275e-01 3.649183673469387941e+02 1.005989276185768722e+00 4.331004565457764244e+00
9.378367959183673275e-01 3.652653061224489761e+02 1.005976204213199665e+00 4.324469981490240755e+00
9.378367959183673275e-01 3.656122448979591582e+02 1.005963175542109678e+00 4.317954619721847465e+00
9.378367959183673275e-01 3.659591836734693970e+02 1.005950189981054121e+00 4.311458408727165903e+00
9.378367959183673275e-01 3.663061224489795791e+02 1.005937247339618423e+00 4.304981277375037330e+00
9.378367959183673275e-01 3.666530612244898180e+02 1.005924347428414301e+00 4.298523154827436521e+00
9.378367959183673275e-01 3.670000000000000000e+02 1.005911490059071323e+00 4.292083970538394411e+00
9.582245306122448847e-01 3.500000000000000000e+02 1.003011775212474088e+00 4.942756050130431511e+00
9.582245306122448847e-01 3.503469387755101820e+02 1.003004627425116979e+00 4.934109610895482056e+00
9.582245306122448847e-01 3.506938775510204209e+02 1.002997505589238170e+00 4.925492035550320225e+00
9.582245306122448847e-01 3.510408163265306030e+02 1.002990409578596420e+00 4.916903199690488613e+00
9.582245306122448847e-01 3.513877551020408418e+02 1.002983339267703666e+00 4.908342979533989237e+00
9.582245306122448847e-01 3.517346938775510239e+02 1.002976294531820800e+00 4.899811251918039900e+00
9.582245306122448847e-01 3.520816326530612059e+02 1.002969275246949010e+00 4.891307894295802150e+00
9.582245306122448847e-01 3.524285714285714448e+02 1.002962281289828228e+00 4.882832784733167841e+00
9.582245306122448847e-01 3.527755102040816269e+02 1.002955312537929133e+00 4.874385801905530613e+00
9.582245306122448847e-01 3.531224489795918089e+02 1.002948368869450935e+00 4.865966825094594661e+00
9.582245306122448847e-01 3.534693877551020478e+02 1.002941450163314707e+00 4.857575734185171967e+00
9.582245306122448847e-01 3.538163265306122298e+02 1.002934556299157176e+00 4.849212409662019496e+00
9.582245306122448847e-01 3.541632653061224687e+02 1.002927687157329606e+00 4.840876732606679944e+00
9.582245306122448847e-01 3.545102040816326507e+02 1.002920842618888919e+00 4.832568584694328706e+00
9.582245306122448847e-01 3.548571428571428328e+02 1.002914022565595031e+00 4.824287848190660810e+00
9.582245306122448847e-01 3.552040816326530717e+02 1.002907226879905966e+00 4.816034405948752095e+00
9.582245306122448847e-01 3.555510204081632537e+02 1.002900455444972083e+00 4.807808141405984337e+00
9.582245306122448847e-01 3.558979591836734926e+02 1.002893708144632079e+00 4.799608938580946393e+00
9.582245306122448847e-01 3.562448979591836746e+02 1.002886984863408770e+00 4.791436682070354003e+00
9.582245306122448847e-01 3.565918367346938567e+02 1.002880285486502876e+00 4.783291257046019318e+00
9.582245306122448847e-01 3.569387755102040956e+02 1.002873609899789908e+00 4.775172549251780474e+00
9.582245306122448847e-01 3.572857142857142776e+02 1.002866957989814845e+00 4.767080445000492439e+00
9.582245306122448847e-01 3.576326530612245165e+02 1.002860329643787463e+00 4.759014831171013427e+00
9.582245306122448847e-01 3.579795918367346985e+02 1.002853724749578346e+00 4.750975595205188640e+00
9.582245306122448847e-01 3.583265306122448806e+02 1.002847143195714219e+00 4.742962625104889085e+00
9.582245306122448847e-01 3.586734693877551194e+02 1.002840584871373286e+00 4.734975809429027294e+00
9.582245306122448847e-01 3.590204081632653015e+02 1.002834049666380345e+00 4.727015037290606791e+00
9.582245306122448847e-01 3.593673469387754835e+02 1.002827537471204122e+00 4.719080198353777789e+00
9.582245306122448847e-01 3.597142857142857224e+02 1.002821048176950613e+00 4.711171182830922177e+00
9.582245306122448847e-01 3.600612244897959044e+02 1.002814581675360195e+00 4.703287881479718102e+00
9.582245306122448847e-01 3.604081632653061433e+02 1.002808137858804072e+00 4.695430185600265816e+00
9.582245306122448847e-01 3.607551020408163254e+02 1.002801716620276951e+00 4.687597987032190439e+00
9.582245306122448847e-01 3.611020408163265074e+02 1.002795317853396817e+00 4.679791178151776698e+00
9.582245306122448847e-01 3.614489795918367463e+02 1.002788941452398053e+00 4.672009651869108993e+00
9.582245306122448847e-01 3.617959183673469283e+02 1.002782587312127882e+00 4.664253301625236325e+00
9.582245306122448847e-01 3.621428571428571672e+02 1.002776255328041710e+00 4.656522021389343458e+00
9.582245306122448847e-01 3.624897959183673493e+02 1.002769945396201123e+00 4.648815705655931829e+00
9.582245306122448847e-01 3.628367346938775313e+02 1.002763657413267673e+00 4.641134249442027127e+00
9.582245306122448847e-01 3.631836734693877702e+02 1.002757391276498877e+00 4.633477548284388625e+00
9.582245306122448847e-01 3.635306122448979522e+02 1.002751146883746003e+00 4.625845498236751396e+00
9.582245306122448847e-01 3.638775510204081911e+02 1.002744924133448512e+00 4.618237995867045420e+00
9.582245306122448847e-01 3.642244897959183731e+02 1.002738722924629844e+00 4.610654938254675983e+00
9.582245306122448847e-01 3.645714285714285552e+02 1.002732543156895195e+00 4.603096222987779207e+00
9.582245306122448847e-01 3.649183673469387941e+02 1.002726384730426190e+00 4.595561748160509552e+00
9.582245306122448847e-01 3.652653061224489761e+02 1.002720247545977994e+00 4.588051412370343307e+00
9.582245306122448847e-01 3.656122448979591582e+02 1.002714131504873762e+00 4.580565114715386521e+00
9.582245306122448847e-01 3.659591836734693970e+02 1.002708036509002865e+00 4.573102754791692703e+00
9.582245306122448847e-01 3.663061224489795791e+02 1.002701962460817109e+00 4.565664232690619606e+00
9.582245306122448847e-01 3.666530612244898180e+02 1.002695909263324525e+00 4.558249448996167352e+00
9.582245306122448847e-01 3.670000000000000000e+02 1.002689876820088033e+00 4.550858304782350316e+00
9.786122653061224419e-01 3.500000000000000000e+02 1.000799418839805055e+00 5.289421836350988393e+00
9.786122653061224419e-01 3.503469387755101820e+02 1.000797454038307777e+00 5.279329589941602840e+00
9.786122653061224419e-01 3.506938775510204209e+02 1.000795496694032449e+00 5.269274290381643411e+00
9.786122653061224419e-01 3.510408163265306030e+02 1.000793546768682596e+00 5.259255757845046730e+00
9.786122653061224419e-01 3.513877551020408418e+02 1.000791604224204656e+00 5.249273813571042169e+00
9.786122653061224419e-01 3.517346938775510239e+02 1.000789669022788431e+00 5.239328279856924730e+00
9.786122653061224419e-01 3.520816326530612059e+02 1.000787741126863306e+00 5.229418980050824395e+00
9.786122653061224419e-01 3.524285714285714448e+02 1.000785820499098255e+00 5.219545738544620228e+00
9.786122653061224419e-01 3.527755102040816269e+02 1.000783907102398285e+00 5.209708380766802094e+00
9.786122653061224419e-01 3.531224489795918089e+02 1.000782000899903768e+00 5.199906733175479800e+00
9.786122653061224419e-01 3.534693877551020478e+02 1.000780101854988891e+00 5.190140623251388696e+00
9.786122653061224419e-01 3.538163265306122298e+02 1.000778209931258989e+00 5.180409879490956548e+00
9.786122653061224419e-01 3.541632653061224687e+02 1.000776325092549213e+00 5.170714331399440589e+00
9.786122653061224419e-01 3.545102040816326507e+02 1.000774447302923864e+00 5.161053809484086763e+00
9.786122653061224419e-01 3.548571428571428328e+02 1.000772576526671953e+00 5.151428145247372470e+00
9.786122653061224419e-01 3.552040816326530717e+02 1.000770712728308753e+00 5.141837171180270616e+00
9.786122653061224419e-01 3.555510204081632537e+02 1.000768855872572471e+00 5.132280720755587389e+00
9.786122653061224419e-01 3.558979591836734926e+02 1.000767005924422692e+00 5.122758628421323124e+00
9.786122653061224419e-01 3.562448979591836746e+02 1.000765162849037715e+00 5.113270729594108666e+00
9.786122653061224419e-01 3.565918367346938567e+02 1.000763326611816550e+00 5.103816860652671039e+00
9.786122653061224419e-01 3.569387755102040956e+02 1.000761497178372039e+00 5.094396858931370176e+00
9.786122653061224419e-01 3.572857142857142776e+02 1.000759674514534181e+00 5.085010562713752513e+00
9.786122653061224419e-01 3.576326530612245165e+02 1.000757858586344806e+00 5.075657811226178318e+00
9.786122653061224419e-01 3.579795918367346985e+02 1.000756049360058908e+00 5.066338444631477422e+00
9.786122653061224419e-01 3.583265306122448806e+02 1.000754246802141090e+00 5.057052304022674249e+00
9.786122653061224419e-01 3.586734693877551194e+02 1.000752450879264455e+00 5.047799231416739474e+00
9.786122653061224419e-01 3.590204081632653015e+02 1.000750661558309940e+00 5.038579069748394090e+00
9.786122653061224419e-01 3.593673469387754835e+02 1.000748878806363873e+00 5.029391662863957002e+00
9.786122653061224419e-01 3.597142857142857224e+02 1.000747102590716642e+00 5.020236855515253893e+00
9.786122653061224419e-01 3.600612244897959044e+02 1.000745332878861360e+00 5.011114493353546528e+00
9.786122653061224419e-01 3.604081632653061433e+02 1.000743569638492980e+00 5.002024422923514457e+00
9.786122653061224419e-01 3.607551020408163254e+02 1.000741812837504963e+00 4.992966491657305106e+00
9.786122653061224419e-01 3.611020408163265074e+02 1.000740062443990164e+00 4.983940547868588311e+00
9.786122653061224419e-01 3.614489795918367463e+02 1.000738318426237505e+00 4.974946440746683685e+00
9.786122653061224419e-01 3.617959183673469283e+02 1.000736580752732197e+00 4.965984020350719952e+00
9.786122653061224419e-01 3.621428571428571672e+02 1.000734849392152181e+00 4.957053137603843140e+00
9.786122653061224419e-01 3.624897959183673493e+02 1.000733124313369471e+00 4.948153644287460295e+00
9.786122653061224419e-01 3.628367346938775313e+02 1.000731405485445702e+00 4.939285393035524940e+00
9.786122653061224419e-01 3.631836734693877702e+02 1.000729692877633248e+00 4.930448237328878491e+00
9.786122653061224419e-01 3.635306122448979522e+02 1.000727986459372776e+00 4.921642031489623648e+00
9.786122653061224419e-01 3.638775510204081911e+02 1.000726286200291915e+00 4.912866630675522650e+00
9.786122653061224419e-01 3.642244897959183731e+02 1.000724592070203922e+00 4.904121890874474587e+00
9.786122653061224419e-01 3.645714285714285552e+02 1.000722904039106353e+00 4.895407668898999809e+00
9.786122653061224419e-01 3.649183673469387941e+02 1.000721222077179950e+00 4.886723822380774962e+00
9.786122653061224419e-01 3.652653061224489761e+02 1.000719546154787087e+00 4.878070209765224874e+00
9.786122653061224419e-01 3.656122448979591582e+02 1.000717876242470883e+00 4.869446690306126868e+00
9.786122653061224419e-01 3.659591836734693970e+02 1.000716212310952757e+00 4.860853124060260377e+00
9.786122653061224419e-01 3.663061224489795791e+02 1.000714554331132211e+00 4.852289371882123170e+00
9.786122653061224419e-01 3.666530612244898180e+02 1.000712902274085714e+00 4.843755295418655571e+00
9.786122653061224419e-01 3.670000000000000000e+02 1.000711256111064928e+00 4.835250757104006425e+00
9.989999999999999991e-01 3.500000000000000000e+02 1.000001772472354666e+00 5.676725788384629823e+00
9.989999999999999991e-01 3.503469387755101820e+02 1.000001767955621235e+00 5.664902661004274975e+00
9.989999999999999991e-01 3.506938775510204209e+02 1.000001763456828341e+00 5.653126932933081328e+00
9.989999999999999991e-01 3.510408163265306030e+02 1.000001758975878952e+00 5.641398346106290873e+00
9.989999999999999991e-01 3.513877551020408418e+02 1.000001754512676033e+00 5.629716644216146371e+00
9.989999999999999991e-01 3.517346938775510239e+02 1.000001750067123885e+00 5.618081572697664505e+00
9.989999999999999991e-01 3.520816326530612059e+02 1.000001745639126804e+00 5.606492878714483652e+00
9.989999999999999991e-01 3.524285714285714448e+02 1.000001741228590424e+00 5.594950311144916810e+00
9.989999999999999991e-01 3.527755102040816269e+02 1.000001736835420818e+00 5.583453620568071152e+00
9.989999999999999991e-01 3.531224489795918089e+02 1.000001732459524506e+00 5.572002559250137210e+00
9.989999999999999991e-01 3.534693877551020478e+02 1.000001728100808229e+00 5.560596881130789981e+00
9.989999999999999991e-01 3.538163265306122298e+02 1.000001723759180061e+00 5.549236341809718809e+00
9.989999999999999991e-01 3.541632653061224687e+02 1.000001719434548741e+00 5.537920698533289610e+00
9.989999999999999991e-01 3.545102040816326507e+02 1.000001715126823010e+00 5.526649710181311015e+00
9.989999999999999991e-01 3.548571428571428328e+02 1.000001710835912938e+00 5.515423137253954167e+00
9.989999999999999991e-01 3.552040816326530717e+02 1.000001706561728598e+00 5.504240741858764885e+00
9.989999999999999991e-01 3.555510204081632537e+02 1.000001702304180728e+00 5.493102287697809949e+00
9.989999999999999991e-01 3.558979591836734926e+02 1.000001698063181177e+00 5.482007540054944172e+00
9.989999999999999991e-01 3.562448979591836746e+02 1.000001693838641792e+00 5.470956265783183170e+00
9.989999999999999991e-01 3.565918367346938567e+02 1.000001689630475088e+00 5.459948233292205799e+00
9.989999999999999991e-01 3.569387755102040956e+02 1.000001685438594690e+00 5.448983212535969400e+00
9.989999999999999991e-01 3.572857142857142776e+02 1.000001681262914222e+00 5.438060975000425401e+00
9.989999999999999991e-01 3.576326530612245165e+02 1.000001677103348197e+00 5.427181293691373476e+00
9.989999999999999991e-01 3.579795918367346985e+02 1.000001672959810906e+00 5.416343943122388538e+00
9.989999999999999991e-01 3.583265306122448806e+02 1.000001668832218860e+00 5.405548699302905824e+00
9.989999999999999991e-01 3.586734693877551194e+02 1.000001664720487904e+00 5.394795339726375261e+00
9.989999999999999991e-01 3.590204081632653015e+02 1.000001660624534328e+00 5.384083643358549054e+00
9.989999999999999991e-01 3.593673469387754835e+02 1.000001656544275752e+00 5.373413390625851882e+00
9.989999999999999991e-01 3.597142857142857224e+02 1.000001652479629577e+00 5.362784363403895860e+00
9.989999999999999991e-01 3.600612244897959044e+02 1.000001648430514090e+00 5.352196345006054123e+00
9.989999999999999991e-01 3.604081632653061433e+02 1.000001644396848244e+00 5.341649120172169418e+00
9.989999999999999991e-01 3.607551020408163254e+02 1.000001640378551659e+00 5.331142475057359498e+00
9.989999999999999991e-01 3.611020408163265074e+02 1.000001636375543512e+00 5.320676197220917558e+00
9.989999999999999991e-01 3.614489795918367463e+02 1.000001632387744754e+00 5.310250075615312149e+00
9.989999999999999991e-01 3.617959183673469283e+02 1.000001628415076560e+00 5.299863900575300768e+00
9.989999999999999991e-01 3.621428571428571672e+02 1.000001624457459659e+00 5.289517463807127839e+00
9.989999999999999991e-01 3.624897959183673493e+02 1.000001620514816558e+00 5.279210558377826601e+00
9.989999999999999991e-01 3.628367346938775313e+02 1.000001616587069542e+00 5.268942978704605373e+00
9.989999999999999991e-01 3.631836734693877702e+02 1.000001612674141338e+00 5.258714520544354620e+00
9.989999999999999991e-01 3.635306122448979522e+02 1.000001608775956008e+00 5.248524980983233945e+00
9.989999999999999991e-01 3.638775510204081911e+02 1.000001604892436946e+00 5.238374158426334581e+00
9.989999999999999991e-01 3.642244897959183731e+02 1.000001601023508879e+00 5.228261852587470671e+00
9.989999999999999991e-01 3.645714285714285552e+02 1.000001597169096534e+00 5.218187864479038041e+00
9.989999999999999991e-01 3.649183673469387941e+02 1.000001593329125971e+00 5.208151996401962691e+00
9.989999999999999991e-01 3.652653061224489761e+02 1.000001589503522359e+00 5.198154051935761188e+00
9.989999999999999991e-01 3.656122448979591582e+02 1.000001585692212647e+00 5.188193835928662345e+00
9.989999999999999991e-01 3.659591836734693970e+02 1.000001581895123337e+00 5.178271154487829264e+00
9.989999999999999991e-01 3.663061224489795791e+02 1.000001578112182044e+00 5.168385814969682635e+00
9.989999999999999991e-01 3.666530612244898180e+02 1.000001574343316157e+00 5.158537625970284424e+00
9.989999999999999991e-01 3.670000000000000000e+02 1.000001570588454625e+00 5.148726397315820158e+00
