2.088538962325840576e+00 1.021278937957654120e+00 4.629898660565912039e+00
1.739099275462218763e+00 8.607096071911727320e-01 4.435894745403897055e+00
1.288719713320150673e+00 1.164273586520827797e+00 3.617652215251820902e+00
1.290567015018132535e+00 8.932068587817484362e-01 3.661845248889134652e+00
1.262307784884530992e+00 6.470139214981492914e-01 4.359524792128930848e+00
1.126765437708249440e+00 6.816729184708171241e-01 3.407975628439041227e+00
9.113505047702874506e-01 5.132806239899952994e-01 3.422769813278009110e+00
8.798126656417383229e-01 5.433944022661401085e-01 2.750368614419612001e+00
1.021365990233638721e+00 4.578467616800132034e-01 2.567337035265632394e+00
7.051808125995130405e-01 5.736137219902938122e-01 2.523315447754045149e+00
1.025173029341115871e+00 7.805546088348224165e-01 1.761421800299968421e+00
8.202034916626100847e-01 6.810374228383020423e-01 1.385668142523493795e+00
7.829917016406795494e-01 8.770587259456092966e-01 1.815933542534032608e+00
1.098613394699511581e+00 6.627146482693608842e-01 2.053265794462059812e+00
1.080690551485858464e+00 8.206291449803551075e-01 2.576088283121292566e+00
1.101543373236144374e+00 5.361994593651153718e-01 2.071395844321440194e+00
1.421468566691646451e+00 7.029529780096247515e-01 2.013115515102687603e+00
2.126182588271159357e+00 8.376804761661718057e-01 2.387726034220107874e+00
2.073466721114261890e+00 6.362532944843407590e-01 1.742602925988191886e+00
1.858028400707713690e+00 6.543253586160985291e-01 2.265213325428404367e+00
1.749599033190299080e+00 8.804941112916055967e-01 2.453718744943327756e+00
2.057398808078492625e+00 8.528853804447867892e-01 2.045607051987201608e+00
2.586537520433116022e+00 6.660379480449074574e-01 2.478682964862019666e+00
2.173898160209279062e+00 8.526933708984910654e-01 3.085485221012051582e+00
2.326214898557084965e+00 7.978191933698244309e-01 3.023862454249262921e+00
2.233057892892821084e+00 8.067783250355440305e-01 2.947398163460511089e+00
2.480112783410675092e+00 8.308878113419729816e-01 2.809153722396969144e+00
2.363668119943818091e+00 1.195571396112323326e+00 2.273816105267581822e+00
1.715680750683549416e+00 1.053624499279890436e+00 2.636165214144773117e+00
1.953181492636863581e+00 6.678694052575238072e-01 2.740038330505748299e+00
1.535423896705247149e+00 8.830229426196397613e-01 2.621613561800849368e+00
1.297669044431374097e+00 6.946376950383349458e-01 3.131263227543429117e+00
1.108541490023160714e+00 6.142422140491686777e-01 3.444285468148700069e+00
1.361882933919055683e+00 4.224551774220467459e-01 2.818967054119756455e+00
1.255243557784049946e+00 6.570467324081322724e-01 2.236355933200769197e+00
9.814458539434443018e-01 4.717001225858807878e-01 2.685999954640063248e+00
1.170901290614723367e+00 4.691593552822091451e-01 2.692161384480029174e+00
8.026986344148759889e-01 5.610260153922237425e-01 2.212855288466392345e+00
8.747577785469289324e-01 4.559474482524955574e-01 1.698123857795153402e+00
8.408156402949807928e-01 6.693701017912407902e-01 1.600873627560188028e+00
7.324194051015955331e-01 5.494592305318957148e-01 1.611347527930717671e+00
7.128847783212507450e-01 7.089034788031890466e-01 2.233566055247925508e+00
1.052137539578541281e+00 7.761441145546656983e-01 2.840673364535591272e+00
9.371476918193526462e-01 7.054273694178432308e-01 2.822402966792773693e+00
1.003092421280289859e+00 7.614776835857189896e-01 2.821362366164733348e+00
1.403491983811821830e+00 7.361196885894861763e-01 2.931593483663999411e+00
1.175878550658078225e+00 6.702360944892279404e-01 3.040797190138164741e+00
1.190097229883827712e+00 9.358124755547619911e-01 2.694437714037898335e+00
1.637321150307444073e+00 8.600830334211151396e-01 2.253848464945442220e+00
1.669889122220946653e+00 1.483167536102520057e+00 2.215018801935102921e+00
1.921505438609768301e+00 1.366448376590014835e+00 2.779281300425815449e+00
1.300455559274691364e+00 1.797288477188952127e+00 2.577027684555566633e+00
1.418034858317219093e+00 9.027951784020861181e-01 3.187333787764076831e+00
1.439100549556259656e+00 9.388424879217124319e-01 3.334959408934393466e+00
1.802706036318211025e+00 6.868838759349102929e-01 3.501231333386061628e+00
1.221624213520499103e+00 6.689020579108944098e-01 3.729125909106576486e+00
1.049204908293315697e+00 6.421498639570754063e-01 4.006143431337900296e+00
1.254473086949844385e+00 5.587102946365823941e-01 4.421541811930837618e+00
1.218439153347430581e+00 6.695690232293521893e-01 4.318286755363437202e+00
1.393027479442761507e+00 6.635552880267565623e-01 4.213513745387917453e+00
1.662869264279040360e+00 8.862142507529612301e-01 3.918326769599085768e+00
1.174661507117107373e+00 9.707885378884362204e-01 4.078379491377546628e+00
1.072561697876296183e+00 8.926264505636715141e-01 4.240932648279740924e+00
1.627542730651771574e+00 1.183619169057877674e+00 3.883652988446669507e+00
1.175244300033953637e+00 9.429299745449765124e-01 3.788240539477387703e+00
1.205165427469894412e+00 7.925055382198081810e-01 3.407306939901209475e+00
1.465846968479967760e+00 6.492358728740922347e-01 3.700424256920014088e+00
1.454486103222671023e+00 1.035845699707336642e+00 3.216112989667235134e+00
1.254689237633399124e+00 1.237372865249490195e+00 2.765103325809121326e+00
1.196552021569674773e+00 1.274309651053058490e+00 2.518372643494868779e+00
1.524344639374333843e+00 7.132646730227940601e-01 2.205251598545457270e+00
1.043997145845092289e+00 5.601003040088087248e-01 1.814160662196059093e+00
8.268803669213701246e-01 4.939172817477515132e-01 2.199273991396057060e+00
8.426808894860887689e-01 7.240405128666632661e-01 2.588450231254199263e+00
1.221101702702573011e+00 6.132498021859353887e-01 2.331038433089934969e+00
1.202753592938277993e+00 7.945767832849447432e-01 2.604723380173539660e+00
1.332282245014235089e+00 6.012794290285696786e-01 2.449057482836123789e+00
1.651395756005484161e+00 6.789233390541337121e-01 2.507516077543383570e+00
1.169500869411752797e+00 9.593191894609162107e-01 2.416499578884260480e+00
1.404105550834787719e+00 9.159431287702261004e-01 1.818532772823521881e+00
9.629117980775713237e-01 7.225363150227998021e-01 1.711214631335685521e+00
7.845133772921375481e-01 5.296196607208116802e-01 2.064299966172823186e+00
1.034555685216420606e+00 7.138954043977667752e-01 3.087321074764201256e+00
1.044260207894589287e+00 5.830480746823193394e-01 3.204585674542488771e+00
1.027051255574960908e+00 9.262731230525916848e-01 3.013053468894218323e+00
1.067383520685275977e+00 1.066720879375480546e+00 3.312424079024256063e+00
1.020129027169069502e+00 5.786001687513301350e-01 3.480175434889200670e+00
1.309215239000638853e+00 5.446484005203532375e-01 2.763748179271758865e+00
1.643270328878563724e+00 4.036216456492559002e-01 2.807111569115154914e+00
1.269510249157921322e+00 6.091573874893858598e-01 2.586881615189896344e+00
1.036288864267844501e+00 8.354943770402442071e-01 2.941743772831378667e+00
1.023467147349532702e+00 8.430581864632414879e-01 3.193506597746987641e+00
7.625123192261541449e-01 8.785594284800520848e-01 3.380411903729287015e+00
1.033748659126820790e+00 1.133037783382858432e+00 3.243445038196804298e+00
1.054666152640183929e+00 1.154401855589038739e+00 2.745617937865870495e+00
1.032454998284484171e+00 9.247155164149480910e-01 3.052511633448433237e+00
5.980223759814142781e-01 1.120178189831143367e+00 2.803664061129086615e+00
1.095848633391869553e+00 7.970683356720654755e-01 2.666808391165452097e+00
1.311545850064101959e+00 6.606242395996568817e-01 2.910843612178504181e+00
1.817839945206105146e+00 7.198001480630867865e-01 2.452480018226566028e+00
2.029831950140582819e+00 5.824121052772684992e-01 2.227086180418480055e+00
1.629094226453426719e+00 7.818538874031376595e-01 2.007665000006261913e+00
1.511544350993480057e+00 6.795670893211609442e-01 1.921404258117968444e+00
8.995943003479474065e-01 8.327821116668672197e-01 2.098238747697271034e+00
1.236784144772769878e+00 1.046323694403622495e+00 1.814931125088044217e+00
1.647202530926669795e+00 7.965765846073115108e-01 2.038700651845923861e+00
1.520329287762225645e+00 4.894070523633789471e-01 2.145016595681931371e+00
1.167889097524879238e+00 5.229130403342794331e-01 1.991285749261112903e+00
1.201084059259270864e+00 5.929139152637443733e-01 2.139161494906863581e+00
1.046318169220592731e+00 5.589643860422713884e-01 2.306543951514949953e+00
1.098321019947127830e+00 1.080555139375550588e+00 2.122485223977247148e+00
9.486909702195768235e-01 5.730383596434239779e-01 1.705704168498610507e+00
9.802181401610030598e-01 4.972244508062977353e-01 1.790824755595392670e+00
9.891891774616927702e-01 4.600968839161502233e-01 1.804319179978722154e+00
9.330236288487859797e-01 5.356531089570644166e-01 1.794234780234954973e+00
1.138730447883641528e+00 5.941634232537383875e-01 2.059347708831331669e+00
1.844216701577135797e+00 9.473900866962166045e-01 2.850515370797314763e+00
1.450163683913594737e+00 1.102533841811012438e+00 2.982713138474939019e+00
1.135583540425180171e+00 7.658239540748897900e-01 3.009226571181636167e+00
1.021321928556387482e+00 6.209213715675464540e-01 3.465003825979291463e+00
1.187362136105451604e+00 6.915457204727502027e-01 4.105551004169375240e+00
1.236429939349349194e+00 6.158358229627555191e-01 3.871225501075864717e+00
1.197996760498927671e+00 6.229325059643922025e-01 3.796531342651287666e+00
1.509645444459146502e+00 8.184006533771739367e-01 3.132122628549510956e+00
1.563778592170510073e+00 1.009617321132319834e+00 3.090078577867663601e+00
1.319501389034279049e+00 1.010875766802867171e+00 3.049875585202072692e+00
1.155107983494239265e+00 9.350099641677260820e-01 2.799789739333724103e+00
1.390275691601433161e+00 7.884476920863715543e-01 3.112577230984973742e+00
1.420095763142308565e+00 8.830881456553968389e-01 2.847610606260590149e+00
1.165897664516931886e+00 9.020999485211719238e-01 3.160369108404691207e+00
1.014115247976098644e+00 8.865515617996903019e-01 3.149958799606157545e+00
1.044019056485797403e+00 1.022935560387062903e+00 3.312053207923019382e+00
1.306405238148994341e+00 8.809090642995308640e-01 2.816641513325798929e+00
1.483391772792040708e+00 9.785310869303571746e-01 2.945312610596358738e+00
1.630849188988082510e+00 9.506771283805863781e-01 3.442668817585589736e+00
2.007692329236725470e+00 8.546455923098523755e-01 3.177948738166812337e+00
1.791065429587217261e+00 8.686345337297599611e-01 2.993711879904767947e+00
1.583459326387796740e+00 9.665449085029733656e-01 2.544465719539398485e+00
1.840363785240316075e+00 1.270834328707735494e+00 2.435918311013266280e+00
1.821957509254956475e+00 1.175206895075474600e+00 3.124748672689900530e+00
2.370803070507705890e+00 1.152535165075575074e+00 2.897863066270377264e+00
2.237830626059401862e+00 8.901936843867545024e-01 2.439476083839731579e+00
1.601208711076972380e+00 9.350550717158324643e-01 3.181300899914259794e+00
1.734301671788891275e+00 7.245883271739108622e-01 2.873560054711312706e+00
1.599683463394389271e+00 7.559373904678222678e-01 3.298782548102631829e+00
1.588851725607522747e+00 7.385098974920039083e-01 3.042079208603377438e+00
1.384850862668478122e+00 7.828380710816973398e-01 3.762174238417605565e+00
1.249068581480016871e+00 6.243538252430357316e-01 3.956945867604961808e+00
1.190636404191030673e+00 6.622305491980035042e-01 3.593187173061662243e+00
1.078711907834373429e+00 5.226085021872071135e-01 3.627260412870451312e+00
1.328667773496930327e+00 6.373334467775921830e-01 3.762847470018561680e+00
1.373230669801304593e+00 1.098398793089210956e+00 3.404201332884073228e+00
9.545833181294368641e-01 1.069912820707486611e+00 3.074378872342744096e+00
1.152992463565019721e+00 1.443785158580604300e+00 2.971596231695292190e+00
1.102466986918116731e+00 6.800612410365886040e-01 2.392719956921572688e+00
1.387551725773109146e+00 8.667332451310095776e-01 2.788716014761619455e+00
1.015204702033054129e+00 5.975853212832593631e-01 2.878776401227880033e+00
9.434603738042602883e-01 8.788019967172008284e-01 1.905091544930241243e+00
9.333441333091263559e-01 7.208843497446911774e-01 2.248780275243267290e+00
1.068377102295710701e+00 1.291724894788054412e+00 2.370129240290957284e+00
1.138312812487303871e+00 1.264933212359359738e+00 2.237262936650943335e+00
1.204352221670267120e+00 1.031003712846128462e+00 2.444420928350048428e+00
1.131372015279085153e+00 9.622836452855693112e-01 2.443099947537887839e+00
8.542855452834567931e-01 5.334497721707686102e-01 2.928697608739333269e+00
9.956197920816484137e-01 6.400837228166477155e-01 2.412526965276319935e+00
1.249698792861689167e+00 1.050029478635404745e+00 3.409221147125203188e+00
6.992363935266215913e-01 7.092608875637899102e-01 3.040610771305796156e+00
1.060675646523049798e+00 1.038302780857090823e+00 3.173425689989723519e+00
1.158638109630834245e+00 9.114051569259860042e-01 3.140359601396899514e+00
1.017284759754651269e+00 5.064532717479349744e-01 3.682343892250797168e+00
1.151806797439808738e+00 4.492755715064730149e-01 3.297775934288610600e+00
1.118542826170991988e+00 5.138198480543821889e-01 2.883440001460985780e+00
9.985153746054606927e-01 6.645236938839189644e-01 3.084122576736369137e+00
1.146131337722965826e+00 6.811853051662641878e-01 3.175807620409375254e+00
7.621433449198243837e-01 4.846716528182063999e-01 2.901450537791895101e+00
9.717631203019616581e-01 8.722483412538112324e-01 2.245258399798025106e+00
9.733557799672115651e-01 1.131401999892946764e+00 2.397128325374526359e+00
1.004186194715806391e+00 1.280835208588557261e+00 2.532310672541305152e+00
1.029759511089333612e+00 1.590815779298917931e+00 2.854353150119446791e+00
8.867295785369794237e-01 1.168250466167211732e+00 2.765310745063287001e+00
1.130261979260009708e+00 1.329186420228437804e+00 2.824965548943672022e+00
1.566313328380491754e+00 9.091794382929382357e-01 2.544864113921251114e+00
1.546718008247181420e+00 7.284990896545031624e-01 2.887751966803748349e+00
1.521102282057350985e+00 9.040219280498558163e-01 2.674330413155616704e+00
9.165174661398554079e-01 1.292968237551206157e+00 3.080918982150083973e+00
1.083368625736285118e+00 1.039790615272319751e+00 3.345680545066417100e+00
1.022974392505438646e+00 9.868257507038418197e-01 3.082773544108124764e+00
1.373564217100333051e+00 8.804765953200334172e-01 3.064151845978966726e+00
1.503573531844053957e+00 5.726978379292266830e-01 3.035078962046169782e+00
1.539834479137375478e+00 8.045171727202340417e-01 2.954228850899975889e+00
7.989584768542102866e-01 1.048111328513966045e+00 3.554779092448888012e+00
8.662534751744361827e-01 7.094171642374259568e-01 3.295223722002369904e+00
1.036242957656504871e+00 5.035461553416106240e-01 3.186539046931740060e+00
1.032864776677097307e+00 6.034268759929974912e-01 3.701543593078644445e+00
1.410185690472986586e+00 6.289909381633030927e-01 3.338925176913240644e+00
1.201073667248276022e+00 5.440036584448876278e-01 2.397433310744928825e+00
1.156018275946079754e+00 6.226163794753705183e-01 2.940159216631572647e+00
1.003867644275680648e+00 5.673322862488527907e-01 3.255682305986442593e+00
8.028912136690119494e-01 4.687244157461387117e-01 3.078934644548315447e+00
1.149857907202256335e+00 4.884155568007855774e-01 3.104558679907279295e+00
1.634036412170523977e+00 4.794753144178467430e-01 3.079621144214178319e+00
1.191849913372087455e+00 4.898885816771406110e-01 2.879243325672587783e+00
1.456476679161631482e+00 7.448788783747245512e-01 3.037889813485121326e+00
1.384590371493398919e+00 6.795799732195432208e-01 3.107465666295053719e+00
1.121205610004941899e+00 4.765216918841174709e-01 3.448190960163225682e+00
1.042291909173976405e+00 4.881738413822684919e-01 3.684924966740728891e+00
1.217558299142426304e+00 6.196869103139037716e-01 3.558009570764685492e+00
1.184360268254373461e+00 5.398787455334571606e-01 3.346453980633763869e+00
8.106671833330375554e-01 6.669189549128682337e-01 3.460786615707291958e+00
8.446609445727093490e-01 8.700330326642263801e-01 2.498392026563239110e+00
1.395073759521036072e+00 1.660202653641928094e+00 2.702807073583310071e+00
1.210321706380199425e+00 1.596807350012689808e+00 2.951877309519399528e+00
9.609499511911424596e-01 1.697966541745687286e+00 2.651407013960377146e+00
1.115219941171181617e+00 1.150344057440454426e+00 2.581426697048658792e+00
1.090976310052945930e+00 8.571552229908764309e-01 2.373704687511011269e+00
1.090976310052945930e+00 8.571552229908764309e-01 2.373704687511011269e+00
7.906541844070084091e-01 1.030657146665897583e+00 2.354805500383527761e+00
7.651835215675377722e-01 7.566907371627965562e-01 1.948560950130601599e+00
1.182550364114516084e+00 8.503782458175814796e-01 2.299889522818086895e+00
1.122722713135096750e+00 1.116797579952570230e+00 1.413342068304675569e+00
1.032493442967866493e+00 7.517415241623367494e-01 1.605085432797229039e+00
1.377327549325173983e+00 5.760229456358574307e-01 1.920238991151398844e+00
1.449336472583509616e+00 8.922290741207097309e-01 1.858705817656063797e+00
1.287072886228254776e+00 5.858796489675588415e-01 1.911013529586222059e+00
1.353375835893261492e+00 7.313909281731312273e-01 2.894872097336172345e+00
1.406863922777565223e+00 8.825295569576599997e-01 3.778685145932998424e+00
1.063280896442319934e+00 6.292215777587250036e-01 3.283596477758269572e+00
1.408536712593230211e+00 8.598564171783616983e-01 3.472728780439684027e+00
1.387081045901832788e+00 1.249339005345318832e+00 3.097230223027600093e+00
1.647977341405249208e+00 1.061382382249757450e+00 3.266835606324792085e+00
1.791050606542433643e+00 8.889767957581552471e-01 3.781081949666553754e+00
1.446425289883923382e+00 9.802488272709665162e-01 3.647062160916747064e+00
1.476842773270856002e+00 1.243374123362161132e+00 4.159443287644998044e+00
1.750667224794909771e+00 9.221504660404775677e-01 4.627227009785676692e+00
1.107138896070330558e+00 1.202288345073410092e+00 4.509344677767210818e+00
2.015673676706571271e+00 1.213484775171877583e+00 4.610242589209081032e+00
2.184793474362154875e+00 7.699208114723502527e-01 4.876732881091977667e+00
2.312548040056159770e+00 7.967845507205801869e-01 4.874515594077410086e+00
2.345697992572457480e+00 6.334450573597907308e-01 5.087876038828088809e+00
2.220283270481441473e+00 1.024477013318539464e+00 5.021634476187036178e+00
1.730110009269337334e+00 7.101168479591526417e-01 5.739032657710437135e+00
1.848850039068768547e+00 5.255432579014164274e-01 5.542158770276920166e+00
1.737656947412845376e+00 6.405456391818864503e-01 5.125479497457394729e+00
2.071718459620980113e+00 8.617214392104950438e-01 5.634993610263178354e+00
1.472472765170170117e+00 8.047562658309493910e-01 5.386166972391037255e+00
1.598460395214413632e+00 8.835925511179993919e-01 5.183563076293751237e+00
1.540447505764847236e+00 1.288157813297809318e+00 5.254343189405471293e+00
1.492122879763136511e+00 8.127064038720975825e-01 5.047433758184237007e+00
1.146719866377716945e+00 7.077723073889445882e-01 4.798947755992409192e+00
1.156523777784581819e+00 6.328705651851196379e-01 4.370654542266965592e+00
1.219238241511376053e+00 9.636323273326441452e-01 4.041417120929274631e+00
9.697579553404340746e-01 8.559244944094420715e-01 3.177407508759994670e+00
1.327195247272015655e+00 9.512493857929128493e-01 3.385862129748704596e+00
1.851990883931747156e+00 1.116417283204037547e+00 3.660361553851433580e+00
1.162508182353504171e+00 1.110101282782291809e+00 3.450536686045603929e+00
1.059665295318286571e+00 1.457084105424198750e+00 3.414872676230130910e+00
1.513628504015564813e+00 1.298632960759307453e+00 3.868128173455082308e+00
1.169019369088991844e+00 9.952402877960602190e-01 3.724992707444154227e+00
9.041683541690525017e-01 1.163381843889824019e+00 3.874133457084208754e+00
8.502946202855055091e-01 1.258946357337017208e+00 3.527542347845224135e+00
9.160036933107631452e-01 8.811710211276169158e-01 3.428497272056334921e+00
8.430243647287203324e-01 1.250670972509037915e+00 3.806989822920991084e+00
1.405813333696782408e+00 7.905619253295974591e-01 3.299443500789056571e+00
1.167260200284961469e+00 1.120769495732804266e+00 3.124797119156957681e+00
1.368147389261539670e+00 1.037862700045895981e+00 3.121047518244746133e+00
1.274275364430811130e+00 8.827515413216090456e-01 3.104385676932335691e+00
1.198485339468751798e+00 8.661007776806980418e-01 3.393110390244662877e+00
1.078944338452675566e+00 4.881163644346461217e-01 3.949292811273105830e+00
1.270855172751290452e+00 9.609374357159869984e-01 4.104667728677224403e+00
1.621405603877571266e+00 1.072937034869830386e+00 3.483133946262913394e+00
1.553021636640621761e+00 7.553027336897429889e-01 3.404323459280452102e+00
1.450006805998612203e+00 7.618875616160161179e-01 3.297152403093542183e+00
1.084908254487814805e+00 4.991971533380561432e-01 4.019234232151795538e+00
1.011281843223020172e+00 3.636429805305811946e-01 3.996057079054065042e+00
8.653049369600848140e-01 4.753528769400802156e-01 4.013042932161067888e+00
1.301520545097727188e+00 6.674654654745076909e-01 3.341378206221055081e+00
1.124424866561668956e+00 8.824549437230155835e-01 3.745743487750970324e+00
8.305789195822776971e-01 1.080800769698678554e+00 3.408693666750989060e+00
7.300403773292226672e-01 9.657511237558330519e-01 3.311392810346504678e+00
8.794529530450537758e-01 5.176285984320382338e-01 2.954393653249489660e+00
8.901010321661461111e-01 6.758609412340437217e-01 2.873408217344370463e+00
1.087285585130533194e+00 3.938171146702449943e-01 2.938407488031720138e+00
1.101894761886077267e+00 6.635979639644055128e-01 2.873732131752313457e+00
1.150674009554965904e+00 5.458121530860444715e-01 2.528397067519463359e+00
1.109960613180537514e+00 6.570437977929720619e-01 2.687348431290497608e+00
1.069268342356552992e+00 5.107538152764126149e-01 2.901204718730924892e+00
1.237542566114456344e+00 6.474891962024885705e-01 2.346510705420850940e+00
9.535969729847831866e-01 5.650331046827827830e-01 2.017021441580035379e+00
9.864945447816968471e-01 5.984924589036434428e-01 2.455442275799514462e+00
8.434449638314639452e-01 6.374969526313016832e-01 2.531068498769142749e+00
1.095085280973157493e+00 3.743035221899889686e-01 2.188366247102287776e+00
1.315842764256803576e+00 7.493449437752480735e-01 1.975568145773431983e+00
1.083592354459453011e+00 6.292985963611488209e-01 2.117572484490421125e+00
1.023573243745810268e+00 1.180356589909375753e+00 2.155656763318119840e+00
8.693310357873975658e-01 9.239266495173619198e-01 2.179334122274353192e+00
1.032145425198068844e+00 5.286466343686507807e-01 1.328309964129279264e+00
1.092031100955891398e+00 6.659269278670316705e-01 1.681660218168522070e+00
1.481140592954917512e+00 8.243241505793694746e-01 1.808405190926515305e+00
1.382826532460357916e+00 9.681145100133154990e-01 1.587633700268187731e+00
1.326362536027145378e+00 1.244724885858867758e+00 2.202743488467708399e+00
9.816252393762855410e-01 9.765565590482347957e-01 2.653543524642181239e+00
1.142920928709239003e+00 1.005166304370877839e+00 3.037757999090152428e+00
1.142920928709239003e+00 1.005166304370877839e+00 3.037757999090152428e+00
8.967202725073466496e-01 1.302657103627906654e+00 2.780715336361365253e+00
1.100024166915170687e+00 1.167619190925033301e+00 2.703612640995554095e+00
1.301824885396704268e+00 1.155192415078867274e+00 3.252167876968302007e+00
1.297544356507842167e+00 9.792061372106872774e-01 2.932865764230506045e+00
1.350793872915525551e+00 8.180991797986525427e-01 2.981594122466273422e+00
1.152193283357716425e+00 1.073269695067952778e+00 1.999011867536490961e+00
1.334008052615374362e+00 9.353551345685044982e-01 2.022637746840423301e+00
1.705687202430768545e+00 7.164614395956044879e-01 2.551232606594401098e+00
1.862020652073394844e+00 7.728208773542826204e-01 2.077279860857586424e+00
1.251494650561491895e+00 1.145221901055883507e+00 1.823399095315397123e+00
1.151275713093383501e+00 7.905386335140849319e-01 2.311803610331492731e+00
8.797133565235278896e-01 6.216911348264967385e-01 2.636691995376890141e+00
1.288110592515450348e+00 6.794707261237098450e-01 2.321618437818821601e+00
1.404083521392670564e+00 5.572925899324058241e-01 2.448227316665499753e+00
1.414200839995300552e+00 8.012856601135697199e-01 2.957990427386232302e+00
1.122545015863623208e+00 4.245314436694347937e-01 3.479023092955288998e+00
1.217266525233646313e+00 5.608197382414467080e-01 3.478769437839011935e+00
1.209750676815896764e+00 5.867925144764482015e-01 3.542009919944307583e+00
9.866411582954422999e-01 1.001035226921841659e+00 3.621296741155542342e+00
1.288367287707435471e+00 8.932214896295442852e-01 4.097230364466902586e+00
8.445791241479781997e-01 1.061754246011084923e+00 4.528277555319996317e+00
1.154732580837435130e+00 1.200123647300494145e+00 5.322247591293770341e+00
1.453451774560147625e+00 7.705853820932478948e-01 4.974775074609838477e+00
1.208214972764710904e+00 5.453820768664906504e-01 4.868067259846176498e+00
1.145736554164600518e+00 5.606299831819067103e-01 4.847548906734843399e+00
9.240346178209128958e-01 5.180880747050258250e-01 4.747718360391774972e+00
1.313336722419342628e+00 5.484273232914992358e-01 4.025368699767385650e+00
1.333519507609767230e+00 6.530575699801103307e-01 4.195995143504496205e+00
1.594747726890408446e+00 3.500555274270277240e-01 4.265171380751088037e+00
1.226905444850616256e+00 3.404361847790158269e-01 4.378795072113993214e+00
1.181285143197162268e+00 6.655149824574774220e-01 4.023390792829643736e+00
1.101641422938131276e+00 6.226476976427045562e-01 4.012350357781194532e+00
1.178486329797162613e+00 3.410585212565352409e-01 2.961030944746848359e+00
1.367178205722608952e+00 3.917005507392945507e-01 3.607811539168336079e+00
1.014701806739183310e+00 4.474747226944001954e-01 3.757892518515704161e+00
1.035451981461293247e+00 4.817790515931897888e-01 3.567704990517391650e+00
1.156079543348799810e+00 4.913607850911989594e-01 3.572340914537983192e+00
1.012980325571338991e+00 6.177820114178842470e-01 3.616670278957996754e+00
1.571083261058339398e+00 6.559658593656574332e-01 3.499460176122145327e+00
1.209839600033248086e+00 8.154960273631667311e-01 3.445566653869975404e+00
1.403550683959266854e+00 7.256801875991261142e-01 3.518424618423446670e+00
1.104903065875578960e+00 6.630910501629994069e-01 3.434873402562055311e+00
9.762112619650537004e-01 6.818894627178999635e-01 3.539059768042625009e+00
1.097358724049289025e+00 7.409412366633155722e-01 3.624392306437149713e+00
1.645516871100020539e+00 7.636888605309347655e-01 4.054152012666390803e+00
1.651201986430585356e+00 9.485475041252479089e-01 3.958432197258323626e+00
1.620145366564140987e+00 9.807243225391469865e-01 3.715369520016845506e+00
1.922660093140652782e+00 5.441106638335511114e-01 3.928318830090257840e+00
1.671112739336068964e+00 6.037631148397952785e-01 3.615248950870646905e+00
1.246601002429329252e+00 5.780563394671951460e-01 4.165180341616157911e+00
1.516702075775561376e+00 6.180613689999733262e-01 3.746608593655616382e+00
1.552395496094851834e+00 7.513970540043068969e-01 3.838268834434642951e+00
1.653427008588407299e+00 1.175452561973233445e+00 3.686833869570026678e+00
1.884810933670266753e+00 9.507477420060135298e-01 3.559788666948111135e+00
1.653935867008894389e+00 1.083414479089532367e+00 2.847096602673378829e+00
1.700956328448651078e+00 9.717006681361493037e-01 2.123786315991810447e+00
1.484936047733990350e+00 1.097331125671525909e+00 2.176790404739960216e+00
1.261170558508265982e+00 1.127433030687777560e+00 2.289668627821923153e+00
1.639253092776897569e+00 1.217966748454827774e+00 2.387632621462619120e+00
1.320598684418384572e+00 1.165277428085714995e+00 2.771601812760545958e+00
1.848459562462114292e+00 1.280125543514919473e+00 2.937353086171517358e+00
1.847735041798193922e+00 1.671948162718307485e+00 2.654964309600540417e+00
1.718641819940937676e+00 1.815763466263033532e+00 1.997542224538439992e+00
1.795506291115299913e+00 1.286060793542018521e+00 2.330451707069486122e+00
2.054883222016956612e+00 1.128376747646834488e+00 2.150545730706204584e+00
2.026466397701008670e+00 1.078124961028592566e+00 2.607946356304570834e+00
2.158632143312502194e+00 7.808884979860628572e-01 2.339910903732459246e+00
2.416760215414354818e+00 1.241455196046317155e+00 2.709690883247060089e+00
2.224385503274580511e+00 7.559730275472265060e-01 2.113122073047824845e+00
2.085981605142153583e+00 9.558268023599746366e-01 2.543646683910385065e+00
2.123121158657292451e+00 1.205111844696941326e+00 3.214414755391532985e+00
1.550292556675932909e+00 8.654478742914343270e-01 3.658799695890292636e+00
1.841959340352944841e+00 9.458861101400780624e-01 3.725585476662618412e+00
1.823894955219317104e+00 7.396303255004409438e-01 3.915826786660327574e+00
1.716911844126363773e+00 8.121865872466066394e-01 3.782447538486469529e+00
1.918880124653698171e+00 6.268253091696364132e-01 3.941932208861954834e+00
1.577559701276051385e+00 8.814605474286898446e-01 3.442163519633907320e+00
1.649732214528761842e+00 1.285422205447832367e+00 3.394120396659280559e+00
1.465876744538461729e+00 1.107852759787246733e+00 2.820470304988020871e+00
1.443807106541511232e+00 1.113896833789075336e+00 2.854078000482477506e+00
1.408528251660699615e+00 1.338107513943161742e+00 3.041459499631512742e+00
1.405168773571357166e+00 1.583902915409997059e+00 3.162280940724239375e+00
1.711777121198229334e+00 1.409990732841717831e+00 4.025973094882776770e+00
2.455933272820678415e+00 1.584933776091669078e+00 3.998986611113031220e+00
2.587189547520147404e+00 1.004168843893959107e+00 3.857493398988578903e+00
2.520437443554476520e+00 1.368449895726164822e+00 3.765110576771002915e+00
2.381668290066592419e+00 1.122039645569814059e+00 3.749943830027897107e+00
2.045253374271630342e+00 8.522097033683427858e-01 4.010244244440786865e+00
1.451225418799570788e+00 6.932891003120386086e-01 3.433997059779146266e+00
1.319217962440538017e+00 9.569642217366671755e-01 3.056890409397241104e+00
1.232210879684382254e+00 1.102931253576302506e+00 2.913372365816393472e+00
1.387946088595321426e+00 1.452075172222900390e+00 2.433212177603260695e+00
1.516681423584606891e+00 1.320481044938838888e+00 2.702246257141381225e+00
1.910116386424974610e+00 8.282836031745492988e-01 2.551113320831026599e+00
1.901105879137305221e+00 6.550549067258986113e-01 2.713614751662426716e+00
1.723544610097506258e+00 7.317847968751003407e-01 2.727103674974096670e+00
1.304172031873147786e+00 8.315851193264568453e-01 2.685549082661146780e+00
2.138840179075940373e+00 6.677330115360404772e-01 2.893727302965485304e+00
1.789380520110923189e+00 8.999975784007303581e-01 2.784538768126732400e+00
2.259152917150974993e+00 1.003531772323181581e+00 3.568412190639417059e+00
1.787107013832639257e+00 1.272202240855186517e+00 3.182294657315084319e+00
1.868542370189307800e+00 1.314358041196471261e+00 2.562622947141793173e+00
1.606911618491025484e+00 1.164566322874418525e+00 2.900341202269057117e+00
1.903677441761542966e+00 1.521150243123121859e+00 2.832565694812858137e+00
1.812362929074868623e+00 1.677487823043316562e+00 3.248791243681503182e+00
1.411359869687971003e+00 1.527640622501527767e+00 3.432059477720978080e+00
1.678091606539508618e+00 1.389489820744987503e+00 3.206681757505432273e+00
2.265200999156952832e+00 1.314369650446260307e+00 3.418800488855713304e+00
1.685355230182707276e+00 1.123121347655309687e+00 3.698757021920994870e+00
2.064498099456043789e+00 1.381256579914782456e+00 3.307126426528126828e+00
1.892684921938684095e+00 1.208095625679825647e+00 3.788796679908810638e+00
1.474962489776464380e+00 6.453268474294896473e-01 3.449449755722636457e+00
1.724547549905077526e+00 7.936193517736034320e-01 3.554661996351490050e+00
1.897199951817304608e+00 8.312891058836866520e-01 4.294711525340354719e+00
1.814501935699803559e+00 4.767776905606044280e-01 4.121723468820604808e+00
1.999243679942911411e+00 4.219595027327342485e-01 3.630832173681020514e+00
1.718615026975335747e+00 4.797537947865951891e-01 3.690941404345276400e+00
1.750758903298777147e+00 4.666284832712248032e-01 3.479643698046297029e+00
1.395281479592208385e+00 6.026047795938243024e-01 3.599886944970148495e+00
1.488263206647926662e+00 6.945147839281644586e-01 3.173781547050064322e+00
1.160602166141179836e+00 7.295763064356135530e-01 3.499250340107242341e+00
1.312472214660444170e+00 8.393587661736437999e-01 4.145590571531598378e+00
1.495129024954492847e+00 8.561773518424122820e-01 4.024537051645609154e+00
1.358625457691796212e+00 1.187891237678561973e+00 4.133348225767804252e+00
1.806228893520715584e+00 1.003785415830527938e+00 4.745655423789209237e+00
2.223607289598772407e+00 1.462103005216730534e+00 4.966408847296952089e+00
1.678891258427761546e+00 1.319308526746852062e+00 5.237505622578529696e+00
2.286493196791371307e+00 1.235617949538625471e+00 5.010696289640704570e+00
2.431881398369151182e+00 9.361604101414084944e-01 4.466605061664724374e+00
2.639462744453116461e+00 1.107997626240802003e+00 3.709718416152143927e+00
2.929022098863778734e+00 1.290269426477292480e+00 4.806812476851159310e+00
2.922437722687399653e+00 9.361982030572008062e-01 4.420710245381637371e+00
2.053720963359075835e+00 1.143899569696197327e+00 4.060302047681702220e+00
1.885749184201544582e+00 7.264144624132986561e-01 3.695349377571880645e+00
1.768644340740392673e+00 6.721736438099451538e-01 4.542670968582912749e+00
2.058608373818734183e+00 1.006833517663407118e+00 4.901941241749770306e+00
1.742438433871655645e+00 8.774850331810711834e-01 4.392470957951030819e+00
1.760779293515496224e+00 4.248236525380306161e-01 4.385766974297617082e+00
1.277827636377266485e+00 5.651514591765981477e-01 3.412450648758530658e+00
1.309224607062910994e+00 6.174621608682034912e-01 3.602503509345100774e+00
1.456855321231044664e+00 5.414016603074913725e-01 3.872088307203001900e+00
1.362917241616868891e+00 8.314700138251621686e-01 3.887482918698007328e+00
9.467964394208763235e-01 7.882670067497791200e-01 3.888334552769906693e+00
1.547148985763918239e+00 5.320909419277309871e-01 3.477421252640204852e+00
1.164793734447127083e+00 5.480856005726301161e-01 3.149468779450623312e+00
1.142293167035454138e+00 4.103400868778422361e-01 2.580617541378589674e+00
1.337999004118821444e+00 4.445229974780691151e-01 2.654990454576336756e+00
8.464653334663126971e-01 5.317010083134359189e-01 2.825217333253810637e+00
9.032595799668526881e-01 6.948042659482238648e-01 2.963855575300215150e+00
8.802193377731937218e-01 6.277032964265014670e-01 2.443073938398298672e+00
1.156433369300999603e+00 5.282358907794201253e-01 2.732190758641846351e+00
8.366168769440137654e-01 7.469530216547339840e-01 2.011581858623138430e+00
8.244055985552346533e-01 7.283452255477541604e-01 2.874562755266117708e+00
8.974043391335229103e-01 8.223838030836916335e-01 3.153842659779700242e+00
9.650129260089755912e-01 7.873963744517904484e-01 3.849187108879580599e+00
8.330129870124610703e-01 8.394435953252754601e-01 3.299925300866027200e+00
7.193589776672836278e-01 5.803548749043092592e-01 3.500106212636869163e+00
9.168406892110788631e-01 6.633141200517242986e-01 3.746018923697989944e+00
1.100427209179885679e+00 6.726769290259038137e-01 4.190960152007153994e+00
1.016833382680960352e+00 5.855387008325393383e-01 3.566116757237086876e+00
1.152500854879435543e+00 8.148166860553802682e-01 3.567387055558238984e+00
7.061630783149643875e-01 7.594751136417580151e-01 3.496784068129494383e+00
8.750458866983471529e-01 8.176415556697747000e-01 3.049687436439747490e+00
1.076250032619643360e+00 6.624854957833679059e-01 3.522574531697891143e+00
1.324879277525638388e+00 1.061572567568417336e+00 3.468132850343867535e+00
1.352603152596256519e+00 8.862614558744742466e-01 4.099211729541574201e+00
1.352603152596256519e+00 8.862614558744742466e-01 4.099211729541574201e+00
7.894146546355605976e-01 9.229456493094114755e-01 4.504514683807122388e+00
1.290240959060189985e+00 1.087454832417189765e+00 4.000711373386434566e+00
1.176220957511596277e+00 9.104662229792787054e-01 3.515404016343087523e+00
1.134384999348754253e+00 1.071783249847411135e+00 3.712106324112923517e+00
1.348506716985726328e+00 1.292819811459931634e+00 3.356862128937130763e+00
1.857788394944822619e+00 7.635799732984114296e-01 3.350020564171403148e+00
1.861653255921607686e+00 8.507110295324479265e-01 3.123987082857568875e+00
1.177866076024628006e+00 7.810730037410791304e-01 2.991127547167728551e+00
1.516912544737370139e+00 5.849010164792141087e-01 2.835787274180353812e+00
8.479463537436838783e-01 6.161449676714398915e-01 2.979588534844780146e+00
8.473460449349570212e-01 4.864400050675894427e-01 3.658506508538664104e+00
1.069713282008179167e+00 6.779454239109611313e-01 3.344413054317020073e+00
1.152803216227451300e+00 6.434511703897093371e-01 3.339592543636634048e+00
1.274463544515248792e+00 5.633007912889214097e-01 2.965728284831062656e+00
1.201370227863343798e+00 4.950567391271808448e-01 2.668675955637578756e+00
9.003288136563164512e-01 6.517533857854930224e-01 3.002849031174720906e+00
1.046145786284884638e+00 4.170056586402658416e-01 1.988737984703723205e+00
9.495451145787017211e-01 3.798178072326114929e-01 1.211488005649521416e+00
6.437107181353287633e-01 4.264365440920815931e-01 1.018263275038986837e+00
1.003126493599533653e+00 8.653667969312557329e-01 2.048449520043870375e+00
1.048468117299699909e+00 1.271566966213740324e+00 1.641402558253207911e+00
1.159494353950644374e+00 7.876507421754113114e-01 1.607265345596106343e+00
1.451583616607354577e+00 6.629768604981968183e-01 1.879059292649768009e+00
1.663569407981418724e+00 6.715652406468338720e-01 1.390538311995286991e+00
1.201310736294948223e+00 8.392265252280379784e-01 1.799292358424830818e+00
1.482961125153313242e+00 5.959533884370055157e-01 1.860130518383870335e+00
1.811366606438778559e+00 7.103397600906123932e-01 1.485652638200695819e+00
1.716683658675983937e+00 9.115126076260596788e-01 1.235007561218109728e+00
9.853980953401692000e-01 7.178159505011503239e-01 1.584091187502291831e+00
1.086954983614120351e+00 6.646956359328669572e-01 2.569408049975032249e+00
1.200338614417121974e+00 9.349265364112492316e-01 2.733534428105253156e+00
1.071256679044127136e+00 8.552049392082129442e-01 2.519323319571792563e+00
1.308968041853392439e+00 6.833604708490328417e-01 2.724678852968463794e+00
1.045549509164880986e+00 5.135299470764854712e-01 3.178558904843549193e+00
1.167164651298144395e+00 6.922268173822050397e-01 3.298951790259050831e+00
1.065002593984494705e+00 7.492995032113649589e-01 3.159561476951394443e+00
1.297588003342396323e+00 7.743424223750592361e-01 3.251646424534379687e+00
1.398033668271321694e+00 8.661017192634329342e-01 3.424904205614424768e+00
1.098647281172004275e+00 8.911666256607223557e-01 3.676154342392468966e+00
1.336063596755944660e+00 1.075727844527808674e+00 3.303321240822222116e+00
1.347341482012416103e+00 1.221038703373250156e+00 3.232729725198277393e+00
1.174293893657244237e+00 9.913295432790801831e-01 3.129659405898029156e+00
1.333358316125806464e+00 7.143699351729256852e-01 3.061631606182979581e+00
1.079982056668301160e+00 6.736721393113082046e-01 2.800122693446106759e+00
1.451816074390366751e+00 7.643206776424028570e-01 3.262684583421198159e+00
1.627691579928485011e+00 8.483895917721420155e-01 2.817793723865669175e+00
1.305985045473698092e+00 1.066576163419281409e+00 2.277511811782029216e+00
9.752432794243022229e-01 8.792262738297785818e-01 1.872461446505536697e+00
8.239674088729966872e-01 9.378597879513698166e-01 1.505186012922133498e+00
9.255021121597649669e-01 9.372213858549078846e-01 1.784377697304235344e+00
1.014971813968768011e+00 1.151012364967887169e+00 1.462649634596167703e+00
1.066423273755880530e+00 1.246745794678430830e+00 1.817612645874908228e+00
1.136682659595135148e+00 1.345632864438088605e+00 2.124900821442578192e+00
1.269387153422139702e+00 1.483623014401332263e+00 1.703708585984733848e+00
1.169081893760462343e+00 1.595007796740587569e+00 8.850835973830726289e-01
1.345397057447605516e+00 1.059742961441364484e+00 2.017367287277970878e+00
1.329319701292535294e+00 9.903956423060271685e-01 1.772695958380653192e+00
1.436720532412560258e+00 1.080915579686068551e+00 1.649393364065198542e+00
1.378141082649948279e+00 1.079432880322103827e+00 2.857238345344871977e+00
1.173596846689755946e+00 1.428822762097662125e+00 3.231291645379394950e+00
1.907532390935455791e+00 1.216719191428156988e+00 2.715268834494571237e+00
1.971034990753499416e+00 1.303494673564870032e+00 2.979530846006454681e+00
1.559066669270033900e+00 1.057272119776926589e+00 3.740044583321372240e+00
1.411943399394208098e+00 1.062005085969965013e+00 3.992993598980973502e+00
1.427068615613878100e+00 1.201100510050632453e+00 4.095644140556641055e+00
1.127703370661786941e+00 6.902899682359351363e-01 4.566459974313884729e+00
1.070086885915660480e+00 8.208114588017093594e-01 4.358814013633703688e+00
1.780725172140938506e+00 8.424546749246500932e-01 4.455362420227459985e+00
1.642933109651427248e+00 6.722001254838969597e-01 4.448251596888218806e+00
1.290361024123791500e+00 7.267259905327950742e-01 4.461174344838070738e+00
1.108098728945441813e+00 7.735014959230881448e-01 4.102962470514645688e+00
7.743522726212227481e-01 9.152284052639680922e-01 4.401662820550103383e+00
1.241506027818581215e+00 7.218473919552924611e-01 3.872883938567290407e+00
1.012595191274008988e+00 5.153331042539067708e-01 3.861870903022727841e+00
1.156302503281118721e+00 7.627259926684176738e-01 3.642073161929510139e+00
7.805147170275658075e-01 6.085777456514213091e-01 3.308618837563120252e+00
1.093334267998950837e+00 1.019229887387632205e+00 3.410697243057347006e+00
1.186502691595405778e+00 7.076297964725549727e-01 3.221213597588959754e+00
1.021852110963253013e+00 6.273907255705084562e-01 3.307878707658735262e+00
1.108878078353555008e+00 6.768687315922337078e-01 3.526929366650017883e+00
9.790928820100852636e-01 4.595682439375788908e-01 2.752123717610510223e+00
1.146500919371774563e+00 4.010562764956978610e-01 2.262282178445938374e+00
1.422816802667447034e+00 7.217226066778761329e-01 2.714720496295499164e+00
1.357737289791929314e+00 6.444047675479825932e-01 2.764921625482918088e+00
1.136991308933900990e+00 8.226064747337714644e-01 2.580683733339886654e+00
1.200254554070336876e+00 7.892578714968879749e-01 2.813678879026528357e+00
1.009518766488024299e+00 8.089504981054445043e-01 3.003075478428899547e+00
1.089606538448464335e+00 8.534465814464268218e-01 3.156916719488475742e+00
9.038983806523236408e-01 8.584999712878511602e-01 3.058929222091724576e+00
1.318847537090431343e+00 1.019001556163312339e+00 2.811550853801018324e+00
1.068861155436326316e+00 1.222760806901816322e+00 3.144493540118797448e+00
1.211190247851756441e+00 9.241877507646095724e-01 3.397301979167456576e+00
9.877708476892923528e-01 8.061085507390850502e-01 3.436104428717695836e+00
9.544439275336920048e-01 7.165781239295967442e-01 2.948065459999596793e+00
1.199782516601408666e+00 7.492785510424075923e-01 2.336494046461585317e+00
1.183416727707752303e+00 6.489756808512435748e-01 2.497497381951861328e+00
9.091085155589074818e-01 7.639416555946438869e-01 2.538760295289698377e+00
1.221897134270095719e+00 8.454562853270232159e-01 2.398980299354622314e+00
1.085424298802156517e+00 7.835064348006569590e-01 2.265575038050111178e+00
1.107429808353805445e+00 6.714804613824117974e-01 2.678364102955110848e+00
1.446193967122543445e+00 5.234076383401045085e-01 2.346068775349589242e+00
1.315903579008251834e+00 7.256418218324963698e-01 2.659544440054720571e+00
1.362373789131567703e+00 6.567906766867848134e-01 2.061134668033588913e+00
1.330774721240644665e+00 6.179648169487110820e-01 2.126998611834820974e+00
8.069626675563188467e-01 6.296859759310589055e-01 2.338806858412625811e+00
9.843656092888956044e-01 7.304044410068263327e-01 2.266565710126679623e+00
1.018372686195969212e+00 1.018509127751433763e+00 3.007401711861715121e+00
9.463750902327506820e-01 1.052077335473166952e+00 2.475163070469476700e+00
1.155716718239722773e+00 7.916515273959887633e-01 2.761067035153997207e+00
1.520472180661682327e+00 8.000524814995140233e-01 2.814398654116721854e+00
1.838667724791143376e+00 1.118135533041380913e+00 3.233347522433935861e+00
1.666525518651447157e+00 1.133597769277269407e+00 4.003776474294342691e+00
1.120533449651566205e+00 7.937096605741735811e-01 4.888826352535082798e+00
1.477004369213823942e+00 9.468547125092136030e-01 5.074197234106748056e+00
1.249171812302640294e+00 8.024735183994456955e-01 4.453157166461189753e+00
1.637318158004396285e+00 8.740182090171406681e-01 4.769166813924592851e+00
1.467590116877872219e+00 6.359562604066345548e-01 4.700077918464665494e+00
9.458449418105211448e-01 5.293526852281769113e-01 4.984955439218900608e+00
9.187100063117727977e-01 4.934436846875831506e-01 4.296326042386698241e+00
9.824607761820148832e-01 6.496676859811453264e-01 3.910601828101408550e+00
1.085944041712917585e+00 7.894551627946722050e-01 2.768608053562100046e+00
1.202621233901604469e+00 6.537991208690738798e-01 3.387059854288827054e+00
1.061536559964934678e+00 4.201848560561861068e-01 3.332972524315334084e+00
8.963558676742116038e-01 6.429184535619465457e-01 3.082308946471550737e+00
1.197149819310103780e+00 9.285891433751322088e-01 3.156543898172885942e+00
1.167749833762975253e+00 9.818194598866584188e-01 3.612954911494760779e+00
1.196338403807015727e+00 4.884036178005894402e-01 4.234137949649601218e+00
1.110729331953689281e+00 8.464818571834115124e-01 3.531275210800291831e+00
1.133239386451268205e+00 6.321944471651482766e-01 3.588429500702258856e+00
1.302214214970422113e+00 6.875314617417108698e-01 3.347649914193968623e+00
1.067473043022780121e+00 5.698660895283060857e-01 3.425134401090108138e+00
9.347409332405710591e-01 8.789152308844329076e-01 2.989574819208840495e+00
1.168813693525300845e+00 5.951815573213861121e-01 3.497378711270659135e+00
1.480560308898551725e+00 9.462701366561412364e-01 3.664646087646105332e+00
1.298876893987257253e+00 8.298490702822701737e-01 3.857511634078327312e+00
1.075923888599571443e+00 7.461368210043021199e-01 3.424963036452832732e+00
9.830339033269464011e-01 9.801010741935644033e-01 3.652305568665765723e+00
1.222890758927554167e+00 1.066933110176118582e+00 3.689924210634164758e+00
1.051469273445779340e+00 1.131424601171726829e+00 3.766328717696891371e+00
1.081567406838052969e+00 1.445699316534700740e+00 3.618684754159572581e+00
1.107911842123319612e+00 1.171084077499777498e+00 3.379846507878196515e+00
1.508489738936583002e+00 1.195508399419978218e+00 3.628168937671698124e+00
1.185182447614104406e+00 1.161550912118652024e+00 4.154755057732553603e+00
8.751074106381967477e-01 8.965983870384787169e-01 4.376238717907543929e+00
1.343698538389994646e+00 8.103986033037358094e-01 4.429451326521154364e+00
1.030444199953117312e+00 8.981492134532595983e-01 3.725749604920328917e+00
1.105458763770952535e+00 1.267622776789641525e+00 3.580507653677591495e+00
1.262531475080870269e+00 1.287508182499347953e+00 3.899845350026811541e+00
9.523216586645062431e-01 1.270538752113801628e+00 4.097347080778953377e+00
1.147347916815957714e+00 1.135176122609572680e+00 4.684205221385974838e+00
1.570622689063474686e+00 1.018109754277483958e+00 4.046271905726378293e+00
1.447681676192321687e+00 1.189791438732987539e+00 4.000966414875487764e+00
1.393801455376330711e+00 8.647522830984410991e-01 3.913660526153097230e+00
1.138871730992105480e+00 4.880269180349717240e-01 3.893875209605275334e+00
1.275359127537103232e+00 5.477683238374106978e-01 4.069613729564711235e+00
1.594970507483538968e+00 6.412638643583550291e-01 4.100483001993049825e+00
1.394950560072037549e+00 7.193875754612363282e-01 4.623939920448567165e+00
1.037867216977191864e+00 8.430407575729885750e-01 4.502198732584321128e+00
1.102424243848436847e+00 6.562144645917875607e-01 4.150448682299024306e+00
1.061053494806912356e+00 4.111580814302578935e-01 4.205592163588464771e+00
1.492155537179323144e+00 3.391549759727191526e-01 4.475761045702806307e+00
1.457638203654181730e+00 5.399794238797137602e-01 3.990936234072259392e+00
1.900494336235680315e+00 6.622944472524681103e-01 4.080091044310385051e+00
2.189175476899771766e+00 8.306520352095978499e-01 3.313762135942476039e+00
2.219233030503262594e+00 8.783810981558600739e-01 2.931776176293166447e+00
1.879438333883765466e+00 9.144236684244234636e-01 3.002888353597924720e+00
1.824799709824566296e+00 1.173633554840274984e+00 2.694015812249046071e+00
1.379386628367819556e+00 7.928302066058846576e-01 2.993112390653456689e+00
1.505808172686126545e+00 5.152999602098984333e-01 3.106260297748008270e+00
1.345552679349803160e+00 4.707039762720911513e-01 3.091526577041918689e+00
1.420895389215601101e+00 7.986518555900163907e-01 3.892814319728794548e+00
1.387252333777017954e+00 4.255948693195504839e-01 3.772196018414061047e+00
1.731815743981118150e+00 3.475353092702417879e-01 4.115580727883608958e+00
1.454629953768197703e+00 3.668113127928153139e-01 3.974208042174933730e+00
1.450947633959274397e+00 5.555984439643357753e-01 4.040869298048622937e+00
1.967811833359553786e+00 6.429779336234693332e-01 3.997798893803496512e+00
1.754948232918420059e+00 4.780404118772134114e-01 4.406018544795663239e+00
1.492561924738539103e+00 7.170088165137180614e-01 4.593440989110880501e+00
1.514559800897072428e+00 7.891767313600079881e-01 4.309734277456954032e+00
1.497042532822683292e+00 8.799272417783126077e-01 5.060691152607753374e+00
1.448377803654784524e+00 8.067191962464945743e-01 5.552955112254190695e+00
1.288727664116009031e+00 6.688396381010427438e-01 5.790145607097937130e+00
8.574056128841313074e-01 5.923078018057149619e-01 6.213068510215517648e+00
7.963958283817863526e-01 9.917692260020307682e-01 6.005958583279031870e+00
8.431592944897390307e-01 9.277795634308894090e-01 6.319753273398578841e+00
9.420400211506945176e-01 1.203090143187350636e+00 6.317050945947589646e+00
1.380936109877486828e+00 7.985879105302465808e-01 6.110486063613981500e+00
1.268448238104754378e+00 6.076434174660549914e-01 6.693626512127417882e+00
1.161139359847158214e+00 6.373821267882570085e-01 6.585280160741697308e+00
9.530841535307095214e-01 6.434150764544733780e-01 6.251788734110700574e+00
1.013714206431069131e+00 4.708151226376192100e-01 5.619941323141769196e+00
1.245217922303350377e+00 6.653339752574514154e-01 5.655932928410094540e+00
1.714902895499898827e+00 5.602741885247415343e-01 5.720753249573568233e+00
1.475844248315677065e+00 5.287922485031653075e-01 6.057635281295397078e+00
1.427564395445778178e+00 6.583966577222318817e-01 6.281483729325682219e+00
9.793766755615407327e-01 5.412967020722109224e-01 6.667910687528678437e+00
1.230470391660979157e+00 5.538069872929407556e-01 6.486482580815147614e+00
9.546237020964070119e-01 6.736661704640031223e-01 5.925637666595468644e+00
7.359317220919255886e-01 7.757904634028995883e-01 6.245706466447351168e+00
1.115887063024742831e+00 4.773591848859830011e-01 5.744396511222101154e+00
1.201145325624345617e+00 7.010650211778960417e-01 6.069582088099061856e+00
1.394443013091867689e+00 7.615309130746310551e-01 5.404046495578517018e+00
1.646257315645876629e+00 8.583911475076089204e-01 6.055009287036894783e+00
1.325051020665258372e+00 1.166319252441644583e+00 5.912090611047683630e+00
1.157642199358979163e+00 1.487701106045751454e+00 6.614573679667632433e+00
1.522894388780800190e+00 1.765301306979667029e+00 6.449709702438878978e+00
1.530595212291980145e+00 1.582764861158912240e+00 6.933872343364462232e+00
1.266462311957214260e+00 1.495138653836096010e+00 7.098228692675820461e+00
1.908523514502911134e+00 1.438195358348698605e+00 7.011990602375794523e+00
1.699686950126097607e+00 1.256232328637429507e+00 6.812275664361259864e+00
1.727030683391267196e+00 1.043656383882965111e+00 6.491370667109894299e+00
1.675138277898690520e+00 6.298117226100116151e-01 6.547593738062646551e+00
1.763645876590648864e+00 6.956498647592206375e-01 6.220250624823134622e+00
1.472683147894097377e+00 7.086484637387927554e-01 6.074362631987463068e+00
1.683350659688596540e+00 1.157502255263093582e+00 5.854863864261303341e+00
1.668511027757521026e+00 1.176141914516677156e+00 5.854269194747353744e+00
1.207389243858386196e+00 1.498786558979543937e+00 5.532786833815499961e+00
1.292681705230642963e+00 1.376428760912773663e+00 5.887676987951198093e+00
1.533254008182606931e+00 1.059593170117079763e+00 5.609926241605806219e+00
1.457647558100049645e+00 1.107002252096864980e+00 6.039431994630369616e+00
1.320217255209911178e+00 1.003619245770834167e+00 5.366433512588295152e+00
1.221752326118566323e+00 1.074052223315507648e+00 5.548938535889558210e+00
1.399794905210648643e+00 6.469084074182270827e-01 5.273208013172440367e+00
1.458083396911058927e+00 6.205592747802832765e-01 5.722890409175779958e+00
1.135822301502090514e+00 6.904665430837376716e-01 5.567645462137554624e+00
1.328158383638539775e+00 7.215518233366624568e-01 5.346040315716594549e+00
1.353050576905050928e+00 7.813620496790051329e-01 5.373833103233912389e+00
1.256665716661037324e+00 9.880101961578244829e-01 6.095032378866966916e+00
1.586572222137012211e+00 1.203901443040827246e+00 6.249136992314110017e+00
1.482317955246401198e+00 1.378800802475038001e+00 6.236186815843662856e+00
1.133544775895357182e+00 1.191208090510955664e+00 5.617759157741166298e+00
1.392994323368898169e+00 9.480582531420462811e-01 5.294840530157512326e+00
1.373363889514872094e+00 9.753249297720819611e-01 5.082336554903510439e+00
1.455110555432994168e+00 8.225450636929959591e-01 4.639340590978227041e+00
1.191769890469521309e+00 8.628463883237551535e-01 4.591718576429104637e+00
1.701201070222730261e+00 7.416201684026284546e-01 4.269377376089067866e+00
1.537597588934801918e+00 5.221655669307565528e-01 4.583183929223961783e+00
1.031333862521515821e+00 5.772303018873152780e-01 4.361874128574763532e+00
1.053620880015939898e+00 7.972497851123997448e-01 4.018008863366811845e+00
1.077565107347996376e+00 8.718181961289661608e-01 3.821254730588820703e+00
1.233634242902596378e+00 8.461967862794521622e-01 3.374791338568107424e+00
9.487575057143343704e-01 8.085865522928130655e-01 3.371925000774722125e+00
1.386779391921318494e+00 6.257259664756588124e-01 3.155879472420646703e+00
1.613098624633050759e+00 7.368305034697503197e-01 2.907090806926675430e+00
9.860450737655036546e-01 7.452919698311468721e-01 2.571429651948428319e+00
1.021128934784254261e+00 7.697847520744401928e-01 2.303804441005167014e+00
1.024258561619388441e+00 7.256334533471505699e-01 2.536991013103487624e+00
1.134961794883500019e+00 9.707522874428070603e-01 2.350990495696706706e+00
1.052757946952914025e+00 8.402306215004375911e-01 3.155086979298766359e+00
9.319259806431183790e-01 1.010568269655049534e+00 2.566130167164495823e+00
1.012709532196732098e+00 8.958940604878412595e-01 2.480933381453425124e+00
1.088843320636071033e+00 9.611016328120198793e-01 2.432367501423995382e+00
1.134884643274255200e+00 1.136715221455986358e+00 2.263787695570012470e+00
1.139563267536219282e+00 1.244050814947335271e+00 2.468231044828906207e+00
1.192409732892382612e+00 8.359434198182956743e-01 2.472324941658885944e+00
9.899977365883676494e-01 6.470096068490958086e-01 2.876511748370752297e+00
7.204838133150872626e-01 4.161162791408322681e-01 2.490614175335676084e+00
9.112383873072860130e-01 6.700892685014552264e-01 2.580889413075649230e+00
9.567390466837927265e-01 7.399727537540344846e-01 2.334823189397551957e+00
9.683428914442017144e-01 6.650857859331584798e-01 2.323789616785418843e+00
9.449695175382728518e-01 6.582906509556061270e-01 2.339923074123553270e+00
9.189555134075039211e-01 4.749010035260943230e-01 1.998284301307967858e+00
9.189555134075039211e-01 4.749010035260943230e-01 1.998284301307967858e+00
1.051176500574133144e+00 8.523888322645829518e-01 2.271222922052094528e+00
1.345632514471552410e+00 6.935516585342185181e-01 2.170483146713109157e+00
1.319131650601486072e+00 8.702334886222530264e-01 2.091958382543292583e+00
1.127539562592987821e+00 1.090470717389417477e+00 2.298808715247456114e+00
7.835024679838974437e-01 1.226665117014250628e+00 2.125050719693559742e+00
1.077072139233591797e+00 9.216880069123903896e-01 1.827711463188542051e+00
1.408869794692191091e+00 1.062962223438841614e+00 1.753944376417710727e+00
1.390259309469450866e+00 6.920547439352420227e-01 1.771544025897350050e+00
1.115965735012942162e+00 7.669898416919125328e-01 1.707053377162587093e+00
1.329868259218545123e+00 5.515644814034317278e-01 1.875438164852447187e+00
1.507454384140944237e+00 4.381491967608475702e-01 1.620674317281019405e+00
1.276089314010712794e+00 3.753488332176258546e-01 2.197525225403632820e+00
1.578615606606872834e+00 5.646648784280444699e-01 2.231883053306387588e+00
1.589956395334039652e+00 6.399796731943110384e-01 2.279838774966329584e+00
1.685857368320557548e+00 8.145962726905457973e-01 1.947380520633886114e+00
1.988342509204840569e+00 6.242003379743642499e-01 2.579085774272030118e+00
1.654512252079897383e+00 9.456169963733470629e-01 2.093060772557925997e+00
1.237103602758925058e+00 4.568404081367762881e-01 2.155052381917073934e+00
9.267808348193189438e-01 5.383364530038770024e-01 2.740826913176605650e+00
9.707858063934952098e-01 6.468164213973752741e-01 3.013549844437166669e+00
1.011691784650469605e+00 4.946108755427038872e-01 3.283935745550199847e+00
1.050229784006515565e+00 4.230516278758389981e-01 3.202529412325281655e+00
9.501497599483310630e-01 5.735979002603976973e-01 2.665864545142702990e+00
1.466278001415712628e+00 6.657058993888973486e-01 3.385320210943155494e+00
1.172812979548586876e+00 1.098780925933516839e+00 3.271689743307654830e+00
1.398217961100732376e+00 1.049520361741876240e+00 2.445060861274582997e+00
1.542095741408136433e+00 9.020577159628500041e-01 2.894067588117464229e+00
2.159980924065034724e+00 1.003978383389235063e+00 2.824753213224276749e+00
1.526879013348233949e+00 1.182379839983089598e+00 2.793329497073052892e+00
1.519668002510421889e+00 1.061004958238353835e+00 3.173786094645884237e+00
1.607780377906551816e+00 1.004666230764654555e+00 2.581120812898474615e+00
1.393506658064196380e+00 7.404901072321268263e-01 3.285686533629752049e+00
1.016302034468796744e+00 7.044652525476999827e-01 3.600076280741311141e+00
1.528487913254638508e+00 9.276132936377518012e-01 3.390293139862879279e+00
1.250167175726494051e+00 1.359108039311266669e+00 3.005594993791562253e+00
1.145097136892252232e+00 9.285319961548792467e-01 3.031684825088592827e+00
9.131260413385210439e-01 5.985646159503268393e-01 3.874332062748313987e+00
1.280519526094235916e+00 4.566840749919263143e-01 4.066947142133747306e+00
8.766884792811692195e-01 4.341725763577734543e-01 4.024411878037744472e+00
8.923031388954435483e-01 4.112681296444589685e-01 3.427526425570917024e+00
1.049928303567697174e+00 4.955640711533865761e-01 3.529779271598030288e+00
7.554612771734290355e-01 6.452437250283183934e-01 3.749214434452251776e+00
7.207459740453727726e-01 7.703155226180080639e-01 4.180566917073031519e+00
9.554569523193909841e-01 8.892955576247095761e-01 4.150885017706570146e+00
8.615262103146710260e-01 5.463071413594048353e-01 3.951729519136530477e+00
7.577139293372699980e-01 5.714518294774315610e-01 3.050341178919244278e+00
1.085642378863382884e+00 4.297872424412504944e-01 4.223645693502285248e+00
1.137748938332586723e+00 5.519227463199855022e-01 4.270197989285754225e+00
1.568218620283382103e+00 5.211350418101751147e-01 4.196716514646401386e+00
1.234225087081738836e+00 6.149148213703798938e-01 4.104453504561872634e+00
8.927014548756855294e-01 5.348329384896828298e-01 3.684781633733458239e+00
8.667847146146289150e-01 6.149037420458963732e-01 3.043025682359846940e+00
8.451042865593483278e-01 6.411820059715362952e-01 2.449292471486040679e+00
1.092574830551966247e+00 3.729938092510765024e-01 2.426147838978710780e+00
7.171404174077534721e-01 7.528862768202826405e-01 2.644814064862287761e+00
6.600299460937141260e-01 5.898933356214576262e-01 2.757521674295248637e+00
1.091240471172898241e+00 5.995646714684704781e-01 2.707449706294717373e+00
1.299400286020568007e+00 7.626233579537078366e-01 3.053303544961036842e+00
7.339891554451118960e-01 7.028518560840395502e-01 3.647577047813414186e+00
1.166398864143765035e+00 6.084152614145709181e-01 3.951040127224342502e+00
1.080708217635483637e+00 6.188211547483151165e-01 4.719097522328391747e+00
1.185119775808838316e+00 1.186543303604920219e+00 4.559915198070769726e+00
1.068882344974833254e+00 1.052738820036069889e+00 4.902887319402140065e+00
1.110351017278548458e+00 1.318452365169175300e+00 5.257296721092034275e+00
1.135139806627977865e+00 8.638362682934677128e-01 5.257365790323285104e+00
1.486444947698055463e+00 1.117485423786632071e+00 4.469510736128341932e+00
1.090611706334734921e+00 1.209276465363658071e+00 5.112545490421449124e+00
1.346539374048991489e+00 9.777413524971975134e-01 5.088854675807387373e+00
1.504699182235316179e+00 1.215745074366936462e+00 4.725135114314129581e+00
1.290133229135182802e+00 8.999495939581575454e-01 4.009251166381777587e+00
1.487771641374139309e+00 8.766356504521132242e-01 4.264851664923974717e+00
1.187588396506979338e+00 8.673103773861686738e-01 3.984013425091608607e+00
1.106019045320722149e+00 5.915519589529100175e-01 3.986438901230535237e+00
1.040499281001152188e+00 5.783535050908158448e-01 4.080794484997422700e+00
1.216024445830756306e+00 8.557834476864125683e-01 4.603324838255698381e+00
1.169993609886492258e+00 1.152266852062471925e+00 4.056100290562555166e+00
2.033005797027435779e+00 1.125190786993875980e+00 4.020242838555800446e+00
2.102247571074368881e+00 1.188331182088380178e+00 3.355526870635071379e+00
1.561032098052017369e+00 7.905603213328469270e-01 3.381980405107290810e+00
1.541121573603789541e+00 6.542453688573008908e-01 3.731324888159505360e+00
1.271642635013035427e+00 6.804179224558000172e-01 3.686538827315565925e+00
1.753673045389974483e+00 1.088767061501345168e+00 4.187186351523130234e+00
1.559139583957631636e+00 1.503237239566463268e+00 3.315578785121130689e+00
1.568861122420521559e+00 2.024211745266580209e+00 3.123469480128674203e+00
1.660921647520852140e+00 1.633235863594706405e+00 3.338926777678958402e+00
1.465443059853841268e+00 1.316525043586094901e+00 3.565833060714586278e+00
1.884796130380639534e+00 1.471510935698996825e+00 3.770977002679534174e+00
1.489428812523887480e+00 1.405619028456216668e+00 3.859362976803387468e+00
1.141898887734001500e+00 1.404827098258553564e+00 3.566060387768145379e+00
1.654940625525946007e+00 1.706925225192343243e+00 2.801289818162866929e+00
1.302866013363792597e+00 1.745199808035998723e+00 2.428256030627614859e+00
1.804469785574902341e+00 1.587390323089757471e+00 2.320772245381308885e+00
1.965042626876879694e+00 1.522374667901573497e+00 2.354138447481669782e+00
1.867611010247091530e+00 1.090109067775408613e+00 2.933489485378030448e+00
1.470088627435227391e+00 8.520719389737977378e-01 2.268855703182599548e+00
1.158039274335050939e+00 4.793444643191101529e-01 2.900400295264345285e+00
8.997298943093500201e-01 5.192550827769856214e-01 2.500408516391974256e+00
1.032916382275582912e+00 6.188879677485948916e-01 2.041171174282438106e+00
1.023528626406339237e+00 5.415463976889851594e-01 2.549789788953974234e+00
9.813140743365184049e-01 5.736286661364339290e-01 2.218344739153258693e+00
1.113026380390930825e+00 4.591028041615432542e-01 1.550936068027541248e+00
1.305339042633857805e+00 4.695393680859450969e-01 2.103500636852533745e+00
8.421549472102677347e-01 5.648838362982312455e-01 2.201458737358913620e+00
1.398662964250001028e+00 5.428765460960603972e-01 2.715959075556010571e+00
1.138109907841949875e+00 7.920276727096372538e-01 2.672401867074805537e+00
1.419459374194660395e+00 1.045674837483028030e+00 2.640470470196079944e+00
1.689675864147685447e+00 1.127217772619651281e+00 2.853939969582743430e+00
2.075650832471492180e+00 1.048672239427148822e+00 2.736949874233971514e+00
1.868269414399990058e+00 1.033740193132820506e+00 2.387465859906440446e+00
1.254676964833544961e+00 9.115922654195028896e-01 2.790644516589026569e+00
1.001641690110145477e+00 9.696494208052000019e-01 3.126478843799768814e+00
1.040768226863696189e+00 8.121357655741243686e-01 2.961895351851334457e+00
1.311312509276518989e+00 6.519929304336242737e-01 2.992245624460710296e+00
1.289692344347342479e+00 4.895962608957624695e-01 2.687471672564530678e+00
1.460722402982688184e+00 4.571818127613725968e-01 2.902581051068111595e+00
1.003770114329136431e+00 7.222576857359676028e-01 2.529339400802991022e+00
1.125817794600028732e+00 6.613578743603456545e-01 2.354871251201995364e+00
7.190403390468131928e-01 7.415104991400871537e-01 2.409646712559291970e+00
1.093078894898965370e+00 6.349323081835120952e-01 1.540889656350033166e+00
8.600825373814456887e-01 5.956807722733712396e-01 1.525692238004346724e+00
1.163877246871408255e+00 5.197013067627732630e-01 2.269547078893832115e+00
1.038049349070634619e+00 5.472835382082469335e-01 2.125490792175916521e+00
9.273749005388051136e-01 8.253856438635780446e-01 2.420550407962721362e+00
9.319410596857058415e-01 9.984083027682729705e-01 2.226874800326588577e+00
1.287026499520066425e+00 6.090968914870981132e-01 2.640358868583560614e+00
1.218220030378662555e+00 6.373247055633379787e-01 2.898517956069416979e+00
1.235767764646328759e+00 5.754425079779279528e-01 3.031714153833720005e+00
1.234620125198336416e+00 9.658883131514439668e-01 2.898860035999255569e+00
1.421409324730255497e+00 8.844669839175711701e-01 2.974275325589075258e+00
1.711181664169044270e+00 8.751380834233317696e-01 3.432858628261134193e+00
1.730542885116398422e+00 8.880794892170998933e-01 4.304447097119492582e+00
1.679192669578073893e+00 8.773352776244546236e-01 4.546720888612571621e+00
1.415141016029667798e+00 9.422786450811536652e-01 4.075718737462121766e+00
1.687481893278979683e+00 9.457846024057601220e-01 3.546012932057752476e+00
1.821276022295815977e+00 8.509735174131140001e-01 3.215872655720984685e+00
1.547027164172208646e+00 1.003931666511132859e+00 2.967434854706886949e+00
1.332639997495710826e+00 9.152286989649226490e-01 2.918793228144559659e+00
1.230816440359923991e+00 7.367749024245405787e-01 2.888351293029058464e+00
1.228902307056523702e+00 6.374475358811074743e-01 3.652310426730629889e+00
9.059605759151483362e-01 7.723920527985452811e-01 3.776662358306971612e+00
1.018159251450323710e+00 5.621328668497853620e-01 3.953803483252841477e+00
1.205389694597249761e+00 3.731363556979079843e-01 3.335205408997897525e+00
1.337112513156103688e+00 3.280242824234183563e-01 2.478337346432333277e+00
1.055335580873219437e+00 6.099641614079585050e-01 2.703630096087600965e+00
1.052569818825806358e+00 6.534397347018817692e-01 2.190654470843803381e+00
1.112992734989942889e+00 4.022724022836649538e-01 2.189632955715375306e+00
1.224308462149605203e+00 4.289201165533851334e-01 2.108653868439265278e+00
1.083415425514060892e+00 6.755709872791849646e-01 2.601432600632111569e+00
1.011239621277667311e+00 6.338697042800943704e-01 2.129627094600894388e+00
1.363124815842390980e+00 9.297939793541071252e-01 2.185667299270440900e+00
8.985007001678263494e-01 1.112294955362908011e+00 2.352456341308823973e+00
1.359856107340774667e+00 7.810744278354067038e-01 2.138653474172568014e+00
9.923515263262028263e-01 8.063824587254512233e-01 2.080817112012079306e+00
9.873998800276223564e-01 6.198794597068162382e-01 2.202908395250056106e+00
9.679355445159806282e-01 4.838019821972179280e-01 1.900765791579205111e+00
8.016573857054053454e-01 3.586553296018213377e-01 1.358218684197643134e+00
8.743064558798877561e-01 4.150230551468706564e-01 1.775607951118866268e+00
1.245408767775136427e+00 7.453911532926691397e-01 1.768592192992938461e+00
1.087040434999005045e+00 6.127927411272946490e-01 2.530324439861609154e+00
1.376410868076573202e+00 7.902269822809027122e-01 3.314855756933155373e+00
1.298612772914938152e+00 7.806995944495724871e-01 2.287509552769681598e+00
9.706690687109873483e-01 8.287655779459216498e-01 2.227963853796655069e+00
8.010062361261706121e-01 5.407206198207062942e-01 1.968397801088407562e+00
9.345310521127561110e-01 8.150416854743199879e-01 2.098684339447289382e+00
1.009008130359065669e+00 9.516247355995061108e-01 2.717360256826370168e+00
1.134472564889327462e+00 1.055226484132288922e+00 2.296561241006894960e+00
1.242993943894508124e+00 8.136018206162142219e-01 2.019005116864452720e+00
1.122105861567712193e+00 1.084195545557294027e+00 2.119003001562952182e+00
1.110346965365418548e+00 1.003215089862890874e+00 2.469968816775296006e+00
1.182026580417156580e+00 7.587180599315617169e-01 2.498780705290893245e+00
1.043193013337289754e+00 1.030696067023978868e+00 2.699791633616656306e+00
1.098033343954923247e+00 1.059352636109431867e+00 2.434593078210261385e+00
1.298518566117473849e+00 9.874650332383666518e-01 2.576163234737161467e+00
6.933007862484683592e-01 9.606887232980125813e-01 1.983194246259307958e+00
1.324979310360658635e+00 7.080819112867454690e-01 1.884886081478025721e+00
1.224121313264557864e+00 5.634439876935694036e-01 1.989465303369158500e+00
1.489759690539300241e+00 5.256975345060505012e-01 2.215957090669676166e+00
1.304183692790804372e+00 7.315181442317582050e-01 2.657938016595821296e+00
1.513707937669813042e+00 6.236454546960037426e-01 3.196098590053408017e+00
1.700493872013118635e+00 5.276393138221286971e-01 3.056189847680573557e+00
1.542446535387433926e+00 8.405386093233474520e-01 2.446324417265285600e+00
1.816471429970794027e+00 8.080760072217813006e-01 1.740521017355953770e+00
1.193960513890511610e+00 7.650766526758628894e-01 1.879212141025089933e+00
7.530414765802059263e-01 6.708765580984411558e-01 2.173010445439310878e+00
8.453762896937934146e-01 4.651066209739875279e-01 2.146063052659786585e+00
1.395567648870889910e+00 4.337714650693135221e-01 2.476398993986052233e+00
1.503986059348195292e+00 6.344022395542485704e-01 3.085691460061391833e+00
1.694133292884850039e+00 7.134407348320962461e-01 3.211281168269910058e+00
1.850872260401754232e+00 1.171290680726893685e+00 3.513661038701920258e+00
1.875248646357387194e+00 1.393445512749458937e+00 4.705140830843612676e+00
1.624486215634783681e+00 1.019713690542008555e+00 4.680547251883481863e+00
1.152156668503732329e+00 1.034943614280609436e+00 4.695819017930491057e+00
1.645281865365442631e+00 1.068978282161684001e+00 4.852309480639864780e+00
1.622235773661495628e+00 7.482959725144860963e-01 4.747851100953018211e+00
1.874764522678254774e+00 6.855479900981937824e-01 4.789464718019156741e+00
1.693497047264485689e+00 6.413096971102829613e-01 5.346820645587862408e+00
1.140295723992603927e+00 1.070958007619746688e+00 5.079531323912934937e+00
1.658292448519996576e+00 1.075298954974341248e+00 4.749250970814397732e+00
1.157052816369975812e+00 8.713639933316583708e-01 3.680979576653441221e+00
9.383177996528998532e-01 1.043324637147393652e+00 3.461652686506353493e+00
7.944034167750397835e-01 8.014213883465075572e-01 3.870256406746785949e+00
8.354613466056081128e-01 1.103603307371836761e+00 3.384306697672890163e+00
1.023509487308235544e+00 1.213402095336946873e+00 4.053319940526410647e+00
1.428428767856229520e+00 9.969564831780731717e-01 4.105988834741836513e+00
1.787772287342404232e+00 6.189827866140987789e-01 4.000926875336261901e+00
1.465561211273037623e+00 9.123417195209421182e-01 4.874832603542548881e+00
1.428033009711524359e+00 8.294775840311547910e-01 4.432426979019008506e+00
1.558825536790245714e+00 7.947098077053453835e-01 4.453564204040624475e+00
1.448935615250787734e+00 8.291216694377632201e-01 4.391173988307892628e+00
1.217817394083854143e+00 6.561288535061307048e-01 3.799872724011461589e+00
1.068592552643064186e+00 8.693481994798013535e-01 4.227163995930714790e+00
1.008036465232370116e+00 4.880940924980455842e-01 4.720809569926649019e+00
9.588300285952264801e-01 8.226059097408635612e-01 3.756279513616648025e+00
1.429364375643050522e+00 8.116941826713561792e-01 3.766852393238576457e+00
1.101967435697412512e+00 4.028921207448660780e-01 4.049040876883128526e+00
1.175698005923826450e+00 6.497777305394526470e-01 4.144998301336333846e+00
9.009053962007367300e-01 8.012187607923210164e-01 4.377071949002844242e+00
8.747591184736669412e-01 7.577346317565698541e-01 3.902845764886165192e+00
1.137754199970231861e+00 8.339942973186199593e-01 3.854815095398956615e+00
1.006996365603720411e+00 6.286515781871140351e-01 3.629374989844054156e+00
7.680508479764341923e-01 4.982768151245586807e-01 3.620767013308169080e+00
6.971455344011525668e-01 7.796874505509535647e-01 3.825468190228540344e+00
7.892581325142541404e-01 7.755674183422941459e-01 3.880727799557995183e+00
1.231984793614928186e+00 1.003402876190039095e+00 4.168671822936895310e+00
1.180774497570221460e+00 1.312213866468139978e+00 3.934702936751825142e+00
9.426679297822661008e-01 9.804395454577767843e-01 3.902610424715343029e+00
1.056837830269699685e+00 9.269312895246426542e-01 3.683545775742145700e+00
1.044405681465880198e+00 5.962773868949153844e-01 3.889084390641174505e+00
9.468608785759541346e-01 9.244335382260800982e-01 3.819877182222727985e+00
1.080426773301688348e+00 9.014153376486794267e-01 4.044835309301869408e+00
1.224856596698089328e+00 1.013432982619372202e+00 4.440575282073405461e+00
1.365324699643009287e+00 8.555953490996126565e-01 5.297866437367515502e+00
1.257531806693892085e+00 6.106998404542118841e-01 5.068949053295162877e+00
9.363583916741625712e-01 9.205080148018083275e-01 5.284794642154677646e+00
1.040158397967706261e+00 1.106446720937257489e+00 5.218117265252909753e+00
1.368513345546473969e+00 1.134513216335331753e+00 5.014700220209009629e+00
1.559146869418419401e+00 1.122456366271778583e+00 5.590594378656486008e+00
1.592225249672407195e+00 1.003061086476069175e+00 5.583914418805340674e+00
1.893126431427937684e+00 1.100897153414810203e+00 5.446737437845187380e+00
1.869680919274122388e+00 6.215900387631867474e-01 4.885045087355504911e+00
2.008346074068055209e+00 6.176971998966998001e-01 5.568071987768571596e+00
1.237201288487856266e+00 7.213119592311995065e-01 5.374471486429759359e+00
1.683071730107812414e+00 5.145886427300003785e-01 5.797589103656846987e+00
9.872624213095977375e-01 4.248430965300376005e-01 5.583289205602537386e+00
1.159966971821439818e+00 7.563053702416269175e-01 5.524815415125993390e+00
1.031384235465509169e+00 8.833227394815031941e-01 5.987701419363921751e+00
1.101201278692495178e+00 1.088661330636349289e+00 5.712740732510116715e+00
1.295825303843029408e+00 1.053611724667019134e+00 5.761049992578433532e+00
1.396820625306506747e+00 1.199381775610240286e+00 5.707204252264737931e+00
7.412489171159114543e-01 1.139608308315565921e+00 6.001626991098433450e+00
1.483726299165435636e+00 6.032773392372876575e-01 6.254387795900611557e+00
1.703764490346375560e+00 6.016120976592176373e-01 6.436172655646668517e+00
1.212514493798888759e+00 9.358642338277639583e-01 6.395340773821914127e+00
1.456514035171347032e+00 8.514149950024110236e-01 6.628863313396995416e+00
1.228947517616365559e+00 7.340011463162520178e-01 6.462602113979723839e+00
1.228947517616365559e+00 7.340011463162520178e-01 6.462602113979723839e+00
1.450533893909409233e+00 7.093525336113790658e-01 6.925931576711737314e+00
1.484875850136588848e+00 6.387914385817649032e-01 7.919425929246006746e+00
1.165640268253497425e+00 7.728860429935139331e-01 7.786529646788602932e+00
1.178930709897357820e+00 5.035479044705309937e-01 7.151342139746233784e+00
8.800302463134743736e-01 7.473487012738601054e-01 6.490896396194654194e+00
9.070237241118763727e-01 8.666407872838555182e-01 6.258710234084727375e+00
8.113670088222878496e-01 8.876473027281149841e-01 6.369355126765057662e+00
1.057588927512025379e+00 8.662330755786569192e-01 6.079278571460165814e+00
8.703995197147321727e-01 1.208097693230217429e+00 5.698991477785565252e+00
8.613471953623814681e-01 7.206029285842143750e-01 4.776468279966477049e+00
1.198771465929662439e+00 8.319156644127330136e-01 4.861974409538888153e+00
1.178191517523090592e+00 8.974229834408687934e-01 4.988775176396766931e+00
9.284350301513640824e-01 5.780330769451168527e-01 4.685127289220039515e+00
9.585654494030042549e-01 8.524926638908478793e-01 4.989874423644642398e+00
1.310559186361268225e+00 6.112651422011780022e-01 5.114402602660000241e+00
1.055323870469939251e+00 1.250628165712904361e+00 5.217619589605751784e+00
1.409768892122451822e+00 1.571347326847634340e+00 4.989750709743936419e+00
1.838856129680077167e+00 1.416059329856082183e+00 4.738732574073637238e+00
1.584997402133295985e+00 1.078743936491240119e+00 3.867581262260742836e+00
1.641555352074298479e+00 8.012136421407322073e-01 3.920531889155337790e+00
1.632837156968844683e+00 6.597033735745121419e-01 3.690330449785019340e+00
1.785412634257605990e+00 8.185647973709631042e-01 3.269575419583106157e+00
1.360900791657653652e+00 9.833929831581101899e-01 2.977272345580138868e+00
1.411422278328006374e+00 1.164276212429255608e+00 3.731285181531748929e+00
1.251619638466771489e+00 1.122524994092263695e+00 3.969547490800086287e+00
1.198362020675684869e+00 9.215035237107125354e-01 3.872941046968316758e+00
1.871542910501928780e+00 6.973084827106564854e-01 3.550288298222612049e+00
1.826472773051405873e+00 4.335174026629232125e-01 3.940820491759795985e+00
1.960435578895292519e+00 5.901236127637337070e-01 4.297739550558047128e+00
2.431336805077090713e+00 8.369599068322512991e-01 4.269625086660718161e+00
2.568131949366869282e+00 1.061320805135310019e+00 3.993557522654673786e+00
2.857050632390547129e+00 1.125903329507489836e+00 5.003366323033602292e+00
2.890914296490371793e+00 9.645576086730116572e-01 4.564649544715016383e+00
1.802098482661788292e+00 8.099639322778006134e-01 4.460087712350218503e+00
1.586134179184935933e+00 1.100971337283597196e+00 4.282992889903484368e+00
1.574442071250702346e+00 9.694631183851203371e-01 4.023209401361246051e+00
1.449991542484559304e+00 7.863331245677690484e-01 4.239410874624922165e+00
1.325757099231107183e+00 8.172955845682783327e-01 4.030003295690675280e+00
1.826340946994853276e+00 5.761046432182324040e-01 4.232027428045810780e+00
1.816434206875718660e+00 8.128211819148173367e-01 4.522495271344871171e+00
1.304312440929417560e+00 8.946500485462466346e-01 4.325150222453381765e+00
1.210225730793378585e+00 4.976370714424345754e-01 4.459899868156053770e+00
1.374397951435196497e+00 6.360181236143581662e-01 4.198005913994541594e+00
1.104527154973625747e+00 6.499532097951680187e-01 4.407875161800763664e+00
1.209821260265310894e+00 4.641635769617252771e-01 3.672597987478800174e+00
1.075616942348866178e+00 5.967269495623819253e-01 3.714459970729214522e+00
9.352846278549437065e-01 8.063844529246282367e-01 4.114907584338753033e+00
1.022091541541730209e+00 6.137009260911110431e-01 4.155621269888419178e+00
1.431034956589702034e+00 7.402270022029050489e-01 3.629798077652037769e+00
1.611087945333922855e+00 9.077303043217678225e-01 4.007688715697202753e+00
1.598849458015344283e+00 5.711311248614679981e-01 3.134568401928829573e+00
1.132547907827966549e+00 6.000028723623656024e-01 2.552931565466599828e+00
1.150936494893929796e+00 5.773628352371726891e-01 3.257158952250579276e+00
1.414301758927124508e+00 8.249561662916483629e-01 3.696599563550193590e+00
9.575647733721884824e-01 6.006602975344031980e-01 4.370243001581147091e+00
1.281337860945334306e+00 5.880994699735597742e-01 4.575131092987212433e+00
1.423764553506791986e+00 4.886137161733885570e-01 4.237798922281414526e+00
1.783848635456081189e+00 5.715435141591767021e-01 3.864725315069763578e+00
2.016471029233639189e+00 6.223058479876163451e-01 3.636774176349911070e+00
2.016471029233639189e+00 6.223058479876163451e-01 3.636774176349911070e+00
1.380737177455338305e+00 8.505098495525917901e-01 3.717474893283159165e+00
1.022370080511470158e+00 7.432930232564247675e-01 3.317313359520164706e+00
1.209857322692962756e+00 6.563295166281781778e-01 2.693373704844875149e+00
1.290849701664858795e+00 9.194349444008406147e-01 2.682687612152174772e+00
8.596993734630411499e-01 9.402305276055917815e-01 3.912526516563539225e+00
1.196342168364458169e+00 5.368234031962403341e-01 3.351113783701620719e+00
1.354142029090638522e+00 9.307420238692432068e-01 3.446454191378233833e+00
1.208503629238343979e+00 7.846506157385869651e-01 2.716759504010096471e+00
6.992529250215789860e-01 9.171086759663196197e-01 2.751257273969558881e+00
1.117366939556406757e+00 1.068798099267062485e+00 3.235109020162806104e+00
1.007888048636284006e+00 9.273769721190088244e-01 2.191543798320984227e+00
1.386984039180908068e+00 6.508703996893050459e-01 2.308013507796586428e+00
8.882980536863126497e-01 7.355753145142733818e-01 2.402859913923077961e+00
1.307304731930795327e+00 1.023295504383674004e+00 2.961816342175729311e+00
1.221287967353647197e+00 8.009495497611109904e-01 3.177640126032622359e+00
1.213951155076983701e+00 7.592607042195904654e-01 3.129124697834448021e+00
1.564096053129726549e+00 1.078813511357979538e+00 2.911944617535320745e+00
1.437512164534312076e+00 1.244699393772552787e+00 2.655636405609869133e+00
1.183059095563435692e+00 9.552954287092032537e-01 2.623467493948551166e+00
1.093639945574880645e+00 7.735625008387474466e-01 2.766822242105690943e+00
1.134796263005902972e+00 4.272375622299529607e-01 2.511499370220778182e+00
8.904481661560443850e-01 4.588030910600253698e-01 2.585555294865558462e+00
1.012851700960515577e+00 5.262482472221428065e-01 2.714775523358026188e+00
1.085001117872141707e+00 6.109790023114431978e-01 2.874791980183347029e+00
9.554973939853216303e-01 5.891341104149995234e-01 2.402757417850251542e+00
1.058370415609916071e+00 5.996223780719450724e-01 2.813858749381200841e+00
1.104641823216638619e+00 7.892718300698677858e-01 2.981928645665854027e+00
1.666829332294969213e+00 9.964533807074064109e-01 2.806611901053863267e+00
1.414512065308915600e+00 9.009461658222872593e-01 3.021982424027121805e+00
1.730240223803624744e+00 1.119174431934456315e+00 3.650279552321644250e+00
1.463218112109745395e+00 7.669883933926615605e-01 3.681476777587568527e+00
1.488348842757819535e+00 7.915118603880770820e-01 3.663837170947690680e+00
9.367846239512459539e-01 7.914455510740263655e-01 3.809194917710170269e+00
1.199280794788271987e+00 6.190621181823617869e-01 3.442231737093249144e+00
1.496769195774223737e+00 6.813862308041596094e-01 2.690050235020139180e+00
1.740704341189993842e+00 7.328591897617087181e-01 2.348951543498111416e+00
2.167580109776545250e+00 6.548937327813542097e-01 2.865002005760482362e+00
1.525202943434969205e+00 8.816080828231894762e-01 3.626651395160656488e+00
1.142573667477426724e+00 8.274078483917238769e-01 3.685720862171847134e+00
1.593656798724476520e+00 9.099044543474670288e-01 3.449184875611503553e+00
1.289679951260834345e+00 5.982309542431292204e-01 3.362070664089915173e+00
1.392821268262857126e+00 9.230031787145414057e-01 4.031588619532990414e+00
1.253995316678237826e+00 1.101642696655558806e+00 3.671898773406341743e+00
1.263067566880692327e+00 6.757251128234661453e-01 3.153516555066135041e+00
1.369979328451534029e+00 8.472568411925546217e-01 2.619213545997450154e+00
1.801331217375726101e+00 6.358890342687452124e-01 3.059283335502510859e+00
2.440384660806618200e+00 8.111723792817085998e-01 3.104530435656792875e+00
1.604073906229504409e+00 8.188623101288279305e-01 3.131452311970670532e+00
1.690873761383077323e+00 6.568637026867842899e-01 2.918326850584617826e+00
1.690873761383077323e+00 6.568637026867842899e-01 2.918326850584617826e+00
1.403970124641051864e+00 5.420744424647688797e-01 3.512180929093956738e+00
1.858830086266593407e+00 7.926198469369901689e-01 3.770038338054732208e+00
1.490632107854296118e+00 7.876755481133191905e-01 3.642237387148442362e+00
1.085758555450662355e+00 6.860949663005238008e-01 3.695453669819241505e+00
1.806100332145585741e+00 6.590117073473467091e-01 3.613759265094355744e+00
1.291738836847343475e+00 7.563090490964650137e-01 4.038581375928636419e+00
1.065897481133234903e+00 8.616195363093200887e-01 4.084250353512119069e+00
1.178100429469634891e+00 8.015445499070871227e-01 3.811139224840497164e+00
1.170092860351077402e+00 7.151324827170260079e-01 3.502552928711663682e+00
9.188550556701045036e-01 9.202090750605603775e-01 3.659991388176928151e+00
9.625186765086878316e-01 6.685123401364343465e-01 3.872097527804731598e+00
8.505947445989634481e-01 8.886016984771556437e-01 3.526034247651316900e+00
1.300625671506205450e+00 7.973948110272771617e-01 2.825727206344696096e+00
1.178044460053876419e+00 9.666954302992062376e-01 2.463023253162134552e+00
1.134884202275899368e+00 9.050236651540602972e-01 2.928413621471896100e+00
1.144502453595715341e+00 8.508416615945098016e-01 2.738738874881624596e+00
1.224106232963366070e+00 4.521536380186529924e-01 2.775018197759493876e+00
1.014601210096009121e+00 5.791642146872504338e-01 2.868584426693395972e+00
1.073932662413118244e+00 5.043677565102585580e-01 3.133699299582976217e+00
1.007156977188185643e+00 7.181313493204207754e-01 3.304363652758917524e+00
8.825116692040347877e-01 9.094286316331866571e-01 3.516244979612208166e+00
9.505379509012520378e-01 6.889754044401621424e-01 4.005283182060273894e+00
1.161518076250295683e+00 7.189361772938622774e-01 3.586585841203128400e+00
9.339656255992517808e-01 7.128499251319994068e-01 3.078160177676763531e+00
1.004379964663467462e+00 8.645962014404725560e-01 3.179445239114726984e+00
1.245325136979115621e+00 5.044501601844059158e-01 2.861420002158631348e+00
1.382685382249886352e+00 6.611144157220025797e-01 2.237821380087928080e+00
9.966949874431830780e-01 1.007327199417162200e+00 2.238433840056724744e+00
8.164250552849434683e-01 8.449728781984136017e-01 2.380663469442259039e+00
9.395488435273354755e-01 9.484701400644481861e-01 2.779649860348659018e+00
1.114596499914435990e+00 7.121991755639194288e-01 3.217668776644677653e+00
1.114596499914435990e+00 7.121991755639194288e-01 3.217668776644677653e+00
1.136376242871636189e+00 7.630795974030206708e-01 3.545743115070715934e+00
1.134612671985861132e+00 8.340659094167037768e-01 3.156871514987928062e+00
1.430061930405791992e+00 6.081684768029803623e-01 3.149794693989981909e+00
1.640643190888098513e+00 8.836599336544308514e-01 2.347778800016503631e+00
1.597923618847827187e+00 1.094500876451499405e+00 1.578300893881179112e+00
1.401057988004855259e+00 1.476305156306832345e+00 1.962548952492770393e+00
2.074568297703670794e+00 1.187451984486051382e+00 2.033651770181704510e+00
1.923017958407771122e+00 1.487377329178206198e+00 2.693965183893014093e+00
1.843701112621702443e+00 1.721319167025890495e+00 2.450174717952690262e+00
1.342946987379942003e+00 1.056669330579024235e+00 2.334470256579875613e+00
1.216964714692989613e+00 4.959848282362802063e-01 3.197750604275274355e+00
1.317316389486035355e+00 7.647348271038449941e-01 2.688978681639809132e+00
1.384523260306015580e+00 8.997391356452357769e-01 2.795414359312300867e+00
1.509079933159946263e+00 9.763495426024465518e-01 2.487538879416741899e+00
1.651362765423534773e+00 6.832344407659736163e-01 2.642708393174177051e+00
1.625456649591416669e+00 6.739617970130765690e-01 2.837039381812203498e+00
1.378315629936541997e+00 8.909340485224245265e-01 2.748684579799968386e+00
1.595447366179711057e+00 1.408321055851912362e+00 3.395209650291915793e+00
1.356908680201950990e+00 1.407397693819949058e+00 2.925417868419899925e+00
1.051617316256449941e+00 1.204599077650563954e+00 2.290593256569758651e+00
1.193956654305742271e+00 1.038650337578769900e+00 1.536801732864211623e+00
1.789804932156957129e+00 1.204981309015582092e+00 1.439428054331216789e+00
1.725289600473555840e+00 6.934567004479665897e-01 1.499066841197315814e+00
1.416884304605612765e+00 5.405777034159588990e-01 1.827982798651760943e+00
1.275625535831455659e+00 7.250632874720884802e-01 1.860127680272111172e+00
1.219569798612061051e+00 9.210073950698896006e-01 2.639872310051771809e+00
1.287623533097068895e+00 5.356949157864404620e-01 2.625402663110381951e+00
9.970843907794862959e-01 6.432902638982717081e-01 3.349545492540115355e+00
1.223246477141959332e+00 3.754053721150701906e-01 2.829042897656748767e+00
1.385458647188293480e+00 6.910868359113395698e-01 2.525150125218786012e+00
1.649502775095086138e+00 1.192120840735677367e+00 3.115440143732902900e+00
1.691735696660525701e+00 1.158039665204184665e+00 2.819542274395415049e+00
1.675266897605110827e+00 1.389487644351669271e+00 3.168278854263140598e+00
1.589300645270723900e+00 1.427997020071899881e+00 1.933916123602535730e+00
1.653983275617232795e+00 1.521097482395863620e+00 2.046311445571924015e+00
1.704227570304282180e+00 1.139987190680272766e+00 2.466723020127392640e+00
1.282132482752136760e+00 9.052128061097226563e-01 2.832500413769102110e+00
9.111071496664203684e-01 7.041053532985646068e-01 3.093543016312257254e+00
9.996283067435781655e-01 7.490076892752597360e-01 2.862042599592078851e+00
8.714174828490971469e-01 7.668665906807885513e-01 3.005942914181966241e+00
1.201227692677903969e+00 5.214763381726488234e-01 2.841075619848664413e+00
1.327266760193180462e+00 4.046170612880991002e-01 2.105685868354034262e+00
1.381916160124640136e+00 3.994968628494149909e-01 2.043086902714596143e+00
1.052007047388920258e+00 6.074122114324244093e-01 1.762527875948797007e+00
1.341816890563516829e+00 9.007042987523647959e-01 1.660721009261520331e+00
1.411743430843281910e+00 6.726671271314831335e-01 2.330271026168590609e+00
1.712885587673658172e+00 6.061046273589758560e-01 2.714929814210636838e+00
2.066209692692242861e+00 9.142476333246749576e-01 2.600377297248293029e+00
1.560354235144265189e+00 1.448195687995399883e+00 2.419664059851061477e+00
1.761746504498779231e+00 1.232751779464096975e+00 2.315737628171419260e+00
1.249596736653797224e+00 1.311246153393675895e+00 3.081047066169883220e+00
2.046186559219055123e+00 1.124194078919550144e+00 2.137943309550735194e+00
1.097647786438938011e+00 1.023440931146663457e+00 2.175259075379960105e+00
1.191313669394547414e+00 6.980090872874324948e-01 2.247348115521054179e+00
1.243893791669718141e+00 1.171463523239739901e+00 2.375011785444494983e+00
1.397187119862819182e+00 1.006805690458069114e+00 2.825230470470040611e+00
1.453887655023822445e+00 8.553455959379735463e-01 2.723238389138092685e+00
1.576924317639063711e+00 9.731393535480882262e-01 3.410084873165939889e+00
2.329651394045165080e+00 8.834632481266465609e-01 4.157526526794898203e+00
1.458148588804508261e+00 8.079450236147640574e-01 4.225923615966923563e+00
1.463696971090421739e+00 3.247525025223695350e-01 4.252015792976098219e+00
1.707210455684833317e+00 5.290095868781297117e-01 4.300506987964600292e+00
1.127948681261416564e+00 7.457515594656108915e-01 4.097244304254722636e+00
8.988983213829832009e-01 6.619112202082609864e-01 4.505503437304555270e+00
6.556812290060174409e-01 6.410027560908572175e-01 4.787615245330332669e+00
8.617375158528663981e-01 8.519913712941614703e-01 4.033111266515049920e+00
8.800185189359692739e-01 8.731028931746405153e-01 3.996160979918247147e+00
1.168685659420273248e+00 7.468488856591511960e-01 4.212906707725081468e+00
1.265803983971885982e+00 4.394536024926153917e-01 4.210880384025703194e+00
1.166756592487018240e+00 2.989055773799711435e-01 3.409524663884627493e+00
1.847239355328027743e+00 8.116947587629997907e-01 4.022240511424199916e+00
1.443830985418739665e+00 8.401639676024926784e-01 3.918172080561053594e+00
1.614325002739730008e+00 1.275319607918813380e+00 4.115949673806268194e+00
1.826120483321388210e+00 1.066374866220954232e+00 3.602246967593766946e+00
1.444947356888538703e+00 1.075791355133297156e+00 2.906759121854302741e+00
1.133641949579580421e+00 9.161066081466835431e-01 2.925617663683448555e+00
1.258252490655708433e+00 9.735056566823138136e-01 2.406236443763893007e+00
9.561982669503799048e-01 9.644035998405884325e-01 2.363303962146802384e+00
8.758660827333074606e-01 6.747676201860756118e-01 1.947456825285341253e+00
1.118762611352359881e+00 4.927820722171680767e-01 2.394415670904252558e+00
1.385271056240622523e+00 4.923075600599957080e-01 2.758421996172537582e+00
1.429681937852791629e+00 5.741546275357922724e-01 2.321158099420171261e+00
1.270613145612446981e+00 6.110343825473067980e-01 2.442703970319475726e+00
1.245243274951454149e+00 6.544495087227135688e-01 2.488913060051451076e+00
1.092236447650754450e+00 8.847811296250490676e-01 1.716046766556522440e+00
1.459133817728645255e+00 7.395827766243247003e-01 2.070187641498534070e+00
1.399278000771819297e+00 8.121382134624220983e-01 2.073271763733988582e+00
1.314790989902560048e+00 9.779887915748306515e-01 2.234053004879690274e+00
1.041254867641024484e+00 1.193104046415419450e+00 1.739463922209406377e+00
1.265130550841484736e+00 8.827875114002255996e-01 2.354200745473491008e+00
1.168711256109083774e+00 9.635863171090864876e-01 2.525122202481530742e+00
1.308306584414844487e+00 9.664149576539613484e-01 2.645162684460328872e+00
1.296819359106610170e+00 1.079006087277101011e+00 2.145046771619969039e+00
1.447772572395451318e+00 9.429921241630758733e-01 1.679694799609099620e+00
1.321285404932315055e+00 8.318041843720583861e-01 1.916567995754879350e+00
1.189965059011262705e+00 5.119238935868474227e-01 2.141037318722673444e+00
1.344991098272880992e+00 5.710763685151365454e-01 1.820265628443277217e+00
1.079594515906644459e+00 5.337754831755391338e-01 2.347130154126523482e+00
7.888424823937109087e-01 4.946931446792853238e-01 2.971439761077010910e+00
8.112854147675299110e-01 5.235624764875222992e-01 2.824592777477109795e+00
8.576780338826922589e-01 4.537896965914400282e-01 2.748978276970836188e+00
1.296719457324976288e+00 5.617280451096938743e-01 2.495362127349776138e+00
1.212353510945934243e+00 5.148659621013631504e-01 1.965118877848167411e+00
1.289241126021671180e+00 7.452587814991187276e-01 1.814822292506170553e+00
1.385130429349305192e+00 7.992677883282434115e-01 1.883378359938395752e+00
1.041668518516190023e+00 1.032678868114250914e+00 1.892440376067049623e+00
1.614467987241404945e+00 7.792490358878086942e-01 2.265589697697637295e+00
1.718081798802976845e+00 8.012513753866505883e-01 1.572222466802778662e+00
1.998466996421494501e+00 9.962295701700200068e-01 1.860497676937859390e+00
1.702226947395284240e+00 1.542072974287577170e+00 2.337559780342649773e+00
1.113805005061996534e+00 1.714722277940761153e+00 1.914749223754002916e+00
1.262850821815452385e+00 1.310390029695393643e+00 2.240663207339530061e+00
1.053690766254423261e+00 9.893209639553331991e-01 1.843238290880418573e+00
1.084546504214893847e+00 8.195451103291814254e-01 1.907934934563316975e+00
7.222927452986458441e-01 8.995542281418670294e-01 2.187625132042331444e+00
8.618788034612376858e-01 9.350882940126445941e-01 2.512628928800688666e+00
1.226268412044716483e+00 7.793046558971614690e-01 2.396592024189978520e+00
8.149329981792455824e-01 6.221131355071526370e-01 2.874060474561824563e+00
1.360217717918877023e+00 8.676441990031571461e-01 3.164988485824582476e+00
1.143664436838139897e+00 9.222884638338735286e-01 3.061148032097554594e+00
1.103467385540743084e+00 7.960834145877843104e-01 3.165619020943037487e+00
1.220009222817254546e+00 8.078751082284943985e-01 3.010446220680445428e+00
1.061060820667502069e+00 1.227909403574551028e+00 2.479904997747145234e+00
1.143069149790715278e+00 9.047297078799181325e-01 2.990191274015990608e+00
1.173797180773718418e+00 7.280880784212231394e-01 2.791063781142792077e+00
1.354313970165688552e+00 1.037899892371193511e+00 3.002572207642691282e+00
1.602068793146820047e+00 1.024853030997527226e+00 3.011094488566635974e+00
1.574170897772870559e+00 7.978740819238940851e-01 2.781064606784584115e+00
1.613678701694596596e+00 7.342085476847753922e-01 3.172555152327171335e+00
1.326859073033530789e+00 7.148415722968516350e-01 4.113940131939974876e+00
1.437333793142956839e+00 6.609826547856596513e-01 3.633332315432573623e+00
1.025939307005024892e+00 5.710126552432130964e-01 3.963750384533890614e+00
8.664491254284072408e-01 8.314537769056298266e-01 3.594220192133114722e+00
9.334327182103491216e-01 1.211979616003433513e+00 3.495804514055171897e+00
1.001312917677622760e+00 1.093557089422194872e+00 3.541889823983823238e+00
1.064843408250967016e+00 1.037824694882195864e+00 4.316508243893621533e+00
8.527094265808792262e-01 9.825110779130653560e-01 3.986290972688661061e+00
9.197731104447105510e-01 6.218478699148360933e-01 4.033337013124759451e+00
9.814952450187697242e-01 5.885566869225727915e-01 4.090253386102933320e+00
8.712806264208390328e-01 6.372735535333029500e-01 4.077214689260498126e+00
9.697368995129590497e-01 7.846003361612726712e-01 3.757679124935084047e+00
1.058075216568367560e+00 7.494997096892643818e-01 3.988782321719070989e+00
1.221534506339279957e+00 4.271477218344797433e-01 4.213090072096310479e+00
1.098798795086041391e+00 4.803660889806750656e-01 4.229560943738974288e+00
9.392031642011147152e-01 4.606513975842980724e-01 4.757223676588121286e+00
1.060737896903692690e+00 5.982005119920044134e-01 5.128344927821752997e+00
1.479471393299157223e+00 6.029681404451981974e-01 4.855290839589759599e+00
1.312305336165130454e+00 5.098936518136992779e-01 4.699964361264476587e+00
1.115724007301064358e+00 8.835878712681182190e-01 4.821365218704175781e+00
1.136527161334504044e+00 9.764560852546804171e-01 4.938955621313286137e+00
9.660095448422802988e-01 9.323860391961467098e-01 4.870537628504652439e+00
1.238083205244259855e+00 1.125695988991819219e+00 4.732805379806750423e+00
1.294431258411835151e+00 9.313661341585656173e-01 4.578577180189080664e+00
8.462254895703759106e-01 7.701657192293411835e-01 4.549774492041954055e+00
1.117407026821680471e+00 1.011156324820834396e+00 4.165919586831249966e+00
1.396573279187791394e+00 9.770884112762530105e-01 4.345643962373134883e+00
1.212698498041971495e+00 1.098795862586943617e+00 4.295530945371796250e+00
1.246538822975581384e+00 1.113966758173999594e+00 3.927642167985598398e+00
1.785132093173627421e+00 1.215664446180680924e+00 3.258102214367123217e+00
1.773455825981816059e+00 1.375230566445824865e+00 2.911785849059437048e+00
1.947851875044266823e+00 1.110554230224110928e+00 3.036848967055646220e+00
1.398439032283893546e+00 7.878132196819296329e-01 3.183702733471589053e+00
9.251738043595629790e-01 1.213584699044127246e+00 2.523728974976663597e+00
1.106029855385946004e+00 1.025470565767415687e+00 2.740772793244561800e+00
1.203697545455918450e+00 7.738361060080699572e-01 3.076553168153925988e+00
1.188185119703950576e+00 1.108624923035797849e+00 3.359725120858884750e+00
1.233127366524316759e+00 9.506993148764641965e-01 3.610353181010264478e+00
1.055307569740514984e+00 5.620111858484194700e-01 3.394357609759685257e+00
1.106705749673770223e+00 5.505647250011100891e-01 3.429735499638043361e+00
1.271030924934201778e+00 5.319822743414619470e-01 3.718305608795627215e+00
1.452998671618396909e+00 6.410664109796506693e-01 2.822694806671235845e+00
1.657195968929565666e+00 7.407434484274151298e-01 3.185237553733182292e+00
1.342151186948503661e+00 5.347471832536611069e-01 3.686626934010946766e+00
1.035780105992716082e+00 4.611938197453588906e-01 3.210629317341123556e+00
9.689657388000783023e-01 5.528234090550383506e-01 3.182518558210854831e+00
9.361035302892481980e-01 6.666571348922384344e-01 3.326863716978588847e+00
1.036188278960947562e+00 5.937131874337890913e-01 3.456861248358495509e+00
1.069320435150433068e+00 8.724895751730568083e-01 3.677588719067694356e+00
1.334618378928355886e+00 1.147407432476422295e+00 3.613934594067850004e+00
1.425752663747527071e+00 8.286949914474851520e-01 3.420459598245451094e+00
1.221723845555710675e+00 6.463524756367138302e-01 3.324474692029937728e+00
1.363166057929528385e+00 8.713821588639365512e-01 2.993636900740464846e+00
1.653768871366525728e+00 6.521520056758703943e-01 2.396274434669668274e+00
1.127269256407741116e+00 7.289012252268619596e-01 3.199011512009509062e+00
1.493597554638530944e+00 8.892654172584244510e-01 3.319399264738575273e+00
1.548346911151672112e+00 6.981410457262219316e-01 4.027933671437961216e+00
1.518619184154284429e+00 7.937886596317434984e-01 4.340440474795410175e+00
1.385658438521907287e+00 1.023948541017637659e+00 4.174875807312905529e+00
1.144346828333010713e+00 5.643012042322002042e-01 3.629067659112470867e+00
8.788627308899479296e-01 4.828785589164718561e-01 3.477820252764956432e+00
1.276245475140935337e+00 8.182983165457539121e-01 3.276161892558436595e+00
1.187911592328958488e+00 6.135074872059839146e-01 3.795854418872098179e+00
8.131282925340029832e-01 5.615163532653564271e-01 4.007466383720484693e+00
7.754900811165569285e-01 7.790086236657518537e-01 3.945561028009770599e+00
9.128975737605572460e-01 7.653379320541218167e-01 4.011303125061433938e+00
8.018054752332582913e-01 6.478587558968007531e-01 4.846856264028103212e+00
1.173091722536908410e+00 6.242020223647325450e-01 4.912348876012773147e+00
1.604111121931704131e+00 7.939223033382510897e-01 5.125343729430156259e+00
1.564758445106323670e+00 8.429767679133419733e-01 5.267144544847774057e+00
1.749381806821714402e+00 9.655714717970007577e-01 5.245142500501758676e+00
1.908986767379002414e+00 9.836845417186282914e-01 5.165032591207928014e+00
1.598223740475985588e+00 9.180851016607166626e-01 6.305656026197139497e+00
1.402010027313573604e+00 6.255910663982737763e-01 6.815048751565988105e+00
1.780371791219241384e+00 8.617267523316914923e-01 6.810668834835456487e+00
1.637604340043845585e+00 6.369088701780730721e-01 6.853375549834598068e+00
1.839077484510198479e+00 1.099567278219230060e+00 7.097588586205365146e+00
2.239699528828014152e+00 4.859475809874599372e-01 7.156879689136083300e+00
2.055315481400623590e+00 7.385838662779188324e-01 7.194414329500614436e+00
2.378289714507596297e+00 6.807711438675897453e-01 7.151554979185213767e+00
2.502709869243647578e+00 6.541082725907034767e-01 7.519959821186010807e+00
2.495088401651849974e+00 1.051962190227986094e+00 7.624670076079596015e+00
2.356756373795191095e+00 8.384426852038502354e-01 7.684250606738475931e+00
2.325957549346774123e+00 7.089844793874771067e-01 7.150411501637146117e+00
1.745622086652758531e+00 8.237861141672437881e-01 6.388139034817225337e+00
1.299322821899334457e+00 6.960713877803448302e-01 7.013057801326743501e+00
1.420646618669965777e+00 1.251322904325914198e+00 7.282370203605823100e+00
1.466135340653078822e+00 1.106632982111268593e+00 7.057466642129614165e+00
1.379580789656768003e+00 1.102703411856743143e+00 7.437290637861580400e+00
1.440004874426031201e+00 9.296260142877209587e-01 6.585925478968086111e+00
1.492145975179561823e+00 9.368574084569608607e-01 6.711049091910231468e+00
1.492926764577093390e+00 9.332586254878051379e-01 7.080902908084429903e+00
1.209475170734637617e+00 7.832411177189991802e-01 7.054113309403509113e+00
1.262626172874075303e+00 7.487866776401567170e-01 6.975271541638094597e+00
1.510386040363213667e+00 5.721964397615502129e-01 6.472035655078503424e+00
1.620341084087128181e+00 6.591548214787130711e-01 6.108645598459284898e+00
2.206803576641818143e+00 7.650597868465692786e-01 6.587935720734341416e+00
2.204550006095847170e+00 6.016755282665539051e-01 6.378891737215893976e+00
2.213204515096608649e+00 9.238491795001188001e-01 6.375037048767453918e+00
3.505848632319983782e+00 1.157274040045279895e+00 5.939443811371586612e+00
3.382364220453436765e+00 9.133521544149705296e-01 6.393881042306870377e+00
3.123603493491716954e+00 1.236138204879672298e+00 6.604833851379434684e+00
3.024321197172964215e+00 1.041286325552471803e+00 6.203116888660106909e+00
3.616736482150964438e+00 1.119777544339212838e+00 5.976886001785381097e+00
3.058999415173043968e+00 9.678514809123242024e-01 6.298772010156395318e+00
3.378231059480699461e+00 1.232674133624788393e+00 6.528216186530557685e+00
3.477717152602787909e+00 1.461265149325912338e+00 6.191647304799174911e+00
2.773784967017646430e+00 1.600185252692471582e+00 6.517042687431857217e+00
2.852526758277742491e+00 1.703944338197695085e+00 6.459902447404400228e+00
2.241561301520621718e+00 1.543181068971763548e+00 6.653290797756813646e+00
2.564948541736745913e+00 1.241257534331237311e+00 6.448701541708569351e+00
2.994520567011864642e+00 1.552846884911580849e+00 5.554150149546823734e+00
2.273985316088329878e+00 8.232622636591040433e-01 5.853528018326441540e+00
2.070795400735784053e+00 7.716517513871390399e-01 5.545142567894693286e+00
1.986531390697183763e+00 1.203398241212447539e+00 4.656851917058594914e+00
1.841012539900543254e+00 1.529015564810145111e+00 4.447545104953251283e+00
1.707431268851606676e+00 1.381541865554681392e+00 3.872721012855318889e+00
1.509637659385159703e+00 1.044201654497404652e+00 4.051025672453756776e+00
1.480817844144720175e+00 1.035526000220497567e+00 3.766733193589030471e+00
1.081578947918365063e+00 1.591890494551586377e+00 4.021643934229827799e+00
1.559109223063982252e+00 1.515711457381049065e+00 4.643593750342939863e+00
1.389703257577273199e+00 1.431799588160219239e+00 4.392210848082882535e+00
1.310383229771443503e+00 1.424643606333850121e+00 4.039214439556864988e+00
1.566507858278884946e+00 1.551366653379564253e+00 4.188109418246864557e+00
1.558249099668720383e+00 1.163115790644595027e+00 3.857684744406828070e+00
2.205693674451917108e+00 1.128072197928345011e+00 3.432647196305880222e+00
2.318086056408474871e+00 1.395412284004269754e+00 3.330269250525729419e+00
2.574770130745338115e+00 1.204249956711548553e+00 2.609101362263563040e+00
2.712654602880884003e+00 1.181692432487451372e+00 2.826469716202076654e+00
2.387400550882699868e+00 1.256715644073615579e+00 3.135084111235396875e+00
2.511315167731710485e+00 1.060146002772608842e+00 2.816312816703135713e+00
2.432171125943083378e+00 1.230864681963188545e+00 2.834465634156832170e+00
1.899073429019717096e+00 1.459669190408070527e+00 2.794251066769636083e+00
1.536088304904215551e+00 1.237485197309476703e+00 2.557600955415820110e+00
1.198363061380782524e+00 1.025396202076833463e+00 2.194375936937615457e+00
1.215274210987898451e+00 9.259039041115639801e-01 2.400128730187427006e+00
9.814635872507010417e-01 1.178028192962382370e+00 2.444140296286862579e+00
9.503501633703845819e-01 1.112995271088718541e+00 1.921236108732084835e+00
9.877153274882546352e-01 1.224101218893128395e+00 1.828781995390999837e+00
1.398134964743452668e+00 9.565324858678471154e-01 2.311299222339954884e+00
1.314625479205761005e+00 1.071738052739146907e+00 2.443536093624634198e+00
1.128461807514192339e+00 1.072186332074282600e+00 2.183094401844102528e+00
1.100296908083998604e+00 8.928576157974225103e-01 2.024618671397856229e+00
1.142210811152137850e+00 7.244114024458592205e-01 2.288271212770602858e+00
1.705537803674231911e+00 1.135479877207855592e+00 2.129692307788609185e+00
1.140865994952789952e+00 1.021555207559656564e+00 2.046416209562250899e+00
1.102749775881377570e+00 6.709802517243375064e-01 1.867663103582505535e+00
8.339174298842951805e-01 9.256958599176677849e-01 2.266776574117205456e+00
9.217941812436230009e-01 1.018029742287252848e+00 2.321065734690574534e+00
1.072728565048830740e+00 9.663643913369333038e-01 2.391058193890987393e+00
7.858730093539476602e-01 5.578616112744705369e-01 2.227284706457163033e+00
1.187109823895561744e+00 6.387955417992339235e-01 2.913068475671689583e+00
8.397702763439280904e-01 6.035864057263772287e-01 2.913713988020959267e+00
1.095017756205392878e+00 5.023504914982468428e-01 2.673904296266634617e+00
1.257282670923487222e+00 4.291037163209375227e-01 2.873111016250663674e+00
1.412829038384757707e+00 3.789389769093101101e-01 2.971574800219246804e+00
9.896137633282174884e-01 1.056582953218109022e+00 2.777384934147555828e+00
1.080458708459071104e+00 8.827530212890420946e-01 2.437851796940079474e+00
6.943885340933990680e-01 6.338584539686898944e-01 2.708548309791408926e+00
8.140290330186575884e-01 8.712780683516869740e-01 2.389439327534048640e+00
1.108208389514272918e+00 6.060048206956284433e-01 2.460402743078627719e+00
9.278778837908763233e-01 7.546593918587035654e-01 2.457020733446971139e+00
1.153750997156714364e+00 5.806554046089456023e-01 2.472341903597301993e+00
1.325498695656616377e+00 7.160647404360530599e-01 2.407024927980577989e+00
1.427987460144731324e+00 9.013068141784539300e-01 2.524521798017275831e+00
1.284181214032277252e+00 1.161071742732236789e+00 3.119411466817321621e+00
1.228568408636585563e+00 6.403409729270971296e-01 3.208184744812025091e+00
1.259875729654390764e+00 7.909645243451534080e-01 2.732012816209962836e+00
1.142358812632531695e+00 6.754797014196300964e-01 3.059874412578271752e+00
9.381918081395178577e-01 6.480804155991733984e-01 3.297648882243252366e+00
9.909369750608966187e-01 6.613871262541742846e-01 3.546588239112654861e+00
9.096656690480677820e-01 6.248637546724737923e-01 4.190047792018332551e+00
1.279849137043575169e+00 6.288201631606971098e-01 3.988099332031374455e+00
1.100774636501668846e+00 6.201793008897760195e-01 4.147279278006865688e+00
7.600183417384575035e-01 5.830530090341010663e-01 4.268096913174915130e+00
1.116255380725505342e+00 9.252102983912640077e-01 4.257707822589310354e+00
1.157636601534712373e+00 7.815594787856950942e-01 4.069000150473232935e+00
1.741556920378996454e+00 8.510550815431673355e-01 3.858024562572266891e+00
1.782647379323923698e+00 8.352065769286927122e-01 3.847781916591923146e+00
1.398530512234306800e+00 7.228012713569811343e-01 4.581377656615537752e+00
1.346634007086410456e+00 5.325218392560912006e-01 4.395204116951046736e+00
1.489253101885722463e+00 4.628528329486284454e-01 3.890996738340837258e+00
1.157919021356350830e+00 5.955087857792836781e-01 3.695026429611501850e+00
1.495699835079712381e+00 7.091919607495140720e-01 3.888621956699831461e+00
1.650888974620254190e+00 1.034937789068268721e+00 4.280212289977725959e+00
1.247859351503604941e+00 8.222281591229074760e-01 4.554238501644334747e+00
1.778155886293056209e+00 8.880593578674552679e-01 4.138486420393503451e+00
1.856708626293892550e+00 1.117804467298213478e+00 3.715938847170169534e+00
1.736166330175992645e+00 8.724793275313099672e-01 3.221048645056514115e+00
1.412225779361072631e+00 1.139667232771626182e+00 3.243429623586257637e+00
1.339055129201786487e+00 1.112861861695303212e+00 2.930461743605415226e+00
1.491142650483652021e+00 9.350764573943776137e-01 3.096087550221932716e+00
1.422573596956359987e+00 9.788145684416202918e-01 2.990547935184589612e+00
1.167209383116982080e+00 1.024227502771859255e+00 3.109207134414282425e+00
1.305260375226752645e+00 8.248299733650288346e-01 3.497917601698969037e+00
1.272764672752696669e+00 6.611858175484253142e-01 3.493163026999012377e+00
1.064113121399745232e+00 9.037789387740450264e-01 3.386622108550113808e+00
1.262897520282690644e+00 6.849888106425024992e-01 3.482909663668934730e+00
8.778610346097236450e-01 3.329448597055423842e-01 3.069387109493574961e+00
9.469451329986109389e-01 4.382231760020146027e-01 3.442283889992011403e+00
7.342517548283782336e-01 9.370781943816608450e-01 3.852441360047212715e+00
1.104870628409431177e+00 6.655852230857938201e-01 3.318303009931615311e+00
7.936818545542512204e-01 7.469798880859915835e-01 3.590536812778680087e+00
1.323481215876529227e+00 7.836547013204027134e-01 3.171100259514731512e+00
1.336676617958338253e+00 1.146266885867275098e+00 2.515713501982894673e+00
1.125091184287610346e+00 1.191724363382462792e+00 2.209329864810558597e+00
1.370384434622401448e+00 1.321129463732398701e+00 2.085588283113250618e+00
1.523180460835653394e+00 1.473436526963679993e+00 2.033454821369660159e+00
2.070066018146394349e+00 1.173642665536802410e+00 1.797755829613647549e+00
1.905637340519261924e+00 1.359695121559241660e+00 2.410207551696140538e+00
1.275079759779884636e+00 1.062542334959411416e+00 2.694818504751793409e+00
9.628754555928064063e-01 9.002375861626397135e-01 3.520189480167366547e+00
9.906254195360928438e-01 7.913580216315488913e-01 3.398727968963802137e+00
9.210660465066869973e-01 7.131514024345860792e-01 3.373420599994302549e+00
8.521928012452392176e-01 8.401153653426350898e-01 3.073047316683995778e+00
9.518972093205732010e-01 6.208981475269632622e-01 3.619859304801042121e+00
9.735266399556941064e-01 7.545073037214428124e-01 3.314122685621919029e+00
9.456831728964374406e-01 5.820568478837985227e-01 2.583532988687151200e+00
1.298734438686658610e+00 5.394776277287431920e-01 2.742605525988931259e+00
1.392805456112096385e+00 6.737818161555521046e-01 2.921603643713539533e+00
1.399628129514109753e+00 9.271404036511439184e-01 3.267094195396206935e+00
8.981451037174020824e-01 1.012970207139020085e+00 3.299952682592603548e+00
1.166867443526730108e+00 7.307807349749008141e-01 3.251199965589214980e+00
1.785857662863249651e+00 9.537466883145856444e-01 2.649157375321692154e+00
1.694586134207664463e+00 8.698560770417278487e-01 2.878704967273955084e+00
1.319252947313518387e+00 9.754298597131931814e-01 2.299537555388788679e+00
1.386959576564193108e+00 8.276621023851422621e-01 2.223363254935307953e+00
1.488449407719672601e+00 1.046865039589347735e+00 2.414279161075370883e+00
1.017131293385663326e+00 7.795129333568981966e-01 2.846272586051275422e+00
9.414546102745181555e-01 5.202467211878669673e-01 2.840212435544103187e+00
1.277418999664301058e+00 8.770620839921843270e-01 3.168545658457490699e+00
1.413937641468955730e+00 8.802836156055124928e-01 3.290156535980194974e+00
1.392047343348178368e+00 9.698936102595009379e-01 2.879857606216618571e+00
1.322113567330647665e+00 1.197192823803418849e+00 2.723502387238559752e+00
9.208678796861186067e-01 9.840558136900569020e-01 2.790294470749741240e+00
1.249035037972067608e+00 1.345635372133665353e+00 3.055885634217144986e+00
1.793330038347736632e+00 1.257562190833708016e+00 3.037239173396618419e+00
1.580386816354794721e+00 9.749412738391504130e-01 2.939348890796650071e+00
1.481587259625243735e+00 1.040993636233628505e+00 3.543260639337206808e+00
2.128338308987411054e+00 5.198640469509152595e-01 3.163458640850591141e+00
2.108866417873225263e+00 7.838187094731681182e-01 3.069770206867525886e+00
1.826946350243051853e+00 7.467411721342523956e-01 2.923273290207769382e+00
1.950180998296284773e+00 9.627095346440290857e-01 3.192684364136613162e+00
1.444512619385128316e+00 9.553451792832489131e-01 3.037767968646578165e+00
1.485670376064493814e+00 1.230008584324530085e+00 2.384267383262252959e+00
1.718672701322995433e+00 7.312185915739594089e-01 2.053371805308292330e+00
1.781702494299508555e+00 7.447413405199370118e-01 1.407522431249942585e+00
1.393495366075107489e+00 9.456490178584422424e-01 1.747701473398021843e+00
1.249260612959841810e+00 9.558978188276928689e-01 1.486612483547672836e+00
1.122686917566334985e+00 1.533861834879286290e+00 1.062034092757918824e+00
9.793672831151499780e-01 9.945070993515748858e-01 1.581101178162746645e+00
1.049158000119285061e+00 9.504677676191706226e-01 2.323905553771512533e+00
1.610787614981461502e+00 7.215760315308222816e-01 2.451397889961223875e+00
1.083060912786253160e+00 5.822831790657246875e-01 1.817148845468323781e+00
1.251173666301364396e+00 9.828208266714153485e-01 2.598747132096688173e+00
1.284402965857468493e+00 1.152984851822489443e+00 2.502914212697526342e+00
1.000929291529750742e+00 8.940424117529964798e-01 3.231865426200244862e+00
1.075635181785537187e+00 9.903777080795475030e-01 3.596185540840276307e+00
1.160307799403565987e+00 1.012874818431904522e+00 3.896241922950133052e+00
1.099187171639191218e+00 1.071668490886833913e+00 3.298025698720345567e+00
9.509074010916168662e-01 7.616812620389484811e-01 2.785535609157677506e+00
1.329025869440738639e+00 8.643962165889619298e-01 3.063218554962989337e+00
1.047188619074549631e+00 4.443095871388637597e-01 2.819886057093515586e+00
1.723780769838635374e+00 4.987021178006912914e-01 2.623453607993903258e+00
1.648492972433449388e+00 3.142622382223103639e-01 2.555386850012213884e+00
1.837174453331217761e+00 6.617096651557851095e-01 2.410187756916983393e+00
1.875873813298259307e+00 5.424280132835004320e-01 2.847237526950444853e+00
1.908051298368271587e+00 3.207037722258253565e-01 2.483621140134087746e+00
1.833244990754342219e+00 3.974738922328905910e-01 2.190317532868413242e+00
9.651920765722996620e-01 4.531109815393693507e-01 2.729961175246556682e+00
1.134864091489189653e+00 3.921515572588391563e-01 2.251935472349769096e+00
1.007632876914348108e+00 5.767007818530652807e-01 1.979716640916463488e+00
1.341168491785558858e+00 5.169101245027641900e-01 1.730282778136500443e+00
1.207676042820305051e+00 1.035171233514601719e+00 1.865380266154013089e+00
1.242265954906083714e+00 8.412373113207111119e-01 1.843643158602832122e+00
9.857687034766544620e-01 6.980994530404379672e-01 1.442610891453721456e+00
1.370042410652725140e+00 7.027881240463993429e-01 1.601582609397847801e+00
1.134946754654435619e+00 8.336442974852492638e-01 1.460598678352334590e+00
1.121400969284752414e+00 7.940279846682908316e-01 1.250271976523967155e+00
9.576357693867577625e-01 8.369879347039996809e-01 1.551480992631566025e+00
9.560017274721291924e-01 9.603509146044545419e-01 1.093239855636451319e+00
1.043575266744471763e+00 7.170907967853195064e-01 1.355447283777726275e+00
6.760053639799570302e-01 5.165742717418335683e-01 1.714026149049606484e+00
8.724070334110399783e-01 4.729197236810936955e-01 1.811940888341995626e+00
9.801579451535992193e-01 4.507494628297095129e-01 2.398025609677402858e+00
9.346007962842398653e-01 4.631819923212397994e-01 2.402956690114619320e+00
9.539792370245737674e-01 8.432978033612241742e-01 2.239964735750977098e+00
1.267011620111142767e+00 8.951241309772816068e-01 2.047810863151774630e+00
1.270047340962859650e+00 8.764910038418135541e-01 1.814788182310159259e+00
1.364621814725971438e+00 1.266118548793033316e+00 2.259894752785534866e+00
1.203893717939353181e+00 1.287563319761721559e+00 2.301817135379463863e+00
1.428828879412670450e+00 8.305021518422023297e-01 2.139806597504368302e+00
1.153062694353492068e+00 1.199601280291750838e+00 2.051338765458061708e+00
1.227023349813469943e+00 1.002492691238721978e+00 2.236437738775803208e+00
1.114481982428560780e+00 1.224558847852112775e+00 2.623431628487891132e+00
1.294187896970462326e+00 8.252471660613119875e-01 2.618697477238843607e+00
1.345115052798962374e+00 5.581074290618689426e-01 2.392386768340009962e+00
1.291958553716434421e+00 6.769703526333038512e-01 1.836856626924730174e+00
1.144344500124816255e+00 7.698620347420773724e-01 1.343696328352922631e+00
9.865357784982301537e-01 9.276391702306138187e-01 1.266600246523704509e+00
8.375058740647943756e-01 6.453379308676711057e-01 2.228214564945286025e+00
1.054235541946612731e+00 6.706043134786477955e-01 1.627415036822676520e+00
1.260385712380136969e+00 7.861329172049257297e-01 1.688345825986306004e+00
1.270796352539105056e+00 1.037661223933618704e+00 1.668415675320363833e+00
1.141724981597942445e+00 8.893472856120897552e-01 1.551395695762472160e+00
1.546698050372237399e+00 8.609000062125059527e-01 1.534398988315788470e+00
1.261608670612095917e+00 7.995675053052220260e-01 1.694782967321729172e+00
1.393716126067611638e+00 7.037012232955874858e-01 1.661715161589557566e+00
1.429031141024510232e+00 7.391438409346362537e-01 2.255719102942771226e+00
1.343570707825161081e+00 6.769199642928848126e-01 1.757734525259502911e+00
1.013638657937747434e+00 4.081471560483637129e-01 1.944285003194369477e+00
1.028371500424789975e+00 5.593516634794217790e-01 2.226776360280417588e+00
1.193319246897442287e+00 8.335917078621997156e-01 1.663185590295231497e+00
1.548965917810507298e+00 7.941580324524767365e-01 1.455451951780960096e+00
1.701766749952416280e+00 8.287157145076735620e-01 1.806652555991692388e+00
2.067682410827594186e+00 7.982114022001401965e-01 1.704265148494257032e+00
1.905398966216558909e+00 9.923764635764404929e-01 1.606180982272556346e+00
1.648704759952249743e+00 9.822968906346145612e-01 2.002070499583063601e+00
1.259543226915100123e+00 5.915106941272584296e-01 1.862389985484320665e+00
7.833006534356595774e-01 7.615630428765834958e-01 1.801905546725221186e+00
1.302980255895476835e+00 6.999396907126809175e-01 1.854708545382294460e+00
1.164520894193744605e+00 8.297456904766934427e-01 2.204219359895676966e+00
1.083606414856229216e+00 1.005823898332104172e+00 2.363114201232087375e+00
1.303176665217681052e+00 8.273097019012497499e-01 2.453286411601874217e+00
1.001476081476436741e+00 5.150854450446257227e-01 1.627081512755575776e+00
1.336968959014537939e+00 7.705687726878227561e-01 1.933145790153594445e+00
1.260107397893170500e+00 8.677869675044157516e-01 2.093087858282542513e+00
1.303852803615114020e+00 1.027592732339930315e+00 1.114014404594594332e+00
1.225260725370223236e+00 8.231078013797697990e-01 1.350706576343171816e+00
1.002808366543268326e+00 6.585453324866618052e-01 1.476866002020738922e+00
1.097456885737219556e+00 6.087573018625812571e-01 1.218107714777932005e+00
1.102092809907860849e+00 5.065873217524390348e-01 1.399649308944420412e+00
1.666567217093759989e+00 6.337012120158640460e-01 1.783093168668158590e+00
1.798953577623442879e+00 6.281139186020503473e-01 2.119675371390461027e+00
1.872681544669284603e+00 8.658087213462299925e-01 2.299090704417001696e+00
1.739848037221346067e+00 9.797089952813416991e-01 2.129212771540253346e+00
1.870063151822067393e+00 9.026633706113028621e-01 1.816977109368036913e+00
1.682231547227831303e+00 9.431789666388408211e-01 1.929403728193767265e+00
1.420913909819062626e+00 9.483027185496847311e-01 1.563658634204973863e+00
1.257615066479904398e+00 8.454458999037679501e-01 1.939133132114867930e+00
8.861385523776134088e-01 7.557570469673339231e-01 1.743864042595207220e+00
1.009927031656657981e+00 6.205867818165294869e-01 2.414717068392041810e+00
1.285398590746306802e+00 6.311553860968163177e-01 3.188572921405197658e+00
1.519401395154318823e+00 9.228991769167201875e-01 3.061362946227559334e+00
1.899735026821072648e+00 4.607859109452214219e-01 3.397885737974846609e+00
1.875850969728422912e+00 6.335378863287646212e-01 3.099058306978052180e+00
2.055222677954274157e+00 8.042005735202413241e-01 3.503279136933718618e+00
1.670582368337566903e+00 1.412191965638037061e+00 3.147998097328354117e+00
1.386636137999014640e+00 2.043407168167916677e+00 3.008418057072161478e+00
1.355680255452428318e+00 1.341936679880933125e+00 2.706374850017561506e+00
1.429616507643916679e+00 1.599679311256796632e+00 2.743086083871947967e+00
1.873557302298612948e+00 9.698315323494279827e-01 3.748498087367913456e+00
1.822223058009605046e+00 1.554371955568312424e+00 2.983974244143847709e+00
1.513860407953597553e+00 1.393820848344113905e+00 3.667565431890223326e+00
2.132162479411283673e+00 9.001498361934395787e-01 3.027095645317686934e+00
1.977102128902681777e+00 1.132251161307994858e+00 2.545582604852336228e+00
1.302220343377464840e+00 1.169351292294628530e+00 2.623355070052064697e+00
1.410337622879800135e+00 7.556261969583519811e-01 3.102352394264974222e+00
2.005375317363020660e+00 1.011892730991631462e+00 2.805032449333063838e+00
2.325956234793035815e+00 1.044705566413241415e+00 2.393934371311912557e+00
2.318656921151134753e+00 7.744504027561680548e-01 2.651002497758140564e+00
1.806597376442801162e+00 9.546309507830881280e-01 3.015667084870790049e+00
1.611185798759731336e+00 9.876119957405877781e-01 3.190469516856718535e+00
1.724985289355839946e+00 1.026804230703956655e+00 3.243720881269919865e+00
1.525042735853628928e+00 9.427394812733684848e-01 3.430180101192760844e+00
1.491137063004959629e+00 1.281762024415532109e+00 3.029821222972282513e+00
1.692077748940256976e+00 1.591196440946978097e+00 2.800226116015334554e+00
1.372184860212151358e+00 1.518425246533075867e+00 2.939787361461219550e+00
1.605113474075341440e+00 1.822433121148564039e+00 3.243722041288046753e+00
1.702120475384855114e+00 1.086740097807850969e+00 2.961130566121260355e+00
1.624476450747453171e+00 7.013210851097628762e-01 3.551914446936737857e+00
1.733042115076402157e+00 8.521188155089806093e-01 3.396471058713869340e+00
1.875311727072608958e+00 5.914979242937922210e-01 3.730547272045322771e+00
1.946567722762796881e+00 7.630986064392311086e-01 3.727285666723898938e+00
1.770991554748779562e+00 6.948882688045225908e-01 3.791141469506626560e+00
1.461073393717726487e+00 6.487871321320139995e-01 3.032312162656572774e+00
1.051319188398702531e+00 6.283708566001646734e-01 2.307687930452337444e+00
1.255640038376068413e+00 7.416748412347320407e-01 2.768376751047654238e+00
1.697777287323264828e+00 8.952874396613884622e-01 2.269969823871639480e+00
1.422370200163465492e+00 7.765638482876346949e-01 2.640371843007817354e+00
1.398649827556403213e+00 9.553457792589699071e-01 3.223396251198201057e+00
1.655019469826259249e+00 8.541429053557733075e-01 3.260596142035828038e+00
1.609861292263011556e+00 1.175597988861537324e+00 3.131099573138445891e+00
1.996242585419534477e+00 9.917503162014066342e-01 3.632972373233428698e+00
2.204264563848290059e+00 8.044818268459607014e-01 3.511170342974503367e+00
1.822544907253483837e+00 1.072701276715851693e+00 3.846960922231143165e+00
2.122657655582900205e+00 1.229777105439303631e+00 3.295066714912509909e+00
1.745371691761447686e+00 1.195448198818934271e+00 2.704169445755036261e+00
1.938268955418940731e+00 1.288827905783080041e+00 2.562326027062586498e+00
2.311892537203793285e+00 1.250669875051204638e+00 2.834553028397106988e+00
1.815559209684447506e+00 1.063814011689280026e+00 3.106269015365387798e+00
2.155614756143458877e+00 1.241252628689756943e+00 2.505840450735810521e+00
1.956312034655271370e+00 1.157603566066973899e+00 2.598897656469275397e+00
1.577849643030948323e+00 6.961190701268769043e-01 2.450406234789398674e+00
1.647191456136667842e+00 6.590300465251226480e-01 2.105435498043759068e+00
1.347308085707811021e+00 5.596627535325536806e-01 2.790633660317369369e+00
9.581844135666218731e-01 8.236999388282222334e-01 2.281276019144775624e+00
1.028475924136651010e+00 6.751668113285373973e-01 2.556950774343677235e+00
8.102011565761900735e-01 7.997546330673489523e-01 2.758788740866679579e+00
7.638786121809532093e-01 6.584583527633197653e-01 2.875726277460945113e+00
9.909130415748813592e-01 8.243924484996257851e-01 2.029719170533549555e+00
1.135705540765783450e+00 5.618109615997181061e-01 1.958753833450123327e+00
1.329715149308317912e+00 6.941589837041506339e-01 2.342065118908607246e+00
1.072515003324764571e+00 9.201370020950460082e-01 1.988226330119291729e+00
8.093244566664646866e-01 1.066334799541593270e+00 2.065121333970478368e+00
1.167704710520281131e+00 6.762125955435933644e-01 2.829038981913536865e+00
8.688542501835130327e-01 6.829949477461693119e-01 2.438087782106856949e+00
1.047820651906048450e+00 7.270094664524920924e-01 2.643670143636294156e+00
1.337531898673054664e+00 5.986849891237163712e-01 2.773801565878518449e+00
1.533516438100736679e+00 6.617530498975738862e-01 2.436915111684613056e+00
1.123159028788291547e+00 7.801645214631063308e-01 2.590493824965568681e+00
1.665200841103067431e+00 7.732687051440537696e-01 2.180034067712762980e+00
1.674877673063697170e+00 7.091226886276280617e-01 2.566437870861118409e+00
1.657095143404936355e+00 7.596687874435700261e-01 3.218773382365947011e+00
1.571783050886578215e+00 7.090143377577196038e-01 2.870594838480721389e+00
1.492843646288683601e+00 9.499279130886674194e-01 2.503972699703783000e+00
1.018091297104984472e+00 8.859286491201324720e-01 2.632752910405541158e+00
1.056045239195405827e+00 9.408427170798159267e-01 2.570529425538945478e+00
1.655552129246274262e+00 9.388001245348728263e-01 3.059159974614307220e+00
1.643004202898217470e+00 9.070406357815791187e-01 3.063782197357360015e+00
1.134474138126181364e+00 5.523874944883033766e-01 2.763599953816388233e+00
1.225497381490574522e+00 9.219957031694906435e-01 3.083840637106763705e+00
1.188221775134475244e+00 8.844492507649657220e-01 3.273481269236348190e+00
9.854555512636906656e-01 5.819118655057593514e-01 3.555439540318925840e+00
1.114774180533337988e+00 5.682447736167853813e-01 4.015542369477434370e+00
8.549992434616658921e-01 5.044019902256379195e-01 3.929405315958089950e+00
1.105390848070919807e+00 4.873076458811547718e-01 4.215262495170178703e+00
1.168962046284006906e+00 6.631058267417954122e-01 4.768971074481545003e+00
1.354348256878508794e+00 8.544556552580687692e-01 4.701331197942113072e+00
1.147886374333484616e+00 8.605251616915258195e-01 5.236677079023765558e+00
1.318684641447001704e+00 6.284641215028062833e-01 5.865121011193296319e+00
1.040199928888760450e+00 9.186595286968203267e-01 6.269372860535269432e+00
1.373478791280190903e+00 8.808001148515866019e-01 6.622040635503012140e+00
1.369336056817486380e+00 8.377293302352034621e-01 6.378232515654173262e+00
1.045011299438102892e+00 7.268425712719411846e-01 6.199047826519830551e+00
1.296332570904886961e+00 8.529808544021765249e-01 6.825285646496932479e+00
1.135764496511462829e+00 8.157935018750143152e-01 6.712305566610257124e+00
1.370229556510277780e+00 1.237133960038424574e+00 7.130253282060317943e+00
1.104109754575504754e+00 9.687391308358562769e-01 6.923160382993271966e+00
1.250813172863646683e+00 8.245474690723825217e-01 6.927655423269136747e+00
1.049425750251024914e+00 8.090592504118989670e-01 7.051924547262863996e+00
8.260906047494431803e-01 1.025904060110167659e+00 6.874961542964582506e+00
1.047840272830831365e+00 7.406195176895585819e-01 6.178106138183363960e+00
9.915434596046777127e-01 4.293328075554078693e-01 5.189338274524102346e+00
1.374663596220820239e+00 6.812641684782256846e-01 5.376608362189021051e+00
1.423923328820108747e+00 6.090324360327029618e-01 5.516653927236729871e+00
1.409920654108693494e+00 5.506917105766168108e-01 6.019073268292881806e+00
1.503028456858992890e+00 8.605245853657712551e-01 5.958921467703690134e+00
1.446794362736562700e+00 8.137460008130659173e-01 6.284645915706438934e+00
1.682132844770894087e+00 1.089287218401532975e+00 6.372706186223806135e+00
1.378766072624528771e+00 8.530731266605157126e-01 5.766730610549610780e+00
1.246491204761103422e+00 8.399413264236554877e-01 5.603228678584322608e+00
1.596886307550677842e+00 7.764860764097792911e-01 5.469806271639400030e+00
1.824298556743685351e+00 6.937784745626656147e-01 5.976210011262509170e+00
1.600213670258211707e+00 7.212823612216751057e-01 6.256752209388463548e+00
1.759568623225844064e+00 4.319444012582510650e-01 6.301859098235022216e+00
1.439613184870399021e+00 5.380595580751644791e-01 6.160628576682587898e+00
1.304842466103516729e+00 6.192252130118224285e-01 5.859954428235504942e+00
1.497568684617567758e+00 5.930724493926035068e-01 5.593515543147637992e+00
1.167178562859504831e+00 5.769836705250991349e-01 4.580996791456564132e+00
1.567238268772335852e+00 1.007619992353952609e+00 4.166051989658958732e+00
1.477897368833926972e+00 9.891818715675944063e-01 4.056944546908577642e+00
1.823380550755196339e+00 7.990239300572902215e-01 4.636741231085528270e+00
1.239843123599348784e+00 1.153081624120871673e+00 3.956843419873708356e+00
1.135336756597474794e+00 1.044097209766559509e+00 3.734287634908211473e+00
1.023939853800156952e+00 8.962886777381166015e-01 3.785969616450646669e+00
1.023939853800156952e+00 8.962886777381166015e-01 3.785969616450646669e+00
1.159046670463131701e+00 8.238186581824922250e-01 3.309500278845492360e+00
1.294124561332691492e+00 7.242043381462636154e-01 3.831871585579631478e+00
1.384706979056199883e+00 9.203169405064692832e-01 3.546323032383585261e+00
1.253861234364146204e+00 8.570770113003193247e-01 3.427610767848223272e+00
1.277350441100526091e+00 1.303930912128568043e+00 3.970505558198696328e+00
1.143805503086964048e+00 9.970879088360231624e-01 3.288238953847219648e+00
9.297261755007586448e-01 1.008707402033033995e+00 3.601207824209022412e+00
1.197380634630818230e+00 7.753569888455096315e-01 3.512225208760497264e+00
1.076065154027388449e+00 8.198033559639181789e-01 3.298596472763497101e+00
1.387506613661156907e+00 5.603100241200674736e-01 3.457725818794450845e+00
1.167234715860106409e+00 3.977364320588470670e-01 2.909937817624911105e+00
8.660567232425508966e-01 4.932678733930535575e-01 2.663037464778903463e+00
1.174602206079300437e+00 8.565178059440717862e-01 2.855047355185682978e+00
1.719469467049275613e+00 7.997935606778939777e-01 2.672546770049758269e+00
1.602339410510287943e+00 9.385942448510136149e-01 2.603887920834954350e+00
1.417873834105624287e+00 7.837979132146852823e-01 2.892887510956039243e+00
1.031232197295673059e+00 9.557596231132093889e-01 2.811425756829811551e+00
1.148360397220881346e+00 1.267763308247427334e+00 3.327057320205682345e+00
1.086743003503967797e+00 7.432875163853399636e-01 3.189581288665884085e+00
1.112241209436179767e+00 6.916471663261528624e-01 3.353843298545066798e+00
9.790952602586356912e-01 6.289497813619250310e-01 2.934345205437091764e+00
8.817301110011562804e-01 9.510370864364222632e-01 3.547844822898123862e+00
1.326315431301866354e+00 1.010718498411982136e+00 3.829013250217916386e+00
1.653137454538840201e+00 9.484624285991325454e-01 3.591051476472816972e+00
1.516335243779901365e+00 1.484932221676314112e+00 3.527232812736593726e+00
1.195010676567860974e+00 9.542270878675280787e-01 3.485442614038870790e+00
9.709205483338818610e-01 1.237588045790728675e+00 3.555240993939565719e+00
1.041633970211671700e+00 9.022914058434712281e-01 3.844608425827326759e+00
1.106817539329165934e+00 8.701179554477636025e-01 3.964745741017392966e+00
8.655703634592357698e-01 9.667635273309435062e-01 3.779812032197761518e+00
1.375783507713541631e+00 8.037490648034899543e-01 3.263154962583314056e+00
1.629099456505626042e+00 7.536580166665053371e-01 3.976853755108088695e+00
1.244599129537691695e+00 7.093967960703411180e-01 3.349888451743123774e+00
1.125780276593084217e+00 7.375746301107031222e-01 3.292162295722566245e+00
9.430465039721604992e-01 3.654481656849908888e-01 3.879121039137930271e+00
7.336354670601129557e-01 5.582743424762757201e-01 3.563936151785379813e+00
1.307578151424694468e+00 5.212207228957917993e-01 3.638386004275118601e+00
1.010632360274527963e+00 6.405958535155586997e-01 3.227968609635138542e+00
1.418169705960816485e+00 7.153036238545673609e-01 3.622174094613769046e+00
1.435931783496198655e+00 4.004169451909959099e-01 3.436146865270418349e+00
9.677278123345092187e-01 6.220372267622443774e-01 3.600291797919783487e+00
1.408380795900279203e+00 5.524383311453825440e-01 3.537732982177807628e+00
8.196784433760131439e-01 9.377368053939046932e-01 3.060322086658365581e+00
8.995115125590663618e-01 7.543954008828466229e-01 2.355619660844196162e+00
9.382091210076043408e-01 7.993306442794190225e-01 2.722377925286606715e+00
8.876921643600317324e-01 6.628651518375219265e-01 2.710544798849441772e+00
1.202643864625401848e+00 5.394115616001837754e-01 2.696937545766020516e+00
1.336623183786425750e+00 6.697147159312349940e-01 2.675402487135282392e+00
1.103795565086528541e+00 6.179387846771942083e-01 2.826979570597039082e+00
1.165657842825694956e+00 7.597389636604813257e-01 2.107337720768343914e+00
1.550775531909551086e+00 7.293629700666182103e-01 2.457360955886337628e+00
1.502296816560308335e+00 9.894619800708256419e-01 2.250493613071857357e+00
1.114193765282365911e+00 9.496404626745703625e-01 2.116006193687717030e+00
1.201150768459350759e+00 8.474553864372478262e-01 1.795617577389366559e+00
1.486397320996460936e+00 8.292355853089410367e-01 1.841994595787578959e+00
1.466939684847475389e+00 1.010752509477639949e+00 1.536209968992902297e+00
2.344086768428533141e+00 1.254411930272580022e+00 1.178196391484689576e+00
2.761399617783833804e+00 1.060537807137971855e+00 1.519736772518041068e+00
2.352316108773178538e+00 1.139898733871608894e+00 1.769071916377869425e+00
2.749495487059938181e+00 1.361719256338210560e+00 1.389002283097972024e+00
2.767734617872856351e+00 1.410200415967106435e+00 2.035812224236598578e+00
2.476026257652411910e+00 1.140827420260166480e+00 1.799355722204294628e+00
2.785843737311342494e+00 1.629286898063651012e+00 2.620754642428235748e+00
2.694294718122911991e+00 1.620259937300879693e+00 2.603838717546288706e+00
2.717123477622013894e+00 1.762313416795187271e+00 2.890579947089824131e+00
2.809805180107588285e+00 1.349383027706632765e+00 3.151588202668072380e+00
2.899282041036338686e+00 1.323726306834016597e+00 3.903281315116880812e+00
2.406688074088533025e+00 1.437407049924401381e+00 4.149828056268589194e+00
2.221742573743385574e+00 9.801876100019345506e-01 3.980826511810821700e+00
2.383510559192975720e+00 1.375263472816553145e+00 3.739766459273532018e+00
2.513740528529964102e+00 1.789882557718801115e+00 3.974880186717157038e+00
2.371901694522819071e+00 1.841258091505633354e+00 3.792890390263993439e+00
2.766102573369765061e+00 1.484864658941210003e+00 3.430620383173217380e+00
2.046501255904768168e+00 1.191352292563261805e+00 3.072457395887076448e+00
2.081861068845656249e+00 1.118140730480297940e+00 2.671837939021707964e+00
2.204996356701685034e+00 1.096179861464228855e+00 2.370085520517153377e+00
1.764894796134973687e+00 1.023633307506617518e+00 2.472185429407926183e+00
1.317703784374529175e+00 1.332458894502883684e+00 3.030898800188227327e+00
7.990038029178571088e-01 1.190177322968552609e+00 2.645198612406033156e+00
9.656030289577894887e-01 1.112814130195794338e+00 2.306311649126646657e+00
9.413164602658439239e-01 1.273774290252091657e+00 2.106697699308292648e+00
1.607684802790634082e+00 1.461535648231055529e+00 2.579039895745967481e+00
2.054616748529285886e+00 1.457671212121859350e+00 2.673795876232272217e+00
1.885412714331648365e+00 1.095868506273484089e+00 3.335758525944568120e+00
2.107938009293133685e+00 7.256185994535100381e-01 3.012436103923667119e+00
2.029746046662974646e+00 8.139256598789266217e-01 3.178431798701446986e+00
2.024968112500683759e+00 5.893901403461727639e-01 3.380432088368370280e+00
2.035806848548322723e+00 8.159164987427647286e-01 3.278920495065293927e+00
1.477008154556917141e+00 7.275074422200322743e-01 3.591368632448970200e+00
1.230284131304353323e+00 6.414661033369278842e-01 3.032439639506839146e+00
9.468950408652325734e-01 7.398151512771963256e-01 2.743810211163411950e+00
9.788942070851690547e-01 9.870866636048715170e-01 3.354323330134889147e+00
9.019653370579218121e-01 1.013117535688299098e+00 3.473916177302168506e+00
1.174637580016546057e+00 1.233823582392678420e+00 4.126771996948410681e+00
1.295341288603569785e+00 1.060828936863434269e+00 4.234134286391841862e+00
8.822010618142023253e-01 6.888495517850229399e-01 3.702940004091951121e+00
9.981500571244142916e-01 9.040504811909993998e-01 3.421858430050633171e+00
1.213071088821489729e+00 5.028671988722411834e-01 4.332719088962522669e+00
9.513192992215461219e-01 2.917219829988740298e-01 4.371767207267943434e+00
1.271684567159200308e+00 3.748229538643603198e-01 4.212344864509433684e+00
9.431127112899471143e-01 4.015910834897473136e-01 4.263713641415346700e+00
1.317379774789166014e+00 7.549947215978466408e-01 4.235689317437358881e+00
1.353014023518997799e+00 8.645631167120009231e-01 4.847574507014712708e+00
1.097877059617898166e+00 5.874025228266174237e-01 4.576830961046535862e+00
1.071724787277938740e+00 6.059758114755249281e-01 4.760748512688413925e+00
9.451471552435376511e-01 6.404910562761070292e-01 5.241359610471046260e+00
1.157099137754455276e+00 8.641199803393997403e-01 5.603499333666801974e+00
9.788118285002131991e-01 9.013598215251469314e-01 5.883297722344220659e+00
1.613988798387107293e+00 5.280126978399110049e-01 5.698180631721835532e+00
1.254251298978087847e+00 5.368718081697203548e-01 5.354960133626025964e+00
1.287907676837441118e+00 9.697668149862203046e-01 4.507210445177952884e+00
1.570518656828769011e+00 1.279817979414625384e+00 4.852602287127581349e+00
1.819182615343758469e+00 6.800348844294407114e-01 4.706225179346457566e+00
1.617770390849917472e+00 9.102120529357737855e-01 4.615209664203867135e+00
9.614261049625031363e-01 8.425916068819303550e-01 4.752857064130752818e+00
1.063384813030771481e+00 9.568874515820302573e-01 4.448514349758971420e+00
1.345313955515012427e+00 8.640850979724254977e-01 4.648815079572598208e+00
1.058350174741899519e+00 7.784922858973944981e-01 4.618625271492446061e+00
9.181986160398857288e-01 7.968809873070727967e-01 4.635250400720885011e+00
1.195274457328695306e+00 8.586828989852486327e-01 4.070485819440714081e+00
1.275780814766562576e+00 4.904223764768793625e-01 3.906131154186946564e+00
1.342946834115444243e+00 5.184371033555678077e-01 3.283856779708361984e+00
1.293712720065955946e+00 5.483025203318550034e-01 3.308438383501705715e+00
1.197388928208126924e+00 6.999309163651569188e-01 4.062229385332782883e+00
1.116547329483654316e+00 4.978060170461657274e-01 4.298360422078680187e+00
1.366128334943155886e+00 8.311371535133733612e-01 4.060845628631125415e+00
1.365034172585476879e+00 6.179095564855249245e-01 4.186440751831189466e+00
1.247573352329840901e+00 7.434765196269811360e-01 4.206991655601580504e+00
1.040792799204806940e+00 5.829502224859353099e-01 3.937511028098695132e+00
1.172092367863936557e+00 5.452251630953164341e-01 2.958558997785172284e+00
1.109564092898157606e+00 6.635446031940371858e-01 2.857067798667005221e+00
1.390111534986591790e+00 7.730680044111338800e-01 2.736322366283560292e+00
1.660892690445306297e+00 5.949673577265595092e-01 2.743399855231575923e+00
1.653115421886536485e+00 7.201559609367418346e-01 2.886897201129753121e+00
1.567526686659072688e+00 6.749977519514210877e-01 2.852751909645395045e+00
1.265178988457121401e+00 5.530198746862364789e-01 2.855238427778214128e+00
1.050841657888977654e+00 6.552958311180592244e-01 3.184802940903002977e+00
1.288180976363704433e+00 6.557558544888765217e-01 3.191333089446089399e+00
1.263763005406925100e+00 6.137076179470263293e-01 3.244378195591703928e+00
1.449095743718002760e+00 5.630626591400714753e-01 2.902179222066540554e+00
1.570414286317022068e+00 1.027821104723265266e+00 2.773740068982539775e+00
1.470795633957361792e+00 1.200712545914210949e+00 3.037025863416841887e+00
1.752544006115203112e+00 1.299088362181653356e+00 2.751962727928040309e+00
1.617874708561819697e+00 9.937660181118074254e-01 2.452541611472866201e+00
1.772277608785391978e+00 1.610079511370511529e+00 2.673921137426542582e+00
1.861364241936546149e+00 1.093315614612146991e+00 2.505392275715626837e+00
1.595215399129217726e+00 9.817574742434550528e-01 2.639530851170744707e+00
1.910379924161767384e+00 7.930795639544860887e-01 2.697443414113613436e+00
1.629977327756959804e+00 7.152624734192188916e-01 2.687642457691901132e+00
1.671051680256742111e+00 1.036094926759524526e+00 3.001580594774438726e+00
2.001610991596756595e+00 7.561503295600617847e-01 1.942525147444030154e+00
1.851559676124310494e+00 9.311207594426620382e-01 1.635767207958353175e+00
1.262275228708926278e+00 1.154708211020792907e+00 1.617249284959615840e+00
1.181356236760455758e+00 1.413828757319653739e+00 1.151741772356208893e+00
1.303728613285201954e+00 1.563868293891900407e+00 1.790617252954560756e+00
1.273133346452273384e+00 1.120520603284232530e+00 1.707073691006368854e+00
1.226262499286718821e+00 8.003110127618816572e-01 1.110392832081414483e+00
1.371783896301291161e+00 9.509513184527402796e-01 1.843322903810080016e+00
1.407413496268927755e+00 9.183533860906557544e-01 2.082922535856800650e+00
1.606502806016360640e+00 6.618391707977040461e-01 1.902024073677389904e+00
1.414126051186108457e+00 6.078526000493076342e-01 1.787308891982299697e+00
1.375423408530193070e+00 7.318435016556315009e-01 2.321856564559867220e+00
1.247583505558421235e+00 7.794171366885050967e-01 2.112382010885319072e+00
8.288164786976220944e-01 1.003507900061544555e+00 1.533701415627003906e+00
8.971227603406523032e-01 4.970626183635897810e-01 9.477799973020781810e-01
1.618821860473184993e+00 5.453502961881097066e-01 1.488571413021884560e+00
1.707306879525830379e+00 5.118432967928983057e-01 1.197977625462201878e+00
9.389949316103303190e-01 8.085160594407890811e-01 1.384448489092977796e+00
1.238841838536592022e+00 8.258135527074995652e-01 1.744294155553259396e+00
1.425589274299794651e+00 7.490025242962106145e-01 1.246666806940726735e+00
1.117279600990527255e+00 1.052257525184117304e+00 1.770623490962502933e+00
1.177157177082962747e+00 8.202981794776014191e-01 2.584270830535529750e+00
1.129358623140703788e+00 7.302713086921442942e-01 3.174556997526484015e+00
1.490604966210993698e+00 8.004085738218342794e-01 2.705540254378540954e+00
1.042422035875290476e+00 1.065829701971303889e+00 2.289046996257224631e+00
1.127992734272758923e+00 1.277993766665938002e+00 2.554788466160089033e+00
7.372709780675857916e-01 9.400273964993245412e-01 3.203469385380809165e+00
1.148143562142860175e+00 1.072263233975446095e+00 2.423822469019615955e+00
9.431876644229136852e-01 9.602019713708855875e-01 2.370766141282453443e+00
1.371048731891951089e+00 8.482817257853512150e-01 2.672314768991307599e+00
9.693872358833580671e-01 9.650553619998801791e-01 2.502097507646972918e+00
1.110559078061000182e+00 1.041537082325976860e+00 1.762318524660819730e+00
1.007376973531671771e+00 1.188610550030823054e+00 1.907505360545346695e+00
7.451547453064851778e-01 8.165369927833534547e-01 2.065220366653245154e+00
1.111036894088279103e+00 1.147736184499972056e+00 1.374038098587689438e+00
1.308647745256614536e+00 1.118506155551457493e+00 1.233961901255039795e+00
1.078271070121136432e+00 1.337064694377376739e+00 1.055124847681957467e+00
1.022650668172491617e+00 1.334635646000081222e+00 1.465907446564272298e+00
1.260767406150700598e+00 1.494131497576770329e+00 1.315346881077596786e+00
1.224112474990670663e+00 1.554432110631996267e+00 1.390450713942875449e+00
1.335992804225920372e+00 1.649934438674204751e+00 1.091821750133568969e+00
1.133572705113444545e+00 1.075884366469789244e+00 1.579494574224074910e+00
1.093460296264262110e+00 1.468157099062970428e+00 2.042379247856045854e+00
1.090317562200288748e+00 1.002142620309791843e+00 2.111137463339344045e+00
1.152406926877569404e+00 8.403787999120390095e-01 1.630647264797705720e+00
1.048277056722407341e+00 7.686519051595782637e-01 1.908379493050493814e+00
6.900087113396140559e-01 6.955392894379400781e-01 2.244174138677992314e+00
1.031201873898023980e+00 7.930391551187723209e-01 2.668033784341946824e+00
8.997267161071826891e-01 8.176165373029012917e-01 2.988128898358950902e+00
1.074516997735606161e+00 6.178426102688865384e-01 3.699495875119042765e+00
7.814577619548191967e-01 8.346291882356344782e-01 4.183837915781212224e+00
1.120246963891238901e+00 8.079774263955358249e-01 4.822664804984798437e+00
1.384370546417718284e+00 7.200451591404809504e-01 5.201407190392412616e+00
1.472716288080811120e+00 6.367734700621880961e-01 5.068137583271253632e+00
1.578693093018235238e+00 6.410591137809790174e-01 5.061274250253094742e+00
1.725728489016973732e+00 5.782279209563420119e-01 4.533494623905614418e+00
1.498596581222787716e+00 4.491457574682600207e-01 4.722636753393776310e+00
1.469125968766375134e+00 5.819261525992890371e-01 4.730274426706357893e+00
1.819280261528622100e+00 6.434292766888027870e-01 4.388329434686100150e+00
1.703743701844926406e+00 7.183908189909944397e-01 4.012428514171966221e+00
1.708449276200160849e+00 7.475309927770386054e-01 3.480132755634104402e+00
1.767951364945991477e+00 7.047005955064891136e-01 3.782616070437355482e+00
1.467391499986533621e+00 5.639571308958998275e-01 3.230965311104433635e+00
1.543586878001069307e+00 8.367249102079958867e-01 2.785886252485546777e+00
1.687992280188045147e+00 9.106285788221978317e-01 3.084585673793000637e+00
1.351417533981902785e+00 6.275078827672846415e-01 2.439798637385438784e+00
1.270500146217125925e+00 6.599276087416440228e-01 2.032824548617925497e+00
1.048795275232925039e+00 4.389921126915073413e-01 1.765930605459160585e+00
1.209836862612097219e+00 7.024158122930749260e-01 1.570948484984122429e+00
1.325248952844448658e+00 6.770060379688257468e-01 1.497199885415664511e+00
9.640167696664023733e-01 1.433450348899884874e+00 2.168435652899939114e+00
1.596997764520917240e+00 1.263120778631190211e+00 3.181293546673380490e+00
2.204118647378027873e+00 1.093163726202726505e+00 2.828114196109595913e+00
1.726691344467069289e+00 1.118718548071803598e+00 3.003432260785370289e+00
1.649157564408289200e+00 1.342756420935207640e+00 2.810850429603035217e+00
1.740484956187567711e+00 1.311988133624150121e+00 3.021223396988390153e+00
1.762167271337730323e+00 8.200391145140580873e-01 3.241653450235923106e+00
1.431428049347463372e+00 7.041239191737324044e-01 3.216188778073204357e+00
1.293108653102746919e+00 7.234297596608598724e-01 2.999044008379906590e+00
1.393778726277407731e+00 8.666731570367754989e-01 3.162920260986293641e+00
1.376537275818646044e+00 1.135028991702695444e+00 3.780928242524203675e+00
1.546649508979875298e+00 1.102628638787980231e+00 4.246035292434078734e+00
1.231373396626988859e+00 8.157790401434787952e-01 4.219032381382403329e+00
9.614376067779860646e-01 6.668309263507236073e-01 4.693015404379644373e+00
9.171967914652415788e-01 5.622581778613758852e-01 4.806246348384511258e+00
1.406927774980091916e+00 5.585693569608115583e-01 4.920430577385701554e+00
1.617617480821124554e+00 8.944507061350586152e-01 5.480744596705295457e+00
1.349945849651020824e+00 9.007733994914104425e-01 4.992456530461682362e+00
1.703558147179831783e+00 1.007350847674441274e+00 5.323644168114110897e+00
1.934493595158866652e+00 7.891366048239905062e-01 5.104200449314343579e+00
1.447295840102790443e+00 7.644253807367652476e-01 5.405143202255532131e+00
1.676671621112796329e+00 7.831471410146110257e-01 5.957833323441970919e+00
1.771279504296296770e+00 7.140660536727296837e-01 5.897201495911311042e+00
1.760651791314861159e+00 6.883615002456849874e-01 5.607690772986547501e+00
1.346884045078740932e+00 8.952521841129914559e-01 6.227034549201454716e+00
1.397939977249784027e+00 1.580154794185546496e+00 5.997358033355729923e+00
1.451493639522257739e+00 9.882219687042755885e-01 5.912053433244402356e+00
1.330257800869131257e+00 1.089803967750113900e+00 5.748374634942138073e+00
9.000770682312504434e-01 9.617383769117928694e-01 5.526124989291146150e+00
1.154979587108156069e+00 8.222224691174153666e-01 5.045215803429669243e+00
1.361678197032962112e+00 9.506015246744796698e-01 4.471207515659892273e+00
1.520818014773839488e+00 5.704829238391805335e-01 4.224247868845653286e+00
1.607413401750698467e+00 5.833840578821249956e-01 4.273250746228121955e+00
1.663330583389978301e+00 7.894360271761260428e-01 3.941384964057567775e+00
1.080798959875645560e+00 6.160730191561998303e-01 3.350524643448856477e+00
7.827462655661213686e-01 6.659452036812347764e-01 3.875043009283330342e+00
8.096650325623844235e-01 4.333372645849606353e-01 3.723218430863954431e+00
1.030545681259321222e+00 6.043850600491555980e-01 3.387304041694950030e+00
1.053929139221244204e+00 4.131765868446760082e-01 3.112817656169434510e+00
1.113277471154640486e+00 6.543863620900822742e-01 2.372698808513952873e+00
1.054752364009893473e+00 6.561983492076141067e-01 2.554359719886963642e+00
8.547648539606258478e-01 6.892389434972390205e-01 2.569004388030297736e+00
1.023714143901102158e+00 6.940307298933315883e-01 2.693989796565471995e+00
1.112960715992663996e+00 5.328933536765658729e-01 2.689054268345855814e+00
9.656070764132456130e-01 4.802967762501647586e-01 1.986150159040801721e+00
8.286619056121625748e-01 5.241669811681498592e-01 1.460445055121237790e+00
8.905082659709230297e-01 5.675467007573203881e-01 2.191279991968392515e+00
6.626999583804022986e-01 6.936113187845247552e-01 2.982115696410092998e+00
1.167935674182680295e+00 8.463980845078936666e-01 2.643246445225012398e+00
1.127675799537648960e+00 6.462776574019371001e-01 3.070099642319830568e+00
1.275680960083516835e+00 8.601049966902463151e-01 3.297451106609133209e+00
1.127825350482650091e+00 7.080073785478333548e-01 2.988893313855486067e+00
1.093988617198980107e+00 8.014756945297678570e-01 2.340973802898149270e+00
1.356240226739256372e+00 6.306614856478532927e-01 1.798580814794702221e+00
1.085994883595027272e+00 7.638909747636725145e-01 2.128294642794710256e+00
1.548167939251823277e+00 7.130592753444358056e-01 2.266283472877281824e+00
1.829722006785691857e+00 8.075500756841701433e-01 2.265350011921850371e+00
1.903423292546375878e+00 1.125374686246978895e+00 3.075829578074869453e+00
1.767540543102586126e+00 1.030743407434725700e+00 2.868476257583310485e+00
1.869894084578135773e+00 1.358787772037998165e+00 3.273219153228111633e+00
1.820847196899269660e+00 1.511113350541115841e+00 3.961954665666754138e+00
1.517363489453391834e+00 1.789866722390880627e+00 3.150962958213019860e+00
1.526295126033019312e+00 9.929399566796978105e-01 2.510060853867168262e+00
1.420956914498344936e+00 1.278808785612120191e+00 2.228379804224040583e+00
1.678961609028619018e+00 9.937958272641406188e-01 2.413251491675436622e+00
1.681682320146197229e+00 1.226513871631080610e+00 2.026702725718134257e+00
1.388892720913284418e+00 1.344854808570967286e+00 2.705412622159844904e+00
1.741333499052262201e+00 1.279048533260784604e+00 2.994022926293919085e+00
1.880446454001781120e+00 1.384676265691702213e+00 3.032021149130393223e+00
1.471612107852889428e+00 1.284894313347008987e+00 3.102789609261823234e+00
1.459895289720751110e+00 1.457149045227150941e+00 2.660000699748997111e+00
1.665751014381084305e+00 1.111279667896009737e+00 2.650433121058896724e+00
1.401016781876885275e+00 1.165775436138401844e+00 3.174314513385331882e+00
1.022307801164463736e+00 8.180144678669064584e-01 3.306779319511174986e+00
1.076872590892791415e+00 1.012310681774594601e+00 2.806666132073520004e+00
1.060047284534410439e+00 1.057400598349993892e+00 2.372929572876657289e+00
1.387023646409280442e+00 7.352209581821477213e-01 2.501376845165905305e+00
1.205326500653145949e+00 9.828342678216483996e-01 1.798919297576867082e+00
9.942494263959632539e-01 7.988189717921884148e-01 2.221813012237416007e+00
1.605081650173397545e+00 1.186762874974310211e+00 2.854752240207070635e+00
1.369330384764441577e+00 1.226486116138125304e+00 2.159437451035009836e+00
1.526088906066706663e+00 1.226382233435649560e+00 1.821242028119670398e+00
1.628474594087954141e+00 9.372897665112981391e-01 2.082292155315357274e+00
1.607312754183273462e+00 1.025196381409600788e+00 1.340248773722441777e+00
1.462718211244335098e+00 7.936165464366659039e-01 1.529507797202545261e+00
1.095019702510707349e+00 1.067751133045581335e+00 1.811868188031755977e+00
1.498006668877659653e+00 7.778214502229741090e-01 1.945135750123080154e+00
1.393921231695002261e+00 9.553788660861073367e-01 1.554132209043546986e+00
1.186821502473353274e+00 1.039575397239308252e+00 8.839071721870941367e-01
1.438487546376211013e+00 9.096089385833611152e-01 1.474245244794078591e+00
1.273780717154768150e+00 8.514621632282868280e-01 1.672278068810097329e+00
1.070092605981853184e+00 1.060284439629738396e+00 1.893432715767963348e+00
1.032760213399564586e+00 9.920459414929851949e-01 2.311296553287379041e+00
1.306954666471231263e+00 1.048931898395462525e+00 1.639114698203574250e+00
1.195775715277499929e+00 1.185376512166334662e+00 1.581793954985450057e+00
1.297266754075624862e+00 1.393667862435095550e+00 1.468164986954128004e+00
1.460415076896360853e+00 2.298433614519069579e+00 1.378852170156123380e+00
1.936549259705586001e+00 1.600967333692575156e+00 1.212663767318230557e+00
1.887235928657573281e+00 1.445822374098494123e+00 1.573994926533833549e+00
1.582813255642181893e+00 1.644337440423789598e+00 1.608912207018204255e+00
1.862526836279448705e+00 1.447185819258087536e+00 1.286031724642276330e+00
2.151130400128708153e+00 1.777150180037364358e+00 1.456982258616771331e+00
2.124633486210404598e+00 2.127956448762063690e+00 1.577183392228657111e+00
2.046184384557506952e+00 1.869990611911638734e+00 7.797784267264852298e-01
1.630423785984234542e+00 1.615666003113374272e+00 1.928940821181285514e+00
1.496723257596348944e+00 1.547350183981325733e+00 2.525494896369909981e+00
1.263780191211265391e+00 1.296114394336211895e+00 2.129221098488745412e+00
1.219904885887085566e+00 1.319704205273386055e+00 2.550431972019579607e+00
8.243896457121689947e-01 7.902553896924371379e-01 2.260244485971707462e+00
9.349260216486496855e-01 1.002647852413862672e+00 2.413562740206196544e+00
1.036930892367080581e+00 5.672281338423423858e-01 2.334717589719956354e+00
8.769318000770323085e-01 7.083232342661069936e-01 2.343211102885940367e+00
1.286930437614048017e+00 3.762065715699902113e-01 2.329191094699308184e+00
1.433545551959576114e+00 5.012025864848946854e-01 2.560835950190945010e+00
1.228483988427795159e+00 7.150025823020773608e-01 2.688637024264496578e+00
1.531145508764959029e+00 5.537616250233229342e-01 2.139912634425118032e+00
1.150493970364224294e+00 4.633601200351826210e-01 1.956322142543927001e+00
8.083196345012748640e-01 4.611419002697966785e-01 1.381997590409027366e+00
1.054671303721630427e+00 8.621215478422725731e-01 1.137229194393454046e+00
1.491078938696158485e+00 8.527034492557861167e-01 1.011354866807096853e+00
1.221777443712042333e+00 1.077204610051028855e+00 1.047047140253058561e+00
1.170788457926597692e+00 1.061847828418656103e+00 1.198308135241901162e+00
1.702540925003085182e+00 7.000480825753297998e-01 1.220668828636027436e+00
1.818699430819716634e+00 6.593005502308224575e-01 1.812146036991141296e+00
1.483948403648663650e+00 4.295714110741105096e-01 1.474283791549619194e+00
1.188981125905548053e+00 5.467022046814201675e-01 1.302005071335405884e+00
1.087771886550477518e+00 6.884385949979124897e-01 1.861668740907767905e+00
9.658359561944848126e-01 7.469129096767084253e-01 1.992736474125540225e+00
9.110529157331170858e-01 1.143582971002140347e+00 3.403364141068029980e+00
1.087977053645531988e+00 9.650309893717939902e-01 3.307775606960697168e+00
1.013038324555838754e+00 8.399685398006064840e-01 3.148842094747713372e+00
1.306090290328719705e+00 5.286732657996330298e-01 2.795997999986119531e+00
8.502965171117898846e-01 1.016543718438650323e+00 3.233926225835369372e+00
1.086177878951407161e+00 8.324788371289950639e-01 3.317107836124185472e+00
1.293059898105230365e+00 7.670920409097530257e-01 3.152753928475819478e+00
1.055890088871812793e+00 9.870700987879383881e-01 3.272760764083826768e+00
1.238798358381845821e+00 5.993067934387862339e-01 3.398372584972589205e+00
9.608024331867367485e-01 5.976650285770631621e-01 3.728691387798235723e+00
6.709080231023893948e-01 7.854761023953308330e-01 3.557429710444422355e+00
1.138915586275960790e+00 5.581303369468209041e-01 3.831924023055687911e+00
1.247988531190787675e+00 5.529157283723210581e-01 4.158256745049951242e+00
9.295151779740847831e-01 7.105585025925903464e-01 3.793731523278007778e+00
1.276692728593410875e+00 5.289542625943576271e-01 4.342921755911774540e+00
1.002352272665160138e+00 8.340825337789415928e-01 4.560968795540686571e+00
1.452993856260374805e+00 8.762337777396582705e-01 5.119897627828310149e+00
1.548179007453151845e+00 1.017624854921406863e+00 4.934330909967413525e+00
1.565393696919714639e+00 1.092685726127171408e+00 4.716768233549606393e+00
1.236833038535187335e+00 7.912224969060870361e-01 3.960557790214369600e+00
1.071583328466411356e+00 5.523857058127114028e-01 3.503952473914866861e+00
1.370025350567712463e+00 4.249851080476108045e-01 4.071469079502980648e+00
1.163622593650920134e+00 5.462031600667414111e-01 3.838951442315007068e+00
1.068885883621606192e+00 5.466255028799482663e-01 3.974793467795820323e+00
6.223775918898720727e-01 6.060036857748267725e-01 4.559113891983495037e+00
1.295538512158358690e+00 5.109257278488626985e-01 4.279695010010634348e+00
1.189625331693229038e+00 6.054899319507612843e-01 4.143690718896365865e+00
1.372709896904901417e+00 9.266873841316068949e-01 4.759222506593386193e+00
1.084209654285194668e+00 8.438825487142482817e-01 4.384760822615943354e+00
1.071229890525641659e+00 1.070170706946905748e+00 4.105268674902185388e+00
1.491661764623421149e+00 1.027259220535548190e+00 4.221067335259372832e+00
1.734695712576746152e+00 1.010386053220564628e+00 4.629017305298846807e+00
1.553430083667693751e+00 6.212606069828827682e-01 4.213804269518499623e+00
1.640675615360025041e+00 9.634226115615955877e-01 4.605912561171280117e+00
1.014065009642087789e+00 1.091621775777243508e+00 3.726380922589181743e+00
1.263666673170524168e+00 1.010914760615595931e+00 3.809952261628016146e+00
1.184099530288282853e+00 7.490952637485756016e-01 4.210948060110177416e+00
1.308364724786419631e+00 5.926737258207877002e-01 4.233123398445131969e+00
1.603278319899724025e+00 4.666599467626516007e-01 3.539535139192666602e+00
1.360934691275583308e+00 7.527950887463925600e-01 3.381254524596694289e+00
2.218289505347997626e+00 6.839576855482474294e-01 3.194788564562654365e+00
2.155437366310314129e+00 9.148808384443632979e-01 3.179533286908410528e+00
1.975307582484983060e+00 8.910230443371873754e-01 2.809753564418398852e+00
2.181375559653558671e+00 6.993144835142587334e-01 2.366280511817913101e+00
2.190470435428180096e+00 8.180635480922446856e-01 3.089356234066485296e+00
2.193969011206876818e+00 1.216919101139432691e+00 3.287444752153371841e+00
2.820419704314749421e+00 8.997142206555607258e-01 3.083919693433171183e+00
2.345754972876951339e+00 1.079550412299161488e+00 2.616191830661954043e+00
2.159123807028429987e+00 1.262345720842202423e+00 2.762100529403726856e+00
1.506685620385898927e+00 9.295959271218453557e-01 3.277963186889587099e+00
1.054073727412589978e+00 8.570061697420251479e-01 2.792741881022049899e+00
1.084601316528160941e+00 1.064725600720990206e+00 2.800898535141561840e+00
1.188941894197669047e+00 7.075065512418279301e-01 1.883433497168147230e+00
8.543010738487576416e-01 8.984180201506510866e-01 1.975434189589614142e+00
1.089216564187863279e+00 1.030060137379315899e+00 2.085695740007420529e+00
1.168696354826418649e+00 8.746014185762701620e-01 2.855833177049782901e+00
1.756501024085457496e+00 1.140832240256097307e+00 2.324977119169509887e+00
1.695242239866308065e+00 1.742533670167752735e+00 1.493528767768201426e+00
1.589901594109793814e+00 1.219018860576311036e+00 1.650426932757206533e+00
1.676619633732987502e+00 9.611180053644821086e-01 1.264433078117005893e+00
1.476552157989472480e+00 1.234896721298561539e+00 1.879533123086567503e+00
1.591091732623112875e+00 1.223391913071563364e+00 2.276599652552223407e+00
1.355713922422076445e+00 1.390489521371116588e+00 1.318636149144690073e+00
1.351942776745487018e+00 1.564402475624528721e+00 1.641360684767646516e+00
1.792534039846599869e+00 8.425547194819150709e-01 1.912946982974248034e+00
1.515913112028533627e+00 9.391476653374765116e-01 1.246605877892965619e+00
1.773567467850262425e+00 8.722104450855356905e-01 1.687154754796077460e+00
1.660918508206704836e+00 7.596526412954957008e-01 1.391263735790086997e+00
1.160815792132412927e+00 7.196204609163610044e-01 1.747697907884276036e+00
9.666748740187394162e-01 3.115951035744198294e-01 2.541778488825737981e+00
1.191468437436526528e+00 5.642577083457251952e-01 2.222144185872333200e+00
1.182892453664287524e+00 5.121347824723170294e-01 2.679170456766733377e+00
1.351400935051150221e+00 7.919463916418257865e-01 2.300689847752801942e+00
1.234838789358159383e+00 9.379943731156001885e-01 1.899494765211696246e+00
1.189771038603691933e+00 7.946923178820457512e-01 1.684233332558211726e+00
9.373228451723404353e-01 6.467461534589812322e-01 1.645012162626826147e+00
1.680898723246021964e+00 5.856660548145988798e-01 1.361708550014614438e+00
1.582484933706794994e+00 5.516640027462610396e-01 1.638536900919731920e+00
1.484730604800953646e+00 9.061808118383212207e-01 1.929969158863926726e+00
1.390048596496185507e+00 7.251660564976454282e-01 2.165347919211352945e+00
9.520838797466613102e-01 5.962024979932888380e-01 2.182042852845115899e+00
1.148419871900254297e+00 3.788008801941196158e-01 2.720409406981038725e+00
1.173176579523382612e+00 5.602144470310276292e-01 2.116875440997793678e+00
1.013432517387079734e+00 6.412017565276303399e-01 1.894675202886017429e+00
8.090185342409048630e-01 8.209108124798403239e-01 1.741095260855110682e+00
1.167810161313306727e+00 1.020714653640054648e+00 2.027304001153209523e+00
1.478822371516985701e+00 7.479709107495652320e-01 2.446453436947174431e+00
2.265579503361715208e+00 8.079803806361957053e-01 3.132656903003115723e+00
2.755353866533562179e+00 7.929600260757334595e-01 3.093210400767780754e+00
2.275457823402693425e+00 8.957688300290893579e-01 3.569254541548987358e+00
2.827781597844010175e+00 1.341424512154363313e+00 3.224910185082054515e+00
2.605684400843168103e+00 1.037828004782147762e+00 3.098222264086371691e+00
2.482440986601394339e+00 8.631925606954130581e-01 3.021618793125531166e+00
2.910031693153061205e+00 1.508101007658356751e+00 2.992519533681520016e+00
3.010379954448333173e+00 1.196215355458668084e+00 3.338959245244965235e+00
2.933780326711806108e+00 1.182809856264491977e+00 2.588899109392152287e+00
2.783131632604152639e+00 1.155800284919781262e+00 2.205564751163087145e+00
2.932417353283884420e+00 9.290808727577010151e-01 3.092485104839366450e+00
2.419042283787050440e+00 8.106110843565337287e-01 3.121041596824142506e+00
2.326208623443793311e+00 1.296904811492786136e+00 3.406634614066996747e+00
2.721848981287283920e+00 1.093724542845973646e+00 3.241394252835839929e+00
1.899385698265935396e+00 9.012664305675180954e-01 3.454788531071799174e+00
2.136606090006597736e+00 1.071421406690307165e+00 4.261563466473702100e+00
1.807649963823692252e+00 1.295480240688196671e+00 4.031678415749502697e+00
1.290184263229616102e+00 1.181616778978279436e+00 3.351547326640259339e+00
1.638366985873753956e+00 1.117562372887103583e+00 2.890466284395190932e+00
1.511241203702558211e+00 1.068925483510845931e+00 3.911593395571164145e+00
1.688250010958358027e+00 7.890499187358027688e-01 4.828901772503332523e+00
1.547627874285475880e+00 8.950538279137589814e-01 5.678589246465752360e+00
1.506836271638924973e+00 9.495090521122356853e-01 5.802519707130081805e+00
1.190112342983940863e+00 1.260868241221470676e+00 5.749653718524657897e+00
1.462357045170178615e+00 8.095989740892824971e-01 5.438662483732008113e+00
2.285177069388721893e+00 1.042469727367843157e+00 5.265761435899023901e+00
1.725418075247654892e+00 7.379653229685453342e-01 6.131707172301977593e+00
1.781962820097396927e+00 4.200916453140148277e-01 6.132472661251682666e+00
1.467775863407559056e+00 1.098442586692218725e+00 6.635972886594217357e+00
1.188401452979851447e+00 9.392529864669022510e-01 6.676237841502053350e+00
1.121508189389644139e+00 8.087559026911035343e-01 6.629570552874460176e+00
1.022081066328835330e+00 6.950050943765397893e-01 6.731216341881702370e+00
1.018901353754453787e+00 6.119126425157193072e-01 6.519489906927579348e+00
1.311112547295008479e+00 8.040625560833501995e-01 6.678742141305922253e+00
1.775049207866830958e+00 7.875141033574301064e-01 6.255520903825368961e+00
2.316288394711122134e+00 7.793653360951106057e-01 6.221316817437407387e+00
2.471366353356122758e+00 1.283878449544945788e+00 5.998082341571279841e+00
2.714738869835630286e+00 1.332785324609675248e+00 6.403885250635547699e+00
2.815462077977077815e+00 1.450756931219429946e+00 6.436148157570791284e+00
2.504124237152256960e+00 1.377287028076496167e+00 7.204046079863802632e+00
1.861470088326100392e+00 1.568388597510160576e+00 7.377918169516046731e+00
1.526437341546187820e+00 1.494918933334827837e+00 7.523944197755627172e+00
1.399433414859853730e+00 1.185642485425281167e+00 7.730077396743694429e+00
1.584389098167465759e+00 1.229521377228004475e+00 7.314149024002316146e+00
2.207719274635782103e+00 1.174281431089460481e+00 6.653206242709715390e+00
2.225628626576150015e+00 8.898580502416267857e-01 6.581808954165129677e+00
2.213898146498757935e+00 1.143875164535790079e+00 6.044948736814802714e+00
2.180858002339169044e+00 1.138088861539271912e+00 5.690621387750139704e+00
1.934025247367991529e+00 6.937128430566175119e-01 6.024455500336182823e+00
1.771426781863176592e+00 7.209702734585772266e-01 6.251610536806588847e+00
1.461083395738912882e+00 5.938573238219736483e-01 5.955319161418559659e+00
1.659617836801237312e+00 4.772329853193017501e-01 6.524860625976923068e+00
1.647509741278325279e+00 7.508212255756636644e-01 6.724935834659458322e+00
1.657205715953470548e+00 8.418398179832955464e-01 6.447089940994945145e+00
1.888945748410402636e+00 7.408506063982767120e-01 6.173065470884753658e+00
1.072862119669355740e+00 4.716689884134974697e-01 5.661915061447584385e+00
1.161009703247382063e+00 3.662043979243069791e-01 4.903690007416868113e+00
1.441196104599447914e+00 7.626073974620730667e-01 5.576973725531255255e+00
2.026961849181466491e+00 4.955647222622513448e-01 5.287857882791999309e+00
1.783533360734581352e+00 5.924057688809541977e-01 4.536502388330921676e+00
1.769934900147133838e+00 6.476199170127125981e-01 4.496428429553862571e+00
1.569260612655882348e+00 5.609080839368885130e-01 4.452030874739396182e+00
1.356209247503172177e+00 6.097563695570846765e-01 4.483679912756901587e+00
1.502522835425394554e+00 6.638862398551094168e-01 4.335353000221118691e+00
1.240339023903311633e+00 6.886836984840770670e-01 3.887925538011344884e+00
1.664851654462307984e+00 7.823693788458018217e-01 4.041690561841735807e+00
1.063962675986309447e+00 7.326746567219503126e-01 3.747596630165474174e+00
9.350195369163025738e-01 5.718593292588842747e-01 4.403542534902973316e+00
1.060721019374754048e+00 4.969520643692965645e-01 4.188603428424451991e+00
1.088349583190682424e+00 6.716907208162787857e-01 4.946699839671662602e+00
7.717340958646511373e-01 6.226671115263925360e-01 4.607890167237576939e+00
1.267218531741215015e+00 9.030996753645915698e-01 4.113625762760606541e+00
1.170993719942039268e+00 1.191370066656666893e+00 4.260429380658903753e+00
1.588156632926547962e+00 8.559277617708835884e-01 4.412435737247324852e+00
1.364759210814322055e+00 9.285740005824901777e-01 3.330016407302168968e+00
1.388031864870730381e+00 6.481485578247602186e-01 3.695765918702359709e+00
2.067504779659268710e+00 7.629924944464198111e-01 3.609794680273060052e+00
1.801383213424199603e+00 8.237949016028270899e-01 3.815840417416652031e+00
1.328627673957125443e+00 6.992245880321182883e-01 3.530540128351707274e+00
1.525900562049545828e+00 7.077056642520548335e-01 3.600159768136388383e+00
1.426576238768459515e+00 7.409429964923039957e-01 3.568634593110902475e+00
1.406231080552464485e+00 7.884922265028814214e-01 3.716051270462970457e+00
1.934395943871188184e+00 6.253828291209139190e-01 4.036981661178931091e+00
1.657411607576757762e+00 6.741509324136341075e-01 3.991907893256479323e+00
1.278559545074621884e+00 1.225629630330590691e+00 4.215777027156826229e+00
1.521697742910433471e+00 1.749620259840049208e+00 4.038995181224852793e+00
9.474856936964000109e-01 1.582233985092233342e+00 3.384147438300184607e+00
1.190354080864068909e+00 1.218372243723606640e+00 3.677405358802152691e+00
9.922400998219574886e-01 1.302829830200867400e+00 3.426033373332280085e+00
1.336405083399284877e+00 8.892500986498335092e-01 2.583020852376181509e+00
1.060752402443163822e+00 8.528101659728034578e-01 1.600001867464093230e+00
1.548170871968864493e+00 1.150510016672597891e+00 1.579149520001931872e+00
1.570507970536321629e+00 1.017894590177807146e+00 1.440162112967721786e+00
1.344056479074170030e+00 8.574044740570645473e-01 1.860631212682254620e+00
7.943031315449564644e-01 1.094727198936763513e+00 2.150671611038029507e+00
1.132285595677339440e+00 9.463610010590545185e-01 2.041708460249103130e+00
1.557778500371862052e+00 6.865735112519154582e-01 1.830335278145171163e+00
1.038587959813061623e+00 1.049317662380465199e+00 1.678136213645667008e+00
1.216137704686370835e+00 1.361605138491897238e+00 1.404438872696305296e+00
1.523069689306022934e+00 1.184270809694842441e+00 6.688198095235063922e-01
1.273147809138761577e+00 1.337696053575986532e+00 1.351387836435411716e+00
1.493448793851394063e+00 9.914470288877037518e-01 1.461667033628835322e+00
1.206412450795489422e+00 9.095872870300476531e-01 1.342409940434891480e+00
1.341758649162456685e+00 7.893957053288681580e-01 1.360867279010334441e+00
1.247556316597926651e+00 5.589103090634673920e-01 1.073225907996905093e+00
1.348124513676935754e+00 7.831549966239309546e-01 1.428431561290615326e+00
1.503764041981054289e+00 6.099410232273364540e-01 1.558476350879113959e+00
1.904996299745223221e+00 7.166694559469447556e-01 1.784012748996086639e+00
1.645497302985354793e+00 9.420739157354720561e-01 1.718151838848926527e+00
1.565916470656567583e+00 8.950207486511890798e-01 2.526477276286788420e+00
1.334115500743836780e+00 8.221919898537428661e-01 2.240256655704709221e+00
1.215665852435608763e+00 7.364803186784046884e-01 2.521156954421394314e+00
9.946536894767217252e-01 5.100157725878249337e-01 2.997180839262713725e+00
1.077461254348187181e+00 4.668538216723566170e-01 2.743814196394364746e+00
9.995418306182519697e-01 6.230676750163981481e-01 3.107068323352879524e+00
1.462765546849964737e+00 4.801737513140015290e-01 3.237836753840491522e+00
1.357130907828340227e+00 6.794697445773720812e-01 3.062057709351243773e+00
1.004412255691610190e+00 1.114087699571738810e+00 2.719458337188090269e+00
9.676978238099648300e-01 8.084788267698824749e-01 1.571826013293089686e+00
8.713977753428119311e-01 7.926035062260036179e-01 1.402058113796746941e+00
1.052429027004951001e+00 6.124433238518305345e-01 1.773501102799464935e+00
9.491969949196317202e-01 8.425757276922876127e-01 2.210667574258031287e+00
9.805240084932500544e-01 8.288305654266983069e-01 2.152484407900579377e+00
8.300390294257148360e-01 7.398543028281391321e-01 2.058896905334030691e+00
1.101413061678659266e+00 4.747091358714251585e-01 2.926924194405840396e+00
9.206779219939908998e-01 5.134523519501035249e-01 3.415375093763380221e+00
9.466915421255789331e-01 5.577184672260658838e-01 3.277098609893345227e+00
1.319336982616117426e+00 8.054571981841163186e-01 2.684262814592538238e+00
1.267859574997441063e+00 9.790064362811834453e-01 3.115059624430483343e+00
1.182152754456082144e+00 7.150969744604495082e-01 3.178584432703325913e+00
1.344358388434869100e+00 7.274662649186685037e-01 2.869058291751285239e+00
1.032787978789763361e+00 6.931334359547225432e-01 2.944682167434954145e+00
7.457542420328949762e-01 5.642707299294482670e-01 3.395678710281268220e+00
1.409239610616424665e+00 7.524217801150890894e-01 2.912923235742193473e+00
9.772211867274652741e-01 7.585649891425494395e-01 3.113847141110861916e+00
1.606315368105916130e+00 9.663005374286079974e-01 3.012736972034490979e+00
1.658711580861501833e+00 1.086454601184096980e+00 3.735005847642827170e+00
1.207035942209418566e+00 7.041052921111060625e-01 3.369464959004859317e+00
1.292490419490416320e+00 3.917929740051744325e-01 3.478041297827971334e+00
1.321011645924259570e+00 5.203857898554714589e-01 3.164554373389712794e+00
1.084844138127035507e+00 7.852709639199294545e-01 3.473835872940444602e+00
1.481756771297209063e+00 1.171161894631489231e+00 3.259365807215773625e+00
2.094569730667833696e+00 9.054341818602453795e-01 3.380248196666651772e+00
1.536182544878891498e+00 9.224261166967882009e-01 3.441236456748300476e+00
1.452826669628464629e+00 7.879308310677445304e-01 3.202432100367362366e+00
1.249745556553911952e+00 8.138511283554503706e-01 3.599013223911424308e+00
9.648807433475953266e-01 1.532274263737978703e+00 3.548801075630318547e+00
1.488789438428823164e+00 1.771640521348914810e+00 3.668728827981669216e+00
1.988970222152247613e+00 1.189556079818430812e+00 3.763892198645707232e+00
1.834990635345445487e+00 1.002086877266342713e+00 3.454857640866017654e+00
1.746781831092433013e+00 1.242085714697474863e+00 3.174994532597750219e+00
1.758808870045802886e+00 1.010157360494263301e+00 3.530768072179635286e+00
2.066981338553704362e+00 9.091546620168019510e-01 3.965264421003280582e+00
1.880636886903232829e+00 9.770827286436849501e-01 3.709640403467836745e+00
2.170396412940147624e+00 7.862845748693375603e-01 4.037987247048070216e+00
2.541566928886993093e+00 7.334715223446873766e-01 4.414243011182914955e+00
2.048405723633300202e+00 9.317165883590223796e-01 4.353933020877382098e+00
2.511185333122059937e+00 9.020607102839786062e-01 3.927321198539291291e+00
2.322503225476016286e+00 5.661166809009735568e-01 4.109735202711554791e+00
2.010315465831457704e+00 7.978840944235534582e-01 4.729921351731634971e+00
1.716824676671100169e+00 9.621538795322184257e-01 4.582655446090345031e+00
1.309445667438302152e+00 8.146385905576457587e-01 4.721323607878797901e+00
1.006611350387841997e+00 6.302387456666762588e-01 4.759782401868424273e+00
1.147682726674693177e+00 5.566166333809662303e-01 4.980470302252573589e+00
1.075838455448479891e+00 5.124750912492085364e-01 4.655097582351052310e+00
1.315807163933910839e+00 4.753409852697415006e-01 3.755025802820096015e+00
1.880595197697794596e+00 7.097473951542156989e-01 3.345318968943918669e+00
1.588387265062057629e+00 9.363031878385642548e-01 3.286114156736304359e+00
1.471829699493108601e+00 8.350472294442125021e-01 2.868039453137309458e+00
1.020321556351322823e+00 6.627046543963343028e-01 2.732589360709417825e+00
9.312672363256551122e-01 5.711241285008049617e-01 3.261006619312002641e+00
1.116434025288254750e+00 5.850222503502802152e-01 3.443101759827895680e+00
1.434131897241336162e+00 5.832433540193335819e-01 3.386108441738740371e+00
1.563464622832398065e+00 7.811885642985899603e-01 2.899146293855150880e+00
1.608234372855761096e+00 8.010357763976929668e-01 2.880327026742904639e+00
1.897506890746287977e+00 1.211634449518129930e+00 3.276554445312992669e+00
1.718954205344266128e+00 9.191309285386778383e-01 2.654225840212881771e+00
1.498095686182487452e+00 6.909711958818566258e-01 2.527775106302296404e+00
1.150242629498791525e+00 8.449442795474571000e-01 2.788344299335070442e+00
1.310099191930457652e+00 7.808692530128987785e-01 2.292097599763464277e+00
1.464223835889240988e+00 8.882117623192641309e-01 3.106591060970891327e+00
1.273974605800967552e+00 9.548999997301087506e-01 3.089638615590494908e+00
1.059284832860024617e+00 1.318913205368494435e+00 3.013640310627297758e+00
9.969373641494896354e-01 1.353119930363718249e+00 2.833960951860190036e+00
1.250791201757495141e+00 1.133535288318328060e+00 2.397521752828528641e+00
1.163568275586959633e+00 8.725861390767496450e-01 2.144056087519159881e+00
1.172202479174096368e+00 9.286868844466052986e-01 2.333849722382633107e+00
1.161748886678788395e+00 8.582050803857697030e-01 1.897197560147247497e+00
1.275896012582989902e+00 9.984485539271836796e-01 2.107279852406601872e+00
1.525789051961045972e+00 7.997224663022612923e-01 1.795676955481990689e+00
1.531967912722808522e+00 7.432083928202364298e-01 2.499906608117422380e+00
8.474850507038439451e-01 1.129023807018850301e+00 1.965887062344106262e+00
1.117967694143392254e+00 1.062451922799214188e+00 2.201979391534405472e+00
1.019908006383069443e+00 1.075406801959320813e+00 2.125219445047769717e+00
1.018906214849316871e+00 6.534330322174310979e-01 1.947495622082684230e+00
8.783209349803514643e-01 8.636279792767301844e-01 1.566342547209737202e+00
9.452167189708143846e-01 7.759446155415715696e-01 1.568019581575310184e+00
1.192927955142314200e+00 8.176154454284224604e-01 2.126355530922917403e+00
1.410425905692330506e+00 8.448557781959585844e-01 2.239567736504541884e+00
1.057921853561057501e+00 6.503121123404531634e-01 2.272133400878503462e+00
1.146507290843013616e+00 8.704302510778938462e-01 2.513273623692381165e+00
1.646505712798083110e+00 1.247754985378740855e+00 3.068148968807881793e+00
1.424779958087487808e+00 1.222555266159867093e+00 3.537222204121786007e+00
1.261096910672977023e+00 9.340965564867522719e-01 3.424472420362862923e+00
1.089485517949246418e+00 6.679136652511148409e-01 3.010169377105845090e+00
1.602561683263086012e+00 7.539246171934336216e-01 3.028388257354852620e+00
1.614725377301267306e+00 9.080116018400912203e-01 2.403410505086920335e+00
1.869059331285550574e+00 9.456184783080933132e-01 2.345925210890668744e+00
1.656888290527398722e+00 1.221443380942738299e+00 1.648330848821189187e+00
1.567708519992439431e+00 1.349042945031423857e+00 2.038237337829091889e+00
1.219122464317770715e+00 1.346018549088214833e+00 2.159962321659044893e+00
1.601699211443894821e+00 1.285066602345887432e+00 2.100795642443836098e+00
1.068932681612729585e+00 1.341285240773146370e+00 2.755595168924647620e+00
1.533525697793077125e+00 1.401116749005099971e+00 2.537320958789183400e+00
1.356233362158808298e+00 1.196636931410452798e+00 3.008192093861209671e+00
1.048398840808171917e+00 1.225579775056491627e+00 2.951146557874861909e+00
1.213306482569594724e+00 8.655653610127569397e-01 3.596600500415819468e+00
1.430997196651377923e+00 7.566718959648356391e-01 3.376680272017509754e+00
1.439973618666932520e+00 7.283081985699423333e-01 3.867412499189282205e+00
1.417185274848203447e+00 9.420512442163249123e-01 4.064583997136967497e+00
1.035835748936470457e+00 6.219596660077698624e-01 3.469120399743665484e+00
8.855149181611489118e-01 7.648602089706560969e-01 4.182192100331717732e+00
1.144010298987341967e+00 7.316057624195603237e-01 3.820088273696894188e+00
6.480062448987360391e-01 8.537222283874854600e-01 3.732829577179566094e+00
1.139035584821735281e+00 4.407097059390333582e-01 3.818199585142389552e+00
1.253356787115988524e+00 5.257879594004384316e-01 3.911859216945220652e+00
7.510846013345006122e-01 9.182919166953433798e-01 4.390847806492757854e+00
1.300200687692901091e+00 4.309161930457659495e-01 4.277127973669112571e+00
1.122895940855624053e+00 4.454881349982389716e-01 3.713481929475622501e+00
9.539059040076980356e-01 6.449239614990563974e-01 3.897080732740116904e+00
9.873943891874502610e-01 5.580573192202709087e-01 3.870406977206537924e+00
1.599947136778177903e+00 7.009618987392027822e-01 3.583418053472896769e+00
1.567411651304509768e+00 6.371379868861897222e-01 3.149807306284113206e+00
9.599506874821240876e-01 6.299739692504441324e-01 3.383146539813431719e+00
1.096683865478684572e+00 7.275595234916086840e-01 3.485868147112268556e+00
1.126905262227976046e+00 7.543481151347229963e-01 3.827438758954862852e+00
6.128950898935888736e-01 4.779165434696885928e-01 3.659553194663707210e+00
1.062328842448834632e+00 3.811423977531256946e-01 3.879624717418367563e+00
1.203174125149815810e+00 4.070745978238243246e-01 4.737370058474938084e+00
1.323209796969297081e+00 3.076245597915333585e-01 5.143371703296288011e+00
9.284047645898672041e-01 4.550446770989943213e-01 3.730888321539983732e+00
9.270550146453451212e-01 5.725459055194205282e-01 3.412764573008289393e+00
1.118928555556413906e+00 6.157287670214203201e-01 3.312801542057662640e+00
9.963256520683553275e-01 4.666795709327527519e-01 3.792917968263895823e+00
1.053241178692049251e+00 7.348452426701840290e-01 3.790836703419173226e+00
1.273856295326397881e+00 8.338269990279952859e-01 3.805202936042396011e+00
8.437960213177392310e-01 9.001504579774697312e-01 4.048593561278905462e+00
9.464122767036968753e-01 1.140601699070099784e+00 3.890510901630920948e+00
9.565834237260292250e-01 8.961134988455994321e-01 4.433614258768464822e+00
1.176904364997879648e+00 1.020046113399797338e+00 4.777057756167669034e+00
8.943250861389325790e-01 9.664095085440332911e-01 3.928398975110991564e+00
1.015100652687963345e+00 1.002358367827415497e+00 3.825200731645952867e+00
1.061015417260309901e+00 9.689500747171281292e-01 4.407583533549836119e+00
1.305789561079544026e+00 1.311663801268839302e+00 4.510243965806494337e+00
1.705524317239242471e+00 9.994265201793780529e-01 4.709020323099117000e+00
1.431433536078629221e+00 7.596447235307515200e-01 4.512678531152728212e+00
1.084785135505462739e+00 9.786792335864418213e-01 4.113001645682762941e+00
1.090133671096453760e+00 7.066941972917430981e-01 3.936124661985496598e+00
8.944162640066886105e-01 7.148404097295598669e-01 4.177254126364359443e+00
8.801216594594576392e-01 9.108251102219034889e-01 3.905329728947391832e+00
1.295989075800887624e+00 7.931425222208918768e-01 3.546197729969635670e+00
1.662897561660689805e+00 6.317900550721429198e-01 2.870061287385358817e+00
1.000987653523419008e+00 6.854278907814692623e-01 2.005412365171909350e+00
8.196693817586059305e-01 6.609025081134037860e-01 1.892953746392934455e+00
9.249813222931044798e-01 6.427349272845865880e-01 1.864825132323112644e+00
1.043250483317338162e+00 6.167602267427877427e-01 1.767643307990493629e+00
1.205205966947267671e+00 6.518956736019679843e-01 1.971725626348210803e+00
1.012320836885384878e+00 7.354921951385609002e-01 1.949583351995585634e+00
1.222140116074209581e+00 9.613222332562463279e-01 2.184627523569378837e+00
1.498787840300826790e+00 1.003753824442308540e+00 2.625052134170616114e+00
1.158867946245177194e+00 1.370494383436222874e+00 2.478114527673812351e+00
1.222448185343993021e+00 9.730591553257181836e-01 2.724399814642962880e+00
9.513727266967735297e-01 6.753004045634105612e-01 2.534791683765505343e+00
1.093713731671060119e+00 6.189162689216906044e-01 2.121588534555443939e+00
8.010169415618918487e-01 6.719089777408240316e-01 2.462193185163254583e+00
9.393176060442401942e-01 9.734223748086014982e-01 2.824694625802694148e+00
1.135047037023040772e+00 6.841713915530786005e-01 3.079100680785630928e+00
8.745562483383856334e-01 6.976762700457724842e-01 3.257054641221483138e+00
9.957751674122099494e-01 4.763961029616741172e-01 2.842273622508710851e+00
8.765479165767428027e-01 6.635092682998486868e-01 2.470756084877742342e+00
1.056858941187187817e+00 1.229891300836986723e+00 2.188811635999185601e+00
1.226462306461989726e+00 9.718225860475492306e-01 2.409440550951129190e+00
1.596525343558931942e+00 9.002656215386958261e-01 2.430117083042024007e+00
2.359669808088122434e+00 7.772571758571343858e-01 3.088315943753164206e+00
1.633271343352580729e+00 9.592486416829326679e-01 2.941324986411657516e+00
9.708571017040857898e-01 1.045894758191034724e+00 2.784438098390177085e+00
1.100275287017023373e+00 6.741046926137364004e-01 2.486018709072430610e+00
7.542191508774559461e-01 6.517560903725582167e-01 3.018499808398900974e+00
8.534084528955501181e-01 8.211063600205473767e-01 3.365276479896996076e+00
1.122913560226401986e+00 7.973930197681607934e-01 2.930993074954358235e+00
1.020174785088543423e+00 7.914908748132795102e-01 3.434529485573177610e+00
1.242359078727436339e+00 6.002852804251443963e-01 3.767040688353382905e+00
1.640604462365354399e+00 4.118692067499760689e-01 3.558704240906102712e+00
1.014959859031676181e+00 5.976006232556436704e-01 4.202989043230921595e+00
9.404706623236073204e-01 5.419603881484780228e-01 4.340839730566859345e+00
9.599038196771633169e-01 6.553587180168366499e-01 4.443630498544600016e+00
1.236741121219170569e+00 4.146671462958982923e-01 4.670735464534939041e+00
1.082031952469084901e+00 7.367308155421172788e-01 5.430508483890571725e+00
1.052555531813985201e+00 1.146336607922946893e+00 4.958974029580287990e+00
1.218937361708666289e+00 1.167160101170921838e+00 4.160900243124940445e+00
1.437342758390257824e+00 7.469685495493919580e-01 3.984388287710202370e+00
9.793135315908847449e-01 7.595393964773973217e-01 3.821424110350014836e+00
1.411782815539053493e+00 5.655714052539895231e-01 3.394961604678113698e+00
1.759852921470305143e+00 4.538889402738447432e-01 3.042853389814834220e+00
1.735001426472101205e+00 8.292810501246028476e-01 2.620921045135918614e+00
1.950890277423264596e+00 1.095565242814943385e+00 2.225114320191053707e+00
1.631757460199134258e+00 1.316585152698118932e+00 2.392672262447476328e+00
1.881838707629870600e+00 1.299795838319852681e+00 2.594060460690227554e+00
1.158686883227411091e+00 9.371655867513428717e-01 1.173634852126897998e+00
1.262408267235202386e+00 1.247616943658709898e+00 1.156016115465192451e+00
1.353789224451763085e+00 8.377035696883704530e-01 1.291006448489022906e+00
1.548563782946226430e+00 1.032001586366028789e+00 1.298074748165438663e+00
1.455726777131906458e+00 7.876974358531226850e-01 1.936825493570429213e+00
1.295899493333185992e+00 8.485213337179456916e-01 2.364942587392951712e+00
1.298274477350791267e+00 7.602261394420566365e-01 2.156819870391134319e+00
1.094214502962086444e+00 8.225234621096100263e-01 1.742497117198295253e+00
1.094214502962086444e+00 8.225234621096100263e-01 1.742497117198295253e+00
1.103634001817343169e+00 1.060889564794274431e+00 1.905335311365868645e+00
1.038676167084264135e+00 1.241725271783532314e+00 1.514545276584213784e+00
1.211044292364950703e+00 1.233177035158356194e+00 2.039871983837811875e+00
1.213673676195971884e+00 1.243927871899928261e+00 2.673273387220774566e+00
1.230063782601125588e+00 1.574455186548530339e+00 2.717148630414279786e+00
1.064259223809902899e+00 1.167189835714058654e+00 3.138615148982589975e+00
1.195744547163235971e+00 9.659702099974767364e-01 3.011380113206008957e+00
1.075184213670824507e+00 1.249506931519189568e+00 3.547415371536815076e+00
1.528086430311773602e+00 9.777435419176704334e-01 3.596553025120363234e+00
1.898619032629262460e+00 6.504881716526361712e-01 2.843909430633231317e+00
1.623842120029896918e+00 7.381356756773163053e-01 2.064568662777013675e+00
1.416806200336939270e+00 9.672281488959890705e-01 1.513160357678800638e+00
8.595073702489873790e-01 1.306722921442681207e+00 2.025742413741389747e+00
1.047134926088115758e+00 8.175362064722410116e-01 1.668477295049505038e+00
9.717107100556634514e-01 9.561873264497713354e-01 2.145859981812781925e+00
1.070178455715351307e+00 5.693500225902953238e-01 2.341650530511135031e+00
8.848381171881406493e-01 5.217321082531851673e-01 2.287771611271644190e+00
1.205161834158092526e+00 6.392408848326746051e-01 2.397588886848383893e+00
1.238101265159341047e+00 6.872599402004406777e-01 2.704377941987279765e+00
1.055313515440339689e+00 8.953270625015405937e-01 2.840268543784839395e+00
1.145087341741943154e+00 6.848958606694250939e-01 2.719583810161805282e+00
1.120024581379006179e+00 7.627781957758881237e-01 2.540984182318179574e+00
1.591813342059403169e+00 8.615754648278747263e-01 3.106550519166377811e+00
1.891992748827411974e+00 9.625572913568370970e-01 2.822161566578183844e+00
1.314334492270477828e+00 5.830487402252517715e-01 2.506404126754562700e+00
1.140544515376775259e+00 5.120976559890086932e-01 2.550504555355951997e+00
1.072779154937341994e+00 6.647904358292541227e-01 2.381473281023886113e+00
1.442533233414069915e+00 6.411750866351316747e-01 2.589830529485397825e+00
1.415144180107236860e+00 4.690670015212113353e-01 1.854028070264465589e+00
1.238426354658197281e+00 4.585499779924838704e-01 1.555190434346943817e+00
1.473189981625239176e+00 6.929209239627721617e-01 1.308091361867988578e+00
1.124277217783937965e+00 7.532321162019444127e-01 1.883974062996133236e+00
9.354533342173988464e-01 9.972061412954662529e-01 2.143670088118225348e+00
7.677191241984586689e-01 9.675407028408870014e-01 1.687348776045956456e+00
1.289733148963051024e+00 8.079792948328833324e-01 1.307790251351932831e+00
1.418338812795863380e+00 7.691875913528878339e-01 2.191529901921161816e+00
1.731588267590843166e+00 6.893048264922845281e-01 1.972057544765190462e+00
1.729084227043214295e+00 5.237175911841989162e-01 1.683239462849682955e+00
1.549788792894004175e+00 7.392610265815959814e-01 2.328919549291621482e+00
1.243142049424808881e+00 6.902177129243578513e-01 2.222617873721719040e+00
1.354140617116978751e+00 1.177524131204486180e+00 1.830418374251445712e+00
8.918356623154524154e-01 1.032954691139452041e+00 2.468463507751271546e+00
7.307541689483829650e-01 1.020279518196188118e+00 2.969029135869949432e+00
8.763072318710084518e-01 9.199557417959124406e-01 2.660391672413134234e+00
7.206549046548138548e-01 6.936057187440539673e-01 2.151729161394320133e+00
9.118597181979268829e-01 5.928691161035953838e-01 2.178509202546578649e+00
9.160166549704676919e-01 7.965841267644411250e-01 2.529212528548311578e+00
5.967488491446258925e-01 9.336426963422940206e-01 2.756984268083839673e+00
7.858680664921636749e-01 8.102980310909415618e-01 2.488783808728522562e+00
1.018199419466470079e+00 8.788222129119384052e-01 2.745633538943511365e+00
1.417042830214573668e+00 8.728294795982802778e-01 2.249756468872743831e+00
1.248998976959593721e+00 8.256639900534203935e-01 2.446156655018322024e+00
8.741813568032926751e-01 1.149676238584629528e+00 2.398595773739427450e+00
1.372942982727008765e+00 1.068319633989206929e+00 2.176614338328275888e+00
1.042155518264794800e+00 7.175731265559471828e-01 1.764258411918630642e+00
6.213267581732587752e-01 7.088393963274955967e-01 2.346245833932973479e+00
1.144624047635438346e+00 8.474484161460491549e-01 2.763058114523063935e+00
1.471319817689385800e+00 9.749597430805982956e-01 2.478960753581023191e+00
2.142610673340860750e+00 7.966119196894756449e-01 2.468899911954500759e+00
2.295502236457878542e+00 9.647423644574680823e-01 2.238159677259585756e+00
2.012903939337595371e+00 1.014913325513800091e+00 2.598285565928028173e+00
1.541044444785354184e+00 9.594177304143590712e-01 1.906460971963923612e+00
1.638121813310410957e+00 8.709428746693262946e-01 1.946475854742485856e+00
1.553418835947098176e+00 7.090325170425498813e-01 2.032137494889127982e+00
1.630852438930480819e+00 6.900295110282728128e-01 1.378381040695765947e+00
9.339921874193103379e-01 7.034499156282043586e-01 1.570896691158760516e+00
8.974838083262451915e-01 7.436852319221722851e-01 2.014283538919697136e+00
7.034007144277911738e-01 4.433730847160172184e-01 1.817549550034599948e+00
1.085135779913853016e+00 5.896624586893979281e-01 2.603444977133983596e+00
1.121375698663087395e+00 6.903621671696199558e-01 3.271385757185243381e+00
1.317890495889459501e+00 7.894634360638836945e-01 3.271177311508362884e+00
1.305108313253380725e+00 5.136005890420721753e-01 2.888517639957492555e+00
1.282513671036418668e+00 4.798374941320215914e-01 2.508769303723731969e+00
1.468130075983068439e+00 3.384091718435901508e-01 2.257524420820352873e+00
1.735778219693328461e+00 5.446070636998350256e-01 2.527652123339102719e+00
1.269370023749172960e+00 6.782006667428923663e-01 2.608723634904466682e+00
1.106311153569972339e+00 7.385033857321238182e-01 2.362122304017320040e+00
1.085581641172733258e+00 8.672720397784693391e-01 1.721808496410539124e+00
1.239495659363721858e+00 1.000455641120987060e+00 1.888590434659777051e+00
1.076607400160167316e+00 9.342978903630911880e-01 2.429542216468393079e+00
1.428253533701596023e+00 8.350121940574919410e-01 3.476117217042561602e+00
1.268636056955319225e+00 8.495033350948643092e-01 4.005645402841058633e+00
1.423486280021081463e+00 8.026805899000883926e-01 4.287086804822091146e+00
1.620100248450511593e+00 6.456951599861928681e-01 4.028299737694531757e+00
1.093340188734688079e+00 7.782793970753030255e-01 4.075879022971695242e+00
1.253751465500622331e+00 9.752294845597524464e-01 4.999078118083462918e+00
1.011232657649593358e+00 1.273150001100551432e+00 5.078915758611385556e+00
1.225396481632713197e+00 1.158330203664503788e+00 5.076570798466797818e+00
1.313045127011955193e+00 1.063177346355686614e+00 5.090598186156734428e+00
1.809532919056859201e+00 1.233809181553140677e+00 4.969882406769971617e+00
1.994124947276855853e+00 1.166867231090843449e+00 4.206970904521180721e+00
1.468555633538949134e+00 4.903166566856654862e-01 4.126286573396146018e+00
1.512037192470035318e+00 5.627126481996612695e-01 4.532287905381226167e+00
1.650185841287841626e+00 5.393087445525120982e-01 4.174333243830441909e+00
1.738780597556010887e+00 6.386484535242245020e-01 4.433044325975261657e+00
1.494345851181322349e+00 6.753750218088717672e-01 4.036140514428533166e+00
1.311873091842245209e+00 6.297967117498708411e-01 5.198471099169970522e+00
1.110195910396714503e+00 5.411792335835096113e-01 4.894602316510714424e+00
9.655259352296320374e-01 7.059515532752302924e-01 4.730599445293776739e+00
1.180171988533408101e+00 6.356074905426234434e-01 4.681283813628714263e+00
1.193425120037350240e+00 7.816275654258240113e-01 4.826834831504013046e+00
9.229933492519626359e-01 1.323904442065074294e+00 4.641112447416276154e+00
1.127600911974218079e+00 9.388303710083616416e-01 4.108413159440994278e+00
1.127600911974218079e+00 9.388303710083616416e-01 4.108413159440994278e+00
1.110302565720574952e+00 1.235084126976235819e+00 3.899592798412224948e+00
1.411654926903013418e+00 1.189956216617818807e+00 3.150951292120495406e+00
1.488063692242441949e+00 8.913222545233114857e-01 2.846675489954157534e+00
1.589432203688010858e+00 1.138277700480426313e+00 2.438325397483366963e+00
1.765968482144454788e+00 1.220046852591556652e+00 3.471628605854852001e+00
1.670785519240958417e+00 1.339305062295486071e+00 3.066515277800399897e+00
1.439954853837094095e+00 8.884116686039797983e-01 3.444906154891341110e+00
1.086559174996679200e+00 8.209332596952795269e-01 3.659305501639350311e+00
1.251132675400665306e+00 8.934822545569784946e-01 3.797432151442484471e+00
1.324704996684082925e+00 7.435365812897352100e-01 3.732075123427196939e+00
1.273966044598930480e+00 1.159740009268566130e+00 3.304784400790541810e+00
1.291235903728450651e+00 9.960824318960079804e-01 3.474879485573350912e+00
1.333706582921167172e+00 7.669104209538223360e-01 3.506930261401954851e+00
1.081686861007677081e+00 6.846587820786071976e-01 3.570714779498022740e+00
8.127969531770106171e-01 7.933487366079788883e-01 3.383563047348190356e+00
8.179970115281556264e-01 5.870782334179837081e-01 2.607387828737095070e+00
1.016463956847476258e+00 6.418577093413652124e-01 3.111021211007756193e+00
1.365989721039696292e+00 9.608160761859190213e-01 3.511648148527946933e+00
1.567104346510988844e+00 1.063488935551035519e+00 4.291136613685182510e+00
1.377599383330938565e+00 8.865277998563145800e-01 4.711625530542407958e+00
1.575776979424709845e+00 8.021120247952331361e-01 4.337845239165506683e+00
1.389834859360222552e+00 9.102788753727117932e-01 4.444568594903072878e+00
1.752817314089136769e+00 1.420725776378934269e+00 4.566736072359187659e+00
1.186359212852364786e+00 8.971608720149524263e-01 4.032608712616801760e+00
1.159906599682092088e+00 7.046537080293957533e-01 3.846212803674358138e+00
8.989100142808672533e-01 9.548232682399752091e-01 3.981079337300891030e+00
1.238960575182519008e+00 1.003329506531140281e+00 3.535744915362568630e+00
1.471706763131542806e+00 8.315519324763547271e-01 3.550067346637104215e+00
1.309824674774307418e+00 8.194264955489229951e-01 3.720625547015225631e+00
1.059088392238589860e+00 9.013506280464221865e-01 4.334654524827561417e+00
1.297021879944888934e+00 6.479161581221641875e-01 4.166011198624752332e+00
1.082125292378939729e+00 6.123025181567558484e-01 4.535570990840001038e+00
9.072788209489988098e-01 9.897817745538045608e-01 4.987488509378909640e+00
9.132259442136370087e-01 1.052489701628660734e+00 4.334467419326392346e+00
9.910967975184828971e-01 7.486202820699336957e-01 4.696806505785914965e+00
8.475754658872011182e-01 1.090264334391039425e+00 4.715155811969262700e+00
1.176441199369671287e+00 9.755737007285204543e-01 4.883195724393311288e+00
1.469419452899852985e+00 8.292169623763709918e-01 4.402568078614245373e+00
7.697340930353383515e-01 9.791676736752137344e-01 4.238372723932340769e+00
1.107674147379066998e+00 6.196667830481873418e-01 3.965797493550702768e+00
1.218681989541472221e+00 6.806384813529613442e-01 4.122881763507558972e+00
1.635560143418006707e+00 7.693482574772435578e-01 4.423736233772867621e+00
1.147996108522555181e+00 1.050514826863603091e+00 3.981215051146139494e+00
8.419528439727991254e-01 8.907812022355493520e-01 3.836520522526011501e+00
1.013136113712447939e+00 9.473415004364362790e-01 3.869309016972446891e+00
1.133141348841726570e+00 9.682415120301560707e-01 3.453432664323044854e+00
1.509682134097218409e+00 7.639561052611175684e-01 3.332516688333452048e+00
1.535785119855313630e+00 7.828596167831718411e-01 2.382419234165703337e+00
1.099668468799116505e+00 9.766183276430988602e-01 2.207456268824701695e+00
1.320541591406560356e+00 9.972753918423880037e-01 2.259420558899551956e+00
1.058017960731263862e+00 7.912728939948185936e-01 2.065478136759347549e+00
1.120622245502628456e+00 9.466347139407098599e-01 2.488262989464174346e+00
1.162074519046241150e+00 8.724581499032653120e-01 2.068442765213338141e+00
1.399261007135484292e+00 1.399730852734835995e+00 1.704913288550466532e+00
1.109106011693702820e+00 9.835233472663905685e-01 1.424618092038941963e+00
1.542128409548431334e+00 9.452185979984182307e-01 1.721408033187298070e+00
1.313635235292367476e+00 1.522847763140376065e+00 1.868351611781040589e+00
1.340475194183505359e+00 1.195551088473934875e+00 1.538137675957981232e+00
1.118972332350863130e+00 1.364735137490886041e+00 1.380421116474332521e+00
1.020965444755911111e+00 9.387219755015940859e-01 1.733658067814177528e+00
1.786522864335329919e+00 7.101377765066546610e-01 1.210341067269229409e+00
1.848678190176205716e+00 7.023330604857052073e-01 1.870731200471538846e+00
1.941901380173643554e+00 6.880842560162487853e-01 1.929322645882657117e+00
1.604386220183602552e+00 6.877520252266636769e-01 2.127301454560286409e+00
1.318909957393537891e+00 8.115328530270414786e-01 2.263406843476633235e+00
1.512945944390670094e+00 7.660529957955892755e-01 2.050926918752066008e+00
1.270433895028030280e+00 6.094439940447846649e-01 1.946578939000007002e+00
1.223765040071806753e+00 4.475805192810788369e-01 2.147829988943655177e+00
9.564787604118374365e-01 4.209868812423567808e-01 1.781493109966924004e+00
8.526239345444192042e-01 5.982208192222143728e-01 2.484976710152043466e+00
9.983514251865339695e-01 6.706146641880394998e-01 2.954946440796184959e+00
1.195868163937017004e+00 5.777863184658805773e-01 2.746661264069866437e+00
1.181339837535157367e+00 7.173181980607948871e-01 2.772632581984892930e+00
1.379849103325842430e+00 7.441444686643795547e-01 3.039396762147003717e+00
1.397363407520841205e+00 8.647891789375433680e-01 2.883444477210004298e+00
1.443855102445813943e+00 1.063419489364343828e+00 3.091201081000237938e+00
1.160413585405257075e+00 9.414303017438548915e-01 3.324751977282565552e+00
1.178530824618247541e+00 7.828471117696825798e-01 3.441881787257835779e+00
1.358759707258620386e+00 1.046667927856409497e+00 3.846934710097214882e+00
1.597158426434558187e+00 7.635750886361694079e-01 4.566301181808599452e+00
1.607563974640483728e+00 9.078008428013665254e-01 4.389452627492350878e+00
1.234071679761094220e+00 9.000317200450129729e-01 4.469752570412591552e+00
1.214278740669544554e+00 7.905004734751226447e-01 4.526290797333313520e+00
9.693865840366147069e-01 8.305593361472749514e-01 4.787210701596062101e+00
1.076557694223923667e+00 1.018874588099815126e+00 4.885558448150714383e+00
1.340171570898073927e+00 1.136403906334956693e+00 4.534888521834050223e+00
1.007198171213820048e+00 1.125688722523109808e+00 4.944249295406301314e+00
1.447797120940054416e+00 1.032984183060014161e+00 4.745175170355975247e+00
1.184253544338011777e+00 9.428957027266694491e-01 4.438672826455366760e+00
1.052041347105404645e+00 1.151881925565818587e+00 4.776633749887086999e+00
1.089961771491845033e+00 1.143415450477077489e+00 4.822079089001579888e+00
1.362531045987035672e+00 9.586226920069270685e-01 5.320795943093362013e+00
1.595503657808077902e+00 1.036260518425349719e+00 4.232207764595418809e+00
1.524731097382475253e+00 8.388240838157885459e-01 4.828701197522613953e+00
1.106770783663133750e+00 1.182151341666722644e+00 4.579357695919419768e+00
1.116974895997976169e+00 7.780578680428589244e-01 4.279801340171493607e+00
1.148552406365852319e+00 7.716551419538331125e-01 4.051255111711479451e+00
1.270792351491950356e+00 4.333075743079010111e-01 4.074643616582941164e+00
1.164977601075169344e+00 8.831623151378154013e-01 4.633390204329631779e+00
1.815598818507549339e+00 4.739199308758569873e-01 5.021266231001138891e+00
1.600750489791015196e+00 7.676333736086674575e-01 4.477235843398339021e+00
2.001314017483308394e+00 8.611101450188523021e-01 4.467871270033264786e+00
1.698188200336551157e+00 8.215252015807128494e-01 4.695235919637881672e+00
2.168783376544052732e+00 9.749147013682369911e-01 4.861652995242279118e+00
2.389965605415477867e+00 6.511837135373810259e-01 4.267095387857724909e+00
2.216468595290640664e+00 9.266941876107402942e-01 3.734247789017765662e+00
2.074585470993685732e+00 1.290559264603760026e+00 3.482112729820503461e+00
1.792547557088294052e+00 1.390622975793590843e+00 3.434164498741106186e+00
1.742597056837165370e+00 1.185866046680791319e+00 3.729067387859400284e+00
1.592338641554397194e+00 1.062121019731119942e+00 3.825817352749032896e+00
1.835559348535687807e+00 1.754894706004360039e+00 3.541113869902116296e+00
1.526275887073734072e+00 1.290146550741823939e+00 3.104384211776028302e+00
9.728237066722794646e-01 8.962277405714457190e-01 2.793840869105252533e+00
1.200560166359313286e+00 6.255794683329063410e-01 2.499680353916919007e+00
1.614165500230948291e+00 6.363542359699840834e-01 2.500340298912826498e+00
1.520490715785561830e+00 9.188274119569957987e-01 2.301923352112583032e+00
1.389947812824404938e+00 1.125157742130481475e+00 2.037715015505746852e+00
1.071722540041896377e+00 8.133847090351302711e-01 1.823725975086688100e+00
8.747954505836308403e-01 7.762959313567071584e-01 2.477064143224426473e+00
1.163411109522445974e+00 6.530974597724271691e-01 2.256367452001113438e+00
1.107173534820673488e+00 7.137977126119304794e-01 2.714967769068049819e+00
1.389432963440236257e+00 4.583795243270820663e-01 2.389537619865646167e+00
1.073210109023662762e+00 5.709227350109529198e-01 2.489345544438567259e+00
9.683785675217237987e-01 9.433397561114676977e-01 1.756193595370366012e+00
1.230465554121402461e+00 8.165645971412277548e-01 2.250748962560984001e+00
1.488713365987138326e+00 7.119105037745655506e-01 2.144157363657690052e+00
1.652586593016116101e+00 6.065847110746520610e-01 2.299895649868625824e+00
1.100915293068525980e+00 8.310313299456393299e-01 2.390350346713074892e+00
1.082236816107209787e+00 6.045704897188779459e-01 2.284590868330612867e+00
1.180264845480174074e+00 6.294257652491306310e-01 2.221628799109053976e+00
1.226275653456375458e+00 5.743420041543922938e-01 1.666469289443853308e+00
1.398547210373807914e+00 9.708639095566485855e-01 1.633640420138142701e+00
1.143453089011906121e+00 6.150135951520285804e-01 1.506846433015286646e+00
1.539901977298190339e+00 7.988342044089513649e-01 1.155729586993760050e+00
1.044164742530550471e+00 7.389848748941351131e-01 1.239810353254386266e+00
1.071260992160965930e+00 6.459249987295756501e-01 1.313410483261574058e+00
1.159632525705477368e+00 4.998042993978449311e-01 1.990761182249577210e+00
7.131971056077957005e-01 8.501002742981065285e-01 2.212736879147331415e+00
1.488285012162824605e+00 1.117775752627438335e+00 2.034582535222064781e+00
1.369822852443176364e+00 1.180472187706507192e+00 2.482880396380185317e+00
1.610821938478077087e+00 1.197611173819709496e+00 2.730355411039142144e+00
1.685212911234830191e+00 1.501571597725565033e+00 3.014939933983986631e+00
2.020377651637877303e+00 1.343741709270725337e+00 2.638002928978851358e+00
1.577105020798280632e+00 1.767989686879973599e+00 2.320238175033823680e+00
1.779281788351613436e+00 1.409655105266854447e+00 1.502367652989271551e+00
1.423042521330242005e+00 1.720638355231396188e+00 2.020303805720573997e+00
1.472023136349150940e+00 1.506954586631310544e+00 1.839245669875315237e+00
1.134184389913174051e+00 1.431088571686808253e+00 2.043362838855584229e+00
1.146194176096815731e+00 8.294126109596531293e-01 1.370730337676150823e+00
9.919550351214698747e-01 7.897388275701119342e-01 1.883387309802722731e+00
1.169963026102057269e+00 1.067986685221926635e+00 1.330426712685667701e+00
1.109336407338665342e+00 9.748004648720396403e-01 1.268742143119301558e+00
1.136630747907363403e+00 8.371967725307158936e-01 1.656135199128010660e+00
1.161021679223106284e+00 8.984106345971619723e-01 2.528648074094740572e+00
1.071065122210873133e+00 9.085762704470440321e-01 2.404050068013792174e+00
1.274313957798737462e+00 1.310596620996208550e+00 2.646886569743825746e+00
1.696312580179586194e+00 1.571071369730321354e+00 2.702936289797140290e+00
2.024716968287006758e+00 1.432067148561436021e+00 2.962451070451249890e+00
1.496355108709322090e+00 1.083432688768232399e+00 3.740712592858995933e+00
1.543486400518536028e+00 1.542441522795743758e+00 3.808443630652718515e+00
1.389000231676306596e+00 1.139287342376562817e+00 3.904342456739236411e+00
1.239959908861634208e+00 1.040610378421341409e+00 4.719709783628831090e+00
1.388336970906328904e+00 1.148974651397373758e+00 4.656391216836432534e+00
1.506758287941420305e+00 1.397035801814747735e+00 4.563970671148556590e+00
1.395289718154642644e+00 1.314087732855718116e+00 4.710843731048719008e+00
1.632870727325906879e+00 1.112297159578821582e+00 4.356532386236735555e+00
1.915028477283602149e+00 1.376794911797992516e+00 4.907504020371486142e+00
1.817117244499756312e+00 9.988166857720288672e-01 4.239562232765672789e+00
1.832167874181245493e+00 8.631907063599102425e-01 3.931360370290427841e+00
1.308499956218978744e+00 7.084467124751344658e-01 3.958789536415515453e+00
1.233443936950863185e+00 8.818919793370404436e-01 4.427955636668511552e+00
1.317269196976114776e+00 5.011011906753551903e-01 4.106264992214760490e+00
1.273238852954301281e+00 3.925794768672798973e-01 4.227973517957278382e+00
1.036436356363371836e+00 4.562685357250968465e-01 3.842232603644363031e+00
1.201523827259437072e+00 4.634344545265448034e-01 3.819998290003769448e+00
1.479617741584827950e+00 6.334912053354582184e-01 3.584538966100721424e+00
1.649111421521774368e+00 7.155800722175739148e-01 2.910797504315951745e+00
1.349164428905636592e+00 8.730725134855724656e-01 3.138200404604674087e+00
1.884595810921205095e+00 1.017650573165900685e+00 3.694732569648436549e+00
1.743951018851090939e+00 8.014339358441242567e-01 3.012791209346584509e+00
1.969407955056936999e+00 6.925295601936033441e-01 3.021231489449247132e+00
1.671395642672313775e+00 6.780738662862861865e-01 2.794286994572212635e+00
1.353137872480723036e+00 5.063999708202424621e-01 2.500924298892807318e+00
1.417925206470655564e+00 6.748725944809444988e-01 2.690415142947546023e+00
1.518704590870342264e+00 5.448106616410866021e-01 3.221400628521649434e+00
1.596989260219964013e+00 5.988586662055320753e-01 3.589960932533015736e+00
1.979225169871783097e+00 7.193501093553226200e-01 3.281383013197824994e+00
1.853908109875275434e+00 7.704294598232848124e-01 3.036352471657405960e+00
1.865512192703755234e+00 1.201249897693672519e+00 2.566887192517102623e+00
2.420761672559513578e+00 1.503067320098967929e+00 2.816716842209320060e+00
2.013537474761819546e+00 1.376263897259802249e+00 3.264852648206753027e+00
1.372411785375800219e+00 1.558389487579745047e+00 3.607851620771220791e+00
1.390283196387779308e+00 1.541023752336912134e+00 3.960322859372588766e+00
1.441410629425407874e+00 1.056287825661476276e+00 3.794511597371532208e+00
1.065093792444381737e+00 1.026462206194414639e+00 4.149912100731703468e+00
1.559038423741351265e+00 6.751828926253710117e-01 4.293173359772900710e+00
1.701781492697480358e+00 8.418200175337118285e-01 4.013061727037980475e+00
1.471424812762713641e+00 8.767858407862405556e-01 3.960561915173303582e+00
1.032625384493112142e+00 7.398757905903839971e-01 4.000631345348014456e+00
1.175134294957076220e+00 9.354848747588477842e-01 4.104197773805082328e+00
1.474194841029238257e+00 1.013252969440167739e+00 4.564557851555055557e+00
1.941853962137989109e+00 1.214973445779799377e+00 4.109954572656401517e+00
2.042740805128581805e+00 1.046675387430688442e+00 4.265714714808444441e+00
2.028379817580034494e+00 1.737730092491323708e+00 3.777351399353667816e+00
1.850499643499492253e+00 1.859483414448103389e+00 3.499875576969052826e+00
1.494262409044614603e+00 1.890330972637944029e+00 3.273682041414673449e+00
1.778840499962273336e+00 1.531747538826454980e+00 3.454962716215302709e+00
1.426130929073429865e+00 1.147046706202138999e+00 3.152372509655652522e+00
1.363556302495871009e+00 9.362653982568330813e-01 2.724015563805812778e+00
9.082841799881308242e-01 1.003473111831193920e+00 2.743159656064598995e+00
1.761041360952337875e+00 1.214629573573317245e+00 2.610591851842813504e+00
1.460377429283042039e+00 1.068222263234027913e+00 3.111697231269026087e+00
1.117022641338554001e+00 9.311681947563116291e-01 3.050580382921066924e+00
9.511966470400311513e-01 7.399088206427113512e-01 4.042723989881172209e+00
9.759104979732650120e-01 8.393650206916539736e-01 4.007519075226856131e+00
1.221720346610038144e+00 6.615832024008709844e-01 4.335601911386929963e+00
1.478263598282224534e+00 6.408845074679599962e-01 3.391503159030515580e+00
1.077440028825089158e+00 7.904635703456078799e-01 2.890828979970407886e+00
1.207808755777781906e+00 1.180123060466656382e+00 3.163214285759835764e+00
1.193235829952566718e+00 8.889676447321819275e-01 3.579009142417980183e+00
1.214033908570184339e+00 9.788177265017952156e-01 3.145352208145353323e+00
1.849473939140821033e+00 1.000177845416475586e+00 2.464350601303378241e+00
1.948366799709681185e+00 1.169924029725207815e+00 2.778431237650743402e+00
1.921424574986711153e+00 9.033590588124498222e-01 2.643378422135413075e+00
1.807076203121379843e+00 1.668478208988659839e+00 3.307369306514916119e+00
2.183614487285480799e+00 2.433535910434820426e+00 3.566839751833827510e+00
2.427690227280792090e+00 1.960829539418431855e+00 3.288479672170551371e+00
2.423496978632641685e+00 1.892606886261024579e+00 2.842006302745401669e+00
2.168800987261058300e+00 1.211665656333016816e+00 2.512654879174409217e+00
1.969656368588472262e+00 7.133191855463818509e-01 2.500204479745483876e+00
1.807119145137556115e+00 7.620105226947515575e-01 2.318799920342650367e+00
1.150659462540047251e+00 3.868252827711368691e-01 2.364017346113776785e+00
1.426369359157563244e+00 3.252906847867013118e-01 2.697204888622973140e+00
1.150239385371928824e+00 5.265116559799049023e-01 2.496281711633127731e+00
1.221624244285622662e+00 5.860203223660868099e-01 2.695766971036665627e+00
1.359658233342608158e+00 8.223601821556462133e-01 2.884118840154427321e+00
1.426845360320165845e+00 7.609048932832663814e-01 2.512542888495508553e+00
1.177802068572620708e+00 1.088726457054975949e+00 2.746064457784017865e+00
1.329436150404962103e+00 8.390685710563767774e-01 2.893458919373300020e+00
1.391339745638479730e+00 1.195626400499408826e+00 3.031586809249803949e+00
1.579319880470316795e+00 1.444307084966630406e+00 3.157775708397853709e+00
1.503430809730887940e+00 1.564208131329619000e+00 3.536234753070957026e+00
1.156085471336408377e+00 1.142543892267307237e+00 3.040315778136716496e+00
1.084781785259485209e+00 1.323466534539065043e+00 3.674727324418926688e+00
1.255289426604872860e+00 9.625296901068411959e-01 3.140313325315181370e+00
1.197066649169496788e+00 7.293988597929921269e-01 2.714354081315425216e+00
9.013037823448851737e-01 6.903192188935762807e-01 2.684934960984999286e+00
1.615955150773514148e+00 8.381124740945694596e-01 2.544282310203352715e+00
1.442907099318171626e+00 7.234629167055822707e-01 2.551769439172158815e+00
1.214416593148517798e+00 6.993355836822133798e-01 2.913508289859513489e+00
1.753118320906626115e+00 5.798389025807716424e-01 2.643092134776299673e+00
1.658018961429250648e+00 7.795727437964383721e-01 3.504215496996744950e+00
1.489229457930973499e+00 5.270173578442286511e-01 3.433216604014716733e+00
1.369902451885326666e+00 5.106365644634930367e-01 3.682274223431849958e+00
1.391787526195648050e+00 1.039735663680409150e+00 3.525917056572340780e+00
1.721974638710582317e+00 1.048922676750091432e+00 3.592974165587965896e+00
1.368308939202440788e+00 8.421450843690169163e-01 4.136682650995726185e+00
1.330365288152453029e+00 1.022217363395993228e+00 4.691595698818233018e+00
1.698673953496667277e+00 1.181143557857689208e+00 4.092135195003793413e+00
1.513542556513142179e+00 1.098211259896071601e+00 3.954434846489099264e+00
1.350802971757769422e+00 4.944258430953537564e-01 3.796931541541160637e+00
1.506518617885682865e+00 6.969894001614377332e-01 3.875794881746727594e+00
1.468157820775368272e+00 8.120385073669675879e-01 3.596823267469936525e+00
1.189885697151768618e+00 1.071351419098547142e+00 3.718037164013868079e+00
1.157686338260383252e+00 7.367277251822204054e-01 3.981466391264425919e+00
9.987653243108669532e-01 5.687356918402083350e-01 3.693646651537831893e+00
9.022082090032640389e-01 6.824725218496651147e-01 3.902048860068457081e+00
1.008562912396676614e+00 4.713225209563317586e-01 3.535143159940672408e+00
9.293857209233934435e-01 5.384789247082146790e-01 3.722862729972550966e+00
1.058975831550099667e+00 4.455280205156971207e-01 4.118901470921225716e+00
1.295198078403413611e+00 7.663211115976603649e-01 3.505537251421545708e+00
1.287040514550326753e+00 7.749724576587091462e-01 3.675927077961063549e+00
1.222739548251954300e+00 5.740086350585884567e-01 3.674114183928913757e+00
9.947933594679361224e-01 6.185008089225976224e-01 2.910640291687223158e+00
1.389456046199738948e+00 5.985838443679059040e-01 2.017236117519746852e+00
1.109680123570673027e+00 1.154470341092954211e+00 2.073410866779881623e+00
1.013638014242800978e+00 8.876848008664008916e-01 2.095775550694590983e+00
1.026130693121972248e+00 9.918295976344245757e-01 1.488010088509224227e+00
1.069439078829039325e+00 7.665321828706472829e-01 1.640748311415535010e+00
1.363729362619308549e+00 5.666276900752553747e-01 2.010036997715702434e+00
1.102663112957774638e+00 9.795753178097483804e-01 2.533429142120778632e+00
7.530474392047012966e-01 1.046738500201298994e+00 2.442033022580693213e+00
9.620605776574834289e-01 1.213475557514327008e+00 2.926000475162715553e+00
1.146905822361856231e+00 1.235895472810702111e+00 2.875791018215714256e+00
9.840883257327269762e-01 1.417089968958683999e+00 2.572807429484444963e+00
1.131392989715019226e+00 9.528806083457864728e-01 2.132759919202118049e+00
1.069470909924236546e+00 8.821808288373562679e-01 1.943732099230268240e+00
1.033600190386744888e+00 6.805126071167335589e-01 2.049430684833230210e+00
1.045281110601824937e+00 9.255386106553867842e-01 2.538498188925526922e+00
9.558925940342916094e-01 7.855448120446693050e-01 1.565356048634141128e+00
1.095710050869747265e+00 8.875194210868949662e-01 1.728649427672359185e+00
7.741043485130366664e-01 6.960914347174380623e-01 1.824667630091368453e+00
1.315704408464508646e+00 7.904732136522248931e-01 1.874806958438583804e+00
1.040518054823986516e+00 7.095211001954067065e-01 1.252604362383890502e+00
9.156885860545899147e-01 7.206311854336138190e-01 8.939931727185752575e-01
1.089918105217958733e+00 8.144451334018166788e-01 1.868514389381671581e+00
1.079141080805005704e+00 6.047817445325255337e-01 1.955103405041293874e+00
7.573749933201869844e-01 7.360892312684425010e-01 2.287060386033786585e+00
1.180225030222223248e+00 1.367672775729144030e+00 2.564459481227964854e+00
1.062590997825637373e+00 1.036900121169826106e+00 2.589785888469149366e+00
1.430120995995789457e+00 8.161497557268350134e-01 2.761458265798294676e+00
1.500112265816537560e+00 1.083685018038324843e+00 2.665332778265365299e+00
1.399369612918166972e+00 7.990387713402085090e-01 2.969475027889552976e+00
1.476644435742324957e+00 8.571996716602295896e-01 2.606650598164674815e+00
1.584302008013406260e+00 9.292388096164556632e-01 2.136736545422316169e+00
1.727511720446619936e+00 9.202717427163827901e-01 2.787735006701175244e+00
1.846734258695131192e+00 7.966896953205828691e-01 2.992141467566309387e+00
1.531271085406196830e+00 6.125140367973415101e-01 3.126100133395205205e+00
8.978779414304403073e-01 5.661877166885760371e-01 2.701818671798493998e+00
1.057297195833532655e+00 8.928095474528301434e-01 2.833335879698892779e+00
1.141997145169033834e+00 6.318712747635325533e-01 2.981594454052033161e+00
1.068040366720396150e+00 6.794521100415233938e-01 2.382698652153304231e+00
1.206866572629562206e+00 8.779952415275092958e-01 2.996625375144461589e+00
1.327452114501875169e+00 7.772391442377202253e-01 2.129574506964267311e+00
1.740964005243525792e+00 6.920616155709444772e-01 2.435330065022963453e+00
1.832665874973510967e+00 5.247773691897508197e-01 2.924934972884296602e+00
1.685877088154292380e+00 7.525785265832395377e-01 2.736397750898488024e+00
1.541423479978731637e+00 6.048692505753773263e-01 2.176592316833878105e+00
1.256379656127521116e+00 9.209465473362498100e-01 2.056553293362123114e+00
9.562721547610615325e-01 9.164439711450853565e-01 2.257940880966196939e+00
1.042035012222621182e+00 8.340697613418397438e-01 2.378137773715141901e+00
1.387227346364847680e+00 8.418290138978783421e-01 2.302319119585353402e+00
1.384316919886909192e+00 7.693989870576448675e-01 2.272912497929476139e+00
1.483004421671597628e+00 7.950389655218438323e-01 1.874207860637481460e+00
1.614422060952495741e+00 6.223988008785639181e-01 1.714871415635822904e+00
1.556678762025417884e+00 6.826596845009761383e-01 1.827967145465607457e+00
1.051706126721144940e+00 7.039418956477768718e-01 1.329263964912199336e+00
1.268372262230919700e+00 8.886827755505631865e-01 1.697759048509126734e+00
1.513655461160052784e+00 9.988603213111290069e-01 1.856148078519506139e+00
1.546976573773355401e+00 8.185762293219747132e-01 1.683023448481198781e+00
1.762568501110087560e+00 1.042475883378454649e+00 6.777652685846550229e-01
1.886463032805860029e+00 1.218341408024129713e+00 1.723360808653353615e+00
1.792265069028879942e+00 7.580400566193246092e-01 1.320579026724794325e+00
1.480437550013235626e+00 9.425338903536427670e-01 1.352746145523953336e+00
1.098090752654975022e+00 8.492020664278817632e-01 1.417178417279041369e+00
9.841125076617305290e-01 8.943654570703556406e-01 9.719715787876563873e-01
1.012567133868941260e+00 8.377926392167828196e-01 1.147656439415048357e+00
9.538182668797301478e-01 8.210804410048454516e-01 1.346281897705021491e+00
1.241897415102600766e+00 7.235373936228075564e-01 2.004904405058837824e+00
7.348059689109027737e-01 7.162775885636670781e-01 2.055826544676532919e+00
7.723173122791803236e-01 5.789472547600289509e-01 2.246249120482616490e+00
7.837604258566265303e-01 8.551292126318628117e-01 1.794656639650556773e+00
1.001741302020325408e+00 8.660588637450916671e-01 2.350794379639815190e+00
9.518326869354184483e-01 9.297890732093762045e-01 2.062946508831560610e+00
1.005471916615823247e+00 8.248358968547326864e-01 2.110462652442846476e+00
8.709342134986491901e-01 1.004427026037517656e+00 2.482571345984875499e+00
7.582414020865043680e-01 6.808235513497158387e-01 2.604185215809406095e+00
9.582260243693514479e-01 1.159114106293358759e+00 2.685165785554962881e+00
9.128752379121218841e-01 8.568205905923870214e-01 2.025029944557978023e+00
1.003291625040198198e+00 7.066972487040659168e-01 2.917534624074854754e+00
1.261982506466907461e+00 5.812116723047295874e-01 3.078538593002184687e+00
1.019338206576872130e+00 5.434264129600945292e-01 3.118079951619957768e+00
9.640523226203765450e-01 5.148082465701362409e-01 3.215233205079901513e+00
7.279160350966923376e-01 6.108412672692271617e-01 2.906794480785167778e+00
1.378019635133100440e+00 5.588813275702216865e-01 2.750181205211670310e+00
1.208337680705771966e+00 4.441316977476187922e-01 2.780820379390295916e+00
1.114616368334350405e+00 6.261220960939918312e-01 2.609202420617760421e+00
1.391146289272893188e+00 7.679800053300972484e-01 2.484309616571191981e+00
1.405658617605432648e+00 1.175232337454669596e+00 3.505912917066515533e+00
1.311918086010647411e+00 1.160762926601364375e+00 2.696620510688998440e+00
9.093616178224701585e-01 1.075177209218374896e+00 2.406280049953888778e+00
1.100046947219858406e+00 1.664705273873201330e+00 2.616645845928771141e+00
1.179954955958972596e+00 1.549651495929310840e+00 2.574490294659672163e+00
1.126451360566299575e+00 1.103478541546403457e+00 1.944642679459652301e+00
1.089851208607831135e+00 1.071620996315213015e+00 1.909435781207669214e+00
1.283881635104428209e+00 1.256267478865258802e+00 1.580306219877702922e+00
1.341510595851600929e+00 1.577928203530233109e+00 2.532548658234052397e+00
1.630969777823498834e+00 1.560082845682591923e+00 2.009112270437387604e+00
1.421414271692890363e+00 1.097020647910024405e+00 2.148720171355531949e+00
1.529547232679086211e+00 6.485869511089323858e-01 2.397162391825640615e+00
1.088732037120829776e+00 1.141319542839711598e+00 2.790575991205088258e+00
1.391966667045741124e+00 9.717048549110989253e-01 3.081404880287319958e+00
1.844653688261698177e+00 8.203142971321433219e-01 3.020170162425520832e+00
1.148401306684452283e+00 6.284684062679316563e-01 2.302439602989974965e+00
1.410315605337070677e+00 6.487630648948329304e-01 2.554187706775634226e+00
1.757306485489892545e+00 4.761138910326855878e-01 3.055090827362668016e+00
2.106612551639009290e+00 7.698665261513171210e-01 2.594553073467821935e+00
2.458075055092363570e+00 9.650290486916662802e-01 2.777550306008468084e+00
1.965783429382032432e+00 1.315777038595008941e+00 1.929524164727430380e+00
1.448892882641098723e+00 1.534501188526987026e+00 2.250467141490248846e+00
1.331893496932123888e+00 1.603725938942059726e+00 1.994883043899592590e+00
1.388656589601784175e+00 1.710172329845755401e+00 2.268636650841876268e+00
1.408323973955320829e+00 1.894990639423338674e+00 2.392066810906389396e+00
1.618994682317502321e+00 1.428757941370477402e+00 3.182413693559927204e+00
1.731964834483110449e+00 1.084590844948484678e+00 3.581795427414691257e+00
1.971764991241100384e+00 9.265287891230477024e-01 3.945785237046519178e+00
2.058929511893102138e+00 6.939723679519241850e-01 4.158336755762661596e+00
1.839759922384522239e+00 7.406411404579213986e-01 3.093225178889250859e+00
1.694875502921541877e+00 7.432366148849716136e-01 3.175711862386548123e+00
1.127159881998469837e+00 5.865099733129472970e-01 3.456369977794798043e+00
7.325141435615238894e-01 4.759817010026085038e-01 3.257289989131975982e+00
1.287833675946034262e+00 4.809857973916877305e-01 2.774538605884876663e+00
1.105870099803628159e+00 4.807372592780376208e-01 2.958300012680278535e+00
1.029604609096147039e+00 5.006395687456997035e-01 3.111045941298956841e+00
1.055749585219598607e+00 6.097779972490867673e-01 2.837271860577638360e+00
1.235133530007866964e+00 5.320139263357481774e-01 2.997879810334174167e+00
1.232878125779278244e+00 7.982611341528064175e-01 2.221282883490286686e+00
9.939746446663539903e-01 9.128954132447035796e-01 1.669923100779737712e+00
9.049696378010438913e-01 1.227146001498495620e+00 1.315839146498141377e+00
1.153656374290740860e+00 6.473315502666622256e-01 1.772319233737569277e+00
8.850126210157361895e-01 5.262285697492453673e-01 2.367538975608690865e+00
1.014857123370949799e+00 4.670559050359417430e-01 2.979742105454838974e+00
8.297687683708990791e-01 5.534882003474281831e-01 2.915097758904181102e+00
9.798339091531925726e-01 6.994386338705866901e-01 2.868925755633257246e+00
8.624938414265086450e-01 5.380118650787761858e-01 3.608627206660705689e+00
7.371790136049640729e-01 7.683277436896459589e-01 3.835899064218434074e+00
8.625071401679278438e-01 1.071019828152161901e+00 4.696751294752192329e+00
8.051115063588685228e-01 6.007168179083347548e-01 4.530802972445908239e+00
9.383104070142885833e-01 5.626537466094634343e-01 4.330216811415915856e+00
9.567828611608591993e-01 5.229955520843231342e-01 4.461832595855766748e+00
1.234630689177606877e+00 7.592713838616421684e-01 4.409289749568142902e+00
9.299027912327273437e-01 7.032625278669989433e-01 4.002700799479349314e+00
1.010604579064928066e+00 9.402435815294905019e-01 3.680730053961002834e+00
1.211581137182139223e+00 8.202744136428560262e-01 3.962657294467409663e+00
1.182134428553126781e+00 7.676043553130160735e-01 3.287027944511042410e+00
9.055302756236331962e-01 8.239186826660208629e-01 3.148045831902714919e+00
1.007093125186252491e+00 6.717275165769445167e-01 3.075422001943381556e+00
1.246431222491882318e+00 5.157257697890115233e-01 2.833656882308291269e+00
9.408455395947251665e-01 4.493918689051526472e-01 3.310733146451241726e+00
7.307731762202356318e-01 8.029840862095347642e-01 2.990882442445334632e+00
1.134014966762919130e+00 5.051183452970030574e-01 4.072110038411522304e+00
1.176491568114248487e+00 5.255564773518293098e-01 4.283788102205721593e+00
1.317410504499672230e+00 5.801208218258253613e-01 4.098624221597101602e+00
9.408587015478376836e-01 5.551458886249569513e-01 3.589664765792231371e+00
1.219374420261294611e+00 6.533558230720765136e-01 3.591995140339349746e+00
1.528752479403416187e+00 8.466492323639209783e-01 3.230054717048897572e+00
1.534463465541242577e+00 8.008938438224902923e-01 3.025987173226327265e+00
1.563162826388937665e+00 6.657913019016917788e-01 2.665709554398831838e+00
1.352470270726278567e+00 8.534367498748168801e-01 2.243020808324204030e+00
1.217740798309149497e+00 1.022646614378964092e+00 1.488237663720677117e+00
7.893690997602165194e-01 7.094460680221346127e-01 2.370173996006121886e+00
1.074023623024861651e+00 6.324741328476304325e-01 2.856081526120540115e+00
1.059587440191620988e+00 6.362665126450882669e-01 2.267852443728053835e+00
1.088393531245419599e+00 8.248378397674820395e-01 2.103397581916961467e+00
1.276792599168328657e+00 8.180228143862080525e-01 1.987990290178672126e+00
1.036854471593108729e+00 4.839020332457408813e-01 2.725833128800505101e+00
1.399129508567553692e+00 7.308658700204215819e-01 1.900924720003002610e+00
1.421436897189727100e+00 9.256834907076617602e-01 2.808282975412369709e+00
1.444486217654490146e+00 7.343313377998801350e-01 2.721267307475386144e+00
1.291639018099060898e+00 5.658998725018002940e-01 3.271275307500565610e+00
1.411361789868304184e+00 9.588045355944826431e-01 3.545337130215218124e+00
1.203617522952031615e+00 1.250349258900332439e+00 3.132366143722133511e+00
1.653662079406205576e+00 1.408746022419006039e+00 3.249800497849628655e+00
1.421850863983083579e+00 9.504242881943494314e-01 3.300826361624817906e+00
1.120758514521088545e+00 1.088121312993996170e+00 2.683327114329286722e+00
1.079792936747357324e+00 8.470001433007309233e-01 3.072735385101390548e+00
1.113606761312052384e+00 6.263410776384223944e-01 3.290653918889362650e+00
1.275259911613550790e+00 5.154584258928535112e-01 3.226502072541202359e+00
1.504115527289538123e+00 6.410591783089893969e-01 2.774361968808296108e+00
1.235065564079207423e+00 8.719978141107200820e-01 3.309343846167423830e+00
1.304001458404318914e+00 6.053284250947825740e-01 3.536730282867657671e+00
1.419661375435930628e+00 5.099957915841167866e-01 3.631815194443231753e+00
1.402201950079700055e+00 5.436259302294002005e-01 3.162472100473809000e+00
9.928037994804187472e-01 8.446486979005453088e-01 3.765468753809813052e+00
1.094880263213270588e+00 1.108852894705283587e+00 3.556743461190742028e+00
1.814305365507568935e+00 1.436337390655417545e+00 3.468591451423124639e+00
1.764700905599397185e+00 1.218580300678045569e+00 2.640756826143395131e+00
1.846341432942696592e+00 1.129950747370839670e+00 2.701466403957868412e+00
1.650070740522447066e+00 1.158552428817135826e+00 2.428193895045448691e+00
2.040435616812342090e+00 8.621040603476924913e-01 3.090246877913394474e+00
2.168256731582001162e+00 1.081941740926742002e+00 3.965640633522042879e+00
1.919790641646626161e+00 1.346181237796214791e+00 4.077616144893120520e+00
1.992937714205040400e+00 1.564539445306872834e+00 4.260652583759719114e+00
1.619156962372254593e+00 1.219773965307932029e+00 3.716475536514795674e+00
1.698959847771195797e+00 1.107396408076334327e+00 3.354477131918688571e+00
1.749208081216335087e+00 8.665653149752965412e-01 4.011118821690134340e+00
1.779588597454224264e+00 8.129417410067606431e-01 4.357718695604583026e+00
1.988207855695609982e+00 1.023537468176615395e+00 4.235772826609610853e+00
1.795978997963199930e+00 7.538848299515098494e-01 4.266568443320479354e+00
1.701918500824028291e+00 8.538475444547840576e-01 4.422002379387391713e+00
1.976944542892028478e+00 9.947732389630508099e-01 3.857022157928257755e+00
1.883399226992975128e+00 6.164103409315628834e-01 4.174203544618258377e+00
1.981505424421819539e+00 5.179893226261419459e-01 4.236540610766620141e+00
1.510353190177323279e+00 9.456119817170195452e-01 3.681170939359803995e+00
1.476569340614304782e+00 9.398332640410841377e-01 4.210979000031069397e+00
1.107628259462421605e+00 1.104912563662784342e+00 3.948793812640115863e+00
9.056751363010683287e-01 9.411619726112699924e-01 3.935201153910347749e+00
1.128973388030520386e+00 7.497968683281173163e-01 4.073213677009494660e+00
1.458074372092471149e+00 6.090390693481471107e-01 3.622239451907204533e+00
1.479612495377904624e+00 9.282458669795473627e-01 3.566816782410974440e+00
1.444671371403087656e+00 1.188231238537844847e+00 3.521268910820577247e+00
9.422417462683486677e-01 1.152467054029783222e+00 3.350196009233327832e+00
1.199960344718146610e+00 1.144895512837372120e+00 3.311704807057278988e+00
1.475428297194816052e+00 9.298369890875600730e-01 2.939570637990601920e+00
1.308714330917157165e+00 7.728307463225895235e-01 2.570764547381867438e+00
1.145954053276496021e+00 1.006259178155296086e+00 2.384809707628446684e+00
1.374645238318349838e+00 7.822574464339133726e-01 2.652455315836370175e+00
9.743385027472839521e-01 5.609836669120669139e-01 2.376730393472344272e+00
9.057848448789064255e-01 6.213292587252123855e-01 2.319301815087029706e+00
7.970372515049730655e-01 1.077579110008651808e+00 2.177303759738900446e+00
1.142803356567837492e+00 1.085415387717238556e+00 1.521885459680518693e+00
9.945116807927182334e-01 1.057948968289598612e+00 1.976251893115800184e+00
1.456209646787295142e+00 8.890668772760811356e-01 1.704183224447334943e+00
1.576697507406496612e+00 1.124169307176712929e+00 1.733190947671968685e+00
1.688372980700861392e+00 7.751070541213480602e-01 2.044273847147120904e+00
1.903728518928494706e+00 1.256914520442181882e+00 2.230358290522342024e+00
1.739252130161220933e+00 1.580378092194819839e+00 2.059253987617843951e+00
1.855942197763883250e+00 1.435626165828207457e+00 2.528458144411280362e+00
1.886535568225768289e+00 9.169444005248423846e-01 3.421789166460863285e+00
1.898298880238508346e+00 1.109676299458190352e+00 3.714581293696237907e+00
1.987713826660600702e+00 1.245160474584507293e+00 3.517885550574106013e+00
1.653846032038400082e+00 1.073129712328923846e+00 3.841585966077529779e+00
1.372886770576315252e+00 1.271765550181872539e+00 3.448679205515367219e+00
1.739182785326593539e+00 7.217053391511139004e-01 3.034039182624932440e+00
1.860097422955717450e+00 7.148510823809673953e-01 2.052217035923183719e+00
1.079801092618588143e+00 8.745334393555667107e-01 2.818043091898722263e+00
1.067563923965595407e+00 7.713472159786104454e-01 2.652108269679936292e+00
1.084340355797040800e+00 6.740445338781870799e-01 2.796093259129931230e+00
1.141713879049979008e+00 7.288758906799500670e-01 3.173742815906485326e+00
1.024539100010150472e+00 6.114811417221590606e-01 2.718132025178755296e+00
1.182352850088987495e+00 9.651210126898214225e-01 2.872384612068112020e+00
1.024235875718833455e+00 7.486436898361386039e-01 1.923646100479224685e+00
1.005516985995469792e+00 6.609382893897837175e-01 1.977464058422933268e+00
8.225462136757230036e-01 7.902228523258677528e-01 2.073948275793354501e+00
6.994328770849183030e-01 6.258596453431313211e-01 2.365539555749096579e+00
1.097450771062164820e+00 5.193423531465818366e-01 2.677687472030647164e+00
7.992620503731647785e-01 7.953452621136373191e-01 2.799369024026239661e+00
9.886824204417065109e-01 5.929008344761448335e-01 3.129240405127612146e+00
8.245293422403729977e-01 7.825136328822408505e-01 3.153792751388737603e+00
1.092760160115789914e+00 6.117016044376339945e-01 3.792608905088371340e+00
9.470740212934034563e-01 6.785870824341295737e-01 2.954964962005770523e+00
7.215492456137515553e-01 5.141722412589461166e-01 2.679600442789264125e+00
1.000292419387925458e+00 3.725910814882011368e-01 3.008343856543466810e+00
1.088201768687339976e+00 4.743310791200673893e-01 3.125384847527447718e+00
9.031753805037989746e-01 8.952950236602917888e-01 2.885004918181370837e+00
8.480427456409991294e-01 7.702985002738790277e-01 2.127258695935132504e+00
8.301332564991117380e-01 7.704108477250954934e-01 1.775611469129266595e+00
1.049559339042272166e+00 6.748008345404780117e-01 1.766340886735682014e+00
9.341184010726035769e-01 4.823222578274724004e-01 2.109955250765731538e+00
7.046191899965986716e-01 5.844362000670517698e-01 2.403828075552572052e+00
7.984849416575938719e-01 5.933456745223512074e-01 3.093722830558172987e+00
1.362697819118142695e+00 8.008447987251645639e-01 2.274924531534862737e+00
1.302751270908395709e+00 7.526090143779294861e-01 2.172367675169155188e+00
1.049321056259075124e+00 6.357766864931553297e-01 1.264892468781509294e+00
1.114241858583974176e+00 6.299827927632141167e-01 2.109316296573381599e+00
9.314054514711801458e-01 9.414574531776663813e-01 1.738229512853824321e+00
7.459344783942498669e-01 9.458935329055720986e-01 1.905340513933288182e+00
1.193125142050927678e+00 8.085679417226115939e-01 1.842883201163652451e+00
1.022299224006783636e+00 1.194004241590673754e+00 1.723917086739140903e+00
1.315876070958137189e+00 8.253769069779076650e-01 2.211571015364411252e+00
1.500778191648335369e+00 1.269556299425498525e+00 1.784726589630366345e+00
1.526552329094823524e+00 6.962259967231494429e-01 1.804656182831662292e+00
1.151197312786967020e+00 6.748578076630314948e-01 1.682886195176009902e+00
7.250253504936792215e-01 8.328583084000706904e-01 1.928623297835098782e+00
1.085024108774716778e+00 7.673707153128211944e-01 1.796944367453973346e+00
1.133069169338741133e+00 9.236279438023078381e-01 1.929765189238279222e+00
9.755767618525341689e-01 1.003661502561545404e+00 2.309313865758207740e+00
1.088856960612926583e+00 7.964057011349080506e-01 2.466637452486249771e+00
9.960167914610517093e-01 8.228379141796574592e-01 2.444489829900258204e+00
1.500753038752693946e+00 8.609979315622484641e-01 3.065737825021391583e+00
1.310675048110638174e+00 1.102351188799243431e+00 3.045881510456682761e+00
1.310225293214123621e+00 7.767933864067684269e-01 3.166509561329267974e+00
1.052689308224259657e+00 9.007066112175099448e-01 3.540385595225389537e+00
8.653006697161111926e-01 1.557905710850634229e+00 3.461412410761366409e+00
9.875483132926359264e-01 7.740631015239284318e-01 3.837423320171639674e+00
1.480447924809982441e+00 6.233634318356919835e-01 3.909196941820205051e+00
9.945656213268850854e-01 6.546368041368728630e-01 3.415296518356356614e+00
8.144816408515745954e-01 7.495026570581125869e-01 3.928533419453756892e+00
1.191108193106249935e+00 6.284138291127597808e-01 3.789529122190432808e+00
1.390595186187366661e+00 8.033141520826280191e-01 4.301771998378846718e+00
1.354658113167463096e+00 9.892971553233336213e-01 4.442078351823865567e+00
1.095421230798865553e+00 7.056188352818528742e-01 4.716598888303741965e+00
1.124114366635347029e+00 3.547770152770354790e-01 4.872034319015245529e+00
8.039477239269996467e-01 5.119915984167981993e-01 4.828469087346129562e+00
8.293795114236949262e-01 4.566287444934299944e-01 5.188924605873401319e+00
8.261295892927265072e-01 7.368934572966102658e-01 4.778566355069019167e+00
1.228579602810637494e+00 7.794148789216592821e-01 4.350548109086282977e+00
1.372430197457945367e+00 4.020736295368519952e-01 3.764011427463645809e+00
1.237734176980386236e+00 5.012586561491824133e-01 4.035779482681266295e+00
8.381630018762709078e-01 6.907605707848322174e-01 4.376017077315744963e+00
9.084125892718180051e-01 9.383184880242975145e-01 4.323746182432046226e+00
8.211583907418376072e-01 1.073576643180951917e+00 3.920086684725033077e+00
1.059758844520572563e+00 1.170406192538773205e+00 3.662386183710368837e+00
1.108818378110791647e+00 1.254857534753799353e+00 4.817155056767981947e+00
1.460157936609398410e+00 9.785685328234832170e-01 5.466531677539754774e+00
1.765591752441713735e+00 9.988729679916134030e-01 5.616061170598489305e+00
1.607555653750928348e+00 1.196883368365976086e+00 5.474714180452361134e+00
1.864259030744167767e+00 1.007894147363919579e+00 5.174252575687447120e+00
1.931143795622017434e+00 1.065327814304010134e+00 4.533438172520880549e+00
1.374605241038939552e+00 7.578448947307014905e-01 4.964806898852461181e+00
1.173147795878132005e+00 6.648353717201391788e-01 5.024018897932031713e+00
1.291549293991146818e+00 5.858723232553999516e-01 5.416719628029661671e+00
1.109017363912271792e+00 8.807727521745617461e-01 6.476384983189118927e+00
1.130978962587455561e+00 7.318156774550329535e-01 6.289769398835050040e+00
1.856022022192047594e+00 9.168502072954178850e-01 6.781926777443471721e+00
1.351531981159862950e+00 1.021757603451401319e+00 6.779855700191319556e+00
1.848541345131845537e+00 9.989418124064323168e-01 6.729361787567916586e+00
1.978569000197760053e+00 1.197191683846960286e+00 6.407527392599492444e+00
1.644153880397490664e+00 8.323511022585921015e-01 6.333955718397651147e+00
2.039420012023156925e+00 1.099809242819509869e+00 6.803564754288479399e+00
1.900826791268724003e+00 1.214944002544930957e+00 6.374415949120417757e+00
2.236880757490534499e+00 1.346412046118739436e+00 6.504444135220412093e+00
1.869520711181662742e+00 1.187438047938354613e+00 5.847498377500943256e+00
1.654582937770917361e+00 1.028545108255647378e+00 5.672227641139783394e+00
2.067818271217340076e+00 1.058418078697452636e+00 5.332499223039898872e+00
1.582481298756398314e+00 7.276129784828788694e-01 6.093444546325331501e+00
1.298769104463852520e+00 4.903823183631851879e-01 5.755739891465147196e+00
1.308425167443271198e+00 5.497175397322561219e-01 5.684303331394149339e+00
1.120951636539155860e+00 5.470076985894958277e-01 5.175387839521430777e+00
9.420224219845396707e-01 6.989309803084505779e-01 5.706981966585660260e+00
1.091519148425509123e+00 7.347754317672691160e-01 6.326421355758959919e+00
1.069846925187392550e+00 5.400635799648655366e-01 6.178647810077179336e+00
1.146076698623735624e+00 7.155449257988314438e-01 5.862794394491881000e+00
1.617476111257998506e+00 4.989873271565041235e-01 6.327613949207154143e+00
1.684888333797885052e+00 7.650866607252876372e-01 6.246916836203081580e+00
1.454421632950544829e+00 7.456957165456689074e-01 5.812524151192024036e+00
1.552273711373284959e+00 9.252658829159045029e-01 5.885420276529069739e+00
1.442203645239345855e+00 8.480499719691729776e-01 5.599773965702461886e+00
1.400204752189911472e+00 8.820046900664753053e-01 5.565531903846633099e+00
1.508990195483333574e+00 4.735030687517839398e-01 5.937836680883796348e+00
1.725432836198153019e+00 6.993314507874074382e-01 6.168801202417821372e+00
1.571083158542438740e+00 6.566870197753630345e-01 5.963169980696784833e+00
1.045248823742998878e+00 9.195507698503142535e-01 6.281418836501027059e+00
1.382545075873937046e+00 6.641614642410911262e-01 5.781127455346520172e+00
1.843839489305478141e+00 4.247130043941111932e-01 5.961499337698986878e+00
1.562787277104950467e+00 4.713489050995058882e-01 6.117165339161192428e+00
1.659756828715884591e+00 5.488029009529079572e-01 5.918533080275346414e+00
1.643351898169723935e+00 6.142681399114586771e-01 5.177595934422250856e+00
1.099161736775919662e+00 6.478451371444726714e-01 4.151379752843862292e+00
1.008342382846732388e+00 6.432704650649277989e-01 4.074864443713383189e+00
1.536523254434921437e+00 5.667062992303953939e-01 4.416790561515732350e+00
1.254571938030212719e+00 6.487977388850028060e-01 3.593747606790361093e+00
1.444978410733185781e+00 5.181246096450343730e-01 2.357833124173541073e+00
1.420106430037616052e+00 5.954623913694538917e-01 2.761984871073203784e+00
1.622687949224184134e+00 8.722462408777900134e-01 2.504688501215417862e+00
1.237145210305168552e+00 9.099853135062471177e-01 2.409403157881243374e+00
1.234100601105130757e+00 1.383349201755684543e+00 2.514617960932294061e+00
1.681370665868887837e+00 1.321526559964730341e+00 2.011298717458323004e+00
1.898202109048989783e+00 1.097949864189168734e+00 1.714602578528498844e+00
1.443325952801136625e+00 1.099384500997228731e+00 1.457767190796549261e+00
1.375043075762250044e+00 1.179195559327132603e+00 1.468671763068216896e+00
1.288562461418197191e+00 1.139891271793946004e+00 1.182933999579081741e+00
1.031992415667298602e+00 9.855002889175169534e-01 1.906851820298623768e+00
1.554543661230619600e+00 7.599484593248801989e-01 1.339367953689008628e+00
1.462477356956239483e+00 6.931416327312883707e-01 1.754554386115587228e+00
1.077787248709903389e+00 8.538981135676894096e-01 1.922491506168074737e+00
1.682272109084188116e+00 1.024051592696870738e+00 1.938719171264395191e+00
1.423884087528815012e+00 7.398808321110414976e-01 1.763305785514906798e+00
1.576437462760168717e+00 1.040329874100710095e+00 1.702220853876796003e+00
1.753923788167901288e+00 8.161242657279638157e-01 1.563261828291316879e+00
1.737175167336331150e+00 9.613807979365600609e-01 1.831891996838735714e+00
2.014622117400880708e+00 7.560120997883180705e-01 2.481651696109206995e+00
1.134146869961157877e+00 8.173654390156509519e-01 2.312229766898640460e+00
1.188955924470010306e+00 1.117708770360274162e+00 2.564037108155255318e+00
1.384252683018193819e+00 1.256582924856283423e+00 2.133064555676293050e+00
1.649645422802831884e+00 1.496534190919815988e+00 2.645433316195857198e+00
1.956669734131951444e+00 1.168479789439540006e+00 2.930704727513411267e+00
1.380188827612190305e+00 1.244759512054620654e+00 3.077703307355962536e+00
8.978139943058807138e-01 1.002578950015199366e+00 3.002789955076292649e+00
1.213469429244229625e+00 1.164996543780772553e+00 3.363996999231145146e+00
8.315630373583956514e-01 1.217859163969279290e+00 3.274056062945765344e+00
1.046197725180929572e+00 9.666080022192238275e-01 3.190718047059354578e+00
1.074647568043956669e+00 8.484119328680053140e-01 3.427952261752856611e+00
1.179627198584880077e+00 5.635017452551887018e-01 3.317277848465922663e+00
1.401851761011462028e+00 7.862525761674361569e-01 2.638720140338132403e+00
1.951592200926602017e+00 6.386433149495310824e-01 3.057288513291754217e+00
2.107246497163144827e+00 8.084885195041724426e-01 2.963364770156071692e+00
1.619806712758627532e+00 5.553897534059506480e-01 3.182928866040838578e+00
1.871436575765451193e+00 6.285071618689987982e-01 3.400346349413724045e+00
1.548978430641391180e+00 6.918363497098003467e-01 2.752608395136100672e+00
1.210643347094181088e+00 7.107595577177475699e-01 2.635140849525212658e+00
1.162151080525895219e+00 8.051532667429268653e-01 3.236498679282040047e+00
6.207592273031925512e-01 7.615238607812414573e-01 3.379402091207123870e+00
1.131886213988645640e+00 5.368783575613762515e-01 3.553799556431002316e+00
9.165884722967168052e-01 6.091365078344557205e-01 4.343146831500434679e+00
1.343812593959690993e+00 4.745900931879381002e-01 4.003867288239059796e+00
1.191605945557874469e+00 6.559511176474328575e-01 4.400463799885017124e+00
1.321202565270635176e+00 6.503820791292047598e-01 4.274923581694339170e+00
1.003561200757754568e+00 3.897401678493900290e-01 3.998133782956216020e+00
1.173823927758651076e+00 4.848396245111787350e-01 3.515030642070667177e+00
1.002432924470224584e+00 5.185976163613041923e-01 3.798181896755757680e+00
1.009888507843223371e+00 6.693224346360583388e-01 3.804643817929870497e+00
1.684122295621120147e+00 8.017937560719660128e-01 3.840803497157085022e+00
1.328235167051838861e+00 7.557003064176889273e-01 4.090242771756023465e+00
1.006360192690308075e+00 4.222773839210981484e-01 4.075239801772418957e+00
9.239552738450853564e-01 4.732123083312498313e-01 4.252582836108782516e+00
1.465813384558374954e+00 8.947853653858023337e-01 4.578819494303702164e+00
1.253002138015183897e+00 8.964636595248214324e-01 4.397240990153446383e+00
1.284554414305326020e+00 8.217820635301972265e-01 4.811562959220448299e+00
1.640994611106269652e+00 6.771390235212839670e-01 4.468285703215265414e+00
1.506397751516697525e+00 6.879007348641857922e-01 4.179284297741133081e+00
1.913524180732373514e+00 8.952914713652306844e-01 4.490795241686065253e+00
1.156747554807507017e+00 8.257031380105109841e-01 4.955588001390748509e+00
1.182044861300594274e+00 8.364773067417475838e-01 4.337765843119472109e+00
1.600953543224910014e+00 6.498213401502440645e-01 4.582332674415687812e+00
1.501241592831191740e+00 9.859343853435372784e-01 4.305611805314055296e+00
1.359038472346725701e+00 1.176365229545309310e+00 4.065466667007362922e+00
1.172898318426875308e+00 1.320384697534748852e+00 3.535660685952497495e+00
1.129506277457142271e+00 1.246498713924980128e+00 4.091084033386183982e+00
8.779699441948626282e-01 1.121030457303304750e+00 3.793821213070094789e+00
1.088234540646576987e+00 9.158741203230660322e-01 3.465775548840556386e+00
1.049060876610849569e+00 6.651889234588251876e-01 3.532021666205655386e+00
1.080225253777170380e+00 7.449667736582147315e-01 3.525889214660510973e+00
1.045351152849205434e+00 1.168999004165315103e+00 3.825823471367069573e+00
1.234470177963032711e+00 6.560437149635132137e-01 3.343189699847385121e+00
1.171598718952187035e+00 5.963919611870825976e-01 3.125261781084376800e+00
1.039682523358949062e+00 8.355038542623233200e-01 3.700988223160476931e+00
1.387849282034470777e+00 1.004788339398469565e+00 3.622671304350087329e+00
1.732030702521888177e+00 1.413299738236436731e+00 3.348177970509018664e+00
1.768010254613895160e+00 1.213843217368173244e+00 3.656720344541974033e+00
1.236363885826091469e+00 9.453007038020596609e-01 3.694151734871976789e+00
1.688430699276287195e+00 6.882502402256350793e-01 3.251904197102647220e+00
1.573861271183035537e+00 7.602177533878582416e-01 2.419658406290186914e+00
1.337126875879893095e+00 7.235075096317767906e-01 2.135398053732968648e+00
1.596789469396651340e+00 7.311252948507704907e-01 2.754796121487765426e+00
1.093685193664776678e+00 1.214489663444760614e+00 2.790817701225107861e+00
1.227140328349637821e+00 1.395816373329628712e+00 2.795648231909265924e+00
1.444508285302190442e+00 1.516185507165654700e+00 2.993114061310863772e+00
1.494702312526788868e+00 9.482731385467406682e-01 2.883302829041197057e+00
1.698013313372465971e+00 1.008341028205377077e+00 2.493300817793968172e+00
1.797706170728608832e+00 1.029439651421380386e+00 2.611815856904422972e+00
1.717401315584590415e+00 1.356060784802647357e+00 2.779442548653690448e+00
2.243783968913480198e+00 1.307478539611219626e+00 3.233744950078292657e+00
2.499412994885458428e+00 6.868313759562498788e-01 3.481868075700000453e+00
2.042820449837103869e+00 9.307746810535174609e-01 3.948951513985510253e+00
1.931570148706573731e+00 8.309871922951979073e-01 3.678603616772416096e+00
2.060982077096794818e+00 8.723865108182599082e-01 3.482050399182562650e+00
2.265445161124998830e+00 8.100487215905902705e-01 3.302568251953116985e+00
2.036100720579987922e+00 9.210783881487001334e-01 2.854571477554410208e+00
1.901738694623614334e+00 8.321375460575057836e-01 2.954876343905609826e+00
1.682137125646185893e+00 1.210868944409653647e+00 2.821058401671153515e+00
2.468219879005947526e+00 1.530702126735038915e+00 2.488522217450530594e+00
2.576392372213770710e+00 1.273334519497171247e+00 2.570839080749488748e+00
2.664583658630879981e+00 1.300799859527166369e+00 2.505229078688617328e+00
2.503574021339214362e+00 1.339764808489994907e+00 2.957611342649271169e+00
2.410144121634067105e+00 1.272941481444346490e+00 3.196809057055477243e+00
2.424460614049832152e+00 1.219278152189903430e+00 3.406309750385555279e+00
2.411355720333710817e+00 1.244196054717236599e+00 3.896485993393923319e+00
2.306866345345100822e+00 1.012756337990800670e+00 3.799594917641979652e+00
1.724513017470533649e+00 7.255459610088482725e-01 3.685677822449873187e+00
1.534163804659736563e+00 7.768169031127396540e-01 3.437413987300383944e+00
1.391531513597613623e+00 7.899734653144047103e-01 4.007749990456764166e+00
1.391531513597613623e+00 7.899734653144047103e-01 4.007749990456764166e+00
9.964042151014632642e-01 1.191242255470437605e+00 4.231150683368874788e+00
1.599093916403927063e+00 8.693458148650353712e-01 4.084133258543460876e+00
2.039640794680789071e+00 1.127730206611519126e+00 3.794178048888389387e+00
2.100702945630545937e+00 1.241511998362595515e+00 3.358920665400507932e+00
2.069055144200625307e+00 1.262943794098271955e+00 3.440292293713934413e+00
2.567312709015098449e+00 1.304125685990143113e+00 3.641471061383124486e+00
2.457110861873503360e+00 1.606390692396069353e+00 3.056021559775293550e+00
2.154573824656350833e+00 1.834566432671089764e+00 2.851885999577547626e+00
2.003334293604381422e+00 1.648155618562539448e+00 2.604987886974966305e+00
1.949264358014408005e+00 1.007883458393164178e+00 2.593867429759131316e+00
1.585327655813342895e+00 1.099560678269978720e+00 3.389041229532917754e+00
1.351521630054260514e+00 7.410028467281846165e-01 3.033841902493264797e+00
1.415052571409134208e+00 9.036014731661177191e-01 2.960955864255639280e+00
1.539180022088273425e+00 1.079431997160507306e+00 3.213632706709884435e+00
1.767344872789885502e+00 1.374276233608487940e+00 2.786411588922101057e+00
1.867352320908798990e+00 1.016004987129800474e+00 2.400547218328263455e+00
1.462527513346595143e+00 1.054226957207141213e+00 2.196652742639483957e+00
1.291527605625208297e+00 9.684987964391954529e-01 2.682858476438133799e+00
9.369982092649532524e-01 1.403279890170746169e+00 3.377901830393703619e+00
7.217868635779218778e-01 1.224754366773032954e+00 3.618418450591788460e+00
1.127050889144125323e+00 1.030780300227071677e+00 3.336053404494273789e+00
1.366085828324739238e+00 7.820678112155652340e-01 3.259353700359930883e+00
1.188464106096154715e+00 8.699907828048240033e-01 3.471572887142054142e+00
1.246412902776427467e+00 9.009725810483569797e-01 3.203527450599480630e+00
1.274838694275988837e+00 1.334107898825707350e+00 3.043356638965919014e+00
1.150140568733312829e+00 1.135809447054672905e+00 2.570682229820255404e+00
1.086821770409328147e+00 1.494070794203280705e+00 2.389116145078014508e+00
1.100958938747298443e+00 1.046112005424225222e+00 2.489074097156137366e+00
1.368703403413362718e+00 1.014217264347814007e+00 2.718038506920267050e+00
2.122720278529248716e+00 7.780168992507863202e-01 3.041175821206180352e+00
2.036538039873982964e+00 1.002032883610881164e+00 3.503710717704565436e+00
1.892046917168005660e+00 7.522830393623406442e-01 3.546585966704166815e+00
1.530026122320627291e+00 5.696251919191586133e-01 3.478256985387724765e+00
1.879749781701982814e+00 3.801402006364980601e-01 3.255773083202752716e+00
1.816034551249236850e+00 9.807825488120723856e-01 3.321509707738104833e+00
1.809827511563093294e+00 4.807905354237638762e-01 3.627414329314118113e+00
1.039046513369511482e+00 6.297584614310550721e-01 3.115242926835209758e+00
1.042966636029679650e+00 7.463981557445614756e-01 3.416148567023970184e+00
1.389910454947973051e+00 9.196237851447889300e-01 3.215842218820921694e+00
1.346842389617833646e+00 7.583496931665780760e-01 3.266586674404687418e+00
1.124580832670411867e+00 1.047788717601174646e+00 3.402428079923602855e+00
1.102759165672211550e+00 7.036712647075067384e-01 3.036389194343739995e+00
1.099416004116679391e+00 8.995058368042783137e-01 3.086954192772522365e+00
9.256731047634145781e-01 6.682058189246720126e-01 2.962105976072082925e+00
1.226535251274042171e+00 8.015398117486325358e-01 2.203498758104359467e+00
1.204161562868178992e+00 8.121552179946653904e-01 1.639156364985976388e+00
1.275356483882482905e+00 1.145433068592929482e+00 1.408664797755878606e+00
1.288146587169210822e+00 1.262972287803844740e+00 1.382499026462003178e+00
1.465637780882450114e+00 9.930751200814468271e-01 1.213017454322950384e+00
1.611285366686503462e+00 1.177210318917701004e+00 1.366527060751182354e+00
1.618845960897828506e+00 1.340432556545445797e+00 1.975003713234734892e+00
1.364795189002336429e+00 1.020818407711673093e+00 2.032215864493154278e+00
1.676167275281226665e+00 1.049970234688101689e+00 2.206896717903815919e+00
1.849399136281505207e+00 8.691203354394068104e-01 1.597230559308477682e+00
2.222285510535015884e+00 7.936139338567430590e-01 1.928728284710951257e+00
2.089275331112350198e+00 7.855912220946389413e-01 2.546548902793471125e+00
1.986398798464899196e+00 6.531266138205452654e-01 2.268894347184494009e+00
1.643678358813745577e+00 7.254646688315959935e-01 2.157641795217785319e+00
1.337625046818414987e+00 9.215719323058458867e-01 1.833833482280710303e+00
9.770438310176644547e-01 7.696967424224346876e-01 2.281124550470482237e+00
1.534134385325269578e+00 5.930605529521555397e-01 2.415303668686065830e+00
1.449491704875366826e+00 7.375553214096831622e-01 2.264224436841526078e+00
1.122098444554986418e+00 7.003629868674180470e-01 2.729680371522285043e+00
1.521164458921204998e+00 7.289919669231449406e-01 2.683699339524920013e+00
1.394036428617852819e+00 6.809433310341468371e-01 2.360706774085312265e+00
9.063572661279927223e-01 9.420424910376395955e-01 2.186124541222145279e+00
9.337782727074362965e-01 1.046691402773550550e+00 2.762594497882280731e+00
6.912403552739062595e-01 9.020811245373010490e-01 3.036885983947962941e+00
6.920136270807661916e-01 7.185642931455406002e-01 3.047235947386219834e+00
1.234894191757335946e+00 5.399487262439583990e-01 3.197342987996073749e+00
1.170657837392666600e+00 5.634979668167675593e-01 3.194127207099604515e+00
1.433151151494165498e+00 1.014619017083593144e+00 3.229286090868558556e+00
1.291020876571578935e+00 7.984962557918927617e-01 3.068608372425829955e+00
1.251901526601996384e+00 4.990705551859669908e-01 3.743649434345886817e+00
1.114995791887472887e+00 5.087798010143347316e-01 4.011731951166296994e+00
1.198282388704880352e+00 6.158671995424972456e-01 3.533821731419712897e+00
1.328603636003126809e+00 1.068804445931306191e+00 3.343574566731331910e+00
1.531735327668937163e+00 8.432416292047851814e-01 3.491674444647253406e+00
1.329696613048551246e+00 8.421671848854866971e-01 2.847251678996805424e+00
1.230349503597279792e+00 9.017023961431334111e-01 3.245152202563114763e+00
1.431071435917316892e+00 9.126710749142575851e-01 3.423255433754789578e+00
1.319634634144619012e+00 9.027471441407628472e-01 2.924604509880576853e+00
1.291927323881101319e+00 6.928113779789543125e-01 2.203371780007420178e+00
1.432953804196668957e+00 9.906263148196448043e-01 2.439122344460095348e+00
1.201106571341890694e+00 6.478028100754387175e-01 2.300606301839701384e+00
1.333500437544795858e+00 9.644622504933854090e-01 2.180974623531362511e+00
1.671860789517317203e+00 9.200673136609317515e-01 2.729861352695063470e+00
1.413442774989520201e+00 1.174882878473531234e+00 2.268498873789025705e+00
1.368037496653683904e+00 1.007016314586753225e+00 2.267942788121252384e+00
1.850625181300583844e+00 9.485736600258936058e-01 2.178945408750307511e+00
1.800747376955539991e+00 7.943625413092244569e-01 1.965190744372600662e+00
1.869677295614132095e+00 6.289920685357941466e-01 1.999749822504806707e+00
1.576158149262760544e+00 8.683925632196819455e-01 2.125466353349168891e+00
1.879639197421037800e+00 9.882076441778191445e-01 1.922968998311249456e+00
1.672361800036330060e+00 1.252202821902037355e+00 2.369278273762519760e+00
1.644569010328149616e+00 1.197151748582520936e+00 2.359345536798008069e+00
1.682574671730313387e+00 6.964755209454700502e-01 2.468238493051134075e+00
1.150887984030402489e+00 6.170646647439735899e-01 2.663962730397591461e+00
1.533853278712916435e+00 6.382816263679031987e-01 2.085549797591391474e+00
9.306696144706027019e-01 7.314370507206799932e-01 1.776068660981035219e+00
1.356089876522585502e+00 6.885339849810140356e-01 1.463382480254076690e+00
9.208752882395701000e-01 8.275633011059160271e-01 1.739569196758450786e+00
8.874409741733405577e-01 1.440740187209573087e+00 1.774640641967516475e+00
1.175911124912588201e+00 1.511483727352411321e+00 2.248427306926831903e+00
1.509554552565187224e+00 1.086147438313037616e+00 2.138681523997842060e+00
2.157556779548928105e+00 1.258498691927255164e+00 1.813286245096920712e+00
1.682710381393884402e+00 7.853979325226803088e-01 1.909085106457637737e+00
1.455719486954639708e+00 9.131878184138162435e-01 2.082894255506633652e+00
1.602839690299902031e+00 6.462801263519133421e-01 2.122619000213000984e+00
1.701925067916421064e+00 8.016848551766653230e-01 1.774280300229968965e+00
1.574581690220634655e+00 9.235353641251909940e-01 2.731081363525161620e+00
1.712642702539451056e+00 1.267665587209435785e+00 2.460083868281036423e+00
1.791062910688444143e+00 1.131692847063529905e+00 2.467521655152141946e+00
2.142408292085633548e+00 8.462456219266109025e-01 2.382773441823524241e+00
1.783271703096653615e+00 8.912886934295218833e-01 1.854466938914808294e+00
1.563339627491592054e+00 6.577622241030862682e-01 1.753411146470931437e+00
1.363264113281043466e+00 7.656394164931050739e-01 2.517790497243658443e+00
9.419426052436099539e-01 9.202488443062499801e-01 2.439549316448276439e+00
9.371449035183532228e-01 8.482125554113996158e-01 2.587943468944231107e+00
1.389247570058434356e+00 9.130023095575597880e-01 3.168108922191738230e+00
1.420095583932690309e+00 1.055996603646940368e+00 2.783901593682271969e+00
1.574586387769738804e+00 1.483414147723191912e+00 3.510216621995609021e+00
1.855739556622169495e+00 9.095412855464449775e-01 3.608667689213209240e+00
1.974628546624748404e+00 8.573690814724578280e-01 4.093582788224070512e+00
1.495790123518941028e+00 9.794837919823506933e-01 4.495203847391384677e+00
1.778295567106257247e+00 8.641414716044252264e-01 4.944527423972621349e+00
1.513431491420474728e+00 5.786853510849028215e-01 4.966670206123939835e+00
1.047616762288884784e+00 5.739742190907558550e-01 4.677794829563695522e+00
7.629799951659377300e-01 7.177841362170730433e-01 4.498573581692806300e+00
1.017094145420481599e+00 6.009456564352695374e-01 4.165691897724737025e+00
1.336917781146574002e+00 8.746250320197741512e-01 4.460088088962853803e+00
1.485996026806531534e+00 1.039233658566151908e+00 4.559377966981283059e+00
1.674495428861183521e+00 7.327056442384916046e-01 4.004725380255169220e+00
2.251975194199756558e+00 7.859789977071729439e-01 3.705856961055104648e+00
2.161400615641196232e+00 9.855363767815852327e-01 4.193093590434312290e+00
1.717180561446875142e+00 9.879947916191150759e-01 4.611126600237092532e+00
1.728559320571441571e+00 1.068754784279417391e+00 4.728418803224194278e+00
1.715115544500137812e+00 1.077449407318005647e+00 5.002751845260962504e+00
1.378017366448273107e+00 7.221201935167147479e-01 5.083073495288830124e+00
1.397656859562082632e+00 7.788743283907818560e-01 5.140152973593971275e+00
1.466332119565727510e+00 7.349556309317312186e-01 5.720584289467227634e+00
1.354061559222205391e+00 1.047445995236230498e+00 5.871563959337950500e+00
1.489724125106585362e+00 9.095329246710849302e-01 5.460032333471128041e+00
1.309638566671297522e+00 7.764327018380150491e-01 5.126685988174626729e+00
1.235718837587756802e+00 1.149778436790672931e+00 4.962552109805463019e+00
1.605700457076122856e+00 1.046106872190192272e+00 5.306529571536731105e+00
1.164270405962814836e+00 9.651567899889463842e-01 5.703978434889842575e+00
1.291704391141389241e+00 7.809713704950711488e-01 6.194517952003852912e+00
1.433282305603596596e+00 9.394836421679064742e-01 5.835850617209698221e+00
1.103791946601802465e+00 4.542529628996900826e-01 6.131853011855507241e+00
1.148752655395212097e+00 5.797682141161658587e-01 5.651599480033764777e+00
1.075065547882305683e+00 3.807278702029109896e-01 4.936966929760417955e+00
1.015118573374885980e+00 5.247679485758041107e-01 4.336638139320765362e+00
9.731213638696583068e-01 4.315634668200994395e-01 4.694257700768609709e+00
1.533655852868358815e+00 6.514600690932880189e-01 4.750311279739900527e+00
1.265963674275472295e+00 7.386423266338189020e-01 3.823510045067987750e+00
1.312091059897189993e+00 5.959401391262957315e-01 4.038766868040153390e+00
1.346768517341302429e+00 7.908342801906048658e-01 4.462742450673703232e+00
9.215973515409027206e-01 9.040216624660938338e-01 3.647256788381102233e+00
9.075538132210908548e-01 8.211622430479020851e-01 3.157164324909012887e+00
1.235989442970306440e+00 6.837752935809132682e-01 3.726803258602313207e+00
7.095679690920906335e-01 5.766474439478830316e-01 3.433127288589068904e+00
8.967018190058992921e-01 4.361303415862033961e-01 2.818683626781536500e+00
1.229810641950232597e+00 7.561066681971767567e-01 2.916764968971508054e+00
1.413305897892329410e+00 7.204215998560554723e-01 3.167440327271672462e+00
1.512453618419487444e+00 9.962424923154201695e-01 3.118535682099848660e+00
1.086622914182762800e+00 1.746848222639941328e+00 3.514231970514250403e+00
1.918080255978616977e+00 1.937349659547028757e+00 3.372544236940709261e+00
1.774679521744278121e+00 1.620027683508671545e+00 4.112777323101193261e+00
1.549840638387665726e+00 1.298527225292897880e+00 4.055191218698777078e+00
1.685640550588291209e+00 9.829346120333704029e-01 4.014145344156051287e+00
2.139679249288036988e+00 8.481207261649716944e-01 4.526657554893580127e+00
2.224088594345715375e+00 1.077344288741320266e+00 5.251067099869735522e+00
1.849522320386974839e+00 1.128982213472812468e+00 4.999501483130483592e+00
1.773227839182585752e+00 1.353646654936090599e+00 5.347912948169806668e+00
1.529954122028740704e+00 1.581352014938400385e+00 4.723893205576914056e+00
1.223597019212915971e+00 1.356409550206508330e+00 4.186688836341323494e+00
1.339186385138052549e+00 1.508000322031017193e+00 4.538312582984495691e+00
1.704707550380797354e+00 9.700574830813085692e-01 4.642338225461945633e+00
1.542784113284675129e+00 7.461782793097755384e-01 4.851901017649201897e+00
1.147933114206256766e+00 8.645472672905837319e-01 5.027770314092038895e+00
1.145147907511398611e+00 5.734468945118289529e-01 4.824605608653643962e+00
9.641934725012258900e-01 7.048235204995129122e-01 4.155607540108837483e+00
1.251642329260671982e+00 6.679102605475703003e-01 4.136144903269673101e+00
1.260875751406953960e+00 8.797816793336215024e-01 4.594678052573153870e+00
1.600376626126565505e+00 1.392864081224327810e+00 3.811682255954823351e+00
1.674091759347517527e+00 1.203265715067904695e+00 2.979635698085553841e+00
2.361548939553684168e+00 1.372853572568290437e+00 3.047864238672131076e+00
1.791481734000965442e+00 9.823210254070209313e-01 2.286947355758648825e+00
1.843910896952775547e+00 7.359817870224713010e-01 1.761594098918980000e+00
1.703303764146787413e+00 8.374961438524476387e-01 1.804415047342859291e+00
1.678486810206160307e+00 9.769349856789623088e-01 1.554346420276521590e+00
1.758946014815878645e+00 8.870219012624638300e-01 1.006217035522198655e+00
1.973303705025765353e+00 9.607275060669242528e-01 1.495925233951813871e+00
2.302286185115529626e+00 1.483363640332624911e+00 1.801713716761166983e+00
1.671092106708872649e+00 1.025200332596025943e+00 2.123591485064927564e+00
9.865176538398621187e-01 6.930554778298001484e-01 2.646191135258380012e+00
9.926040441221766208e-01 9.953239878163804288e-01 2.627873888849515005e+00
9.926040441221766208e-01 9.953239878163804288e-01 2.627873888849515005e+00
8.262334844481783458e-01 6.628429902066779178e-01 2.713872633093717290e+00
1.041473052133541133e+00 9.793010142621514369e-01 2.688181995640902322e+00
1.237539037769138650e+00 9.195561546247558171e-01 2.747911733080926844e+00
9.030137541762245368e-01 6.419246751232504655e-01 2.653997144551294429e+00
1.450785797016935108e+00 6.269474519251386768e-01 2.985171629813843541e+00
1.628559270922237179e+00 9.771803735955751913e-01 3.345028113142316517e+00
1.524572595170804679e+00 1.710037628602552040e+00 3.443545064448127135e+00
1.436141544641628354e+00 1.716227918360412330e+00 3.806854593802119435e+00
1.292402563018555828e+00 1.861242655203783514e+00 3.697483754482990381e+00
1.507379134422046629e+00 1.791999588012457512e+00 3.326855083895454701e+00
1.363392495981155195e+00 1.311115088497383452e+00 3.648817736412807378e+00
1.048247241159555365e+00 1.713915624116072012e+00 3.782547666718879320e+00
8.667410233484025284e-01 1.174844261606710516e+00 3.428928328106711554e+00
1.469783697051633586e+00 8.163548654862200493e-01 3.563063707742386121e+00
1.361759997786963217e+00 6.604466567728729531e-01 3.297284826861646145e+00
1.129810553284537944e+00 6.728209290779006979e-01 3.832773347262321550e+00
1.491841423746944839e+00 7.710918922605662917e-01 3.680620414423955822e+00
1.915234447020794706e+00 7.073416939067932452e-01 3.339180993400655328e+00
1.454217799861938554e+00 1.278789010127151071e+00 3.314245233198689355e+00
1.316630334173044536e+00 7.886964349792873197e-01 3.588631314793847338e+00
1.383865782250261578e+00 1.094328982054630695e+00 3.862786525994702291e+00
1.403533660493117008e+00 1.425041451014540383e+00 2.917651633220018415e+00
1.050438098404429921e+00 1.471272898904986581e+00 2.745987154197206959e+00
9.494680378999061920e-01 1.185179981274952166e+00 2.668498295062020187e+00
1.356211964972382722e+00 1.360038444734199992e+00 2.659754713612201282e+00
1.497995181596893488e+00 1.258692969957639241e+00 2.021587345212275455e+00
1.342575558147637071e+00 1.037578707250937260e+00 2.008797089693012072e+00
1.478546081505565990e+00 9.372342204669721344e-01 1.362781432346095167e+00
1.468358005030027780e+00 9.387843855954114414e-01 1.526108000526888331e+00
1.696471548544431274e+00 9.062934471548887982e-01 2.430109283274457521e+00
1.801119409043873798e+00 1.180005644424685363e+00 2.620440216190383254e+00
2.274645553693328104e+00 8.978806300944663921e-01 3.156768882546684196e+00
2.475292581782509771e+00 8.450930300145976792e-01 3.486359870266459993e+00
2.829257241256963429e+00 9.052680112781472666e-01 3.502050407054183800e+00
2.230683712843063660e+00 5.413346105360035132e-01 3.454227035428346415e+00
2.545502036012727842e+00 8.361197206477207766e-01 3.565221694670796637e+00
2.259581140751217632e+00 1.154057158392362226e+00 3.848136739345294099e+00
1.761543722019666358e+00 9.941899637693324410e-01 3.904726180580700312e+00
1.538484157917615169e+00 9.358377715969830035e-01 4.129294921529646167e+00
1.234475811401939405e+00 1.146083963187068955e+00 4.568225602022372378e+00
1.099758240729515002e+00 1.198465829050461284e+00 3.761566667982871870e+00
1.142562604203617882e+00 7.538318208129646258e-01 3.645307115176428248e+00
8.782160449274273306e-01 6.922228065120300533e-01 3.752847604381218449e+00
9.533736574579646517e-01 5.078183491493027946e-01 3.727482917275124041e+00
1.270737493976324961e+00 4.128082511255747322e-01 3.241535967226220727e+00
1.434977191332179824e+00 4.313486002924685203e-01 3.298938292696243391e+00
1.452273542872209111e+00 6.142057900292787753e-01 3.085830895810803831e+00
1.035923766387633727e+00 4.085757004599351871e-01 3.164325096333842513e+00
1.143384199019604530e+00 4.929129933767953387e-01 2.955538857129188290e+00
1.185089228545804119e+00 5.621321363966975682e-01 3.252308452868010402e+00
9.815732668705271502e-01 5.511973889003152216e-01 2.794001850588531344e+00
1.051394439052954155e+00 6.776889298151121954e-01 3.021611715942989385e+00
1.095086850231320241e+00 6.221400216824692908e-01 3.338617279675994087e+00
1.418264971798356644e+00 6.635815503825477357e-01 3.571540798661802185e+00
1.373476854232058564e+00 6.225946767596809428e-01 4.131147405723122112e+00
1.081198239956385088e+00 7.725539406502210937e-01 4.166805752865862189e+00
1.654429887581028824e+00 7.276402443333480630e-01 4.411448781419220033e+00
1.569450447989078512e+00 8.328482517465229940e-01 4.468772460431548410e+00
1.284468387935667089e+00 1.303132033014496649e+00 3.860321158487722837e+00
1.436780618216112915e+00 1.422852786697718086e+00 3.826820773818605304e+00
1.408184234851720618e+00 1.252349481037296819e+00 3.616590899055970088e+00
1.783590271881813516e+00 1.278394620425632899e+00 4.104178519076292275e+00
2.101336034093037153e+00 1.177059163650145734e+00 3.925207815341061668e+00
1.622600339521145463e+00 1.045904340454771875e+00 2.860135019254768984e+00
1.424759969449706398e+00 7.545080693297037122e-01 2.381366242125255717e+00
1.497436804098080776e+00 9.589246771422546001e-01 2.754515540272330476e+00
1.478343872459730424e+00 8.108398521340187681e-01 2.299125885472708131e+00
1.502175718748658406e+00 1.346571207170655038e+00 2.320556244195128404e+00
1.321446351145854736e+00 8.638237055897118877e-01 2.291460405037215153e+00
9.194960829825749027e-01 8.431269926846526319e-01 2.113680549391285357e+00
1.121126168444527949e+00 6.615724294140143957e-01 2.313389826103492641e+00
1.110466465258629132e+00 7.589486104431156788e-01 2.668024339829692781e+00
1.143991009194857078e+00 6.494052212203246244e-01 2.265172769661556895e+00
1.228185988025140896e+00 4.499746913898951539e-01 2.192725912644821751e+00
1.094213169081742709e+00 5.886170315415765186e-01 1.946684339499025418e+00
9.659671720370935910e-01 6.228496789067644590e-01 1.939731073054629995e+00
1.091202688565876544e+00 4.627766873390820601e-01 2.188407081964256484e+00
1.430434990554271035e+00 7.115519744089386922e-01 2.524041068124859066e+00
1.330834455027616992e+00 7.280186046096728258e-01 2.039942717451053156e+00
1.173806057345971210e+00 6.858291758628149992e-01 2.404281335063857217e+00
1.227246217883984247e+00 6.860204157492504340e-01 2.228374712512403377e+00
1.272115404042151843e+00 5.478837251760293459e-01 1.725080407121105219e+00
9.559065893575126038e-01 7.420168851744802785e-01 1.811778512614605985e+00
1.009940479017922277e+00 7.609471942282844958e-01 1.515560460047386204e+00
1.293278834038200431e+00 1.199501808186731910e+00 1.256432323726402345e+00
1.054045115307885805e+00 9.791261062900020740e-01 1.752309182585976233e+00
8.403829874968523628e-01 6.391294185791999150e-01 2.062795283823064985e+00
1.003701653996635468e+00 6.589367156957425253e-01 2.278362829929205802e+00
9.905305947033659075e-01 9.864802929132616693e-01 2.492958336188802804e+00
1.571122350259053446e+00 6.330634159473931266e-01 2.302415106122729593e+00
1.349233182013919841e+00 1.109863311356192428e+00 2.136131476947457752e+00
1.128683965873777284e+00 6.116331848838012508e-01 1.628641761386169451e+00
1.024356512796962937e+00 5.466224178259838640e-01 1.889559668079578758e+00
1.379501451505189547e+00 4.648596210549197916e-01 1.664020453709799563e+00
1.079250882984656990e+00 8.038936401502955187e-01 1.720956461288530859e+00
1.792525731090680141e+00 1.140412311705947035e+00 1.025703458652931443e+00
1.595715507896550367e+00 1.323670956049459280e+00 1.846791078083756643e+00
1.583648907254230576e+00 1.319490899759995228e+00 2.548107804072798466e+00
1.736713774737731919e+00 1.160532747620464100e+00 2.094862619905166312e+00
1.678386669329660297e+00 7.770038700735062420e-01 2.337082681805523254e+00
1.568070123633200863e+00 7.594248073416125511e-01 2.461516910251734469e+00
1.509982834348488456e+00 6.816240904280683743e-01 2.624684060920934758e+00
1.177816103951640603e+00 5.821281943328141528e-01 2.277010443584212229e+00
1.619220609603821082e+00 5.702139734449185315e-01 1.845190432585642526e+00
1.422869859958626471e+00 6.975913413460957946e-01 1.606058932544299989e+00
1.592780412039965343e+00 8.379146419079999131e-01 1.183156061889132804e+00
1.439667814677442426e+00 1.530129660814413040e+00 1.908429359673534442e+00
1.133409174773408301e+00 1.739946553437038856e+00 2.054611551603722219e+00
1.300982253250842380e+00 1.275274570885249537e+00 2.422815619174702118e+00
1.464178682064573023e+00 1.105788378505919933e+00 3.248510488784025707e+00
1.562869614218553194e+00 1.410097911010353977e+00 3.410391798323267665e+00
1.310463691821359022e+00 1.573969068197289989e+00 3.170485255420377069e+00
1.461532324352038836e+00 8.647239549742613551e-01 2.793796707441897453e+00
1.224644881624476378e+00 8.227760159654319283e-01 2.279118992546186107e+00
1.052725158193660304e+00 1.090826199327353363e+00 2.243407893687025201e+00
1.236869797398640669e+00 8.213961433068222018e-01 2.171768375197330236e+00
1.556722517186914345e+00 1.056710859953048587e+00 1.681672522106528067e+00
1.761409224368500892e+00 8.407747208247319248e-01 1.740323302055076571e+00
2.084909324323017010e+00 7.295367083310079215e-01 1.585379578383673271e+00
2.041639397920749666e+00 1.011246838470363230e+00 2.242426955211924255e+00
2.361600510474534342e+00 8.179979335793361450e-01 2.845970285301723024e+00
2.656561522778920548e+00 8.368207590056572220e-01 1.991245491070533946e+00
2.629095095631896584e+00 7.912364282966954931e-01 1.956695989716118911e+00
2.500400496242267678e+00 9.308280398586110671e-01 2.113080428646407327e+00
2.667055239305267111e+00 9.843327642272550193e-01 2.329861183582720319e+00
2.190886583861261006e+00 1.103652277805373449e+00 3.174525583676486296e+00
1.944228106503220976e+00 8.787489798150011078e-01 3.117086141795900378e+00
2.150883621491614939e+00 7.512252895141912079e-01 2.813709715228198682e+00
1.711640411041347898e+00 8.423338828527808797e-01 3.443731671995506005e+00
1.771778926850817948e+00 7.435040093475120404e-01 3.054378945092340647e+00
1.840375614938170701e+00 7.408401392373576977e-01 3.171622043629485077e+00
1.630710914156705105e+00 1.122402629141629582e+00 3.199339902448146145e+00
1.432239932277152183e+00 1.062715240218715218e+00 2.759591281955655617e+00
1.212124037195093873e+00 9.599383671508023852e-01 2.694651217974997071e+00
1.072878841859530530e+00 8.007078793935150651e-01 2.279375758991579293e+00
1.055416090098733717e+00 5.872000010204404541e-01 2.031557301900113632e+00
1.214882667076241374e+00 5.930479731415619904e-01 2.010923871997464474e+00
1.152890963096314447e+00 6.893593011063310350e-01 2.520898528451688936e+00
1.035350916102362406e+00 7.585486933882928939e-01 2.308875250398176870e+00
1.046026091727364937e+00 9.273375158430542387e-01 2.461017115212190021e+00
1.256035725853517970e+00 1.029897647805488203e+00 2.732988595594870063e+00
1.209169814509731156e+00 9.737468071843359274e-01 1.917353757727876529e+00
1.214284607761594748e+00 1.179534254234781532e+00 1.585362325488300250e+00
1.210635748791826005e+00 1.345829503158757268e+00 1.117327004712213023e+00
1.075502208606682553e+00 1.458053303169008830e+00 1.606908304367796081e+00
1.057405271781656442e+00 1.445577813062987937e+00 2.207054308967026479e+00
1.046176164938239062e+00 9.750693338290047363e-01 1.682872722231299134e+00
1.360139150107928074e+00 8.856623760535572432e-01 2.152150401682750847e+00
7.127646073676645599e-01 7.721539296689334808e-01 2.041276086593784900e+00
8.825041286148818109e-01 7.368698747810398242e-01 2.467181787595117193e+00
1.538247665748453175e+00 1.218481286652117079e+00 2.638816472412320646e+00
1.512294520803326936e+00 1.144588940996475568e+00 2.766818553616377852e+00
1.745705292109643869e+00 1.069339141097828350e+00 2.657094107232888192e+00
1.923634497575622326e+00 1.287517513094026400e+00 2.276508378760679019e+00
1.326234366072383208e+00 1.349252322445627428e+00 1.818415610541217697e+00
1.504205834553839161e+00 1.115384579339607551e+00 1.795113797123539801e+00
1.191532250791165204e+00 8.849682390547188859e-01 1.634477003570352860e+00
9.679481595279163519e-01 7.938062580007165803e-01 1.783097698470066605e+00
9.679481595279163519e-01 7.938062580007165803e-01 1.783097698470066605e+00
9.587085914640707252e-01 7.238212441943788766e-01 2.061573310502649914e+00
9.283513794884514780e-01 6.822721362303152404e-01 1.980023484727989835e+00
7.575356791419249891e-01 5.829083160513318651e-01 2.481029161136818928e+00
1.073187460508797875e+00 6.955944464010962447e-01 2.112216128081520594e+00
1.212739356065941854e+00 1.040915510935057409e+00 1.786255768507189368e+00
1.852150732095484642e+00 1.428035017279021712e+00 1.324095023940606408e+00
1.966350986355499098e+00 7.932380086631724003e-01 1.981204014936924329e+00
2.492279241081594598e+00 6.009356721183317651e-01 2.699939091302841820e+00
2.134859460428506495e+00 4.294894986835402495e-01 2.658604520715678099e+00
1.901905960417209274e+00 3.625121730598072634e-01 3.144664522949077501e+00
1.692295405658002183e+00 5.939917440064802490e-01 2.972620882456845859e+00
1.606633470779731843e+00 5.872042354603086434e-01 2.805930410238085759e+00
1.236394591540387111e+00 6.920564651373950493e-01 3.141441265189111043e+00
1.451759473667405986e+00 5.805513118241963921e-01 3.460815404847624510e+00
1.014443227377072043e+00 4.512806985087201572e-01 3.147038635002031626e+00
8.151212121762939633e-01 8.239713867444271589e-01 3.592703001508646743e+00
8.387044025834153871e-01 7.961286710474818618e-01 3.793409059396503746e+00
7.851619027759838554e-01 7.692741904015338861e-01 4.575926538736610816e+00
9.420710264364287045e-01 6.058714086365188933e-01 4.712638090791576140e+00
8.215513159458582848e-01 5.080149587456491700e-01 4.573641188417206571e+00
8.264546567146261458e-01 5.266019411699791597e-01 4.014266563527556286e+00
1.089590673591296355e+00 7.009048820160327375e-01 3.887979060721213909e+00
1.118501069074876897e+00 5.838493502853672190e-01 4.074590307579214254e+00
1.424885903142138366e+00 8.128740622214909450e-01 3.134984947058438109e+00
1.703335764917427442e+00 8.642236778370924188e-01 2.620731464179327119e+00
1.849119382368928255e+00 7.081421066742712433e-01 2.848051605983462409e+00
9.927809462737184898e-01 8.332734942695511071e-01 2.341384985314789446e+00
1.388734388467459002e+00 9.140247990930259192e-01 2.435695872282561236e+00
1.356629851895398531e+00 9.110897720977139125e-01 2.311284730190949155e+00
2.033725874643230291e+00 1.279893497508458600e+00 1.819651785817375966e+00
1.680050581681419075e+00 9.410478513710042181e-01 2.157455309486449480e+00
1.280041097963443786e+00 7.057311022538641510e-01 2.694031669366780957e+00
1.343385954929187998e+00 1.078638436121152733e+00 2.217858530796333216e+00
1.584018038508056003e+00 8.796193650588528534e-01 2.481481135463040832e+00
2.078725902512025936e+00 1.098790593185922315e+00 2.194845966361240297e+00
1.710634201126327136e+00 1.162404407318555988e+00 2.176964636984668022e+00
1.422318776187080802e+00 1.005199730581788575e+00 2.063771096424449336e+00
1.557901925012141087e+00 7.746156268524269084e-01 2.145670989735598333e+00
1.776921550751862755e+00 1.169206159452519378e+00 2.158527100224509443e+00
1.532106903765023675e+00 1.392766127460788539e+00 2.005259964770263803e+00
1.151954433920830301e+00 1.261620718738495572e+00 2.059055916521872032e+00
1.072324064647213193e+00 1.275033033405381433e+00 1.451968428726381655e+00
6.797747370927199606e-01 1.453166158931634699e+00 1.275918902299069790e+00
9.692324476432578884e-01 1.402018220341963772e+00 2.007813762499397026e+00
1.162141648197474231e+00 1.103312544998535261e+00 1.908515647127367654e+00
1.069400050732514984e+00 7.815041109502947059e-01 1.225255024276891591e+00
1.171035980807904053e+00 6.864624185740827444e-01 2.073419364331262393e+00
8.540855397045624686e-01 5.659210948664858964e-01 2.280246690958974476e+00
1.463550858236442265e+00 4.696866361892974018e-01 2.103407315168200675e+00
1.825837510172287237e+00 1.016147830637594396e+00 2.356455480624659149e+00
1.938988383669844717e+00 9.336222962415526849e-01 2.705539016641603123e+00
1.419928643220401687e+00 1.127142975446905560e+00 2.361814376584644659e+00
1.207423836011051854e+00 9.158954487373153208e-01 2.408041924240733156e+00
5.806904296508008656e-01 1.115501940759985988e+00 1.952627842415169734e+00
1.241773285263391147e+00 9.398445680460807417e-01 2.346029518476906439e+00
1.108389331429603830e+00 9.205482755600795652e-01 2.462489669363197908e+00
1.197952649005745718e+00 1.056055836349378607e+00 2.927546486233028489e+00
1.187947363255482225e+00 8.361999445529062491e-01 2.995040679398299321e+00
9.754098917643958533e-01 5.956935653446041590e-01 2.862239723189718088e+00
1.387390090607552695e+00 4.568306173712646800e-01 2.926654061915810345e+00
1.126712546565503903e+00 5.550804559018230888e-01 3.276890550865965146e+00
8.500265267089679444e-01 7.833834566515690545e-01 3.361804221827833228e+00
1.012387286503486639e+00 1.017135588714312311e+00 3.048653249968733547e+00
1.830809587437825181e+00 1.121236366961861464e+00 2.946471924094234751e+00
1.709496358948880523e+00 7.178470555261267094e-01 2.519890861934896531e+00
1.735557818000262209e+00 9.992370762041729026e-01 1.799361355319387901e+00
1.706508702981209158e+00 1.038113096244536626e+00 1.996901374815340136e+00
1.990750405470465667e+00 7.105050873617344553e-01 2.544350000450009919e+00
1.307358550513759932e+00 6.673490315672697681e-01 2.344135195941515537e+00
1.237258175914667246e+00 6.787066159268022592e-01 2.454622412448476343e+00
1.040587871285906685e+00 4.189692818713768308e-01 2.191465921128658234e+00
9.955976280147499358e-01 7.093693590798706428e-01 2.122122575094869124e+00
9.338202295579904888e-01 6.795349570293420793e-01 2.320742807128050256e+00
8.541136930334091160e-01 8.079325827723594644e-01 2.639355802937196849e+00
8.434684841136185218e-01 7.912462008205459751e-01 2.531542718451460505e+00
9.563919609284213807e-01 6.198994940254292096e-01 2.195329608929673437e+00
1.213250026866190989e+00 5.709394401686745946e-01 2.410954912329397182e+00
1.159215097199652655e+00 6.155170633513302736e-01 2.279644267022897353e+00
1.496091584861631629e+00 9.567401383968193729e-01 1.775173292283743098e+00
1.632876438222635951e+00 1.610690260756187930e+00 6.399269753666300131e-01
2.096969978927142986e+00 1.626561567576251255e+00 1.355301968217089925e+00
2.726222836803829708e+00 1.156456994441281694e+00 1.697882152754618845e+00
1.744374384424933311e+00 8.519175954073020529e-01 1.765096067810802083e+00
1.286014806943911015e+00 9.896612266500087740e-01 3.067199481676969874e+00
9.714803558644562465e-01 7.061895987633479699e-01 3.165082416622511996e+00
1.447102343235145527e+00 4.312513348058727436e-01 3.190891643207485195e+00
1.068271377450651816e+00 6.440856972003952130e-01 3.227442999386734179e+00
1.361445894193792583e+00 6.936334829694753568e-01 3.788726786316818362e+00
1.038161995040369989e+00 7.795757025162254328e-01 3.535392264552151165e+00
1.169581769581606201e+00 9.451065244591732029e-01 2.958180873807926048e+00
1.431032947001920963e+00 1.070256863429611682e+00 3.076777800561214526e+00
1.106417983532774763e+00 1.020618674548776639e+00 3.200826451496555425e+00
1.355167201770987262e+00 1.167122876334202308e+00 3.302562444034196076e+00
1.876746862317832942e+00 1.521736966465050855e+00 3.345169451161618568e+00
1.876640019243891011e+00 1.688939953254814830e+00 2.876373926345390686e+00
2.673112617643477407e+00 1.936679765312055324e+00 2.248229863895418568e+00
2.539861574299167035e+00 1.624768786686562327e+00 2.769273368180992456e+00
3.195779093895518397e+00 1.463221166981285348e+00 2.059734152163136489e+00
1.973701590652839455e+00 1.053888964486460633e+00 1.624934107419891971e+00
2.289656180328229151e+00 1.489187086898422496e+00 1.617365445149937520e+00
1.821169267859166663e+00 1.313439047446759878e+00 2.088109677640110462e+00
1.856274418049105757e+00 1.129274377419233533e+00 2.123144060319264614e+00
2.057201121614378625e+00 1.025381282759005419e+00 1.768813597921386149e+00
2.212302979389660695e+00 9.420975932281290266e-01 2.557685483970699725e+00
1.911269204328728710e+00 8.581322025917812457e-01 3.050137490653887173e+00
1.191665521856500876e+00 8.256061986962047738e-01 3.018048768713932795e+00
9.881962411428472093e-01 9.583069362646157163e-01 3.145939142866796434e+00
1.374780160066098489e+00 9.390302783181800894e-01 3.520389780995221596e+00
1.297292919838765490e+00 1.412111070798720558e+00 3.488459624218474886e+00
1.465364373947395604e+00 1.377143599276942076e+00 3.496439992608671332e+00
1.981378322069397235e+00 1.028060286285026104e+00 4.209837121778758018e+00
2.162953205978052296e+00 8.979841295264582302e-01 4.696807817213518810e+00
2.407218352557453755e+00 1.060047892224891708e+00 3.856762505233909177e+00
2.347375734914983525e+00 1.142230887568071340e+00 3.766820361257751326e+00
2.764078035315236104e+00 1.818394543794294993e+00 3.823872670733836188e+00
2.354132499007512092e+00 1.730818366991311752e+00 3.453376632146251790e+00
2.257994268131991777e+00 1.362759044144111531e+00 3.306271696763206869e+00
1.724986701703511871e+00 1.453740011207178995e+00 3.114321603997536325e+00
1.529660646415317293e+00 1.152231286852406278e+00 2.803997786408123805e+00
1.499371588804462085e+00 1.014699269341356347e+00 2.655310254717241580e+00
1.431068257412752676e+00 7.758086078345519665e-01 2.461847773105839909e+00
1.488364950905317619e+00 8.149295130766368578e-01 2.062070776346511369e+00
1.363888463999811451e+00 4.418768433079717228e-01 2.134756379672366755e+00
1.078273894463841698e+00 5.319449271692180403e-01 2.287157920038862091e+00
1.318052968042807693e+00 6.921129196394431027e-01 2.100225187360451606e+00
1.249419993051159805e+00 8.800881182365715150e-01 2.471207179192126180e+00
1.010863128043508308e+00 8.386749610288722900e-01 2.951531456048532842e+00
7.488971205743953918e-01 4.717080508837461772e-01 2.913279713380656943e+00
1.226658116704543611e+00 6.541733753879349633e-01 2.954250827081587705e+00
1.335476306000398239e+00 8.101083197364736810e-01 3.211988482228886443e+00
1.233261849836996049e+00 7.729023825132597114e-01 3.013205021635707137e+00
1.128861997905906911e+00 7.770720256582468455e-01 2.740386935677847191e+00
1.165826366343547971e+00 7.807185774891177710e-01 2.610475186882714738e+00
1.166449623309887107e+00 6.507628880027810370e-01 2.408364670615570802e+00
1.014270419676394752e+00 6.685659155329869430e-01 2.606140084391265432e+00
1.390919334408136976e+00 5.526883462226235277e-01 2.653533655076597331e+00
9.838466863447865585e-01 7.637415457486188552e-01 2.693193739067063497e+00
7.732220444638765455e-01 7.955162465910808889e-01 1.869322595438455359e+00
1.314741747655378212e+00 8.999714751280272207e-01 2.805416587632268755e+00
1.631144322211702580e+00 1.146467483983330427e+00 3.094139630121553797e+00
1.346954874053339468e+00 1.519590888781456428e+00 3.645938949767812520e+00
1.917407323340799774e+00 1.667012995478222015e+00 2.874516008262305355e+00
2.079121983767961979e+00 1.076462383531284539e+00 2.761033163626016140e+00
1.565431776861079927e+00 1.352910595306470176e+00 2.877276835034763725e+00
1.992810992566704131e+00 1.312898891793324641e+00 3.301845319706780746e+00
2.163471517953922341e+00 1.298602331186490710e+00 3.694341149270147895e+00
1.802797836541004228e+00 1.645223762911624199e+00 3.501020715015219054e+00
1.718893057922545431e+00 1.546501924184929599e+00 3.256782163979637712e+00
1.885226559011505598e+00 1.105056776106271288e+00 3.289862462239778740e+00
1.662090932057367576e+00 1.280112994878184640e+00 3.223898031955633403e+00
1.854023115367839258e+00 7.870547148535588233e-01 3.798377172693482962e+00
1.056792632630558115e+00 6.897603341770929264e-01 3.615063012001412002e+00
8.049332741501908917e-01 6.942156925478766283e-01 3.056002839635192370e+00
1.289391693020217611e+00 5.248822046676858699e-01 3.140771288420338259e+00
1.347538861563470469e+00 9.724195091172743721e-01 3.631277658458773150e+00
1.309855056023428554e+00 9.221472409454170016e-01 4.397681847683196921e+00
1.342940178827049635e+00 6.591201598322743438e-01 4.834150316513581735e+00
1.290444624193154644e+00 6.974760572166273098e-01 4.292804888598478641e+00
1.004781494738445691e+00 8.875239556722016587e-01 3.995028465807768381e+00
1.121197474192688226e+00 7.268962327176298199e-01 4.134043669727137882e+00
1.098996229127782609e+00 9.674865210249440350e-01 3.718122913840478994e+00
1.190917460833737396e+00 1.124468855247115817e+00 3.243378383554399225e+00
1.192896095952395097e+00 1.154231486814781604e+00 3.565811796164196856e+00
1.091501065252156177e+00 1.174233534694976822e+00 3.940630345207359220e+00
1.335029294115320342e+00 8.586626117421514159e-01 3.620444012769833630e+00
1.367086572360983743e+00 9.929237740347184316e-01 3.369869092796078824e+00
1.911955173414846554e+00 7.789540796079567064e-01 3.308570841319559364e+00
1.998008061357453569e+00 6.748426453786887658e-01 4.226998950826708068e+00
1.851215605546161269e+00 5.450940855498829229e-01 4.420971782073904066e+00
1.326221647282815219e+00 7.733368259864572547e-01 4.449189639717104683e+00
1.508653339491031753e+00 6.448529541550025446e-01 4.022558685990103911e+00
1.225263990329648056e+00 6.725453541663709567e-01 4.605706826131335418e+00
1.118567559188521576e+00 5.704462827317774432e-01 4.620245036852404397e+00
8.499920226397599254e-01 9.171045608379246872e-01 4.941052109242064283e+00
1.054707612504356851e+00 7.926381781413043282e-01 4.515284508621373760e+00
9.265885757842765580e-01 5.909521062639726541e-01 4.492590177431632803e+00
1.216188617665423743e+00 6.511457378216233272e-01 4.235988517729444958e+00
1.256260238669302032e+00 6.625614751942586755e-01 4.221150485429621568e+00
1.335806993923684960e+00 7.107833637196522281e-01 3.687107532503037799e+00
1.616974460775206790e+00 8.018542325143570570e-01 3.943876847478715586e+00
1.139065080126553386e+00 5.373194333266929634e-01 3.548858204867913813e+00
1.505694593957483507e+00 6.114545487785219002e-01 3.958936632257827437e+00
1.221614963874419590e+00 5.414797597679421592e-01 4.366850277815984782e+00
1.566235549497444479e+00 7.628486383423882522e-01 4.777998823593470945e+00
1.450441132268928790e+00 9.430473635739873295e-01 5.248181282509480461e+00
1.475880780049626972e+00 9.709424572700161571e-01 4.933892412566082797e+00
8.572223172591325602e-01 5.089175187267453992e-01 5.023940288438366153e+00
1.094341072388659297e+00 6.982545909827282404e-01 5.659730770323007754e+00
8.493915131128281226e-01 8.620182664709460374e-01 5.515195502472834299e+00
9.708616275184701605e-01 7.105521056129857627e-01 5.784735017221217745e+00
1.245991412297011935e+00 9.145647255852530355e-01 5.373460390020295740e+00
1.368536723693039692e+00 7.803266113177906860e-01 5.441798955399272941e+00
1.248878220443861320e+00 5.378234054799289066e-01 5.476021765146943387e+00
1.329815184155817454e+00 6.280233382288263888e-01 5.034509610677208258e+00
1.295335221929722502e+00 4.697794539614382203e-01 4.476365686313594772e+00
1.267183199017871464e+00 4.394330657316126154e-01 3.961483540255811953e+00
1.439296723362626151e+00 6.637191978481228327e-01 4.499074222739745998e+00
1.386316533062429190e+00 6.523825437209089806e-01 3.777921549806348089e+00
1.136254538170980544e+00 7.127383848155087742e-01 3.416947921411815692e+00
1.209185893083380758e+00 7.989428280195252086e-01 3.338880217422666163e+00
9.484441170001427501e-01 5.799095871698700666e-01 3.604046554129661573e+00
8.704493929395775709e-01 6.155146953334007520e-01 4.563659799008574325e+00
9.771517969906492462e-01 4.325787997315112543e-01 4.577258794601673841e+00
1.112924324038566226e+00 5.119029587276952009e-01 4.140396674558116885e+00
9.591697450148513049e-01 5.270923878228496173e-01 3.470995141300247777e+00
9.935759413156466380e-01 5.421313327716366093e-01 3.995945722672885836e+00
8.345040071832270367e-01 5.472253298754793382e-01 4.109994580517642326e+00
8.948831884761605515e-01 4.931080094928371182e-01 3.754265044994669509e+00
1.162228455920405468e+00 7.411243690523408034e-01 3.173772728681210964e+00
1.315637538673287699e+00 9.046172017098489393e-01 3.094576545385657962e+00
9.691216578069923315e-01 1.467424537288481323e+00 2.851516551731159588e+00
1.194082462077187268e+00 1.307062508887733232e+00 2.359628900817795305e+00
1.542696958747124647e+00 8.832806991705461908e-01 2.412089380912309178e+00
1.303264139076319106e+00 7.099241062763504972e-01 2.984199665449590366e+00
1.107891978176624770e+00 5.856684513862523422e-01 2.978458291470928110e+00
1.622373799978428011e+00 5.316418720755926586e-01 3.236174884372927441e+00
1.570226896593541088e+00 1.371712569543921845e+00 2.673808994878682288e+00
1.638813151358188502e+00 1.384287045012086770e+00 3.030269043012590036e+00
2.299673795418637479e+00 1.496167348849990475e+00 3.108094737208276115e+00
2.095168931482756403e+00 1.396004349051643167e+00 2.842169784774700503e+00
1.666118673606590939e+00 1.057251686962951132e+00 2.969546291243593039e+00
2.078729848342135256e+00 9.457028747556516235e-01 2.234258187841416721e+00
1.793121147949590544e+00 1.133630332089815340e+00 2.285979194615509691e+00
1.835159196010391014e+00 1.238287036358843185e+00 2.751095118056166022e+00
1.715036778285102592e+00 9.004352465321622256e-01 3.465592654669968020e+00
1.814282771128853611e+00 6.637435890368097446e-01 3.749073229907876836e+00
1.927160154426236449e+00 5.530860222774127699e-01 3.435991206848333590e+00
2.205123565884316683e+00 8.955174354653910873e-01 3.173094311174917248e+00
2.349524552131320387e+00 7.420580626024803061e-01 3.196841605574434642e+00
2.063588645910897412e+00 6.331953870027394737e-01 3.318025109157501706e+00
1.930265205729415623e+00 7.936563168513827149e-01 2.869732394834285216e+00
1.122635552646160217e+00 6.246903679400463982e-01 2.569362418628247546e+00
9.173284437913487022e-01 6.376320937896600149e-01 1.906543634273401233e+00
1.276049443671028349e+00 5.775625241995734349e-01 1.313237535514283572e+00
1.027010278809533661e+00 8.605677426152904541e-01 2.189830989562177699e+00
9.746949029072565773e-01 6.895624890046672117e-01 2.392419175342993753e+00
1.297664521873564292e+00 8.141119288082876437e-01 2.832613651905058649e+00
1.835364895230244597e+00 5.564809983363089296e-01 3.466079027630696974e+00
1.484825467236373431e+00 8.133147687087083355e-01 2.899571755739227541e+00
1.100061225603305548e+00 6.072186770918048815e-01 3.270825299295445188e+00
9.609304418098338907e-01 1.072880108639300500e+00 2.755563324432412919e+00
1.310497657774075009e+00 8.771881589013357239e-01 2.766400118980685718e+00
1.204551069266592611e+00 9.215978278053684747e-01 2.245793540187212223e+00
1.147060474571310218e+00 1.252454745599364205e+00 2.373651319480301058e+00
1.225777320657006175e+00 8.241646369931359128e-01 1.933734155137526889e+00
1.537644398455439543e+00 1.007028955497484057e+00 2.381864163053546868e+00
2.089992797606072372e+00 1.035697582976154107e+00 2.585874496263072864e+00
2.299942070725844445e+00 6.994523955049560815e-01 2.853463585540314984e+00
1.767731593273713209e+00 8.226544380060544226e-01 2.822033506629924915e+00
1.981501727654586320e+00 8.097898490445120112e-01 2.477830307832790346e+00
1.843278115821240348e+00 1.174377077060002827e+00 2.513575953792904105e+00
2.299384186612513759e+00 9.510662975288640686e-01 2.603400381333665692e+00
1.900549659795114144e+00 1.348555359568287759e+00 2.235418939807917393e+00
2.076555993384630483e+00 1.284497099848744384e+00 2.213256805765231316e+00
2.172977483474027860e+00 1.725237524794281274e+00 2.415170859617571164e+00
1.847805122704761160e+00 1.495970575308467332e+00 2.826056544263838788e+00
1.994034303787686646e+00 1.271826358665793855e+00 3.055099455007727283e+00
1.410842929023180092e+00 9.934334279691162672e-01 3.668052444069056950e+00
1.243512370674344503e+00 6.651824623726169117e-01 3.740696388796578731e+00
1.018455897234197494e+00 5.922767920051476009e-01 3.817696301263025394e+00
1.291482438500177521e+00 6.372165514076502113e-01 3.790509081340324382e+00
1.405168368396410239e+00 5.366090686381975727e-01 4.082847923017494551e+00
1.199896827145066514e+00 6.727845234155708232e-01 3.466760047575853765e+00
1.785402609227085824e+00 6.474108451811160236e-01 3.303132885168400534e+00
1.207671750353900508e+00 6.805850635429628870e-01 4.006851359118352995e+00
1.064990548793554925e+00 5.604184708788790825e-01 3.823258666409189210e+00
1.025919755320663596e+00 5.673745700527597080e-01 3.221728962911597272e+00
9.338542922790195044e-01 6.419167797532835396e-01 3.336582753470647145e+00
1.138915480870790642e+00 9.265566962407348894e-01 2.720207717637221911e+00
1.235637545968932383e+00 7.455259710564302589e-01 3.029229450658297296e+00
9.763613374288911961e-01 9.527372230443494905e-01 2.484694772096887938e+00
8.663111214277450234e-01 9.054964311900047802e-01 2.702441903472451834e+00
1.110567683867933253e+00 9.774343071539541850e-01 2.782953680542210595e+00
1.073101204888290416e+00 9.437673437370256435e-01 2.589953553923572738e+00
1.707789666632770542e+00 1.033684481269717015e+00 2.565180629236694099e+00
1.687600096050385412e+00 1.182869105070292415e+00 1.933177488776666175e+00
1.755500419176900806e+00 9.510755683979874586e-01 1.901441077973011318e+00
1.671385449882154761e+00 9.124085806671738963e-01 1.431920475641916601e+00
1.539223370746285680e+00 8.435078804304194655e-01 1.770532991766853304e+00
2.137836736483856193e+00 8.161520758122324803e-01 1.567978080101371852e+00
2.086899675240601493e+00 9.297794103235440533e-01 1.589086604777767864e+00
1.909824047835284588e+00 1.297660282973005508e+00 2.214901138197120201e+00
1.153539322965107639e+00 1.165038852603560215e+00 3.134942414824493540e+00
1.820691410856403625e+00 1.334022991422961102e+00 3.092830392262408079e+00
1.638171031368681252e+00 1.358975205999045643e+00 3.063353282964142554e+00
2.092756725046232891e+00 1.153772527780460910e+00 3.507489239277050252e+00
2.197657596441567218e+00 1.077361151820360519e+00 3.467895496871668204e+00
1.836325830878167809e+00 8.832973410889216614e-01 3.363704855773022917e+00
1.983401044108766387e+00 9.969468379768324784e-01 2.779286256225127261e+00
1.385904388855105029e+00 6.230662847199391896e-01 2.642102104576019794e+00
1.232596479663564670e+00 9.222664620892448983e-01 3.030902752306734893e+00
1.208658312749701924e+00 6.409763016815586134e-01 2.717501323128749480e+00
1.033236052509376224e+00 7.162597708665754404e-01 2.704024722831555927e+00
1.275404132243142197e+00 6.530522111725007850e-01 1.770430609918549392e+00
1.236401236750231059e+00 6.699966944011888081e-01 1.738567223052057908e+00
1.160417299058971397e+00 5.864364793190360858e-01 1.730716084011087341e+00
8.566360071868345250e-01 6.001785854156259647e-01 1.642954131397372342e+00
1.161015162292756031e+00 5.373434266987381358e-01 1.588165253320972470e+00
1.477918500365688281e+00 8.331100866983234265e-01 1.950371742743197467e+00
1.051387462882349411e+00 7.638596487277299341e-01 1.959475193097826251e+00
1.215519423443443436e+00 8.256261544096423766e-01 1.589647338233129759e+00
1.284625993308962988e+00 6.398712158522081861e-01 1.802075712017608078e+00
1.141964989571245370e+00 9.725719411696531758e-01 2.165834270845557796e+00
8.925720814724282803e-01 6.099128416344128389e-01 2.157848642419534002e+00
1.101100000976786841e+00 7.202145403367276044e-01 2.593682132812189067e+00
1.244293040041598131e+00 4.640102225574520012e-01 2.818339582097550533e+00
1.321317346695837003e+00 4.777902356256724103e-01 2.957431972153722999e+00
1.209621509428873587e+00 4.277486526251962351e-01 2.428188110431596325e+00
1.417372556417674456e+00 7.143621542157960747e-01 2.553424658131221214e+00
1.282610263884482071e+00 6.400390151646634385e-01 2.430954733611233820e+00
1.090710430275120046e+00 6.124613582962938896e-01 2.473722338914440932e+00
1.011120945332796506e+00 5.920429306737045039e-01 3.242236062058469148e+00
1.033081021701510949e+00 4.375856634626640873e-01 2.147530021451374616e+00
1.384307502435131010e+00 6.713735301992743709e-01 2.416824210771462589e+00
1.631333656122255338e+00 4.561604057386904332e-01 2.183216784147020917e+00
1.477336120350604132e+00 6.338329839391759757e-01 2.561569765983205293e+00
1.032626312971798299e+00 7.043347869613034717e-01 2.180269536733744573e+00
1.300176652399411159e+00 9.313054003629224198e-01 2.491992731905963154e+00
1.472572753891971731e+00 8.492962736998582729e-01 2.232047519716719108e+00
1.506855354914903744e+00 9.685126465868796330e-01 2.385428806209961561e+00
1.140107936618752760e+00 9.263072925958841797e-01 2.221932283045412682e+00
1.300252639086276529e+00 9.022334028776644033e-01 1.634519241212143204e+00
9.397775623111442878e-01 8.761504470715878456e-01 1.721375395641574046e+00
9.402855710377929777e-01 8.001389557831917188e-01 2.134684286554019650e+00
1.291934377581378746e+00 7.275053422264933234e-01 2.225210555703561077e+00
1.611006150408566651e+00 7.935715827261703437e-01 2.037038451186113264e+00
1.695479154084633233e+00 1.165030611983009168e+00 1.786778884533967382e+00
1.427032921207790128e+00 1.433249566826482635e+00 1.844618458496098734e+00
1.087140881710926044e+00 1.639058617000386242e+00 2.170489266688845120e+00
1.392359018937981308e+00 1.102841050613176499e+00 2.610535305952706775e+00
1.607350059899616213e+00 1.005221028386132032e+00 2.148237746527326131e+00
1.275202363395842697e+00 1.239918598411510864e+00 2.252966487861746359e+00
1.192023870077917769e+00 1.217514805620482088e+00 1.969097829757830098e+00
1.225612547065276337e+00 9.659323282945876388e-01 2.262764667570126509e+00
1.592543442133294906e+00 7.222785573499196365e-01 2.334451681544029711e+00
1.647860408841822943e+00 5.627624525525364296e-01 2.632403823769610351e+00
2.082603541437343164e+00 6.847642700331553200e-01 2.924326793079581766e+00
1.715307641221613943e+00 7.024957692094341288e-01 2.959958703885258391e+00
1.485905825899329180e+00 4.997979943577268713e-01 3.064694483362094601e+00
1.318358897292317033e+00 6.010921456773211657e-01 3.181003497852684880e+00
1.492490088772293166e+00 8.114564826796747399e-01 3.271877596576983738e+00
1.371557425380626638e+00 7.682788654242336257e-01 3.523382351785639077e+00
1.214858128978247853e+00 6.729466409186238840e-01 3.364486337924351478e+00
1.033563552380943218e+00 5.044901202989499067e-01 4.019440479149961831e+00
1.243441800683804610e+00 7.231578207631275124e-01 4.348926895775272250e+00
1.228402460565161336e+00 1.125396746333875875e+00 4.185267899199611286e+00
1.217708094371831917e+00 7.256359530738812902e-01 4.225303989815846428e+00
8.868895620903842758e-01 6.773677777041271497e-01 4.534468096459991493e+00
1.033805782781573646e+00 8.113570318701729400e-01 3.631223400394626211e+00
1.004200545293299829e+00 8.545756248182104775e-01 3.236841909188550748e+00
1.129179792145287076e+00 6.618933366616241987e-01 2.376178214697990843e+00
1.233809002119793385e+00 5.459398810032188853e-01 2.102637545689077125e+00
1.338651081313509517e+00 4.830646691116339819e-01 3.690526415187710185e+00
1.496749350010449398e+00 6.309943071056510755e-01 3.335101830289588509e+00
9.759237859272309468e-01 5.028192404709429519e-01 3.625565825571625655e+00
1.278683974737389706e+00 5.732433917211020580e-01 2.784966634661427243e+00
1.120801558862055236e+00 4.750546468449750037e-01 3.041704878692551794e+00
9.360476735499209111e-01 5.959474349156171913e-01 2.578842219696210858e+00
8.966628885236394009e-01 6.372436324564325627e-01 2.929711523169604259e+00
1.175755805277221011e+00 7.788248068731592477e-01 3.845281237717640632e+00
7.859399881244331088e-01 6.010884194598153929e-01 3.570820387951106234e+00
9.960156810613197687e-01 4.403528991638439027e-01 4.354633514658599047e+00
9.136055644661980057e-01 5.882583326102389654e-01 4.282206995228372115e+00
9.684928508832110206e-01 5.302185490086380737e-01 4.306562130425142243e+00
9.619645572757223873e-01 4.188488023341175870e-01 4.080916925360530634e+00
1.470895712446752102e+00 4.336459493456956693e-01 3.130764813168626315e+00
9.887862525982270556e-01 6.754514028336576770e-01 2.980763923465850507e+00
1.122406794200619284e+00 6.371060552193088533e-01 3.084350369423433769e+00
9.476240776228008755e-01 5.048962345399128360e-01 2.899521069386326921e+00
8.770354244076495887e-01 4.201906280670033578e-01 2.501708489577896710e+00
1.070700117677057639e+00 5.589651240119661857e-01 3.176353569828705758e+00
1.102162211433494576e+00 7.288795532167307023e-01 3.883843303122968216e+00
8.360920808131317994e-01 5.981711885532169370e-01 3.244448179378407904e+00
1.160533239635753278e+00 6.299555372641458817e-01 3.041371235066322676e+00
1.379658910598590804e+00 8.621484750399919239e-01 3.520522881073774535e+00
1.517696820806931024e+00 6.068094121342317848e-01 3.231205515751421675e+00
1.893402758191338187e+00 9.791062108134499509e-01 3.510760281086845236e+00
1.518610611744036554e+00 1.031819794380806954e+00 3.492927914836450043e+00
1.384169793497202372e+00 8.324965646356056181e-01 2.824061395546998199e+00
1.575451707977448601e+00 1.075851173715862474e+00 2.419517194838730845e+00
1.671408893775099713e+00 1.535481516302487082e+00 2.560600451862564242e+00
1.577251190880716303e+00 1.117903678679981194e+00 2.604508323037082018e+00
1.734543770118930572e+00 1.150393481566484466e+00 2.604616109308515171e+00
1.573872832172416025e+00 1.015608572347406868e+00 2.701784217110262176e+00
1.923295835691366085e+00 1.026148673928724886e+00 2.405873861260879654e+00
1.523551524627043907e+00 1.214845833460979074e+00 2.739819692915643756e+00
1.339631447874566783e+00 1.192970834859524265e+00 2.531263622953285886e+00
9.398918978008874436e-01 1.317047462380273259e+00 2.687317666850864484e+00
9.421661086306550859e-01 1.404600907322470782e+00 2.509363999388215749e+00
1.327582568669505969e+00 1.101057133962379586e+00 2.572642534165058947e+00
1.027933294061086578e+00 7.999875696501193012e-01 2.921520145118719824e+00
7.907222062180339073e-01 6.219339899927366355e-01 2.683258345678103840e+00
1.045465985108220641e+00 6.893994365898413745e-01 2.564991180421417383e+00
1.071995468051264444e+00 6.882193275086200268e-01 2.198680508002261114e+00
8.051033409836518828e-01 5.795669792544038135e-01 2.008369870283299718e+00
1.087022743362375810e+00 8.128451238747792518e-01 1.710482990911577961e+00
1.463539330188736942e+00 1.070646928064296510e+00 1.809023629511468778e+00
7.885557399507565624e-01 1.093627145671229872e+00 1.706745835801959377e+00
9.476101670725123327e-01 7.960683973051619899e-01 1.861837355158891594e+00
7.565488293938908981e-01 6.561659004557719443e-01 2.250272403663412302e+00
1.116394160976353911e+00 9.297376853578366296e-01 2.521169293022222035e+00
1.399346038182516017e+00 1.330474791064143902e+00 2.493422676774575741e+00
1.384959164835064094e+00 1.526211110369281920e+00 1.984746973277375481e+00
1.020129370939286906e+00 1.464258514332170469e+00 2.275447329202473501e+00
1.368423963897435813e+00 1.344421420784726484e+00 2.654678964825833543e+00
1.407572142113125091e+00 1.055845400787099875e+00 2.444289333216949966e+00
1.328265174948225713e+00 9.377109577042249677e-01 3.210181234685693941e+00
7.199698621646521968e-01 1.068644869046350587e+00 3.125859898329258257e+00
9.292790678261935167e-01 8.602454005792746772e-01 2.436979315635755317e+00
9.292790678261935167e-01 8.602454005792746772e-01 2.436979315635755317e+00
1.295388899376924918e+00 6.744111074169649722e-01 2.571886185335261032e+00
6.633526078435391105e-01 4.086367098059926484e-01 2.396669463059386107e+00
9.665324207628145370e-01 6.431420043393024644e-01 1.726083942325566278e+00
7.623338360454046114e-01 5.294794704851785161e-01 2.190132926384635859e+00
1.044601337465524082e+00 4.365725755807110531e-01 1.814236796678494468e+00
1.058582320701019652e+00 6.889844351531995148e-01 2.435208632777362769e+00
1.079115761213561342e+00 8.085485419655965567e-01 2.919930070715262005e+00
1.270268509511833122e+00 9.168011725583907756e-01 2.868273333303675177e+00
1.706469072056196357e+00 1.468727021214748296e+00 2.124923096290949331e+00
1.584428042460103381e+00 1.085431858054879850e+00 1.706020102885464462e+00
1.047739905811758243e+00 9.881264180172678602e-01 1.623046024270770937e+00
1.391783642341816174e+00 7.298478553975987770e-01 1.325256064919553500e+00
1.072456702250322191e+00 7.297108317618169471e-01 1.981845881750281979e+00
9.540412663638275781e-01 1.036770744043367998e+00 2.323440272014576369e+00
1.097597991926355654e+00 1.142113073257374545e+00 1.754115729247949229e+00
1.113671077224381190e+00 6.437436137651809664e-01 1.675027897269945054e+00
1.254376036029620334e+00 8.709540989795787613e-01 2.103497666930584042e+00
1.313210868535094944e+00 5.481114076937803059e-01 2.253339044163674920e+00
1.111246913493371791e+00 6.766675116374455401e-01 2.274306376892551995e+00
1.111246913493371791e+00 6.766675116374455401e-01 2.274306376892551995e+00
1.068852768402933862e+00 8.730477243400962539e-01 2.384165793907648379e+00
1.713598849329606599e+00 9.923235298946521121e-01 1.416010423483203828e+00
1.709885596908158112e+00 1.138961492273283138e+00 2.179061286608859227e+00
2.028731855496822334e+00 8.976204827630570593e-01 2.544809659201676233e+00
1.909575703874932806e+00 9.460779040574307519e-01 2.913056514892858662e+00
1.552919771435131935e+00 5.567547575676664584e-01 3.090443910310744613e+00
1.593346604345894812e+00 5.550724356217224820e-01 3.071080258404927488e+00
1.217914390311517270e+00 5.635926192149603997e-01 3.580510010364529982e+00
9.429649322741330275e-01 9.286941930371885867e-01 3.370353068160264254e+00
1.692391556031074717e+00 9.085837876281840364e-01 2.675010644879791677e+00
1.732921129115036374e+00 1.289930815616504800e+00 2.677198821743080881e+00
1.475217057292912415e+00 1.257910127903448583e+00 2.716117575316654875e+00
1.809939420932317633e+00 8.243451242317738625e-01 1.965744717043962808e+00
1.707749152280683358e+00 7.586749765458272732e-01 2.149935629579625029e+00
1.419383572703061036e+00 1.028576205588202175e+00 1.576569525624710089e+00
1.002175222333807625e+00 1.016689485893773393e+00 2.259408463052122951e+00
1.044583474896771280e+00 7.760067820638036906e-01 1.683174666058851576e+00
7.704426826317183341e-01 1.139493891211047050e+00 2.003618491119451228e+00
1.054757918176855380e+00 9.005368522073337045e-01 1.396874778094515657e+00
9.983797809072412210e-01 7.731900828428912575e-01 1.536708447998224925e+00
1.155649717769993368e+00 8.657300036324058201e-01 1.504010180294811594e+00
1.633991402800097248e+00 4.953201496499514134e-01 1.645381889021586330e+00
1.222134142733596551e+00 7.706435516795230312e-01 1.330470293127291370e+00
9.508873427367929843e-01 5.716794616423603870e-01 1.505539166750486046e+00
1.023363771336810446e+00 5.537323137899745618e-01 2.336960192364029965e+00
1.074481820204931326e+00 3.837086885017907956e-01 2.076010162530173453e+00
1.006204258529918683e+00 4.831278365312644540e-01 2.261445615571363810e+00
8.185790117704538904e-01 5.160507920870223142e-01 2.528882233660303847e+00
8.585419395182788405e-01 6.371331025990066843e-01 2.517768777983993012e+00
1.011621489393524698e+00 7.073271077803127138e-01 2.661039175707157867e+00
6.325243766711690085e-01 4.923306261526019800e-01 3.443003508555973813e+00
1.212295949660301408e+00 4.992271989339612248e-01 3.182790466907898796e+00
1.823313223282664541e+00 7.820346139975012933e-01 3.033728073937196790e+00
1.231403931450846034e+00 1.125618128738780088e+00 3.323497858323667842e+00
9.605561567710245718e-01 8.903196082353790342e-01 2.421970331048272751e+00
1.467336958160660565e+00 8.561850436873226222e-01 2.061418197630694227e+00
1.316807670822323972e+00 5.882351285686243658e-01 1.731061024196317799e+00
6.307273818130734178e-01 8.017757623297836478e-01 2.065159258595823388e+00
1.144788882834202104e+00 7.620983278608015610e-01 2.427437733436326184e+00
9.394268863097516853e-01 6.754027670534735739e-01 2.163706695029339322e+00
8.227479101421520946e-01 5.847547447577680080e-01 2.719441329583623279e+00
7.048097521931033782e-01 5.704024397595324203e-01 2.396392490051897362e+00
1.066576445745189838e+00 4.743787737460272713e-01 2.660474257043778046e+00
1.763528744711186924e+00 5.118107239242457585e-01 2.322381666227470554e+00
1.818109117267336927e+00 5.853954527085205584e-01 2.368763338733357759e+00
1.906859406658659051e+00 5.712218599558746002e-01 2.598774217102315376e+00
1.671895171238530375e+00 5.849270130270990409e-01 2.588524997422211094e+00
1.418536914930673243e+00 7.025276165126512762e-01 2.649486617040372138e+00
1.021659877648549708e+00 6.176106936069215569e-01 2.635389332272545904e+00
1.020986762769390488e+00 8.001764820480445906e-01 2.719793717888228546e+00
6.670874869237072291e-01 7.778510622306611388e-01 2.842396420077001107e+00
7.473939111837980542e-01 6.587617343192968544e-01 3.204174021481895451e+00
8.078300087572771737e-01 1.126403671117665040e+00 2.884656075760037464e+00
8.079118503304429932e-01 9.332591332382420557e-01 2.899526880638236381e+00
1.230801347666478529e+00 9.074796977692142219e-01 3.644867843040552557e+00
1.121225990387357818e+00 6.667340799243063332e-01 3.971266761958799130e+00
1.019280631777864210e+00 5.912672381047719972e-01 3.771051088036215582e+00
1.312507075266215351e+00 9.931249745068747581e-01 3.184388245259469397e+00
1.763300378430050275e+00 9.809963988144213554e-01 3.610037493752079829e+00
1.368219796045430092e+00 9.452837554038324708e-01 3.516273953786078987e+00
9.470771560419199986e-01 6.532483844752400293e-01 2.903221353590126341e+00
9.345767722092553909e-01 3.745590686551841797e-01 2.814228922975480440e+00
7.094386694732136567e-01 5.328217620165818236e-01 2.326608373897675719e+00
1.054808967810267895e+00 5.872021192402984147e-01 2.233881801975306836e+00
1.144954017305249927e+00 7.743839163034116346e-01 2.923827358906307960e+00
1.132267811556426196e+00 6.349292359412483933e-01 2.492544276271847270e+00
1.473739534962137832e+00 5.268993975216127446e-01 2.614989904148097732e+00
1.670818764431094117e+00 7.436674412715679194e-01 3.129692435279867624e+00
1.311834019373975924e+00 1.328974867139961491e+00 3.226638625288152262e+00
1.267366766925562160e+00 1.117242974115682630e+00 3.147907909866730858e+00
1.378785370797497301e+00 7.455901610126055568e-01 2.721931261533427904e+00
1.325470767845118525e+00 9.450382115928774862e-01 3.264555253321919537e+00
1.397187543661702280e+00 9.135218070686900171e-01 2.948540673843532023e+00
1.653495127128180364e+00 1.084158933127098434e+00 3.035394818129958150e+00
1.388148662326176064e+00 1.373632944828581115e+00 2.585267809196657662e+00
1.185532578464804310e+00 1.433747060098921056e+00 2.712401096444399418e+00
1.481691318738060481e+00 1.108432184602924586e+00 2.912177872657792932e+00
1.469922925085458854e+00 1.187151461417635723e+00 2.643354233236815176e+00
1.537593151825600968e+00 1.317294700691606923e+00 2.848457267752857902e+00
1.966652077786906760e+00 7.403100835557339110e-01 2.620043882255084000e+00
1.646142550570530272e+00 9.631096990704343108e-01 2.540986811801505318e+00
1.593931010994907860e+00 1.154863027467372572e+00 2.695710229520169587e+00
1.902631603876213440e+00 1.320753832112753878e+00 2.681869654843867856e+00
2.436666235790472701e+00 1.448748186774125646e+00 2.829077097676330421e+00
2.418161240197376216e+00 9.548352699949607114e-01 3.216787974495479041e+00
2.582780546621419759e+00 9.671669557513250526e-01 2.668699506690272116e+00
2.132305641969447496e+00 9.825285363933791150e-01 3.211528974555721394e+00
2.455486740060484951e+00 9.767037791970818450e-01 3.436201004418830696e+00
2.494383507457988092e+00 1.061062479022056193e+00 3.079587181098151216e+00
2.150261391481484985e+00 1.068339480744945336e+00 2.727525693566896781e+00
2.068225031996358876e+00 1.268205968206936873e+00 2.638896467490779774e+00
1.814711813528594675e+00 1.124682627519252742e+00 3.014574305164146928e+00
1.016798693567739997e+00 8.414491537168347080e-01 3.010615884086896177e+00
1.383104930836718482e+00 8.465956192418641058e-01 3.069514890938181306e+00
1.171709228407406655e+00 1.000086464710480794e+00 2.464647986374907784e+00
1.158429858433319914e+00 8.912866866781112840e-01 2.012198073791533925e+00
1.057008059304344938e+00 9.925920573262241309e-01 2.478441069923331685e+00
1.862175660311025771e+00 6.423950255369824669e-01 2.328693045984227883e+00
1.561807312589921670e+00 8.043088149089758776e-01 3.292704075674088848e+00
1.030444461081471141e+00 5.935315004837774522e-01 3.251055288837400692e+00
9.498798927243917722e-01 9.392438399102412960e-01 3.064718421176125140e+00
8.762743534584870320e-01 9.556925888266512015e-01 3.291055788458883136e+00
1.042106544898319997e+00 6.038831297909803553e-01 2.956564775344902252e+00
7.862753269861133543e-01 6.877876243191928252e-01 3.044790532274614492e+00
1.065049312065789788e+00 6.332834009235278616e-01 2.859560527571349819e+00
8.470651411047294133e-01 7.807490212313709099e-01 3.135953647619146523e+00
9.345172188594587093e-01 1.128553925744400388e+00 2.753076414481560263e+00
1.308557749645304247e+00 1.520473213321769324e+00 2.494395152970486418e+00
1.782706785808673811e+00 1.574471576170791032e+00 1.948971184160462888e+00
1.832503129296864763e+00 1.742546918677436052e+00 2.128741002558019790e+00
2.253345273424059325e+00 1.574804029127983229e+00 2.172082316102808885e+00
1.384248965326381642e+00 1.323293518246915657e+00 1.858261719639504372e+00
1.374446494473738456e+00 8.849050172265334746e-01 2.123965438920798032e+00
1.540362182932879520e+00 6.707569696703735707e-01 2.188053057162083093e+00
1.927676210928406464e+00 7.036350910325049890e-01 2.608116947758963189e+00
1.829552702598388425e+00 1.082649800174472210e+00 2.275945133866868364e+00
2.113818722802621508e+00 1.350779905447260010e+00 2.480191480382429869e+00
2.116258981900952740e+00 1.485453269012119160e+00 1.925607354647162817e+00
2.247595362892949922e+00 1.057459763317011525e+00 2.427388073535512891e+00
2.503236708020362133e+00 1.005688193152282972e+00 2.036079648206137183e+00
2.201301630220265260e+00 7.382540898241023442e-01 1.603451500608759073e+00
1.632843511241282020e+00 8.267020012001812246e-01 1.815744918789709894e+00
1.853989222037095042e+00 1.122376393119814297e+00 2.133923061758849826e+00
2.339355003392318277e+00 1.065559885008535490e+00 1.979137234891569452e+00
2.459610916441247408e+00 1.103156694713704811e+00 2.419107689213705559e+00
2.192219240462247143e+00 8.645904750804496164e-01 2.722607781479652100e+00
2.120219891302003390e+00 9.952831966467879932e-01 2.603400136764190798e+00
1.945453627243555417e+00 1.100650442050723044e+00 2.424948258188559969e+00
1.169100208229309601e+00 9.797267778872230659e-01 2.549967165486767051e+00
1.019821189572952980e+00 1.085726934481206607e+00 2.448363489709685314e+00
1.050642739731700415e+00 1.120645678149650104e+00 2.901778906925288393e+00
1.049857354679985644e+00 5.221885457117456664e-01 2.394082263765593410e+00
1.309617321513492305e+00 6.813549436966586104e-01 2.000742243478809801e+00
1.009885757889100066e+00 7.650533808808239744e-01 2.174124492619635252e+00
9.681365593567143879e-01 1.062252773754597701e+00 1.839829622596881320e+00
7.614710654988843253e-01 1.398916105146811084e+00 1.432605262971565985e+00
1.270740149806727670e+00 8.832837189087880958e-01 1.575548329442558515e+00
1.224193032889915100e+00 1.029726455749824465e+00 1.820399466828992230e+00
1.588168122623360601e+00 1.034403610742171464e+00 2.119716892234666528e+00
1.001491886399542786e+00 8.063256957582569662e-01 2.000771177611937457e+00
1.146826258163204493e+00 8.158837919492967217e-01 1.997140671271500745e+00
1.720107351639257098e+00 7.178385145216735763e-01 2.364749137841628546e+00
1.246102988792238353e+00 5.596000621407143383e-01 2.162009275126140384e+00
9.417403094895361315e-01 6.154782494565153028e-01 2.651291370924761193e+00
9.576993796577294438e-01 4.157833955989694297e-01 3.161536234254355815e+00
1.240252254611198035e+00 4.119428092130901775e-01 3.337029038662982394e+00
1.015232578148509868e+00 4.867144727890302391e-01 3.383830258846365791e+00
1.454726373951283236e+00 5.178625078780680902e-01 3.101856311362188645e+00
1.839793780640847976e+00 8.548313347703028198e-01 2.648520501387185089e+00
1.552065126854359933e+00 8.084148042475303164e-01 2.519977489767555756e+00
1.705691562496072899e+00 1.023746610371810917e+00 2.207824440686224854e+00
1.208601424500713950e+00 8.187574874707701511e-01 2.499624169912721960e+00
9.185808964786704722e-01 9.795337163597339636e-01 2.207163564036648484e+00
1.080833346751492341e+00 8.982080237560491343e-01 2.341131262740053565e+00
1.479564090368449270e+00 8.990808657800737347e-01 2.092133833997100290e+00
1.150349011408750677e+00 1.049926999453882237e+00 1.945771728564344327e+00
1.032828495051198558e+00 7.521755746679273935e-01 2.393291666441230703e+00
1.059499735801368914e+00 1.013074231244018186e+00 1.904108088509387064e+00
1.184559719882514628e+00 1.273448726490451710e+00 1.733584195800374594e+00
1.206163497856453048e+00 1.087387114173610447e+00 2.643784442314855543e+00
1.464193964216330190e+00 1.188086485817067883e+00 2.211470800752280752e+00
1.271450187018493772e+00 9.612691521914756843e-01 2.276371421126025751e+00
1.194626665542890764e+00 9.598888966530636502e-01 2.584788731358155456e+00
1.018161586393127038e+00 1.048842847541880285e+00 3.068220274857256236e+00
8.376106714893625238e-01 8.726467683326446512e-01 3.204169745233700350e+00
1.205799006843871535e+00 9.468887009028817969e-01 3.678324940081806105e+00
1.206935625191549954e+00 8.461019345104986433e-01 3.123527634884551318e+00
1.101087265648458047e+00 1.003840498629926969e+00 2.570262085020364573e+00
1.236277257906811533e+00 9.649794884972904274e-01 2.799542559613665826e+00
1.055651339299652713e+00 7.044690037337297817e-01 3.387271945700005116e+00
5.982667344552724531e-01 6.631820874819747136e-01 3.124916249634128285e+00
1.081637400903345148e+00 5.321332915760168536e-01 3.560330199130932627e+00
1.105335111164356565e+00 6.667222693975484171e-01 3.329018249455853340e+00
6.875391583536070161e-01 6.353772643719272084e-01 2.750631553723143607e+00
8.577282016576364132e-01 5.651756588185651298e-01 3.274821193649840367e+00
1.066354057601445859e+00 6.054484516563405361e-01 3.387812083002713859e+00
1.204669614551933110e+00 7.451903492404946538e-01 3.339809729990859122e+00
1.177731750130285748e+00 6.804601954526605656e-01 2.626366815201023996e+00
1.644643451176874605e+00 1.008937983007298200e+00 2.532355170015581081e+00
1.314870401384239607e+00 1.000324736385075575e+00 2.149700653514382775e+00
9.571772017852133718e-01 8.792212582512344277e-01 2.796425653447144555e+00
7.474195227774936834e-01 5.457335718092206633e-01 2.716916773950339259e+00
7.793393984330220237e-01 4.601017665604730800e-01 2.223593453801197661e+00
1.051506162431883107e+00 5.975531246864219659e-01 1.918690003751964301e+00
9.595441478091329968e-01 7.292041671727343966e-01 2.447161288169440674e+00
7.407986177296393970e-01 8.250004714651146820e-01 2.352417752248791238e+00
1.028746287901549206e+00 9.320811660582007940e-01 2.870032173667279363e+00
1.353622745176070508e+00 8.561121826408744084e-01 2.535897324740684411e+00
8.450846842801549297e-01 9.019498706038768798e-01 3.004218161370962648e+00
9.106391355809764221e-01 9.408694526566165894e-01 2.672425484920285310e+00
1.611991009175220313e+00 7.150865676541576788e-01 3.424236459549793388e+00
1.437736390531081154e+00 7.618151894284445058e-01 3.150691158498115207e+00
1.424848178215002870e+00 9.484525110840040796e-01 2.837919254809977865e+00
1.140648682163637462e+00 6.265823113156943069e-01 2.839006883561454142e+00
1.307681652698818198e+00 7.762998673101416669e-01 3.097234021611357413e+00
1.660645111617303105e+00 5.314124625170107974e-01 3.578932065015715036e+00
1.331210885773331576e+00 9.040455899058496003e-01 4.388678896818310804e+00
1.283763425998211805e+00 7.001308023611250153e-01 4.805789148889312301e+00
1.379242537426987214e+00 6.438704598286421055e-01 4.638508639345080731e+00
1.241550960118514402e+00 4.436711270682693886e-01 4.235737412066582053e+00
1.453231048636445477e+00 9.147877246643488780e-01 4.624036442652917245e+00
1.176309947230788744e+00 8.496525156707913640e-01 4.975845047080863282e+00
2.040056534555314993e+00 6.005388722367812626e-01 4.565856401823589650e+00
2.031369824653921352e+00 1.058905134092672284e+00 5.388059819756194635e+00
1.869970721053033413e+00 1.380389729601119830e+00 4.768492574720855970e+00
1.686654831902201890e+00 8.104549674409033955e-01 4.467590069901317129e+00
1.669202547850172413e+00 1.025634369054436723e+00 4.018312879301324081e+00
9.940297667686550653e-01 5.915800623648111989e-01 3.538546297169002930e+00
1.404046326220770080e+00 9.167861234043964691e-01 2.978089549633639699e+00
1.080480236849576281e+00 8.364338301893086136e-01 2.795552047789543693e+00
7.821868464990002767e-01 9.614738050803753877e-01 2.406551442988175804e+00
1.162281188124374864e+00 1.122264495315984600e+00 2.393667972644715647e+00
1.243783129781223851e+00 9.623662643179301535e-01 1.939194074797024658e+00
9.966975891842985158e-01 7.333115402354761780e-01 2.080647964504268366e+00
8.642069177269874336e-01 6.637033559996037280e-01 1.868392499900570769e+00
9.409302359620168588e-01 5.769910534040211258e-01 2.195243046763766692e+00
9.839406787038990077e-01 5.805470569721941088e-01 2.442072957120532628e+00
1.006114994338258128e+00 4.657865812381085657e-01 2.312845024350828727e+00
1.078158374130566921e+00 4.805424303540680731e-01 1.497933659674125728e+00
1.304268225857761143e+00 5.302015155214492292e-01 2.128785135703830989e+00
1.352627007122454428e+00 7.783553589167702125e-01 1.619107994463405698e+00
1.063203104411814204e+00 6.243480130854162091e-01 1.451814590023137175e+00
1.128286006942522679e+00 9.465534343023939146e-01 1.245372908837927062e+00
1.302663980564914503e+00 9.299265803810755626e-01 1.366443471009581856e+00
1.773005143193013833e+00 9.310927858300839244e-01 1.146275702718592582e+00
1.477940546529985966e+00 1.050099875583260234e+00 1.930812072186613326e+00
1.388691168361668726e+00 1.244537940575083601e+00 2.666646798866210144e+00
1.314069683235530306e+00 1.293259390375171902e+00 2.923786887944284985e+00
1.521354305826418729e+00 1.013687745134806084e+00 2.772404102843355034e+00
1.239463479945211999e+00 1.184224352294573679e+00 3.097269906057215749e+00
1.067950976602121349e+00 9.113179379514128042e-01 2.818090244038724546e+00
1.239587034908114616e+00 7.242844453612399258e-01 3.236073574738343783e+00
1.384271530990522692e+00 5.937998622733278165e-01 3.193715581745522503e+00
1.617539593497013373e+00 5.706982197203558371e-01 2.571614184601913156e+00
1.827340579825300182e+00 6.476597689304602889e-01 2.759064667428725137e+00
1.552149330590034459e+00 6.511934626840303331e-01 2.516463972263110360e+00
1.336352803753875440e+00 5.860923673313741533e-01 2.203292973761168394e+00
9.494346957742427762e-01 7.967188252769153989e-01 2.187324203780562470e+00
1.067042152359637175e+00 7.250385314625497069e-01 2.507040043302738219e+00
1.115989980854150243e+00 4.820108777405688882e-01 3.203976714880024002e+00
1.404254833188126161e+00 8.189729210752729749e-01 2.967612751057974840e+00
1.519667946939127212e+00 8.880932800396594828e-01 2.904499234057190904e+00
1.216508562050824693e+00 8.125658728837020783e-01 2.881881937279486827e+00
1.426714072564398084e+00 8.788280011290183769e-01 2.907013462615179122e+00
1.423762604587077263e+00 7.322389341830931597e-01 2.967173805558620536e+00
9.035286832773847809e-01 8.667812130641344703e-01 2.718869522427407759e+00
9.772071814245474330e-01 6.028506072903294655e-01 2.724621835905926659e+00
1.133134362987467947e+00 8.445661541853304310e-01 3.546605267962757768e+00
1.401547899256493146e+00 6.085337694182877399e-01 3.619212678623892732e+00
1.478591881465965097e+00 8.918886187598911164e-01 3.309520168349995295e+00
7.933650984910716186e-01 1.125170125246931940e+00 2.737805600414740415e+00
8.272748048496769702e-01 9.754051360146589467e-01 2.799419094440336764e+00
1.134672930428675564e+00 7.673073897563438273e-01 2.811376168638920259e+00
1.341474795773747841e+00 8.362776867322981866e-01 2.626282960810727651e+00
1.084126893555702242e+00 5.797747880475263571e-01 3.004122471907436420e+00
9.917963194864589660e-01 7.505287518972247884e-01 3.014240145953267724e+00
1.223796666362423124e+00 6.412255609997142836e-01 2.519818236863383465e+00
1.185558969037374677e+00 6.059494943582448556e-01 2.875654792177817498e+00
1.042997021782190670e+00 6.673986860093364948e-01 2.720448682364521087e+00
1.035204023210918312e+00 7.501599317368280451e-01 2.865740393297919741e+00
1.443127676869839782e+00 5.416378417923631838e-01 2.793680390689881055e+00
1.402018117306638390e+00 7.973076066647825089e-01 3.330586791515099510e+00
9.531047225665447709e-01 6.545974994576509998e-01 3.361579618787540191e+00
1.394856686135673041e+00 5.692053251099247202e-01 3.074569641729419711e+00
1.780816355399693629e+00 7.731093791863756781e-01 2.913831799301005443e+00
1.690139881971390423e+00 7.887613402439433985e-01 3.192609370462283547e+00
1.296922861949358685e+00 9.625818113117380337e-01 2.763581369522406739e+00
1.634535819963692793e+00 1.040714537053869293e+00 2.903526701938617283e+00
1.747493206986266090e+00 9.745603564230282956e-01 3.142375854602045493e+00
1.624138458429859044e+00 6.790159143601013358e-01 2.852113585950356800e+00
1.321034710736303408e+00 5.855963337789054091e-01 2.756955462136322144e+00
1.307010640058881901e+00 5.301332912974752176e-01 2.310190751332795500e+00
1.359746745138434409e+00 9.728403712136325376e-01 2.009765290426539508e+00
1.389465192655861658e+00 1.025085182599177580e+00 2.715919408970475235e+00
1.381188028052800831e+00 9.731444350763142070e-01 2.448969004044427855e+00
1.681437362516249534e+00 8.499823023819957912e-01 2.420019691230265391e+00
1.664651175706928221e+00 1.018967690429630757e+00 2.295260482646862776e+00
1.499735251140272840e+00 1.002001722662191119e+00 2.946446863690666884e+00
1.905646580170125004e+00 8.460367468188120244e-01 2.790674573209459997e+00
1.392467814692307293e+00 5.201641909703887956e-01 3.337654921640762939e+00
9.864235009302613211e-01 7.424834863869957946e-01 3.491987485022596260e+00
1.366092111554505495e+00 8.382473838095123586e-01 3.827657252905126928e+00
1.193662059986356772e+00 9.818767852767196214e-01 3.342031279502815089e+00
1.084495418550662338e+00 6.935547469756435657e-01 3.123441461630994009e+00
9.560095680946565366e-01 6.119124463459830743e-01 2.800831382901240563e+00
9.324875713279160427e-01 8.392531771058774348e-01 3.612818951673177903e+00
1.189376542547530891e+00 4.863020732049835870e-01 3.654574928124849631e+00
9.166886235947337980e-01 9.887105318588127467e-01 3.713803773917602413e+00
1.143691975479485201e+00 6.224418636992841147e-01 4.119865590475713546e+00
8.746827162901067432e-01 1.084668057829592858e+00 3.874211943288142557e+00
1.194424375000753491e+00 1.238527362359265860e+00 4.174968883490818072e+00
1.794129076169636905e+00 7.710410550398318907e-01 3.577128512075134381e+00
1.084309963298589308e+00 9.078917888329141039e-01 3.672849632117543894e+00
9.373489826682448456e-01 6.278461948048420505e-01 2.674225881516794523e+00
9.874950425071673532e-01 7.093260449783541643e-01 2.913721228607765390e+00
1.131090690652680086e+00 4.771673914339969458e-01 1.536004655258857987e+00
9.526849349374011400e-01 5.722582010321889401e-01 1.706520906107156454e+00
1.045169830578989600e+00 4.171109868110786101e-01 1.227255481190622888e+00
1.240170135409712993e+00 6.238981782263394171e-01 1.430849097792040947e+00
1.240898474724012601e+00 5.704588887842169109e-01 1.562661014841915996e+00
1.069317418672490527e+00 5.694232619769616921e-01 1.748671785415913726e+00
1.114837424329223392e+00 8.909799119594739025e-01 2.657729982794308832e+00
1.309537930573010378e+00 1.362411333628747778e+00 2.757085456190790040e+00
9.603628075707670853e-01 1.117616927638821034e+00 3.401484999171193735e+00
1.207350193132305183e+00 9.604360066764940917e-01 3.834247176682312297e+00
1.260731131849991860e+00 9.126328093648415907e-01 3.435865461229281603e+00
1.526342133670798962e+00 6.156523969297685861e-01 3.356700593711207770e+00
1.233882364695974454e+00 7.039599471480597614e-01 3.921425019199521689e+00
1.347590346744852008e+00 7.899221150442392592e-01 3.890669645684846856e+00
1.083623919347270981e+00 7.637878168602658668e-01 4.238611327177584265e+00
1.496928674809361759e+00 9.381094827807735514e-01 3.568633831056076122e+00
1.174962554999259279e+00 8.452507326936111731e-01 3.107166682900238452e+00
1.062055300866846297e+00 6.808079896572938328e-01 1.793555210405531675e+00
1.220385508089638416e+00 5.563912927901866201e-01 2.656616904805238821e+00
1.247313095958983986e+00 1.172990939454818138e+00 2.043007193568484592e+00
1.393728594716959313e+00 8.431992260573863973e-01 1.855775673550086102e+00
9.365579255095476396e-01 6.723269645208809209e-01 2.178701139959638766e+00
8.250705892652441253e-01 5.194042893006106665e-01 2.590959333778662721e+00
1.108287440264783097e+00 5.413519928360178701e-01 2.283875267584215329e+00
1.100187123532318179e+00 4.686830662416711646e-01 2.648670575617708245e+00
7.975846565053654746e-01 6.268616916165162811e-01 1.451342193269418823e+00
8.300922774333561183e-01 8.021936399210571889e-01 1.698781199102594730e+00
1.140838253945877234e+00 7.549509569998296143e-01 1.944567500156190398e+00
9.644616153855313234e-01 7.601329432517877072e-01 1.742574915087828691e+00
1.350805562291043094e+00 1.215708615592854480e+00 1.294426597790505173e+00
9.798493183662019268e-01 9.196422839590634446e-01 1.593994711796328456e+00
7.435170613176325105e-01 5.726046761983712985e-01 1.167132681653112680e+00
9.678636872373250766e-01 8.548461997080541996e-01 1.437209770116474328e+00
1.052128303507276597e+00 8.261045383587891644e-01 2.021735520478622927e+00
9.569361339669149036e-01 6.947883701706675241e-01 2.306551915998667823e+00
1.162244508327952008e+00 6.048947530338650846e-01 1.669430139723929063e+00
1.044345943803390853e+00 7.529254539214386144e-01 2.516005359820045584e+00
9.240541567156304037e-01 9.488754166713536664e-01 2.716422627456343442e+00
8.849709301730689370e-01 7.336458018152702820e-01 2.753773913492806535e+00
9.933408870092964582e-01 8.507740534106567054e-01 2.964002578828679013e+00
1.151069435480322145e+00 9.491106779829083795e-01 2.767621798296692859e+00
1.243963540579089866e+00 6.222786495379726279e-01 2.608938258737166560e+00
1.145832470659083446e+00 3.438809301312927835e-01 2.299635748800907820e+00
1.192438321017230685e+00 3.227453821846240634e-01 2.107245748342965630e+00
9.654794878904504607e-01 5.290347828621841941e-01 2.610775911899323898e+00
1.033265993979490593e+00 7.610568019736462242e-01 2.791075925799032742e+00
1.365145188831200063e+00 7.000771879767015982e-01 3.501607208737359311e+00
1.269462561783702537e+00 8.030648325089635442e-01 3.308542316541041473e+00
1.409593506833913823e+00 9.924647991985895423e-01 3.096915477095412150e+00
1.209475297393165727e+00 1.064367295246591905e+00 3.726857398407076527e+00
1.581227862226697312e+00 1.123405014518801481e+00 3.268598950864463948e+00
1.500960041940253342e+00 1.057448537061324911e+00 3.521791030660452737e+00
1.800924971975822686e+00 8.977574307278964882e-01 3.262856105823914721e+00
2.347543113873760579e+00 9.584183335876288456e-01 3.769243472741376610e+00
2.475440470100100487e+00 8.251453688569950762e-01 3.706952925094924467e+00
2.425196746554891369e+00 9.522712480440561622e-01 3.422013374280349129e+00
2.300866810844391708e+00 9.054709480262556065e-01 2.715244273311467893e+00
2.323031830181329749e+00 8.184010775675748528e-01 3.187426163505187482e+00
2.406042119055676665e+00 1.137330973973221360e+00 3.784799868601579576e+00
2.431311127505917824e+00 1.695219906591295400e+00 3.217435875400730172e+00
2.015270231381593113e+00 1.655946684171196059e+00 3.103319804133424231e+00
1.964444662478634918e+00 1.539668992361726829e+00 3.978748045880693862e+00
1.774203713745477140e+00 1.489266576057012514e+00 4.214490812793168395e+00
2.195750360529662437e+00 1.224464694351429683e+00 3.759012900938953017e+00
2.188381176771979408e+00 8.370426769516955412e-01 3.306391278816722679e+00
2.457877673683627862e+00 9.556543551871673481e-01 3.338631394928926799e+00
2.535576831711417789e+00 8.852355497541845031e-01 3.244420097141653248e+00
2.019247976134283640e+00 8.137573187220749071e-01 2.826409397534557666e+00
1.486252289487875800e+00 6.195240529733466728e-01 3.144608382237435329e+00
1.502215677464413979e+00 6.410509279415473882e-01 3.089021339999169058e+00
1.517124156007576108e+00 5.242910893018077889e-01 3.107138158441698383e+00
1.213816663753368275e+00 6.947458279301982342e-01 2.940486875424805024e+00
1.333595294816931398e+00 7.891483832911866392e-01 3.115480329165657203e+00
1.207317508958180463e+00 4.982050879621229278e-01 3.061939284797851268e+00
1.308933603956105252e+00 7.166074254752212713e-01 2.899441747957463456e+00
1.134058659140797287e+00 8.474540751369551428e-01 3.108274288071085856e+00
8.234721125178593448e-01 6.232018626605633216e-01 3.574346574896840600e+00
9.088562135020445965e-01 6.529274954648457419e-01 3.567038613779238698e+00
1.175678174347003946e+00 9.666876547259761754e-01 3.196912071843480696e+00
9.614271296161982505e-01 5.783208836480168147e-01 2.545608774085975856e+00
6.581976621024268059e-01 7.145845250790192615e-01 2.460478035243437667e+00
1.093291754963765072e+00 5.973751066459734860e-01 3.012918794392606792e+00
1.231288971620702055e+00 1.134344713246816072e+00 2.540556905462664439e+00
6.672094262356035310e-01 8.386911803271936972e-01 2.563840050283406224e+00
8.755424350317992932e-01 6.839171861233385163e-01 2.655303817416781786e+00
1.234896273658085741e+00 6.970399945331225977e-01 2.615623870290331610e+00
1.682150239226331667e+00 9.962852520279810165e-01 3.028162051226361839e+00
1.483279499570020254e+00 7.734827624814586411e-01 2.715424954435982752e+00
1.285626807895193346e+00 8.599623429875319358e-01 2.733428681275829497e+00
1.416863605501309742e+00 4.271759795010685590e-01 2.353825205121874209e+00
1.191235273941390505e+00 6.149143525214993966e-01 2.338783583278968514e+00
8.030053337309458472e-01 7.684754408606478959e-01 2.682471576476128661e+00
1.416295305308365560e+00 6.207278871015526889e-01 2.844808288476526226e+00
1.581322849922984553e+00 7.257515631248008248e-01 2.674461021141274042e+00
1.620919144690752267e+00 8.002958157935157191e-01 2.629324892809349112e+00
2.034942211747089225e+00 1.288933248818219912e+00 2.943701087324280596e+00
1.671556883705304752e+00 1.078477221610840919e+00 2.760204042594197382e+00
1.653436297003099353e+00 9.967982098944743186e-01 2.473830518171421744e+00
1.968775122833598568e+00 1.541307887507612717e+00 2.485175628388945679e+00
1.035919254784628540e+00 1.498374533863120917e+00 2.459306580190493641e+00
1.194250055245643205e+00 2.003528601514238616e+00 2.635261788853814124e+00
1.331786582705029476e+00 1.537450194991293539e+00 2.740928597215127382e+00
1.154119511650790075e+00 1.574356614233586749e+00 2.372365645099753007e+00
1.780323496482573153e+00 1.892753162945996159e+00 3.016827746553350842e+00
1.900453449723407129e+00 1.513879850989978015e+00 3.293316519599541081e+00
1.501987618615850284e+00 7.900307949537176411e-01 3.614818505673484950e+00
1.326186339955727878e+00 1.109154999829712551e+00 3.574785005203807042e+00
1.283525586106384342e+00 9.739316394074224448e-01 3.204196606771922085e+00
1.189697039930244227e+00 9.207121310376785717e-01 3.673494841403237565e+00
1.244532545577625049e+00 7.964834627480509299e-01 3.636172824484534161e+00
1.175258400474920473e+00 6.551690340097773291e-01 3.854029898309222268e+00
1.407765264286250151e+00 7.515363795720290119e-01 4.203618849249481926e+00
9.992858776882723726e-01 6.672335696815141493e-01 4.116793875919509738e+00
9.415875269386890789e-01 7.720944552443180786e-01 3.735214067632513846e+00
1.490296611489178691e+00 9.097107460200418716e-01 3.606116307061278281e+00
1.461652060772019146e+00 9.823242634181318378e-01 2.676234734994632714e+00
1.077181366433989096e+00 1.104972104520558718e+00 1.946975874230979286e+00
8.545840653892841088e-01 1.311099314852631759e+00 2.510484501383273503e+00
1.406222942870218207e+00 1.633097710966483929e+00 2.394669972882916387e+00
1.493769603218813469e+00 1.354072388050477027e+00 2.483077130665139354e+00
1.440974044053289216e+00 9.889841498677022225e-01 2.469285002565046128e+00
1.001693221650564958e+00 1.092577774633205490e+00 2.255939175738960856e+00
8.448781179162013766e-01 8.286850157256647753e-01 2.481489152979662105e+00
7.870508555106883186e-01 7.671155319166493847e-01 2.878435523474584645e+00
1.284098041509309951e+00 1.093617921585573249e+00 2.076257650828243317e+00
1.579361877879891463e+00 1.174033948945573558e+00 2.119917720734149746e+00
2.131177200126579407e+00 9.148176549659489121e-01 2.005546354261247721e+00
1.178939630767571245e+00 9.882425861819812418e-01 2.677465976872840603e+00
1.418690458252864328e+00 7.657036634140815812e-01 3.351136573854493150e+00
1.270778098584411486e+00 9.538507891287729690e-01 3.644635463286699739e+00
1.114322818428641781e+00 8.266603558054499423e-01 3.105676211093339578e+00
1.128152477272546639e+00 7.012235503351805788e-01 2.567238711709177501e+00
8.953816191896027954e-01 5.915825591984202880e-01 2.633266646314096349e+00
1.039774549684139293e+00 6.312238704674271172e-01 2.097552998759649068e+00
7.897152934855772299e-01 6.746719529791549430e-01 2.435854969201264542e+00
1.557316035455426073e+00 8.014609496259851307e-01 2.364196456331019380e+00
1.458155449943991711e+00 6.480962764591418068e-01 2.836113898036982661e+00
1.743666689143319681e+00 8.701078322612877392e-01 2.431490714027702005e+00
1.307557883611016880e+00 9.579129881522445711e-01 2.272857850486272646e+00
7.173770364563650803e-01 8.920909239157601700e-01 2.579420863691824550e+00
8.503207363736109414e-01 7.405797191640334232e-01 2.481625757729954529e+00
1.191942457490275942e+00 5.407174046121178135e-01 2.926191235427202830e+00
1.330520423565701771e+00 4.088077456031096735e-01 3.923111884556632400e+00
9.284059888519344828e-01 4.135070895016297876e-01 3.453851503509953957e+00
1.021462599913308011e+00 5.880646106265660089e-01 3.166164859755104199e+00
1.435312169111389036e+00 8.681920751963112526e-01 2.791724938742505824e+00
1.184865194839567204e+00 8.715394815413733953e-01 3.116335008965824382e+00
1.191930830092517546e+00 7.820977653072104241e-01 2.985938441012184974e+00
1.322175543987143653e+00 6.589329765647756743e-01 2.976991440044192139e+00
1.107923659655453807e+00 5.622947252196709433e-01 3.214723028607193278e+00
1.171406926898486356e+00 4.383882880092307421e-01 2.768232108694091309e+00
1.308836235628954459e+00 5.200927217413666703e-01 2.896760907841313681e+00
1.134285906667556132e+00 7.226010142798261482e-01 4.057230306714439294e+00
8.321894055787373290e-01 9.635862037379339107e-01 3.533086931109186146e+00
1.842779927447498745e+00 1.144127764914669720e+00 3.342115049828612072e+00
1.581281140180000433e+00 6.954765447024263691e-01 4.106846715942981341e+00
1.071576831410694597e+00 4.184667274385897029e-01 4.365304422302227039e+00
9.497941427576189755e-01 4.470273208015087540e-01 4.732813219050048481e+00
9.834834245905957895e-01 5.558152881126445788e-01 4.251168530002666479e+00
9.185950680795601508e-01 5.424962692509153195e-01 3.412118814651404097e+00
9.342491469455782571e-01 8.924658286363976734e-01 3.359068040775900155e+00
1.097097209187088751e+00 1.141574874452977451e+00 3.535517077875549141e+00
1.015515013996743932e+00 6.336034823348671852e-01 3.542532778343763677e+00
1.359708183722857067e+00 5.526320282184594701e-01 3.915099938884975650e+00
1.748918912813472559e+00 7.421983209703182371e-01 3.262474473945061959e+00
2.094411887919793269e+00 6.284174979638164071e-01 3.345695914869966536e+00
1.717659327099618993e+00 6.763753859200425378e-01 2.964499885541039159e+00
1.575911412143158552e+00 7.516921282792246028e-01 2.885812648769023880e+00
7.617761891935560525e-01 6.616382851173764346e-01 3.202198469935672254e+00
9.979181339961890052e-01 6.347562242004892719e-01 2.880321166717455750e+00
1.082813558550328903e+00 8.885182585672822819e-01 2.277516220572612049e+00
9.567291134736093383e-01 4.043751763102689800e-01 2.246653099020687883e+00
1.470123752528978534e+00 6.980474960815618024e-01 2.786769833964538368e+00
1.410819953699243845e+00 1.038281165072215018e+00 2.415475012677601008e+00
1.509819053346619810e+00 8.587252529572995119e-01 2.611022705833369706e+00
1.305650237776409872e+00 9.644224054445875716e-01 3.536978198327330070e+00
1.224829468107110575e+00 1.227007733016647339e+00 3.345756360031744148e+00
1.082478090494259693e+00 1.090045248633665143e+00 3.449896693124820946e+00
8.661786634721452272e-01 7.317351714606413760e-01 2.844784828361306861e+00
8.482850459683786148e-01 6.837803283243505392e-01 2.842717984896907080e+00
9.668743942247310930e-01 7.070207959944594389e-01 2.482968613511726819e+00
1.077096832981701446e+00 5.300931416503237292e-01 2.464369989172525699e+00
1.526702049193994215e+00 8.035382360871990981e-01 2.433601993112301631e+00
1.317946187415814929e+00 7.286594714435002951e-01 2.559919813889438789e+00
1.190423960697383654e+00 7.477297565081076902e-01 3.440372235100221054e+00
1.007859508967495543e+00 6.561613594044551911e-01 3.454444658006186941e+00
1.066617690286398412e+00 4.527994176975232432e-01 3.536363417409375209e+00
9.685392729226345310e-01 5.372883219302307944e-01 3.888989593309556181e+00
1.177661384831170999e+00 6.074772835347939104e-01 4.058605119854954424e+00
7.930273782475220079e-01 6.630009222805821612e-01 4.423174846520862680e+00
1.347974388713267579e+00 8.203934096232585738e-01 4.769530043280856724e+00
1.137323329957310669e+00 6.378619689063308451e-01 4.738248809538134765e+00
1.351727047559656114e+00 5.435227770022036387e-01 5.048390240237640825e+00
1.852390694692931383e+00 7.448734167969977005e-01 3.755805067813030362e+00
1.752587931025099355e+00 7.079282930051500333e-01 3.752340364529610284e+00
1.833591809715776622e+00 9.078908798384527357e-01 3.392467611057104815e+00
1.574221368307720192e+00 7.013013522090174590e-01 3.346797440574249105e+00
1.584527888518364902e+00 7.549106072171539727e-01 3.676539881891392358e+00
1.546751751078285553e+00 1.120835249306692427e+00 3.757358946105518793e+00
1.297458095817685786e+00 7.976747119457294755e-01 3.508231311388988249e+00
1.359641330552470384e+00 4.936797689843283599e-01 3.398472973211596138e+00
1.799631199868147569e+00 7.111670628255815085e-01 4.191600799206010919e+00
1.824713085164447968e+00 8.926272044597575173e-01 4.189018267179507760e+00
1.574499599641946856e+00 6.584771412100074439e-01 3.748648533148874584e+00
1.536075786762259865e+00 9.522270980169468269e-01 3.643937989956965495e+00
1.322409104588873729e+00 1.022591634961741214e+00 3.318522640009244906e+00
1.568781936051660386e+00 7.792497567907193945e-01 3.211187325833256168e+00
1.399825207164920871e+00 8.458651477794759677e-01 2.837473966311457652e+00
1.295830184750083935e+00 8.450791808431006302e-01 1.709956957770563113e+00
1.414970746190397310e+00 9.558631944477761211e-01 2.075282000731790255e+00
1.407890485009609893e+00 8.006326380088469863e-01 1.970343811549253976e+00
8.091393907541712949e-01 5.284510440470818748e-01 1.664780410529993482e+00
8.660300409757780704e-01 3.420653094320731946e-01 1.447110633863433637e+00
1.293513331994170512e+00 9.112649112300167387e-01 2.076247644956918048e+00
1.140968709007442072e+00 1.238744360563228675e+00 2.058507268735391804e+00
1.485301987985578664e+00 1.198610259102106612e+00 1.775181702719911936e+00
9.574194999671882256e-01 1.460415326829080485e+00 2.272325163531563774e+00
1.170556008641874479e+00 9.011900133303256677e-01 2.452140736813112731e+00
1.519530480618779489e+00 7.679543130956506536e-01 2.626276948102926223e+00
1.512423806529903603e+00 6.555669360418017177e-01 2.574546902286381389e+00
9.923038496031496569e-01 7.658205403373922193e-01 1.522431759277377283e+00
1.072812419699976871e+00 7.854199315389494007e-01 1.125152043707621230e+00
1.196298549245007781e+00 1.124966945736717516e+00 1.224304367570679508e+00
8.053607743737903890e-01 8.508081285652298043e-01 1.326713960299486406e+00
1.207494298853901693e+00 9.500078089012589100e-01 1.392159553335196920e+00
1.226131973140595299e+00 1.031170584128191736e+00 1.194389347409296587e+00
1.570426548382723997e+00 7.975231942852039069e-01 1.554516390922592972e+00
1.391590494261520927e+00 8.180264672034771589e-01 1.411687373695172942e+00
1.887635960557078718e+00 7.605147579239259770e-01 2.038820200728046483e+00
1.611744598009688278e+00 6.465813566075265806e-01 1.744195083567354976e+00
1.855505908722272279e+00 6.424577369853049502e-01 1.044865188734187544e+00
1.836104272477065535e+00 8.696737739790859623e-01 1.191868933384528262e+00
1.905558473775125661e+00 9.650378972366274732e-01 1.201807113003003691e+00
1.556653980706641072e+00 7.889706422389668461e-01 1.677528260027806750e+00
1.497839980548243410e+00 1.026767644295745407e+00 2.279476701972891650e+00
1.321516175074018307e+00 7.003169984065209519e-01 2.627964601848134407e+00
1.357794652956185288e+00 7.899662993560720992e-01 2.724977104870484279e+00
1.641550347807705590e+00 7.636476328827727089e-01 2.269857914845717861e+00
1.553285994576582674e+00 6.957347161876786812e-01 2.487766140189998865e+00
1.656851723438717672e+00 5.748547853416563491e-01 3.142086881122822639e+00
1.500239389388286382e+00 1.134063954872923441e+00 3.467825857527757183e+00
1.053180404617503285e+00 1.040419503060601825e+00 3.469614319323729656e+00
9.757494570452631688e-01 8.424304600718649505e-01 3.281551297241601439e+00
1.151473491496801227e+00 7.489313430791629811e-01 3.763403047085390973e+00
1.009919158342018175e+00 4.905898226696770448e-01 3.532190131892897433e+00
9.637892628489055369e-01 2.464288239566689021e-01 3.313221360251926928e+00
9.431991967553019496e-01 6.500742817863490730e-01 3.349293995184896566e+00
1.055642421994947622e+00 7.059732454144933556e-01 3.064623803995397910e+00
1.240055952786939031e+00 8.604058455764393987e-01 2.824926609855570980e+00
8.310864268071309624e-01 6.936091775181288943e-01 2.899723246909016172e+00
9.832564447750825609e-01 9.582359460256369976e-01 2.401563457713963512e+00
1.122758605931125420e+00 1.143854140454676926e+00 2.994564122378032600e+00
1.063406293058513530e+00 1.073322107876713449e+00 2.971232457457106069e+00
8.391899163231515413e-01 8.874890623464806172e-01 2.800235789929103269e+00
1.188043329028449113e+00 7.215537378941048186e-01 3.075966339082524925e+00
1.100561629602112346e+00 8.396006495432540850e-01 2.658354836662969678e+00
7.345679328438636801e-01 9.914769446185668356e-01 3.082757413603905761e+00
9.642971081008674394e-01 1.417659329944033209e+00 3.177219378160435426e+00
9.388104716219500823e-01 1.501693429454726170e+00 2.611217550880317262e+00
1.061673566419393699e+00 1.077766542471652933e+00 2.249711208716144828e+00
1.507702526561608192e+00 9.387303811225105044e-01 2.157114631902057322e+00
1.683555450285503019e+00 1.083476940393342414e+00 1.686853004448948923e+00
1.257002831300072732e+00 1.247255315758445171e+00 1.862914447905272608e+00
1.193278016340844516e+00 1.060896542794506070e+00 1.590390110442193139e+00
1.236666613305130280e+00 1.184179876151374433e+00 1.796529593079488230e+00
1.139607907350840277e+00 8.687221358125415405e-01 1.925490335589204127e+00
1.476864568871485872e+00 1.059663064284580791e+00 2.631202128046488564e+00
1.422225713054547036e+00 7.535607017008359998e-01 3.124027702790670435e+00
1.241091778972004178e+00 1.194768442228935079e+00 3.035789231395004784e+00
1.305441432476618813e+00 1.222851746133192696e+00 3.911198215048517834e+00
1.305441432476618813e+00 1.222851746133192696e+00 3.911198215048517834e+00
1.588742783223045629e+00 6.684048253061196654e-01 3.827860565112457980e+00
1.688436663607207455e+00 8.039888091966010952e-01 4.236586147019325566e+00
1.063641973723109757e+00 7.171370397319364320e-01 4.640185364639894949e+00
7.772148253976762788e-01 4.698122555752263230e-01 5.616857968007384017e+00
1.190474916793306637e+00 5.484550898674029895e-01 5.414616885353523479e+00
1.406511721121259439e+00 8.627943042903833959e-01 5.628126447313860581e+00
1.726742109886152177e+00 5.439918045943019642e-01 5.017597555252354624e+00
1.761771375970251352e+00 6.524085957275241876e-01 5.068968726040486317e+00
1.783087367678382495e+00 5.257154218521554734e-01 4.657388127647768883e+00
1.617082524630576890e+00 3.614332152858336089e-01 4.359236403403722981e+00
1.407168988894937911e+00 5.453265678418636186e-01 3.853133065137677615e+00
1.294889431179865769e+00 4.531211748349429635e-01 5.034420347321937328e+00
8.985889150037872364e-01 4.807796541603960305e-01 4.902084500781868748e+00
1.325725989757509549e+00 4.374125967591716568e-01 4.198554973369986065e+00
1.054515470289479451e+00 5.451110010030316699e-01 4.247651338426143397e+00
1.150572282133621949e+00 7.710755226726955236e-01 3.707522831910998740e+00
1.243965128007540777e+00 9.659260869401212757e-01 3.571086952094750355e+00
1.299664407188511728e+00 7.656358820716284708e-01 3.413553541934070790e+00
1.042918063697779285e+00 1.015390783538531627e+00 3.322270930511634024e+00
1.379615168693364202e+00 7.380823064099996111e-01 3.908118187363165408e+00
1.053853828204827092e+00 9.027472905670722580e-01 4.596321839874642379e+00
1.364829513917626969e+00 9.653011203906497473e-01 5.020398591376817876e+00
1.133053766787349925e+00 7.534228547468033721e-01 5.022033750249454975e+00
1.182940024731576223e+00 6.099312648049967089e-01 4.031462960888425151e+00
1.000064422503115669e+00 5.583885092806235573e-01 4.202767296679022380e+00
1.212312678967837787e+00 6.685866129135261682e-01 4.168658236454839461e+00
1.167911038838393090e+00 9.726039259155050409e-01 4.931111824655315168e+00
1.130721165019853647e+00 7.409652489565399236e-01 4.523020464496650739e+00
1.130231922356265351e+00 8.528486269682162835e-01 4.153223220698476048e+00
9.660669343598206060e-01 5.143904494387473436e-01 4.315009880226191363e+00
1.065248595128310827e+00 5.834246352624572474e-01 4.022057373871392727e+00
1.453870797076780130e+00 9.692645135224093877e-01 3.960003877991019827e+00
9.832156092997441643e-01 8.368243987571122311e-01 4.464927882647693913e+00
9.832156092997441643e-01 8.368243987571122311e-01 4.464927882647693913e+00
1.173747548972501997e+00 6.714003797516453487e-01 3.962679699523726118e+00
9.579344849411839391e-01 6.767329119098136614e-01 4.637432180649232016e+00
9.212986740363116045e-01 5.987536039952204847e-01 3.902062335351651257e+00
9.512971998122090600e-01 5.139219290776018134e-01 4.242711098353851185e+00
1.137472397661698054e+00 7.731713511180706710e-01 4.063752072539138283e+00
1.568239190309412612e+00 7.039466818091257849e-01 3.721741763315296492e+00
1.175456513965335681e+00 6.945636680107208916e-01 3.853511486097536576e+00
1.359533083897526362e+00 6.904705679534047791e-01 4.026328363168460989e+00
2.355723495420047442e+00 1.071760035333670924e+00 3.695684071362015377e+00
2.168611528209242412e+00 1.017719044104476556e+00 3.708094748118246464e+00
1.810025693583315665e+00 1.180791979334575581e+00 3.985058938805126072e+00
1.680061766060022110e+00 8.980292634515422145e-01 4.050682922953343201e+00
1.110156099149007369e+00 5.790925685006704793e-01 3.934556631420860207e+00
1.185205708915563649e+00 9.931925124627409840e-01 3.812307431436186445e+00
1.491922585743868712e+00 1.240098049489912313e+00 3.391103792407316408e+00
1.639070202462398429e+00 1.303328649699655895e+00 3.445746290404432699e+00
1.997595668042289496e+00 1.497351117299457801e+00 3.650789414556801393e+00
2.267474406030669964e+00 1.564131765573254285e+00 4.328541278575435136e+00
1.829330013767371810e+00 1.327225224011981286e+00 4.483036953749287790e+00
1.685900088419856502e+00 7.574575195588061360e-01 4.872953230844455419e+00
1.687535306492646159e+00 7.160583595395819678e-01 4.794284261628193100e+00
1.859226237927451786e+00 7.818163203822915408e-01 4.917221015882322632e+00
2.133653052772871650e+00 6.911230745918649498e-01 4.939399592759813551e+00
2.238626835915522584e+00 8.380395994119952396e-01 4.412166769301798297e+00
2.193086320983959059e+00 9.190125323839729576e-01 4.332993680597950537e+00
1.418148970985025681e+00 9.930524898420073354e-01 4.817549595989738087e+00
1.620060120089738209e+00 1.013728042201297308e+00 4.592681334538102789e+00
1.520033008985076428e+00 1.456661629584501405e+00 4.323105064656308727e+00
1.403965003060730243e+00 1.338095494457227641e+00 4.505926221664791953e+00
8.853394449336058347e-01 1.643461493026004749e+00 4.436579808396041713e+00
1.060860286945400910e+00 9.919798217535317209e-01 4.041561413226713917e+00
1.253012601125243153e+00 1.317999009191649362e+00 3.839755455948962837e+00
1.620681253980983616e+00 1.131251496786243482e+00 4.005933735884213753e+00
1.815632385936159610e+00 6.159101313228011465e-01 4.350452611638243816e+00
1.745437769058665989e+00 7.811411397069283336e-01 3.774212040699449044e+00
1.447818626261099473e+00 9.843301019412866726e-01 4.089080661963163443e+00
1.417394912454809974e+00 8.641942155402757564e-01 3.881833402306350322e+00
1.888985509323469980e+00 8.947401711479794351e-01 3.911141422339369011e+00
1.238517459678329713e+00 1.381166306220550588e+00 4.136194255408724985e+00
1.031863711944233986e+00 9.834440313606190864e-01 4.354172780147635535e+00
1.100111266205530569e+00 6.798145369678790795e-01 4.236090684265084505e+00
1.169641347326888736e+00 9.408156884563509958e-01 4.207728047087583967e+00
1.268255024012202803e+00 7.220220789646488724e-01 4.953837807373052016e+00
1.268255024012202803e+00 7.220220789646488724e-01 4.953837807373052016e+00
1.579680428786989888e+00 7.916346166121555061e-01 3.901455510957623662e+00
2.068916716061955263e+00 6.859115530734706256e-01 3.390816164200688210e+00
2.313463285788942780e+00 8.610671578771104118e-01 2.594424061801652304e+00
3.189836420174927856e+00 8.308101482059865317e-01 2.512907854004018393e+00
2.267897923043184161e+00 1.264229486174340389e+00 2.289155768435791494e+00
1.974362052375189025e+00 9.712448223076983744e-01 2.450997686116878960e+00
1.878423381886470400e+00 5.504827355727710536e-01 2.600063917978542527e+00
1.674912342648214647e+00 5.937778523908719963e-01 3.179909665484137893e+00
1.281313818791842696e+00 4.900325574710893139e-01 2.709631698158479374e+00
1.389699060560138477e+00 4.420577213527082105e-01 2.303061287138284730e+00
1.428106214385821637e+00 5.457991292304711362e-01 3.509253465744806899e+00
1.215076262346261204e+00 5.685571466112896433e-01 2.926961402816830038e+00
1.185945561678572346e+00 6.596896072296130065e-01 3.690527342710669512e+00
1.175745296163014375e+00 7.622690278152424170e-01 2.979893556011005806e+00
1.593719919859195588e+00 7.789756696437074579e-01 3.033835900455200907e+00
1.368035536336298597e+00 9.838645447906502195e-01 2.995980051353774876e+00
1.283972894335114301e+00 6.035492349517612709e-01 3.083653376162682758e+00
1.263834784139464373e+00 5.733943608946572290e-01 2.541458824474013944e+00
8.383460247622770423e-01 3.974543464704262674e-01 2.468993225547818859e+00
1.019717725597566016e+00 3.885258804413956879e-01 2.691213816957552130e+00
1.165240902487671981e+00 5.176511584077575501e-01 2.518720771259650881e+00
9.615433374658362009e-01 4.551422082501293542e-01 2.249823705292860243e+00
8.627077933476371419e-01 6.182409281214418240e-01 2.338964951742876330e+00
1.320807933333455697e+00 6.269650474083909852e-01 2.543291643351840658e+00
1.266794627016181618e+00 4.145682182282497963e-01 2.179492866208454949e+00
1.183321382364921126e+00 4.224436407163351670e-01 2.892303240496055583e+00
8.662051517242124188e-01 6.094968562720504135e-01 2.697247816584339208e+00
1.102085916255594489e+00 6.537117619481944697e-01 2.788557510213142798e+00
9.269857197848091479e-01 7.007634447018187274e-01 3.041657952117833297e+00
8.450427837256878627e-01 4.275566603805893706e-01 2.777514919784763059e+00
8.981702611762744093e-01 1.037657453705663313e+00 2.147444965618071411e+00
9.011865459760298736e-01 7.359873757008486006e-01 1.828091140497319023e+00
7.549303296612356329e-01 5.072493375689014483e-01 2.088532557437287274e+00
8.700027806870461733e-01 8.081735739316239231e-01 1.670306079121077314e+00
1.059396357530699273e+00 7.902536451883596103e-01 2.251683540028891706e+00
1.438533130036265595e+00 9.720569788898822949e-01 1.963579053702630972e+00
1.486391941881164191e+00 7.226025831180079573e-01 1.837498996537146434e+00
1.989472171772746822e+00 8.516856166775949033e-01 2.605224409669041563e+00
1.452202276584185103e+00 8.859872631720869807e-01 2.918298730106955396e+00
1.703868982125154696e+00 1.282397470733977585e+00 2.750619756053243492e+00
1.662064636949960539e+00 9.111824626599349664e-01 3.199682479393061829e+00
1.037967405757576733e+00 7.880986525720919955e-01 3.556509520910478450e+00
7.697830416745098381e-01 6.953894993605665986e-01 3.611364429548371557e+00
1.064467717173564365e+00 8.631130647249861676e-01 3.281561894196413753e+00
1.158095592233179705e+00 4.955864259196119392e-01 3.131702299643252640e+00
1.407604133657464507e+00 4.010892662518388274e-01 3.072459902726418779e+00
1.565630026531189545e+00 9.983147432561632062e-01 2.698577039992775983e+00
2.090196072983831144e+00 1.062939805134595739e+00 1.981294367900336528e+00
1.697353922569711404e+00 9.410988099216576197e-01 2.398448969794565677e+00
1.802853570549280526e+00 9.251295146215643417e-01 1.872632110405592964e+00
1.804262172488920513e+00 7.352400810745713944e-01 2.087593632201611094e+00
1.304789402694051637e+00 1.110973630180746685e+00 2.566396224514888580e+00
1.371687467148641204e+00 9.963172059408138548e-01 3.189324441866102422e+00
1.093014432011173209e+00 7.398686183486438139e-01 2.477895705935068804e+00
8.600078459176950796e-01 9.610748639517401326e-01 2.579305480803840922e+00
9.378729087042896317e-01 8.952926518133407230e-01 2.897909847836421360e+00
9.053965323757592332e-01 8.582225114594618232e-01 2.981000251763595621e+00
1.172143021058842161e+00 1.176129663742226050e+00 2.470916748111938510e+00
1.231589886406207590e+00 8.284807787370677135e-01 1.800991212311117806e+00
1.290218082457601056e+00 1.111792958169408374e+00 2.223514195506730129e+00
1.042060050566783191e+00 1.329843401144087611e+00 2.430902843916868505e+00
9.488112803913753002e-01 1.221000585817879847e+00 3.148731841082373251e+00
1.123682693213854389e+00 8.439491716876811322e-01 3.151214591747330651e+00
1.018433349805438315e+00 6.248779061720820538e-01 2.466293552283792323e+00
9.192154300172233894e-01 5.430354823533994901e-01 2.251225035798051444e+00
1.147001838015418773e+00 5.187034589196043433e-01 2.792447201383211564e+00
9.885029936019051888e-01 5.794745579172103644e-01 2.500306968022949494e+00
1.061810044463692870e+00 7.454217198727430826e-01 2.806842645023575944e+00
1.278860024462479927e+00 6.559158571880272515e-01 3.124866626003872661e+00
1.535644873338447347e+00 5.377677811366133875e-01 3.609887833734484630e+00
1.619549611151128277e+00 1.219674271079659755e+00 3.495978051538060960e+00
2.117020110570445368e+00 1.038271639290432757e+00 3.925612253054628908e+00
1.871346780219008021e+00 7.739100326320084156e-01 3.327368108379604283e+00
1.420449664014115099e+00 9.279156938010660882e-01 2.620031434075837939e+00
1.282589512895381034e+00 8.996541043013392969e-01 2.629085437746556675e+00
1.143181586838510233e+00 6.377897056991850278e-01 2.822262286986915392e+00
1.247128395646264876e+00 5.538107527520156337e-01 3.076140326165255345e+00
1.080643122191374150e+00 9.043982144339048901e-01 3.024045108493675471e+00
1.042051533896634741e+00 1.040120656158951329e+00 3.219434760399846773e+00
1.191240375280788300e+00 1.253020531489283496e+00 3.269981346642607978e+00
1.011780230704707462e+00 9.620384625586699823e-01 2.878297388144243740e+00
8.568321978372234193e-01 7.510230245695270757e-01 2.968568650138750264e+00
1.075616453975916986e+00 9.350626048636494492e-01 3.250969890071410351e+00
1.357036111088798735e+00 1.196407953169664085e+00 3.473514992619657793e+00
1.195978770938513014e+00 1.144303256607415165e+00 3.922088670417668510e+00
1.208106168236187328e+00 1.277377340905545555e+00 3.981162602746382895e+00
1.423835920230734020e+00 7.576873869677825946e-01 4.096040061079754047e+00
1.403692114510589839e+00 5.806082199204138927e-01 4.366940669004437225e+00
1.216251231653288967e+00 7.610044482328964799e-01 4.708050221568258031e+00
1.435110876544713809e+00 5.078095393815679204e-01 4.247403267119201686e+00
1.387733254864412125e+00 4.811741010981737121e-01 4.404711742287264364e+00
1.343896245057812688e+00 5.523944757608135747e-01 4.414495494640963358e+00
1.463627928643952414e+00 4.636637146201268433e-01 5.069830609642916208e+00
1.666392037822056693e+00 6.113010207161193588e-01 5.476041961528710367e+00
1.999551531016422246e+00 5.386290381184081211e-01 5.219809864151144119e+00
1.399108070372174328e+00 4.742978938947520207e-01 4.265241035943314607e+00
1.700792984161620280e+00 5.177138924051852831e-01 4.431843548529903920e+00
1.684133327780024336e+00 6.097992861274252885e-01 4.607019900820875868e+00
1.165100709944739688e+00 6.108172059407167565e-01 3.947128650034909647e+00
1.278811747054540371e+00 6.621105428670929216e-01 3.564720920075352240e+00
1.089179474699412342e+00 8.423775139398201883e-01 3.369557671121428122e+00
1.230223844962937019e+00 7.049272427310760980e-01 3.134370141704159174e+00
1.133379225865788431e+00 8.366671371937743906e-01 2.779781432654389928e+00
1.115277522700465651e+00 1.064599793007148465e+00 2.797261380014421928e+00
1.229195901334720897e+00 9.067150760274633736e-01 2.291771357699124767e+00
1.622749423836034932e+00 1.074679809740211489e+00 2.156686299675352192e+00
1.443712562823795453e+00 1.312440123503001210e+00 2.167514968107371320e+00
1.970831885710245590e+00 1.446461006372557812e+00 1.217940360827706847e+00
2.143121361848815631e+00 1.691269135864484241e+00 1.548026364750216377e+00
1.602933646288175584e+00 1.524621870709134352e+00 2.373657506236683812e+00
1.786427953237526234e+00 7.047544008776571722e-01 2.285946452748324198e+00
1.314029892337400307e+00 5.471714628507169387e-01 2.611268730536919325e+00
1.084493721779939079e+00 5.449160787590808797e-01 2.399973293779140260e+00
6.620214106219870498e-01 5.166095079472875495e-01 2.454585444163369878e+00
9.203438640797596548e-01 8.365993060981912199e-01 2.659935953818157284e+00
9.804428557646385212e-01 9.759508410591437588e-01 2.211135775510935986e+00
1.194425294416272987e+00 5.951019445985222811e-01 2.216977210961564637e+00
1.460816028071602490e+00 6.217450070443845123e-01 2.252177904902172401e+00
1.274803433386364482e+00 7.984025487239624352e-01 2.160862223880829713e+00
8.917395936402788825e-01 8.642356245028541828e-01 2.085001561074133036e+00
8.384052518219131667e-01 1.175726007865742329e+00 2.908208011035200879e+00
1.194517457979765718e+00 1.003513343236224431e+00 2.976086085528534930e+00
1.811643045891156101e+00 9.387915932801857988e-01 2.541638267687861052e+00
1.339341348039640778e+00 8.594774406111401754e-01 2.305036247245149106e+00
1.840680960384965426e+00 9.235197160807998573e-01 3.321214652031361680e+00
1.161531920170132848e+00 7.949373378821158465e-01 3.159268529238278056e+00
1.264606146083096405e+00 7.863077804833842332e-01 2.818652621858304563e+00
1.016241955978307354e+00 6.356861930583563858e-01 2.809314758270265777e+00
8.706857899477515872e-01 7.081627068073352849e-01 3.256656098046390113e+00
1.380360654212415161e+00 5.511899966031769127e-01 3.336350710406508657e+00
1.326969430414473239e+00 5.420282817346990800e-01 2.398247931201334282e+00
1.739621037582678165e+00 5.450575636296091098e-01 2.624684969827712600e+00
1.154781105586330181e+00 6.820747502482082947e-01 3.285126432053755874e+00
9.782204189915502113e-01 1.078548853908251726e+00 2.562757225008988282e+00
1.096839956505842206e+00 1.189159868571874945e+00 3.386834378666280898e+00
1.213906386328227116e+00 1.293310270667205719e+00 3.896073126425486421e+00
1.544534298581044851e+00 1.215850244914100653e+00 4.310239493525621413e+00
1.210157112584650640e+00 9.616107145010288626e-01 3.929261384850559757e+00
1.287337643254842234e+00 1.037697249717346448e+00 3.917480303214337489e+00
1.290958069946378961e+00 8.817469426015893674e-01 4.026644294338263208e+00
1.092163955845377288e+00 8.830213933846563501e-01 4.101430559891646510e+00
1.533465708750492817e+00 5.883393736406471453e-01 3.556891971429527732e+00
1.464535078663749212e+00 6.567406017358317083e-01 3.548339610039174641e+00
2.070733416244363578e+00 6.068093938701797363e-01 3.240579976390579819e+00
1.535182300439096093e+00 7.757555116198656675e-01 2.672016672162909501e+00
1.301742654074357741e+00 1.095638204741677724e+00 3.250693924834844761e+00
8.456554852809345935e-01 8.571942061786589351e-01 2.867109557403149100e+00
1.241551598730162631e+00 8.048535766347542086e-01 3.432415295328131499e+00
9.175561018113647105e-01 8.474111851523290495e-01 3.407875285636067453e+00
1.064125629929540073e+00 1.072397527809351159e+00 3.305953597405731248e+00
1.230971170896263844e+00 1.053821258467105393e+00 3.478691541443280855e+00
1.214927734924070801e+00 7.098667420343526269e-01 3.427819629464358364e+00
1.168135463740626490e+00 7.326243042903384239e-01 2.804718977335749930e+00
1.190301559074684601e+00 5.553927587172370339e-01 2.983522445223493413e+00
1.324394074231539875e+00 6.709940344542024704e-01 3.416609109081359730e+00
1.270024446265968887e+00 8.876012758185061191e-01 3.407076146968524011e+00
1.098766164445461158e+00 1.236448859591048999e+00 4.108189356292433203e+00
1.152852915944284851e+00 9.627565710549882416e-01 4.615411103186041863e+00
1.130947372161880349e+00 6.489025936217797108e-01 3.997562803009368615e+00
7.359062985383048039e-01 9.020978150259454376e-01 4.833649882670709275e+00
1.162628652285499831e+00 1.030479444306656278e+00 4.821741981365573970e+00
9.566386365625670907e-01 5.215547699614907495e-01 4.772005417255230419e+00
9.998253043102396376e-01 5.218452251372706074e-01 5.124619121330476368e+00
1.138111278886474675e+00 6.140841860377297401e-01 4.974219979283859061e+00
6.950823364789385783e-01 4.199374134116308221e-01 4.507144769338442103e+00
8.226044178052457356e-01 8.359171958508931910e-01 4.578768452308845660e+00
9.935777196595007021e-01 1.179462491845868710e+00 4.637631926500038304e+00
1.140524837545645820e+00 9.523179109036187251e-01 5.121632021289690861e+00
1.129832791622878085e+00 7.301036110701980553e-01 4.313979376600777904e+00
1.081994554434800859e+00 6.076421248786628704e-01 4.390500279458330546e+00
1.012441320273800072e+00 1.004814810261451363e+00 4.455737669476878438e+00
1.323234752443896767e+00 8.776303537407976751e-01 4.450875359900465789e+00
1.756516086589248626e+00 8.375979337955159476e-01 4.550447433022480226e+00
2.271666619836260281e+00 6.152474215832902660e-01 4.191434229839972048e+00
1.967022630113907766e+00 6.820966661072428439e-01 3.776219299988390787e+00
2.178827194848189652e+00 8.572248453952929781e-01 3.842251651854561523e+00
1.593754092182464444e+00 1.305479319592680154e+00 3.948847909498947040e+00
1.444683309057869680e+00 1.064949663569711324e+00 3.551295525979955681e+00
1.191052658176219081e+00 1.101791974702207355e+00 3.995349037530165681e+00
1.287126708180678092e+00 1.164697731399464420e+00 3.627489983571046572e+00
1.275808014021119652e+00 8.990633715011214777e-01 3.847921113084070477e+00
1.651530962767775002e+00 5.740170521560846728e-01 4.164630038739749018e+00
1.442728374274144798e+00 7.500985847722840827e-01 3.802997389501018510e+00
1.441753811831854915e+00 7.826374451292006373e-01 3.673984508211113109e+00
1.253033418409913669e+00 7.761416118433436262e-01 3.243450883091382853e+00
9.587000490446259127e-01 8.943871338277862293e-01 3.092288415992745065e+00
1.114226394813479182e+00 7.070263009442114832e-01 3.104428858269323577e+00
1.079144079230060838e+00 6.700741831865795195e-01 3.042389751997145453e+00
8.784692865106846771e-01 8.091392552634989466e-01 3.192515361020165976e+00
1.097827794523855705e+00 5.854808349194876582e-01 3.680057529763692159e+00
1.002212418135263849e+00 6.277439857500156650e-01 2.973660347888519073e+00
7.319104962431929318e-01 4.438131556408493328e-01 3.579132824238602240e+00
7.094501486031219439e-01 5.649842802444694501e-01 3.735473688301254924e+00
9.536981334407257371e-01 5.899733483428473146e-01 3.670457862445189345e+00
9.597904777583760039e-01 4.228449013985209892e-01 3.439619751174721518e+00
8.033640288397968510e-01 7.863675172078827824e-01 3.348231572302051706e+00
1.479982442501340367e+00 6.366945367332490502e-01 3.198079144352013792e+00
1.559369850328396812e+00 1.111554003288055759e+00 3.370987466917136466e+00
1.219802645609098235e+00 1.253483567409021893e+00 3.316831442035070410e+00
1.009467044136004965e+00 1.059280102680960622e+00 3.340615096397920425e+00
1.036142294725363344e+00 9.176687023330211135e-01 3.935860718195563379e+00
1.120251640748608946e+00 9.245145217886284739e-01 4.052862833323504610e+00
9.764437722394414543e-01 6.053896123635238435e-01 3.678927665503039623e+00
1.152928387446442438e+00 8.078489297429525262e-01 3.809804182386117954e+00
1.062512675071364265e+00 6.518307506488641989e-01 3.526680228298959996e+00
1.170679704394584242e+00 4.549721669603665197e-01 2.783893264830231917e+00
1.340375005642068906e+00 8.099392709766145559e-01 3.405292146762827876e+00
1.256866856428561663e+00 1.077184129299467275e+00 3.147539638555338026e+00
1.108063985704237142e+00 1.134697107954231843e+00 3.432468213290052805e+00
1.270964331510344936e+00 1.319071115094529789e+00 4.119048991568891260e+00
1.343441119604271927e+00 1.245674925899889152e+00 5.005479610385012990e+00
1.456512766398064151e+00 9.492167168719277681e-01 4.792823548874385331e+00
1.327892980305275250e+00 8.160558557005913594e-01 4.803409832960968018e+00
1.176894723082421157e+00 1.038940675934757474e+00 4.606587932348941372e+00
1.459907582059365438e+00 1.103786639715477635e+00 4.907526490479680703e+00
9.769519390720530216e-01 8.569670769513864084e-01 4.670539915878475057e+00
1.161926703564291508e+00 1.026608144188628557e+00 4.479113607313998102e+00
1.459361165053182585e+00 6.874787915685707240e-01 4.844233400203997064e+00
1.266339048668229328e+00 7.537259714397960275e-01 4.683879343715151577e+00
8.761913006503456725e-01 9.282091122086193469e-01 4.848490588704451376e+00
1.055417468183622809e+00 6.911068098894815881e-01 4.468800153685624110e+00
1.247723713199530904e+00 1.121149946153830124e+00 4.436079781655825727e+00
1.073743024624251197e+00 1.014141477676764769e+00 4.069003005580768217e+00
1.045094156457379908e+00 7.887430805770233588e-01 4.091894242540123017e+00
8.292484296863247284e-01 6.489681818673160851e-01 4.121286328827575396e+00
1.481113127510561123e+00 6.393112020767084402e-01 3.991875617817627564e+00
1.497434862934911459e+00 6.864117845167839738e-01 4.099509892853057558e+00
1.582173340737622835e+00 5.874044408203242806e-01 3.403905922710553256e+00
1.582173340737622835e+00 5.874044408203242806e-01 3.403905922710553256e+00
1.740795039942104161e+00 5.579486519251023457e-01 2.424021426260960510e+00
1.331338262482274715e+00 7.488107481229686613e-01 2.340903265123698507e+00
1.331338262482274715e+00 7.488107481229686613e-01 2.340903265123698507e+00
1.563476508949195320e+00 7.409133007374580915e-01 1.409044471019375244e+00
1.179981897504334132e+00 5.414653078728622893e-01 1.905985805647467890e+00
1.121572513124966308e+00 6.350618801261750379e-01 1.692020265746065899e+00
1.030416170051408731e+00 1.215096738994669856e+00 1.977580522629991400e+00
1.006709025178691652e+00 1.337788508152746969e+00 2.398321754580575504e+00
9.952130331360726778e-01 1.238595289343183081e+00 2.593164123770065554e+00
1.050696274519264506e+00 6.663771630639023780e-01 2.952738728327867435e+00
1.026395862221858968e+00 6.723437905148058613e-01 3.503879272174426518e+00
1.011152804804396510e+00 6.847351712600349138e-01 3.353851976259314416e+00
1.135976066204764878e+00 4.006079303724047747e-01 3.316298536659584073e+00
9.699825875246391726e-01 4.349589087682024791e-01 3.868505357214423679e+00
1.172365061215063120e+00 5.799347379466972541e-01 3.754160618767820701e+00
8.623230887663501099e-01 7.892839596664841251e-01 3.179423414842368789e+00
8.036565035974316817e-01 6.170732473364562987e-01 2.824197201373105148e+00
1.087379942618383888e+00 5.856048301449071625e-01 2.450595765885749788e+00
1.117081577308804752e+00 6.087572312583379164e-01 2.995194736201560737e+00
1.035034268174503724e+00 7.336734950856018678e-01 3.197927636475764057e+00
9.865260482182403035e-01 1.029849286938972375e+00 3.047879701051266821e+00
1.357864280731079898e+00 1.023293643567453337e+00 3.803921621633523209e+00
1.286356069657717427e+00 8.650455972180184361e-01 4.595354081627450071e+00
