0.000000000000000000e+00 0.000000000000000000e+00 3.736009858548641205e+02 0.000000000000000000e+00
0.000000000000000000e+00 1.000000000000000000e+00 3.736009858548641205e+02 0.000000000000000000e+00
0.000000000000000000e+00 2.000000000000000000e+00 3.736009858548641205e+02 0.000000000000000000e+00
0.000000000000000000e+00 3.000000000000000000e+00 3.736009858548641205e+02 0.000000000000000000e+00
0.000000000000000000e+00 4.000000000000000000e+00 3.736009858548641205e+02 0.000000000000000000e+00
0.000000000000000000e+00 5.000000000000000000e+00 3.736009858548641205e+02 0.000000000000000000e+00
0.000000000000000000e+00 6.000000000000000000e+00 3.736009858548641205e+02 0.000000000000000000e+00
0.000000000000000000e+00 7.000000000000000000e+00 3.736009858548641205e+02 0.000000000000000000e+00
0.000000000000000000e+00 8.000000000000000000e+00 3.736009858548641205e+02 0.000000000000000000e+00
0.000000000000000000e+00 9.000000000000000000e+00 3.736009858548641205e+02 0.000000000000000000e+00
0.000000000000000000e+00 1.000000000000000000e+01 3.736009858548641205e+02 0.000000000000000000e+00
0.000000000000000000e+00 1.100000000000000000e+01 3.736009858548641205e+02 0.000000000000000000e+00
0.000000000000000000e+00 1.200000000000000000e+01 3.736009858548641205e+02 0.000000000000000000e+00
0.000000000000000000e+00 1.300000000000000000e+01 3.736009858548641205e+02 0.000000000000000000e+00
0.000000000000000000e+00 1.400000000000000000e+01 3.736009858548641205e+02 0.000000000000000000e+00
0.000000000000000000e+00 1.500000000000000000e+01 3.736009858548641205e+02 0.000000000000000000e+00
0.000000000000000000e+00 1.600000000000000000e+01 3.736009858548641205e+02 0.000000000000000000e+00
0.000000000000000000e+00 1.700000000000000000e+01 3.736009858548641205e+02 0.000000000000000000e+00
0.000000000000000000e+00 1.800000000000000000e+01 3.736009858548641205e+02 0.000000000000000000e+00
0.000000000000000000e+00 1.900000000000000000e+01 3.736009858548641205e+02 0.000000000000000000e+00
0.000000000000000000e+00 2.000000000000000000e+01 3.736009858548641205e+02 0.000000000000000000e+00
0.000000000000000000e+00 2.100000000000000000e+01 3.736009858548641205e+02 0.000000000000000000e+00
0.000000000000000000e+00 2.200000000000000000e+01 3.736009858548641205e+02 0.000000000000000000e+00
0.000000000000000000e+00 2.300000000000000000e+01 3.736009858548641205e+02 0.000000000000000000e+00
0.000000000000000000e+00 2.400000000000000000e+01 3.736009858548641205e+02 0.000000000000000000e+00
0.000000000000000000e+00 2.500000000000000000e+01 3.736009858548641205e+02 0.000000000000000000e+00
0.000000000000000000e+00 2.600000000000000000e+01 3.736009858548641205e+02 0.000000000000000000e+00
0.000000000000000000e+00 2.700000000000000000e+01 3.736009858548641205e+02 0.000000000000000000e+00
0.000000000000000000e+00 2.800000000000000000e+01 3.736009858548641205e+02 0.000000000000000000e+00
0.000000000000000000e+00 2.900000000000000000e+01 3.736009858548641205e+02 0.000000000000000000e+00
0.000000000000000000e+00 3.000000000000000000e+01 3.736009858548641205e+02 0.000000000000000000e+00
0.000000000000000000e+00 3.100000000000000000e+01 3.736009858548641205e+02 0.000000000000000000e+00
0.000000000000000000e+00 3.200000000000000000e+01 3.736009858548641205e+02 0.000000000000000000e+00
0.000000000000000000e+00 3.300000000000000000e+01 3.736009858548641205e+02 0.000000000000000000e+00
0.000000000000000000e+00 3.400000000000000000e+01 3.736009858548641205e+02 0.000000000000000000e+00
0.000000000000000000e+00 3.500000000000000000e+01 3.736009858548641205e+02 0.000000000000000000e+00
0.000000000000000000e+00 3.600000000000000000e+01 3.736009858548641205e+02 0.000000000000000000e+00
0.000000000000000000e+00 3.700000000000000000e+01 3.736009858548641205e+02 0.000000000000000000e+00
0.000000000000000000e+00 3.800000000000000000e+01 3.736009858548641205e+02 0.000000000000000000e+00
0.000000000000000000e+00 3.900000000000000000e+01 3.736009858548641205e+02 0.000000000000000000e+00
0.000000000000000000e+00 4.000000000000000000e+01 3.736009858548641205e+02 0.000000000000000000e+00
0.000000000000000000e+00 4.100000000000000000e+01 3.736009858548641205e+02 0.000000000000000000e+00
0.000000000000000000e+00 4.200000000000000000e+01 3.736009858548641205e+02 0.000000000000000000e+00
0.000000000000000000e+00 4.300000000000000000e+01 3.736009858548641205e+02 0.000000000000000000e+00
0.000000000000000000e+00 4.400000000000000000e+01 3.736009858548641205e+02 0.000000000000000000e+00
0.000000000000000000e+00 4.500000000000000000e+01 3.736009858548641205e+02 0.000000000000000000e+00
0.000000000000000000e+00 4.600000000000000000e+01 3.736009858548641205e+02 0.000000000000000000e+00
0.000000000000000000e+00 4.700000000000000000e+01 3.736009858548641205e+02 0.000000000000000000e+00
0.000000000000000000e+00 4.800000000000000000e+01 3.736009858548641205e+02 0.000000000000000000e+00
0.000000000000000000e+00 4.900000000000000000e+01 3.736009858548641205e+02 0.000000000000000000e+00
1.351351351351351426e-02 0.000000000000000000e+00 3.687375210225582123e+02 1.681500350299353352e-01
1.351351351351351426e-02 1.000000000000000000e+00 3.683429114520549774e+02 1.796341009423869095e-01
1.351351351351351426e-02 2.000000000000000000e+00 3.681936942040920258e+02 1.841299340305861953e-01
1.351351351351351426e-02 3.000000000000000000e+00 3.679112501442432404e+02 1.922450759996938152e-01
1.351351351351351426e-02 4.000000000000000000e+00 3.680412225425243378e+02 1.885886206831048351e-01
1.351351351351351426e-02 5.000000000000000000e+00 3.679112501442432404e+02 1.922450759996938152e-01
1.351351351351351426e-02 6.000000000000000000e+00 3.681835867464542389e+02 1.842607697212784446e-01
1.351351351351351426e-02 7.000000000000000000e+00 3.681296505033969879e+02 1.857532733277632575e-01
1.351351351351351426e-02 8.000000000000000000e+00 3.681296505033969879e+02 1.857532733277632575e-01
1.351351351351351426e-02 9.000000000000000000e+00 3.687375210225582123e+02 1.681500350299353352e-01
1.351351351351351426e-02 1.000000000000000000e+01 3.684741280972957611e+02 1.758084120432457931e-01
1.351351351351351426e-02 1.100000000000000000e+01 3.680176712572574615e+02 1.890355288585733873e-01
1.351351351351351426e-02 1.200000000000000000e+01 3.680176712572574615e+02 1.890355288585733873e-01
1.351351351351351426e-02 1.300000000000000000e+01 3.685534961521625519e+02 1.733361072530908431e-01
1.351351351351351426e-02 1.400000000000000000e+01 3.680412225425243378e+02 1.885886206831048351e-01
1.351351351351351426e-02 1.500000000000000000e+01 3.685534961521625519e+02 1.733361072530908431e-01
1.351351351351351426e-02 1.600000000000000000e+01 3.679191835224628448e+02 1.920584785205915190e-01
1.351351351351351426e-02 1.700000000000000000e+01 3.679191835224628448e+02 1.920584785205915190e-01
1.351351351351351426e-02 1.800000000000000000e+01 3.684720419347286224e+02 1.757472597977590978e-01
1.351351351351351426e-02 1.900000000000000000e+01 3.679191835224628448e+02 1.920584785205915190e-01
1.351351351351351426e-02 2.000000000000000000e+01 3.680176712572574615e+02 1.890355288585733873e-01
1.351351351351351426e-02 2.100000000000000000e+01 3.684741280972957611e+02 1.758084120432457931e-01
1.351351351351351426e-02 2.200000000000000000e+01 3.681936942040920258e+02 1.841299340305861953e-01
1.351351351351351426e-02 2.300000000000000000e+01 3.679191835224628448e+02 1.920584785205915190e-01
1.351351351351351426e-02 2.400000000000000000e+01 3.685534961521625519e+02 1.733361072530908431e-01
1.351351351351351426e-02 2.500000000000000000e+01 3.683702863752841949e+02 1.788987076650875307e-01
1.351351351351351426e-02 2.600000000000000000e+01 3.681296505033969879e+02 1.857532733277632575e-01
1.351351351351351426e-02 2.700000000000000000e+01 3.681936942040920258e+02 1.841299340305861953e-01
1.351351351351351426e-02 2.800000000000000000e+01 3.681936942040920258e+02 1.841299340305861953e-01
1.351351351351351426e-02 2.900000000000000000e+01 3.679112501442432404e+02 1.922450759996938152e-01
1.351351351351351426e-02 3.000000000000000000e+01 3.685534961521625519e+02 1.733361072530908431e-01
1.351351351351351426e-02 3.100000000000000000e+01 3.681296505033969879e+02 1.857532733277632575e-01
1.351351351351351426e-02 3.200000000000000000e+01 3.680176712572574615e+02 1.890355288585733873e-01
1.351351351351351426e-02 3.300000000000000000e+01 3.681936942040920258e+02 1.841299340305861953e-01
1.351351351351351426e-02 3.400000000000000000e+01 3.684720419347286224e+02 1.757472597977590978e-01
1.351351351351351426e-02 3.500000000000000000e+01 3.681835867464542389e+02 1.842607697212784446e-01
1.351351351351351426e-02 3.600000000000000000e+01 3.685534961521625519e+02 1.733361072530908431e-01
1.351351351351351426e-02 3.700000000000000000e+01 3.681936942040920258e+02 1.841299340305861953e-01
1.351351351351351426e-02 3.800000000000000000e+01 3.680412225425243378e+02 1.885886206831048351e-01
1.351351351351351426e-02 3.900000000000000000e+01 3.684775762259960175e+02 1.756217520767656692e-01
1.351351351351351426e-02 4.000000000000000000e+01 3.679112501442432404e+02 1.922450759996938152e-01
1.351351351351351426e-02 4.100000000000000000e+01 3.681296505033969879e+02 1.857532733277632575e-01
1.351351351351351426e-02 4.200000000000000000e+01 3.679191835224628448e+02 1.920584785205915190e-01
1.351351351351351426e-02 4.300000000000000000e+01 3.681936942040920258e+02 1.841299340305861953e-01
1.351351351351351426e-02 4.400000000000000000e+01 3.685534961521625519e+02 1.733361072530908431e-01
1.351351351351351426e-02 4.500000000000000000e+01 3.679191835224628448e+02 1.920584785205915190e-01
1.351351351351351426e-02 4.600000000000000000e+01 3.684775762259960175e+02 1.756217520767656692e-01
1.351351351351351426e-02 4.700000000000000000e+01 3.684720419347286224e+02 1.757472597977590978e-01
1.351351351351351426e-02 4.800000000000000000e+01 3.679191835224628448e+02 1.920584785205915190e-01
1.351351351351351426e-02 4.900000000000000000e+01 3.680412225425243378e+02 1.885886206831048351e-01
2.702702702702702853e-02 0.000000000000000000e+00 3.650359578430652618e+02 2.801913662272640937e-01
2.702702702702702853e-02 1.000000000000000000e+00 3.651168726384639740e+02 2.778483205450152926e-01
2.702702702702702853e-02 2.000000000000000000e+00 3.648197777569293976e+02 2.855763771448903143e-01
2.702702702702702853e-02 3.000000000000000000e+00 3.647160626947879791e+02 2.877255374370111807e-01
2.702702702702702853e-02 4.000000000000000000e+00 3.647387512028217316e+02 2.876765953604996096e-01
2.702702702702702853e-02 5.000000000000000000e+00 3.647160626947879791e+02 2.877255374370111807e-01
2.702702702702702853e-02 6.000000000000000000e+00 3.648902632296085358e+02 2.833415551846165670e-01
2.702702702702702853e-02 7.000000000000000000e+00 3.649305187165737152e+02 2.820662350186176615e-01
2.702702702702702853e-02 8.000000000000000000e+00 3.649305187165737152e+02 2.820662350186176615e-01
2.702702702702702853e-02 9.000000000000000000e+00 3.650359578430652618e+02 2.801913662272640937e-01
2.702702702702702853e-02 1.000000000000000000e+01 3.649142034351825714e+02 2.829673832915046150e-01
2.702702702702702853e-02 1.100000000000000000e+01 3.648877002298831940e+02 2.832407641393897002e-01
2.702702702702702853e-02 1.200000000000000000e+01 3.648877002298831940e+02 2.832407641393897002e-01
2.702702702702702853e-02 1.300000000000000000e+01 3.652386285364627838e+02 2.743710173518681961e-01
2.702702702702702853e-02 1.400000000000000000e+01 3.647387512028217316e+02 2.876765953604996096e-01
2.702702702702702853e-02 1.500000000000000000e+01 3.652386285364627838e+02 2.743710173518681961e-01
2.702702702702702853e-02 1.600000000000000000e+01 3.645647458732128143e+02 2.914867455667816687e-01
2.702702702702702853e-02 1.700000000000000000e+01 3.645647458732128143e+02 2.914867455667816687e-01
2.702702702702702853e-02 1.800000000000000000e+01 3.651474170386791229e+02 2.767457491570858297e-01
2.702702702702702853e-02 1.900000000000000000e+01 3.645647458732128143e+02 2.914867455667816687e-01
2.702702702702702853e-02 2.000000000000000000e+01 3.648877002298831940e+02 2.832407641393897002e-01
2.702702702702702853e-02 2.100000000000000000e+01 3.649142034351825714e+02 2.829673832915046150e-01
2.702702702702702853e-02 2.200000000000000000e+01 3.648197777569293976e+02 2.855763771448903143e-01
2.702702702702702853e-02 2.300000000000000000e+01 3.645647458732128143e+02 2.914867455667816687e-01
2.702702702702702853e-02 2.400000000000000000e+01 3.652386285364627838e+02 2.743710173518681961e-01
2.702702702702702853e-02 2.500000000000000000e+01 3.650730110704898834e+02 2.791333580231706302e-01
2.702702702702702853e-02 2.600000000000000000e+01 3.649305187165737152e+02 2.820662350186176615e-01
2.702702702702702853e-02 2.700000000000000000e+01 3.648197777569293976e+02 2.855763771448903143e-01
2.702702702702702853e-02 2.800000000000000000e+01 3.648197777569293976e+02 2.855763771448903143e-01
2.702702702702702853e-02 2.900000000000000000e+01 3.647160626947879791e+02 2.877255374370111807e-01
2.702702702702702853e-02 3.000000000000000000e+01 3.652386285364627838e+02 2.743710173518681961e-01
2.702702702702702853e-02 3.100000000000000000e+01 3.649305187165737152e+02 2.820662350186176615e-01
2.702702702702702853e-02 3.200000000000000000e+01 3.648877002298831940e+02 2.832407641393897002e-01
2.702702702702702853e-02 3.300000000000000000e+01 3.648197777569293976e+02 2.855763771448903143e-01
2.702702702702702853e-02 3.400000000000000000e+01 3.651474170386791229e+02 2.767457491570858297e-01
2.702702702702702853e-02 3.500000000000000000e+01 3.648902632296085358e+02 2.833415551846165670e-01
2.702702702702702853e-02 3.600000000000000000e+01 3.652386285364627838e+02 2.743710173518681961e-01
2.702702702702702853e-02 3.700000000000000000e+01 3.648197777569293976e+02 2.855763771448903143e-01
2.702702702702702853e-02 3.800000000000000000e+01 3.647387512028217316e+02 2.876765953604996096e-01
2.702702702702702853e-02 3.900000000000000000e+01 3.652136184275150299e+02 2.751623488220322766e-01
2.702702702702702853e-02 4.000000000000000000e+01 3.647160626947879791e+02 2.877255374370111807e-01
2.702702702702702853e-02 4.100000000000000000e+01 3.649305187165737152e+02 2.820662350186176615e-01
2.702702702702702853e-02 4.200000000000000000e+01 3.645647458732128143e+02 2.914867455667816687e-01
2.702702702702702853e-02 4.300000000000000000e+01 3.648197777569293976e+02 2.855763771448903143e-01
2.702702702702702853e-02 4.400000000000000000e+01 3.652386285364627838e+02 2.743710173518681961e-01
2.702702702702702853e-02 4.500000000000000000e+01 3.645647458732128143e+02 2.914867455667816687e-01
2.702702702702702853e-02 4.600000000000000000e+01 3.652136184275150299e+02 2.751623488220322766e-01
2.702702702702702853e-02 4.700000000000000000e+01 3.651474170386791229e+02 2.767457491570858297e-01
2.702702702702702853e-02 4.800000000000000000e+01 3.645647458732128143e+02 2.914867455667816687e-01
2.702702702702702853e-02 4.900000000000000000e+01 3.647387512028217316e+02 2.876765953604996096e-01
4.054054054054054279e-02 0.000000000000000000e+00 3.628522597253322601e+02 3.412344312098039012e-01
4.054054054054054279e-02 1.000000000000000000e+00 3.631468690931797028e+02 3.341685974501498180e-01
4.054054054054054279e-02 2.000000000000000000e+00 3.629872344434261322e+02 3.373158325003086100e-01
4.054054054054054279e-02 3.000000000000000000e+00 3.631495766341686249e+02 3.321440128710276829e-01
4.054054054054054279e-02 4.000000000000000000e+00 3.629792563617229462e+02 3.374369901622180645e-01
4.054054054054054279e-02 5.000000000000000000e+00 3.631495766341686249e+02 3.321440128710276829e-01
4.054054054054054279e-02 6.000000000000000000e+00 3.631021581590175629e+02 3.339903643205122674e-01
4.054054054054054279e-02 7.000000000000000000e+00 3.632094927132129669e+02 3.310303768109194578e-01
4.054054054054054279e-02 8.000000000000000000e+00 3.632094927132129669e+02 3.310303768109194578e-01
4.054054054054054279e-02 9.000000000000000000e+00 3.628522597253322601e+02 3.412344312098039012e-01
4.054054054054054279e-02 1.000000000000000000e+01 3.629111103713512421e+02 3.390981536957146658e-01
4.054054054054054279e-02 1.100000000000000000e+01 3.632082767784595490e+02 3.311473971092754875e-01
4.054054054054054279e-02 1.200000000000000000e+01 3.632082767784595490e+02 3.311473971092754875e-01
4.054054054054054279e-02 1.300000000000000000e+01 3.632066793739795685e+02 3.322651710629555000e-01
4.054054054054054279e-02 1.400000000000000000e+01 3.629792563617229462e+02 3.374369901622180645e-01
4.054054054054054279e-02 1.500000000000000000e+01 3.632066793739795685e+02 3.322651710629555000e-01
4.054054054054054279e-02 1.600000000000000000e+01 3.630649290978908539e+02 3.335819298507645136e-01
4.054054054054054279e-02 1.700000000000000000e+01 3.630649290978908539e+02 3.335819298507645136e-01
4.054054054054054279e-02 1.800000000000000000e+01 3.631521366536617279e+02 3.334601936275710110e-01
4.054054054054054279e-02 1.900000000000000000e+01 3.630649290978908539e+02 3.335819298507645136e-01
4.054054054054054279e-02 2.000000000000000000e+01 3.632082767784595490e+02 3.311473971092754875e-01
4.054054054054054279e-02 2.100000000000000000e+01 3.629111103713512421e+02 3.390981536957146658e-01
4.054054054054054279e-02 2.200000000000000000e+01 3.629872344434261322e+02 3.373158325003086100e-01
4.054054054054054279e-02 2.300000000000000000e+01 3.630649290978908539e+02 3.335819298507645136e-01
4.054054054054054279e-02 2.400000000000000000e+01 3.632066793739795685e+02 3.322651710629555000e-01
4.054054054054054279e-02 2.500000000000000000e+01 3.630767591297626495e+02 3.359880702464990709e-01
4.054054054054054279e-02 2.600000000000000000e+01 3.632094927132129669e+02 3.310303768109194578e-01
4.054054054054054279e-02 2.700000000000000000e+01 3.629872344434261322e+02 3.373158325003086100e-01
4.054054054054054279e-02 2.800000000000000000e+01 3.629872344434261322e+02 3.373158325003086100e-01
4.054054054054054279e-02 2.900000000000000000e+01 3.631495766341686249e+02 3.321440128710276829e-01
4.054054054054054279e-02 3.000000000000000000e+01 3.632066793739795685e+02 3.322651710629555000e-01
4.054054054054054279e-02 3.100000000000000000e+01 3.632094927132129669e+02 3.310303768109194578e-01
4.054054054054054279e-02 3.200000000000000000e+01 3.632082767784595490e+02 3.311473971092754875e-01
4.054054054054054279e-02 3.300000000000000000e+01 3.629872344434261322e+02 3.373158325003086100e-01
4.054054054054054279e-02 3.400000000000000000e+01 3.631521366536617279e+02 3.334601936275710110e-01
4.054054054054054279e-02 3.500000000000000000e+01 3.631021581590175629e+02 3.339903643205122674e-01
4.054054054054054279e-02 3.600000000000000000e+01 3.632066793739795685e+02 3.322651710629555000e-01
4.054054054054054279e-02 3.700000000000000000e+01 3.629872344434261322e+02 3.373158325003086100e-01
4.054054054054054279e-02 3.800000000000000000e+01 3.629792563617229462e+02 3.374369901622180645e-01
4.054054054054054279e-02 3.900000000000000000e+01 3.632099099457263947e+02 3.324063739406513673e-01
4.054054054054054279e-02 4.000000000000000000e+01 3.631495766341686249e+02 3.321440128710276829e-01
4.054054054054054279e-02 4.100000000000000000e+01 3.632094927132129669e+02 3.310303768109194578e-01
4.054054054054054279e-02 4.200000000000000000e+01 3.630649290978908539e+02 3.335819298507645136e-01
4.054054054054054279e-02 4.300000000000000000e+01 3.629872344434261322e+02 3.373158325003086100e-01
4.054054054054054279e-02 4.400000000000000000e+01 3.632066793739795685e+02 3.322651710629555000e-01
4.054054054054054279e-02 4.500000000000000000e+01 3.630649290978908539e+02 3.335819298507645136e-01
4.054054054054054279e-02 4.600000000000000000e+01 3.632099099457263947e+02 3.324063739406513673e-01
4.054054054054054279e-02 4.700000000000000000e+01 3.631521366536617279e+02 3.334601936275710110e-01
4.054054054054054279e-02 4.800000000000000000e+01 3.630649290978908539e+02 3.335819298507645136e-01
4.054054054054054279e-02 4.900000000000000000e+01 3.629792563617229462e+02 3.374369901622180645e-01
5.405405405405405705e-02 0.000000000000000000e+00 3.616852603852748871e+02 3.728433078379757570e-01
5.405405405405405705e-02 1.000000000000000000e+00 3.619389377534389496e+02 3.677379195335807038e-01
5.405405405405405705e-02 2.000000000000000000e+00 3.620442904531955719e+02 3.634424640578031163e-01
5.405405405405405705e-02 3.000000000000000000e+00 3.623948939144611359e+02 3.533777204671713079e-01
5.405405405405405705e-02 4.000000000000000000e+00 3.620849810540676117e+02 3.623323797783359890e-01
5.405405405405405705e-02 5.000000000000000000e+00 3.623948939144611359e+02 3.533777204671713079e-01
5.405405405405405705e-02 6.000000000000000000e+00 3.621551536023616791e+02 3.603393747330223551e-01
5.405405405405405705e-02 7.000000000000000000e+00 3.622871868312358856e+02 3.568627580960621049e-01
5.405405405405405705e-02 8.000000000000000000e+00 3.622871868312358856e+02 3.568627580960621049e-01
5.405405405405405705e-02 9.000000000000000000e+00 3.616852603852748871e+02 3.728433078379757570e-01
5.405405405405405705e-02 1.000000000000000000e+01 3.618542052805423737e+02 3.679810394987172995e-01
5.405405405405405705e-02 1.100000000000000000e+01 3.623054616153240204e+02 3.565390825504118344e-01
5.405405405405405705e-02 1.200000000000000000e+01 3.623054616153240204e+02 3.565390825504118344e-01
5.405405405405405705e-02 1.300000000000000000e+01 3.619718559086322784e+02 3.663923308863685224e-01
5.405405405405405705e-02 1.400000000000000000e+01 3.620849810540676117e+02 3.623323797783359890e-01
5.405405405405405705e-02 1.500000000000000000e+01 3.619718559086322784e+02 3.663923308863685224e-01
5.405405405405405705e-02 1.600000000000000000e+01 3.624059595167636871e+02 3.520074628903409608e-01
5.405405405405405705e-02 1.700000000000000000e+01 3.624059595167636871e+02 3.520074628903409608e-01
5.405405405405405705e-02 1.800000000000000000e+01 3.619699440896511078e+02 3.661247956892523248e-01
5.405405405405405705e-02 1.900000000000000000e+01 3.624059595167636871e+02 3.520074628903409608e-01
5.405405405405405705e-02 2.000000000000000000e+01 3.623054616153240204e+02 3.565390825504118344e-01
5.405405405405405705e-02 2.100000000000000000e+01 3.618542052805423737e+02 3.679810394987172995e-01
5.405405405405405705e-02 2.200000000000000000e+01 3.620442904531955719e+02 3.634424640578031163e-01
5.405405405405405705e-02 2.300000000000000000e+01 3.624059595167636871e+02 3.520074628903409608e-01
5.405405405405405705e-02 2.400000000000000000e+01 3.619718559086322784e+02 3.663923308863685224e-01
5.405405405405405705e-02 2.500000000000000000e+01 3.618847645819187164e+02 3.689819037885123110e-01
5.405405405405405705e-02 2.600000000000000000e+01 3.622871868312358856e+02 3.568627580960621049e-01
5.405405405405405705e-02 2.700000000000000000e+01 3.620442904531955719e+02 3.634424640578031163e-01
5.405405405405405705e-02 2.800000000000000000e+01 3.620442904531955719e+02 3.634424640578031163e-01
5.405405405405405705e-02 2.900000000000000000e+01 3.623948939144611359e+02 3.533777204671713079e-01
5.405405405405405705e-02 3.000000000000000000e+01 3.619718559086322784e+02 3.663923308863685224e-01
5.405405405405405705e-02 3.100000000000000000e+01 3.622871868312358856e+02 3.568627580960621049e-01
5.405405405405405705e-02 3.200000000000000000e+01 3.623054616153240204e+02 3.565390825504118344e-01
5.405405405405405705e-02 3.300000000000000000e+01 3.620442904531955719e+02 3.634424640578031163e-01
5.405405405405405705e-02 3.400000000000000000e+01 3.619699440896511078e+02 3.661247956892523248e-01
5.405405405405405705e-02 3.500000000000000000e+01 3.621551536023616791e+02 3.603393747330223551e-01
5.405405405405405705e-02 3.600000000000000000e+01 3.619718559086322784e+02 3.663923308863685224e-01
5.405405405405405705e-02 3.700000000000000000e+01 3.620442904531955719e+02 3.634424640578031163e-01
5.405405405405405705e-02 3.800000000000000000e+01 3.620849810540676117e+02 3.623323797783359890e-01
5.405405405405405705e-02 3.900000000000000000e+01 3.619832016527652740e+02 3.664250469423864787e-01
5.405405405405405705e-02 4.000000000000000000e+01 3.623948939144611359e+02 3.533777204671713079e-01
5.405405405405405705e-02 4.100000000000000000e+01 3.622871868312358856e+02 3.568627580960621049e-01
5.405405405405405705e-02 4.200000000000000000e+01 3.624059595167636871e+02 3.520074628903409608e-01
5.405405405405405705e-02 4.300000000000000000e+01 3.620442904531955719e+02 3.634424640578031163e-01
5.405405405405405705e-02 4.400000000000000000e+01 3.619718559086322784e+02 3.663923308863685224e-01
5.405405405405405705e-02 4.500000000000000000e+01 3.624059595167636871e+02 3.520074628903409608e-01
5.405405405405405705e-02 4.600000000000000000e+01 3.619832016527652740e+02 3.664250469423864787e-01
5.405405405405405705e-02 4.700000000000000000e+01 3.619699440896511078e+02 3.661247956892523248e-01
5.405405405405405705e-02 4.800000000000000000e+01 3.624059595167636871e+02 3.520074628903409608e-01
5.405405405405405705e-02 4.900000000000000000e+01 3.620849810540676117e+02 3.623323797783359890e-01
6.756756756756757132e-02 0.000000000000000000e+00 3.610871888697147369e+02 3.890298029168717253e-01
6.756756756756757132e-02 1.000000000000000000e+00 3.611985869705677032e+02 3.881991263382775226e-01
6.756756756756757132e-02 2.000000000000000000e+00 3.615672834217548370e+02 3.767635477476878325e-01
6.756756756756757132e-02 3.000000000000000000e+00 3.619967021048069000e+02 3.647581919899547942e-01
6.756756756756757132e-02 4.000000000000000000e+00 3.616364561021327972e+02 3.749461197363304077e-01
6.756756756756757132e-02 5.000000000000000000e+00 3.619967021048069000e+02 3.647581919899547942e-01
6.756756756756757132e-02 6.000000000000000000e+00 3.616460226476192474e+02 3.746045257935640138e-01
6.756756756756757132e-02 7.000000000000000000e+00 3.617743737995624542e+02 3.713371625043319635e-01
6.756756756756757132e-02 8.000000000000000000e+00 3.617743737995624542e+02 3.713371625043319635e-01
6.756756756756757132e-02 9.000000000000000000e+00 3.610871888697147369e+02 3.890298029168717253e-01
6.756756756756757132e-02 1.000000000000000000e+01 3.613041706383228302e+02 3.830584051783441635e-01
6.756756756756757132e-02 1.100000000000000000e+01 3.618036784231662750e+02 3.707741503965985008e-01
6.756756756756757132e-02 1.200000000000000000e+01 3.618036784231662750e+02 3.707741503965985008e-01
6.756756756756757132e-02 1.300000000000000000e+01 3.612188793718814850e+02 3.870680431954346967e-01
6.756756756756757132e-02 1.400000000000000000e+01 3.616364561021327972e+02 3.749461197363304077e-01
6.756756756756757132e-02 1.500000000000000000e+01 3.612188793718814850e+02 3.870680431954346967e-01
6.756756756756757132e-02 1.600000000000000000e+01 3.620467074215412140e+02 3.622506609102159603e-01
6.756756756756757132e-02 1.700000000000000000e+01 3.620467074215412140e+02 3.622506609102159603e-01
6.756756756756757132e-02 1.800000000000000000e+01 3.612690754234790802e+02 3.854144987056129512e-01
6.756756756756757132e-02 1.900000000000000000e+01 3.620467074215412140e+02 3.622506609102159603e-01
6.756756756756757132e-02 2.000000000000000000e+01 3.618036784231662750e+02 3.707741503965985008e-01
6.756756756756757132e-02 2.100000000000000000e+01 3.613041706383228302e+02 3.830584051783441635e-01
6.756756756756757132e-02 2.200000000000000000e+01 3.615672834217548370e+02 3.767635477476878325e-01
6.756756756756757132e-02 2.300000000000000000e+01 3.620467074215412140e+02 3.622506609102159603e-01
6.756756756756757132e-02 2.400000000000000000e+01 3.612188793718814850e+02 3.870680431954346967e-01
6.756756756756757132e-02 2.500000000000000000e+01 3.611816667020320892e+02 3.883612478997058304e-01
6.756756756756757132e-02 2.600000000000000000e+01 3.617743737995624542e+02 3.713371625043319635e-01
6.756756756756757132e-02 2.700000000000000000e+01 3.615672834217548370e+02 3.767635477476878325e-01
6.756756756756757132e-02 2.800000000000000000e+01 3.615672834217548370e+02 3.767635477476878325e-01
6.756756756756757132e-02 2.900000000000000000e+01 3.619967021048069000e+02 3.647581919899547942e-01
6.756756756756757132e-02 3.000000000000000000e+01 3.612188793718814850e+02 3.870680431954346967e-01
6.756756756756757132e-02 3.100000000000000000e+01 3.617743737995624542e+02 3.713371625043319635e-01
6.756756756756757132e-02 3.200000000000000000e+01 3.618036784231662750e+02 3.707741503965985008e-01
6.756756756756757132e-02 3.300000000000000000e+01 3.615672834217548370e+02 3.767635477476878325e-01
6.756756756756757132e-02 3.400000000000000000e+01 3.612690754234790802e+02 3.854144987056129512e-01
6.756756756756757132e-02 3.500000000000000000e+01 3.616460226476192474e+02 3.746045257935640138e-01
6.756756756756757132e-02 3.600000000000000000e+01 3.612188793718814850e+02 3.870680431954346967e-01
6.756756756756757132e-02 3.700000000000000000e+01 3.615672834217548370e+02 3.767635477476878325e-01
6.756756756756757132e-02 3.800000000000000000e+01 3.616364561021327972e+02 3.749461197363304077e-01
6.756756756756757132e-02 3.900000000000000000e+01 3.612314008176326752e+02 3.871404397827480359e-01
6.756756756756757132e-02 4.000000000000000000e+01 3.619967021048069000e+02 3.647581919899547942e-01
6.756756756756757132e-02 4.100000000000000000e+01 3.617743737995624542e+02 3.713371625043319635e-01
6.756756756756757132e-02 4.200000000000000000e+01 3.620467074215412140e+02 3.622506609102159603e-01
6.756756756756757132e-02 4.300000000000000000e+01 3.615672834217548370e+02 3.767635477476878325e-01
6.756756756756757132e-02 4.400000000000000000e+01 3.612188793718814850e+02 3.870680431954346967e-01
6.756756756756757132e-02 4.500000000000000000e+01 3.620467074215412140e+02 3.622506609102159603e-01
6.756756756756757132e-02 4.600000000000000000e+01 3.612314008176326752e+02 3.871404397827480359e-01
6.756756756756757132e-02 4.700000000000000000e+01 3.612690754234790802e+02 3.854144987056129512e-01
6.756756756756757132e-02 4.800000000000000000e+01 3.620467074215412140e+02 3.622506609102159603e-01
6.756756756756757132e-02 4.900000000000000000e+01 3.616364561021327972e+02 3.749461197363304077e-01
8.108108108108108558e-02 0.000000000000000000e+00 3.607907630503177643e+02 3.971924244032876139e-01
8.108108108108108558e-02 1.000000000000000000e+00 3.607485957443714142e+02 4.007579374866536703e-01
8.108108108108108558e-02 2.000000000000000000e+00 3.613188989460468292e+02 3.838616707601124611e-01
8.108108108108108558e-02 3.000000000000000000e+00 3.617366187274456024e+02 3.723913916367400656e-01
8.108108108108108558e-02 4.000000000000000000e+00 3.614018358290195465e+02 3.817096249575647748e-01
8.108108108108108558e-02 5.000000000000000000e+00 3.617366187274456024e+02 3.723913916367400656e-01
8.108108108108108558e-02 6.000000000000000000e+00 3.613560445606708527e+02 3.829014480180630287e-01
8.108108108108108558e-02 7.000000000000000000e+00 3.614655189216136932e+02 3.802367116725176577e-01
8.108108108108108558e-02 8.000000000000000000e+00 3.614655189216136932e+02 3.802367116725176577e-01
8.108108108108108558e-02 9.000000000000000000e+00 3.607907630503177643e+02 3.971924244032876139e-01
8.108108108108108558e-02 1.000000000000000000e+01 3.610145993530750275e+02 3.911489618626552978e-01
8.108108108108108558e-02 1.100000000000000000e+01 3.615030892193317413e+02 3.794859938291795243e-01
8.108108108108108558e-02 1.200000000000000000e+01 3.615030892193317413e+02 3.794859938291795243e-01
8.108108108108108558e-02 1.300000000000000000e+01 3.607596643269062042e+02 3.997926783209462265e-01
8.108108108108108558e-02 1.400000000000000000e+01 3.614018358290195465e+02 3.817096249575647748e-01
8.108108108108108558e-02 1.500000000000000000e+01 3.607596643269062042e+02 3.997926783209462265e-01
8.108108108108108558e-02 1.600000000000000000e+01 3.617657117545604706e+02 3.704853596798167725e-01
8.108108108108108558e-02 1.700000000000000000e+01 3.617657117545604706e+02 3.704853596798167725e-01
8.108108108108108558e-02 1.800000000000000000e+01 3.608540438115596771e+02 3.969710510674517856e-01
8.108108108108108558e-02 1.900000000000000000e+01 3.617657117545604706e+02 3.704853596798167725e-01
8.108108108108108558e-02 2.000000000000000000e+01 3.615030892193317413e+02 3.794859938291795243e-01
8.108108108108108558e-02 2.100000000000000000e+01 3.610145993530750275e+02 3.911489618626552978e-01
8.108108108108108558e-02 2.200000000000000000e+01 3.613188989460468292e+02 3.838616707601124611e-01
8.108108108108108558e-02 2.300000000000000000e+01 3.617657117545604706e+02 3.704853596798167725e-01
8.108108108108108558e-02 2.400000000000000000e+01 3.607596643269062042e+02 3.997926783209462265e-01
8.108108108108108558e-02 2.500000000000000000e+01 3.607747174799442291e+02 3.997122124256529685e-01
8.108108108108108558e-02 2.600000000000000000e+01 3.614655189216136932e+02 3.802367116725176577e-01
8.108108108108108558e-02 2.700000000000000000e+01 3.613188989460468292e+02 3.838616707601124611e-01
8.108108108108108558e-02 2.800000000000000000e+01 3.613188989460468292e+02 3.838616707601124611e-01
8.108108108108108558e-02 2.900000000000000000e+01 3.617366187274456024e+02 3.723913916367400656e-01
8.108108108108108558e-02 3.000000000000000000e+01 3.607596643269062042e+02 3.997926783209462265e-01
8.108108108108108558e-02 3.100000000000000000e+01 3.614655189216136932e+02 3.802367116725176577e-01
8.108108108108108558e-02 3.200000000000000000e+01 3.615030892193317413e+02 3.794859938291795243e-01
8.108108108108108558e-02 3.300000000000000000e+01 3.613188989460468292e+02 3.838616707601124611e-01
8.108108108108108558e-02 3.400000000000000000e+01 3.608540438115596771e+02 3.969710510674517856e-01
8.108108108108108558e-02 3.500000000000000000e+01 3.613560445606708527e+02 3.829014480180630287e-01
8.108108108108108558e-02 3.600000000000000000e+01 3.607596643269062042e+02 3.997926783209462265e-01
8.108108108108108558e-02 3.700000000000000000e+01 3.613188989460468292e+02 3.838616707601124611e-01
8.108108108108108558e-02 3.800000000000000000e+01 3.614018358290195465e+02 3.817096249575647748e-01
8.108108108108108558e-02 3.900000000000000000e+01 3.607725538313388824e+02 3.998988045594838447e-01
8.108108108108108558e-02 4.000000000000000000e+01 3.617366187274456024e+02 3.723913916367400656e-01
8.108108108108108558e-02 4.100000000000000000e+01 3.614655189216136932e+02 3.802367116725176577e-01
8.108108108108108558e-02 4.200000000000000000e+01 3.617657117545604706e+02 3.704853596798167725e-01
8.108108108108108558e-02 4.300000000000000000e+01 3.613188989460468292e+02 3.838616707601124611e-01
8.108108108108108558e-02 4.400000000000000000e+01 3.607596643269062042e+02 3.997926783209462265e-01
8.108108108108108558e-02 4.500000000000000000e+01 3.617657117545604706e+02 3.704853596798167725e-01
8.108108108108108558e-02 4.600000000000000000e+01 3.607725538313388824e+02 3.998988045594838447e-01
8.108108108108108558e-02 4.700000000000000000e+01 3.608540438115596771e+02 3.969710510674517856e-01
8.108108108108108558e-02 4.800000000000000000e+01 3.617657117545604706e+02 3.704853596798167725e-01
8.108108108108108558e-02 4.900000000000000000e+01 3.614018358290195465e+02 3.817096249575647748e-01
9.459459459459459985e-02 0.000000000000000000e+00 3.606475599110126495e+02 4.012453805708397492e-01
9.459459459459459985e-02 1.000000000000000000e+00 3.604799680411815643e+02 4.084081948283865837e-01
9.459459459459459985e-02 2.000000000000000000e+00 3.611737884581089020e+02 3.881395461818538117e-01
9.459459459459459985e-02 3.000000000000000000e+00 3.615205399692058563e+02 3.789307301030683806e-01
9.459459459459459985e-02 4.000000000000000000e+00 3.612602688372135162e+02 3.859248103771583116e-01
9.459459459459459985e-02 5.000000000000000000e+00 3.615205399692058563e+02 3.789307301030683806e-01
9.459459459459459985e-02 6.000000000000000000e+00 3.611708648502826691e+02 3.883531569369227388e-01
9.459459459459459985e-02 7.000000000000000000e+00 3.612551085650920868e+02 3.864694463865112617e-01
9.459459459459459985e-02 8.000000000000000000e+00 3.612551085650920868e+02 3.864694463865112617e-01
9.459459459459459985e-02 9.000000000000000000e+00 3.606475599110126495e+02 4.012453805708397492e-01
9.459459459459459985e-02 1.000000000000000000e+01 3.608535997569561005e+02 3.957741410444078900e-01
9.459459459459459985e-02 1.100000000000000000e+01 3.612999208271503448e+02 3.855436127583125594e-01
9.459459459459459985e-02 1.200000000000000000e+01 3.612999208271503448e+02 3.855436127583125594e-01
9.459459459459459985e-02 1.300000000000000000e+01 3.604814998805522919e+02 4.076511683500661509e-01
9.459459459459459985e-02 1.400000000000000000e+01 3.612602688372135162e+02 3.859248103771583116e-01
9.459459459459459985e-02 1.500000000000000000e+01 3.604814998805522919e+02 4.076511683500661509e-01
9.459459459459459985e-02 1.600000000000000000e+01 3.614910461008548737e+02 3.787680719227422554e-01
9.459459459459459985e-02 1.700000000000000000e+01 3.614910461008548737e+02 3.787680719227422554e-01
9.459459459459459985e-02 1.800000000000000000e+01 3.606095619499683380e+02 4.039273287469102858e-01
9.459459459459459985e-02 1.900000000000000000e+01 3.614910461008548737e+02 3.787680719227422554e-01
9.459459459459459985e-02 2.000000000000000000e+01 3.612999208271503448e+02 3.855436127583125594e-01
9.459459459459459985e-02 2.100000000000000000e+01 3.608535997569561005e+02 3.957741410444078900e-01
9.459459459459459985e-02 2.200000000000000000e+01 3.611737884581089020e+02 3.881395461818538117e-01
9.459459459459459985e-02 2.300000000000000000e+01 3.614910461008548737e+02 3.787680719227422554e-01
9.459459459459459985e-02 2.400000000000000000e+01 3.604814998805522919e+02 4.076511683500661509e-01
9.459459459459459985e-02 2.500000000000000000e+01 3.605460308492183685e+02 4.062364806547156260e-01
9.459459459459459985e-02 2.600000000000000000e+01 3.612551085650920868e+02 3.864694463865112617e-01
9.459459459459459985e-02 2.700000000000000000e+01 3.611737884581089020e+02 3.881395461818538117e-01
9.459459459459459985e-02 2.800000000000000000e+01 3.611737884581089020e+02 3.881395461818538117e-01
9.459459459459459985e-02 2.900000000000000000e+01 3.615205399692058563e+02 3.789307301030683806e-01
9.459459459459459985e-02 3.000000000000000000e+01 3.604814998805522919e+02 4.076511683500661509e-01
9.459459459459459985e-02 3.100000000000000000e+01 3.612551085650920868e+02 3.864694463865112617e-01
9.459459459459459985e-02 3.200000000000000000e+01 3.612999208271503448e+02 3.855436127583125594e-01
9.459459459459459985e-02 3.300000000000000000e+01 3.611737884581089020e+02 3.881395461818538117e-01
9.459459459459459985e-02 3.400000000000000000e+01 3.606095619499683380e+02 4.039273287469102858e-01
9.459459459459459985e-02 3.500000000000000000e+01 3.611708648502826691e+02 3.883531569369227388e-01
9.459459459459459985e-02 3.600000000000000000e+01 3.604814998805522919e+02 4.076511683500661509e-01
9.459459459459459985e-02 3.700000000000000000e+01 3.611737884581089020e+02 3.881395461818538117e-01
9.459459459459459985e-02 3.800000000000000000e+01 3.612602688372135162e+02 3.859248103771583116e-01
9.459459459459459985e-02 3.900000000000000000e+01 3.604958139359951019e+02 4.077449141964671897e-01
9.459459459459459985e-02 4.000000000000000000e+01 3.615205399692058563e+02 3.789307301030683806e-01
9.459459459459459985e-02 4.100000000000000000e+01 3.612551085650920868e+02 3.864694463865112617e-01
9.459459459459459985e-02 4.200000000000000000e+01 3.614910461008548737e+02 3.787680719227422554e-01
9.459459459459459985e-02 4.300000000000000000e+01 3.611737884581089020e+02 3.881395461818538117e-01
9.459459459459459985e-02 4.400000000000000000e+01 3.604814998805522919e+02 4.076511683500661509e-01
9.459459459459459985e-02 4.500000000000000000e+01 3.614910461008548737e+02 3.787680719227422554e-01
9.459459459459459985e-02 4.600000000000000000e+01 3.604958139359951019e+02 4.077449141964671897e-01
9.459459459459459985e-02 4.700000000000000000e+01 3.606095619499683380e+02 4.039273287469102858e-01
9.459459459459459985e-02 4.800000000000000000e+01 3.614910461008548737e+02 3.787680719227422554e-01
9.459459459459459985e-02 4.900000000000000000e+01 3.612602688372135162e+02 3.859248103771583116e-01
1.081081081081081141e-01 0.000000000000000000e+00 3.605768881738185883e+02 4.033098188764396297e-01
1.081081081081081141e-01 1.000000000000000000e+00 3.603243581950664520e+02 4.129609074630006815e-01
1.081081081081081141e-01 2.000000000000000000e+00 3.610690109431743622e+02 3.913390555097013834e-01
1.081081081081081141e-01 3.000000000000000000e+00 3.613140337169170380e+02 3.853831538565662962e-01
1.081081081081081141e-01 4.000000000000000000e+00 3.611523829400539398e+02 3.892552989712378397e-01
1.081081081081081141e-01 5.000000000000000000e+00 3.613140337169170380e+02 3.853831538565662962e-01
1.081081081081081141e-01 6.000000000000000000e+00 3.610325552523136139e+02 3.925600900993867493e-01
1.081081081081081141e-01 7.000000000000000000e+00 3.610904909670352936e+02 3.915017124039695262e-01
1.081081081081081141e-01 8.000000000000000000e+00 3.610904909670352936e+02 3.915017124039695262e-01
1.081081081081081141e-01 9.000000000000000000e+00 3.605768881738185883e+02 4.033098188764396297e-01
1.081081081081081141e-01 1.000000000000000000e+01 3.607519544661045074e+02 3.987898508943232834e-01
1.081081081081081141e-01 1.100000000000000000e+01 3.611418567597866058e+02 3.904105451286077888e-01
1.081081081081081141e-01 1.200000000000000000e+01 3.611418567597866058e+02 3.904105451286077888e-01
1.081081081081081141e-01 1.300000000000000000e+01 3.603154115378856659e+02 4.124663771263012979e-01
1.081081081081081141e-01 1.400000000000000000e+01 3.611523829400539398e+02 3.892552989712378397e-01
1.081081081081081141e-01 1.500000000000000000e+01 3.603154115378856659e+02 4.124663771263012979e-01
1.081081081081081141e-01 1.600000000000000000e+01 3.612117491662502289e+02 3.874287014978636257e-01
1.081081081081081141e-01 1.700000000000000000e+01 3.612117491662502289e+02 3.874287014978636257e-01
1.081081081081081141e-01 1.800000000000000000e+01 3.604665465652942657e+02 4.081102464626565896e-01
1.081081081081081141e-01 1.900000000000000000e+01 3.612117491662502289e+02 3.874287014978636257e-01
1.081081081081081141e-01 2.000000000000000000e+01 3.611418567597866058e+02 3.904105451286077888e-01
1.081081081081081141e-01 2.100000000000000000e+01 3.607519544661045074e+02 3.987898508943232834e-01
1.081081081081081141e-01 2.200000000000000000e+01 3.610690109431743622e+02 3.913390555097013834e-01
1.081081081081081141e-01 2.300000000000000000e+01 3.612117491662502289e+02 3.874287014978636257e-01
1.081081081081081141e-01 2.400000000000000000e+01 3.603154115378856659e+02 4.124663771263012979e-01
1.081081081081081141e-01 2.500000000000000000e+01 3.604230381548404694e+02 4.098482634051645590e-01
1.081081081081081141e-01 2.600000000000000000e+01 3.610904909670352936e+02 3.915017124039695262e-01
1.081081081081081141e-01 2.700000000000000000e+01 3.610690109431743622e+02 3.913390555097013834e-01
1.081081081081081141e-01 2.800000000000000000e+01 3.610690109431743622e+02 3.913390555097013834e-01
1.081081081081081141e-01 2.900000000000000000e+01 3.613140337169170380e+02 3.853831538565662962e-01
1.081081081081081141e-01 3.000000000000000000e+01 3.603154115378856659e+02 4.124663771263012979e-01
1.081081081081081141e-01 3.100000000000000000e+01 3.610904909670352936e+02 3.915017124039695262e-01
1.081081081081081141e-01 3.200000000000000000e+01 3.611418567597866058e+02 3.904105451286077888e-01
1.081081081081081141e-01 3.300000000000000000e+01 3.610690109431743622e+02 3.913390555097013834e-01
1.081081081081081141e-01 3.400000000000000000e+01 3.604665465652942657e+02 4.081102464626565896e-01
1.081081081081081141e-01 3.500000000000000000e+01 3.610325552523136139e+02 3.925600900993867493e-01
1.081081081081081141e-01 3.600000000000000000e+01 3.603154115378856659e+02 4.124663771263012979e-01
1.081081081081081141e-01 3.700000000000000000e+01 3.610690109431743622e+02 3.913390555097013834e-01
1.081081081081081141e-01 3.800000000000000000e+01 3.611523829400539398e+02 3.892552989712378397e-01
1.081081081081081141e-01 3.900000000000000000e+01 3.603323586285114288e+02 4.125020360868920655e-01
1.081081081081081141e-01 4.000000000000000000e+01 3.613140337169170380e+02 3.853831538565662962e-01
1.081081081081081141e-01 4.100000000000000000e+01 3.610904909670352936e+02 3.915017124039695262e-01
1.081081081081081141e-01 4.200000000000000000e+01 3.612117491662502289e+02 3.874287014978636257e-01
1.081081081081081141e-01 4.300000000000000000e+01 3.610690109431743622e+02 3.913390555097013834e-01
1.081081081081081141e-01 4.400000000000000000e+01 3.603154115378856659e+02 4.124663771263012979e-01
1.081081081081081141e-01 4.500000000000000000e+01 3.612117491662502289e+02 3.874287014978636257e-01
1.081081081081081141e-01 4.600000000000000000e+01 3.603323586285114288e+02 4.125020360868920655e-01
1.081081081081081141e-01 4.700000000000000000e+01 3.604665465652942657e+02 4.081102464626565896e-01
1.081081081081081141e-01 4.800000000000000000e+01 3.612117491662502289e+02 3.874287014978636257e-01
1.081081081081081141e-01 4.900000000000000000e+01 3.611523829400539398e+02 3.892552989712378397e-01
1.216216216216216284e-01 0.000000000000000000e+00 3.605359427630901337e+02 4.045445149729975931e-01
1.216216216216216284e-01 1.000000000000000000e+00 3.602383248507976532e+02 4.155545377525030060e-01
1.216216216216216284e-01 2.000000000000000000e+00 3.609751828014850616e+02 3.943146766247046520e-01
1.216216216216216284e-01 3.000000000000000000e+00 3.611091621220111847e+02 3.919933622201184353e-01
1.216216216216216284e-01 4.000000000000000000e+00 3.610515139997005463e+02 3.924910479415438802e-01
1.216216216216216284e-01 5.000000000000000000e+00 3.611091621220111847e+02 3.919933622201184353e-01
1.216216216216216284e-01 6.000000000000000000e+00 3.609131641685962677e+02 3.963220592458427394e-01
1.216216216216216284e-01 7.000000000000000000e+00 3.609465889632701874e+02 3.960524041529689954e-01
1.216216216216216284e-01 8.000000000000000000e+00 3.609465889632701874e+02 3.960524041529689954e-01
1.216216216216216284e-01 9.000000000000000000e+00 3.605359427630901337e+02 4.045445149729975931e-01
1.216216216216216284e-01 1.000000000000000000e+01 3.606743939220905304e+02 4.011730507430467108e-01
1.216216216216216284e-01 1.100000000000000000e+01 3.610037676990032196e+02 3.948119894153975795e-01
1.216216216216216284e-01 1.200000000000000000e+01 3.610037676990032196e+02 3.948119894153975795e-01
1.216216216216216284e-01 1.300000000000000000e+01 3.602183587849140167e+02 4.153627420937225923e-01
1.216216216216216284e-01 1.400000000000000000e+01 3.610515139997005463e+02 3.924910479415438802e-01
1.216216216216216284e-01 1.500000000000000000e+01 3.602183587849140167e+02 4.153627420937225923e-01
1.216216216216216284e-01 1.600000000000000000e+01 3.609375290572643280e+02 3.961667545399794044e-01
1.216216216216216284e-01 1.700000000000000000e+01 3.609375290572643280e+02 3.961667545399794044e-01
1.216216216216216284e-01 1.800000000000000000e+01 3.603830359876155853e+02 4.106267811065673623e-01
1.216216216216216284e-01 1.900000000000000000e+01 3.609375290572643280e+02 3.961667545399794044e-01
1.216216216216216284e-01 2.000000000000000000e+01 3.610037676990032196e+02 3.948119894153975795e-01
1.216216216216216284e-01 2.100000000000000000e+01 3.606743939220905304e+02 4.011730507430467108e-01
1.216216216216216284e-01 2.200000000000000000e+01 3.609751828014850616e+02 3.943146766247046520e-01
1.216216216216216284e-01 2.300000000000000000e+01 3.609375290572643280e+02 3.961667545399794044e-01
1.216216216216216284e-01 2.400000000000000000e+01 3.602183587849140167e+02 4.153627420937225923e-01
1.216216216216216284e-01 2.500000000000000000e+01 3.603609286248683929e+02 4.117282591732222552e-01
1.216216216216216284e-01 2.600000000000000000e+01 3.609465889632701874e+02 3.960524041529689954e-01
1.216216216216216284e-01 2.700000000000000000e+01 3.609751828014850616e+02 3.943146766247046520e-01
1.216216216216216284e-01 2.800000000000000000e+01 3.609751828014850616e+02 3.943146766247046520e-01
1.216216216216216284e-01 2.900000000000000000e+01 3.611091621220111847e+02 3.919933622201184353e-01
1.216216216216216284e-01 3.000000000000000000e+01 3.602183587849140167e+02 4.153627420937225923e-01
1.216216216216216284e-01 3.100000000000000000e+01 3.609465889632701874e+02 3.960524041529689954e-01
1.216216216216216284e-01 3.200000000000000000e+01 3.610037676990032196e+02 3.948119894153975795e-01
1.216216216216216284e-01 3.300000000000000000e+01 3.609751828014850616e+02 3.943146766247046520e-01
1.216216216216216284e-01 3.400000000000000000e+01 3.603830359876155853e+02 4.106267811065673623e-01
1.216216216216216284e-01 3.500000000000000000e+01 3.609131641685962677e+02 3.963220592458427394e-01
1.216216216216216284e-01 3.600000000000000000e+01 3.602183587849140167e+02 4.153627420937225923e-01
1.216216216216216284e-01 3.700000000000000000e+01 3.609751828014850616e+02 3.943146766247046520e-01
1.216216216216216284e-01 3.800000000000000000e+01 3.610515139997005463e+02 3.924910479415438802e-01
1.216216216216216284e-01 3.900000000000000000e+01 3.602387763559818268e+02 4.153065515150786702e-01
1.216216216216216284e-01 4.000000000000000000e+01 3.611091621220111847e+02 3.919933622201184353e-01
1.216216216216216284e-01 4.100000000000000000e+01 3.609465889632701874e+02 3.960524041529689954e-01
1.216216216216216284e-01 4.200000000000000000e+01 3.609375290572643280e+02 3.961667545399794044e-01
1.216216216216216284e-01 4.300000000000000000e+01 3.609751828014850616e+02 3.943146766247046520e-01
1.216216216216216284e-01 4.400000000000000000e+01 3.602183587849140167e+02 4.153627420937225923e-01
1.216216216216216284e-01 4.500000000000000000e+01 3.609375290572643280e+02 3.961667545399794044e-01
1.216216216216216284e-01 4.600000000000000000e+01 3.602387763559818268e+02 4.153065515150786702e-01
1.216216216216216284e-01 4.700000000000000000e+01 3.603830359876155853e+02 4.106267811065673623e-01
1.216216216216216284e-01 4.800000000000000000e+01 3.609375290572643280e+02 3.961667545399794044e-01
1.216216216216216284e-01 4.900000000000000000e+01 3.610515139997005463e+02 3.924910479415438802e-01
1.351351351351351426e-01 0.000000000000000000e+00 3.605030067265033722e+02 4.055727050810898904e-01
1.351351351351351426e-01 1.000000000000000000e+00 3.601940460503101349e+02 4.169253289514630589e-01
1.351351351351351426e-01 2.000000000000000000e+00 3.608803592622280121e+02 3.974438353999914519e-01
1.351351351351351426e-01 3.000000000000000000e+00 3.609083764255046844e+02 3.986832426150697106e-01
1.351351351351351426e-01 4.000000000000000000e+00 3.609477035701274872e+02 3.959566148459473522e-01
1.351351351351351426e-01 5.000000000000000000e+00 3.609083764255046844e+02 3.986832426150697106e-01
1.351351351351351426e-01 6.000000000000000000e+00 3.608003608882427216e+02 4.000113485117741674e-01
1.351351351351351426e-01 7.000000000000000000e+00 3.608124665915966034e+02 4.004477353114129778e-01
1.351351351351351426e-01 8.000000000000000000e+00 3.608124665915966034e+02 4.004477353114129778e-01
1.351351351351351426e-01 9.000000000000000000e+00 3.605030067265033722e+02 4.055727050810898904e-01
1.351351351351351426e-01 1.000000000000000000e+01 3.606039218604564667e+02 4.034223871708959575e-01
1.351351351351351426e-01 1.100000000000000000e+01 3.608746178448200226e+02 3.990805977426829521e-01
1.351351351351351426e-01 1.200000000000000000e+01 3.608746178448200226e+02 3.990805977426829521e-01
1.351351351351351426e-01 1.300000000000000000e+01 3.601631127297878265e+02 4.170570861609552704e-01
1.351351351351351426e-01 1.400000000000000000e+01 3.609477035701274872e+02 3.959566148459473522e-01
1.351351351351351426e-01 1.500000000000000000e+01 3.601631127297878265e+02 4.170570861609552704e-01
1.351351351351351426e-01 1.600000000000000000e+01 3.606816627085208893e+02 4.045458671134448125e-01
1.351351351351351426e-01 1.700000000000000000e+01 3.606816627085208893e+02 4.045458671134448125e-01
1.351351351351351426e-01 1.800000000000000000e+01 3.603333599865436554e+02 4.121662606052242661e-01
1.351351351351351426e-01 1.900000000000000000e+01 3.606816627085208893e+02 4.045458671134448125e-01
1.351351351351351426e-01 2.000000000000000000e+01 3.608746178448200226e+02 3.990805977426829521e-01
1.351351351351351426e-01 2.100000000000000000e+01 3.606039218604564667e+02 4.034223871708959575e-01
1.351351351351351426e-01 2.200000000000000000e+01 3.608803592622280121e+02 3.974438353999914519e-01
1.351351351351351426e-01 2.300000000000000000e+01 3.606816627085208893e+02 4.045458671134448125e-01
1.351351351351351426e-01 2.400000000000000000e+01 3.601631127297878265e+02 4.170570861609552704e-01
1.351351351351351426e-01 2.500000000000000000e+01 3.603320948779582977e+02 4.126198294262019006e-01
1.351351351351351426e-01 2.600000000000000000e+01 3.608124665915966034e+02 4.004477353114129778e-01
1.351351351351351426e-01 2.700000000000000000e+01 3.608803592622280121e+02 3.974438353999914519e-01
1.351351351351351426e-01 2.800000000000000000e+01 3.608803592622280121e+02 3.974438353999914519e-01
1.351351351351351426e-01 2.900000000000000000e+01 3.609083764255046844e+02 3.986832426150697106e-01
1.351351351351351426e-01 3.000000000000000000e+01 3.601631127297878265e+02 4.170570861609552704e-01
1.351351351351351426e-01 3.100000000000000000e+01 3.608124665915966034e+02 4.004477353114129778e-01
1.351351351351351426e-01 3.200000000000000000e+01 3.608746178448200226e+02 3.990805977426829521e-01
1.351351351351351426e-01 3.300000000000000000e+01 3.608803592622280121e+02 3.974438353999914519e-01
1.351351351351351426e-01 3.400000000000000000e+01 3.603333599865436554e+02 4.121662606052242661e-01
1.351351351351351426e-01 3.500000000000000000e+01 3.608003608882427216e+02 4.000113485117741674e-01
1.351351351351351426e-01 3.600000000000000000e+01 3.601631127297878265e+02 4.170570861609552704e-01
1.351351351351351426e-01 3.700000000000000000e+01 3.608803592622280121e+02 3.974438353999914519e-01
1.351351351351351426e-01 3.800000000000000000e+01 3.609477035701274872e+02 3.959566148459473522e-01
1.351351351351351426e-01 3.900000000000000000e+01 3.601874090731143951e+02 4.168885686571470739e-01
1.351351351351351426e-01 4.000000000000000000e+01 3.609083764255046844e+02 3.986832426150697106e-01
1.351351351351351426e-01 4.100000000000000000e+01 3.608124665915966034e+02 4.004477353114129778e-01
1.351351351351351426e-01 4.200000000000000000e+01 3.606816627085208893e+02 4.045458671134448125e-01
1.351351351351351426e-01 4.300000000000000000e+01 3.608803592622280121e+02 3.974438353999914519e-01
1.351351351351351426e-01 4.400000000000000000e+01 3.601631127297878265e+02 4.170570861609552704e-01
1.351351351351351426e-01 4.500000000000000000e+01 3.606816627085208893e+02 4.045458671134448125e-01
1.351351351351351426e-01 4.600000000000000000e+01 3.601874090731143951e+02 4.168885686571470739e-01
1.351351351351351426e-01 4.700000000000000000e+01 3.603333599865436554e+02 4.121662606052242661e-01
1.351351351351351426e-01 4.800000000000000000e+01 3.606816627085208893e+02 4.045458671134448125e-01
1.351351351351351426e-01 4.900000000000000000e+01 3.609477035701274872e+02 3.959566148459473522e-01
1.486486486486486569e-01 0.000000000000000000e+00 3.604679740965366364e+02 4.067138328428070437e-01
1.486486486486486569e-01 1.000000000000000000e+00 3.601736761629581451e+02 4.175590871489296974e-01
1.486486486486486569e-01 2.000000000000000000e+00 3.607812561094760895e+02 4.008513206205192581e-01
1.486486486486486569e-01 3.000000000000000000e+00 3.607170365750789642e+02 4.052682032769175380e-01
1.486486486486486569e-01 4.000000000000000000e+00 3.608390517532825470e+02 3.997346269028863586e-01
1.486486486486486569e-01 5.000000000000000000e+00 3.607170365750789642e+02 4.052682032769175380e-01
1.486486486486486569e-01 6.000000000000000000e+00 3.606897152960300446e+02 4.037731821564766732e-01
1.486486486486486569e-01 7.000000000000000000e+00 3.606842048466205597e+02 4.048093028325513432e-01
1.486486486486486569e-01 8.000000000000000000e+00 3.606842048466205597e+02 4.048093028325513432e-01
1.486486486486486569e-01 9.000000000000000000e+00 3.604679740965366364e+02 4.067138328428070437e-01
1.486486486486486569e-01 1.000000000000000000e+01 3.605332352221012115e+02 4.057729876900673660e-01
1.486486486486486569e-01 1.100000000000000000e+01 3.607504360377788544e+02 4.033421830743725289e-01
1.486486486486486569e-01 1.200000000000000000e+01 3.607504360377788544e+02 4.033421830743725289e-01
1.486486486486486569e-01 1.300000000000000000e+01 3.601323314011096954e+02 4.180176887781461570e-01
1.486486486486486569e-01 1.400000000000000000e+01 3.608390517532825470e+02 3.997346269028863586e-01
1.486486486486486569e-01 1.500000000000000000e+01 3.601323314011096954e+02 4.180176887781461570e-01
1.486486486486486569e-01 1.600000000000000000e+01 3.604544796049594879e+02 4.122000666891730281e-01
1.486486486486486569e-01 1.700000000000000000e+01 3.604544796049594879e+02 4.122000666891730281e-01
1.486486486486486569e-01 1.800000000000000000e+01 3.603018261492252350e+02 4.131657123659390196e-01
1.486486486486486569e-01 1.900000000000000000e+01 3.604544796049594879e+02 4.122000666891730281e-01
1.486486486486486569e-01 2.000000000000000000e+01 3.607504360377788544e+02 4.033421830743725289e-01
1.486486486486486569e-01 2.100000000000000000e+01 3.605332352221012115e+02 4.057729876900673660e-01
1.486486486486486569e-01 2.200000000000000000e+01 3.607812561094760895e+02 4.008513206205192581e-01
1.486486486486486569e-01 2.300000000000000000e+01 3.604544796049594879e+02 4.122000666891730281e-01
1.486486486486486569e-01 2.400000000000000000e+01 3.601323314011096954e+02 4.180176887781461570e-01
1.486486486486486569e-01 2.500000000000000000e+01 3.603197000920772552e+02 4.129964749847294114e-01
1.486486486486486569e-01 2.600000000000000000e+01 3.606842048466205597e+02 4.048093028325513432e-01
1.486486486486486569e-01 2.700000000000000000e+01 3.607812561094760895e+02 4.008513206205192581e-01
1.486486486486486569e-01 2.800000000000000000e+01 3.607812561094760895e+02 4.008513206205192581e-01
1.486486486486486569e-01 2.900000000000000000e+01 3.607170365750789642e+02 4.052682032769175380e-01
1.486486486486486569e-01 3.000000000000000000e+01 3.601323314011096954e+02 4.180176887781461570e-01
1.486486486486486569e-01 3.100000000000000000e+01 3.606842048466205597e+02 4.048093028325513432e-01
1.486486486486486569e-01 3.200000000000000000e+01 3.607504360377788544e+02 4.033421830743725289e-01
1.486486486486486569e-01 3.300000000000000000e+01 3.607812561094760895e+02 4.008513206205192581e-01
1.486486486486486569e-01 3.400000000000000000e+01 3.603018261492252350e+02 4.131657123659390196e-01
1.486486486486486569e-01 3.500000000000000000e+01 3.606897152960300446e+02 4.037731821564766732e-01
1.486486486486486569e-01 3.600000000000000000e+01 3.601323314011096954e+02 4.180176887781461570e-01
1.486486486486486569e-01 3.700000000000000000e+01 3.607812561094760895e+02 4.008513206205192581e-01
1.486486486486486569e-01 3.800000000000000000e+01 3.608390517532825470e+02 3.997346269028863586e-01
1.486486486486486569e-01 3.900000000000000000e+01 3.601605586707592010e+02 4.177275341759256744e-01
1.486486486486486569e-01 4.000000000000000000e+01 3.607170365750789642e+02 4.052682032769175380e-01
1.486486486486486569e-01 4.100000000000000000e+01 3.606842048466205597e+02 4.048093028325513432e-01
1.486486486486486569e-01 4.200000000000000000e+01 3.604544796049594879e+02 4.122000666891730281e-01
1.486486486486486569e-01 4.300000000000000000e+01 3.607812561094760895e+02 4.008513206205192581e-01
1.486486486486486569e-01 4.400000000000000000e+01 3.601323314011096954e+02 4.180176887781461570e-01
1.486486486486486569e-01 4.500000000000000000e+01 3.604544796049594879e+02 4.122000666891730281e-01
1.486486486486486569e-01 4.600000000000000000e+01 3.601605586707592010e+02 4.177275341759256744e-01
1.486486486486486569e-01 4.700000000000000000e+01 3.603018261492252350e+02 4.131657123659390196e-01
1.486486486486486569e-01 4.800000000000000000e+01 3.604544796049594879e+02 4.122000666891730281e-01
1.486486486486486569e-01 4.900000000000000000e+01 3.608390517532825470e+02 3.997346269028863586e-01
1.621621621621621712e-01 0.000000000000000000e+00 3.604269824922084808e+02 4.081143404858523782e-01
1.621621621621621712e-01 1.000000000000000000e+00 3.601658321917057037e+02 4.177807589372407038e-01
1.621621621621621712e-01 2.000000000000000000e+00 3.606785558164119720e+02 4.045336640377664161e-01
1.621621621621621712e-01 3.000000000000000000e+00 3.605401836335659027e+02 4.115594165302743912e-01
1.621621621621621712e-01 4.000000000000000000e+00 3.607271619141101837e+02 4.037892905176624914e-01
1.621621621621621712e-01 5.000000000000000000e+00 3.605401836335659027e+02 4.115594165302743912e-01
1.621621621621621712e-01 6.000000000000000000e+00 3.605805613100528717e+02 4.076356080189758035e-01
1.621621621621621712e-01 7.000000000000000000e+00 3.605611570179462433e+02 4.091560953546175550e-01
1.621621621621621712e-01 8.000000000000000000e+00 3.605611570179462433e+02 4.091560953546175550e-01
1.621621621621621712e-01 9.000000000000000000e+00 3.604269824922084808e+02 4.081143404858523782e-01
1.621621621621621712e-01 1.000000000000000000e+01 3.604600064456462860e+02 4.083154340042066677e-01
1.621621621621621712e-01 1.100000000000000000e+01 3.606305800378322601e+02 4.076175543198181650e-01
1.621621621621621712e-01 1.200000000000000000e+01 3.606305800378322601e+02 4.076175543198181650e-01
1.621621621621621712e-01 1.300000000000000000e+01 3.601149700582027435e+02 4.185557517550059226e-01
1.621621621621621712e-01 1.400000000000000000e+01 3.607271619141101837e+02 4.037892905176624914e-01
1.621621621621621712e-01 1.500000000000000000e+01 3.601149700582027435e+02 4.185557517550059226e-01
1.621621621621621712e-01 1.600000000000000000e+01 3.602615810930728912e+02 4.188994751077989576e-01
1.621621621621621712e-01 1.700000000000000000e+01 3.602615810930728912e+02 4.188994751077989576e-01
1.621621621621621712e-01 1.800000000000000000e+01 3.602789409458637238e+02 4.139050038539685006e-01
1.621621621621621712e-01 1.900000000000000000e+01 3.602615810930728912e+02 4.188994751077989576e-01
1.621621621621621712e-01 2.000000000000000000e+01 3.606305800378322601e+02 4.076175543198181650e-01
1.621621621621621712e-01 2.100000000000000000e+01 3.604600064456462860e+02 4.083154340042066677e-01
1.621621621621621712e-01 2.200000000000000000e+01 3.606785558164119720e+02 4.045336640377664161e-01
1.621621621621621712e-01 2.300000000000000000e+01 3.602615810930728912e+02 4.188994751077989576e-01
1.621621621621621712e-01 2.400000000000000000e+01 3.601149700582027435e+02 4.185557517550059226e-01
1.621621621621621712e-01 2.500000000000000000e+01 3.603136800229549408e+02 4.131607547090880850e-01
1.621621621621621712e-01 2.600000000000000000e+01 3.605611570179462433e+02 4.091560953546175550e-01
1.621621621621621712e-01 2.700000000000000000e+01 3.606785558164119720e+02 4.045336640377664161e-01
1.621621621621621712e-01 2.800000000000000000e+01 3.606785558164119720e+02 4.045336640377664161e-01
1.621621621621621712e-01 2.900000000000000000e+01 3.605401836335659027e+02 4.115594165302743912e-01
1.621621621621621712e-01 3.000000000000000000e+01 3.601149700582027435e+02 4.185557517550059226e-01
1.621621621621621712e-01 3.100000000000000000e+01 3.605611570179462433e+02 4.091560953546175550e-01
1.621621621621621712e-01 3.200000000000000000e+01 3.606305800378322601e+02 4.076175543198181650e-01
1.621621621621621712e-01 3.300000000000000000e+01 3.606785558164119720e+02 4.045336640377664161e-01
1.621621621621621712e-01 3.400000000000000000e+01 3.602789409458637238e+02 4.139050038539685006e-01
1.621621621621621712e-01 3.500000000000000000e+01 3.605805613100528717e+02 4.076356080189758035e-01
1.621621621621621712e-01 3.600000000000000000e+01 3.601149700582027435e+02 4.185557517550059226e-01
1.621621621621621712e-01 3.700000000000000000e+01 3.606785558164119720e+02 4.045336640377664161e-01
1.621621621621621712e-01 3.800000000000000000e+01 3.607271619141101837e+02 4.037892905176624914e-01
1.621621621621621712e-01 3.900000000000000000e+01 3.601469345390796661e+02 4.181431788500959978e-01
1.621621621621621712e-01 4.000000000000000000e+01 3.605401836335659027e+02 4.115594165302743912e-01
1.621621621621621712e-01 4.100000000000000000e+01 3.605611570179462433e+02 4.091560953546175550e-01
1.621621621621621712e-01 4.200000000000000000e+01 3.602615810930728912e+02 4.188994751077989576e-01
1.621621621621621712e-01 4.300000000000000000e+01 3.606785558164119720e+02 4.045336640377664161e-01
1.621621621621621712e-01 4.400000000000000000e+01 3.601149700582027435e+02 4.185557517550059226e-01
1.621621621621621712e-01 4.500000000000000000e+01 3.602615810930728912e+02 4.188994751077989576e-01
1.621621621621621712e-01 4.600000000000000000e+01 3.601469345390796661e+02 4.181431788500959978e-01
1.621621621621621712e-01 4.700000000000000000e+01 3.602789409458637238e+02 4.139050038539685006e-01
1.621621621621621712e-01 4.800000000000000000e+01 3.602615810930728912e+02 4.188994751077989576e-01
1.621621621621621712e-01 4.900000000000000000e+01 3.607271619141101837e+02 4.037892905176624914e-01
1.756756756756756854e-01 0.000000000000000000e+00 3.603793971240520477e+02 4.098234519455963287e-01
1.756756756756756854e-01 1.000000000000000000e+00 3.601633571088314056e+02 4.178094301204799410e-01
1.756756756756756854e-01 2.000000000000000000e+00 3.605744667351245880e+02 4.084283300727432620e-01
1.756756756756756854e-01 3.000000000000000000e+00 3.603813566267490387e+02 4.174069561617016477e-01
1.756756756756756854e-01 4.000000000000000000e+00 3.606148160994052887e+02 4.080344506196510457e-01
1.756756756756756854e-01 5.000000000000000000e+00 3.603813566267490387e+02 4.174069561617016477e-01
1.756756756756756854e-01 6.000000000000000000e+00 3.604738302528858185e+02 4.115705434416563335e-01
1.756756756756756854e-01 7.000000000000000000e+00 3.604440040886402130e+02 4.134601487724926527e-01
1.756756756756756854e-01 8.000000000000000000e+00 3.604440040886402130e+02 4.134601487724926527e-01
1.756756756756756854e-01 9.000000000000000000e+00 3.603793971240520477e+02 4.098234519455963287e-01
1.756756756756756854e-01 1.000000000000000000e+01 3.603843249380588531e+02 4.110633160825749588e-01
1.756756756756756854e-01 1.100000000000000000e+01 3.605157755315303802e+02 4.118786041187650349e-01
1.756756756756756854e-01 1.200000000000000000e+01 3.605157755315303802e+02 4.118786041187650349e-01
1.756756756756756854e-01 1.300000000000000000e+01 3.601040549576282501e+02 4.188804554174975214e-01
1.756756756756756854e-01 1.400000000000000000e+01 3.606148160994052887e+02 4.080344506196510457e-01
1.756756756756756854e-01 1.500000000000000000e+01 3.601040549576282501e+02 4.188804554174975214e-01
1.756756756756756854e-01 1.600000000000000000e+01 3.601041488349437714e+02 4.245501547245278395e-01
1.756756756756756854e-01 1.700000000000000000e+01 3.601041488349437714e+02 4.245501547245278395e-01
1.756756756756756854e-01 1.800000000000000000e+01 3.602590836584568024e+02 4.145636612695576262e-01
1.756756756756756854e-01 1.900000000000000000e+01 3.601041488349437714e+02 4.245501547245278395e-01
1.756756756756756854e-01 2.000000000000000000e+01 3.605157755315303802e+02 4.118786041187650349e-01
1.756756756756756854e-01 2.100000000000000000e+01 3.603843249380588531e+02 4.110633160825749588e-01
1.756756756756756854e-01 2.200000000000000000e+01 3.605744667351245880e+02 4.084283300727432620e-01
1.756756756756756854e-01 2.300000000000000000e+01 3.601041488349437714e+02 4.245501547245278395e-01
1.756756756756756854e-01 2.400000000000000000e+01 3.601040549576282501e+02 4.188804554174975214e-01
1.756756756756756854e-01 2.500000000000000000e+01 3.603082366287708282e+02 4.133050090207587846e-01
1.756756756756756854e-01 2.600000000000000000e+01 3.604440040886402130e+02 4.134601487724926527e-01
1.756756756756756854e-01 2.700000000000000000e+01 3.605744667351245880e+02 4.084283300727432620e-01
1.756756756756756854e-01 2.800000000000000000e+01 3.605744667351245880e+02 4.084283300727432620e-01
1.756756756756756854e-01 2.900000000000000000e+01 3.603813566267490387e+02 4.174069561617016477e-01
1.756756756756756854e-01 3.000000000000000000e+01 3.601040549576282501e+02 4.188804554174975214e-01
1.756756756756756854e-01 3.100000000000000000e+01 3.604440040886402130e+02 4.134601487724926527e-01
1.756756756756756854e-01 3.200000000000000000e+01 3.605157755315303802e+02 4.118786041187650349e-01
1.756756756756756854e-01 3.300000000000000000e+01 3.605744667351245880e+02 4.084283300727432620e-01
1.756756756756756854e-01 3.400000000000000000e+01 3.602590836584568024e+02 4.145636612695576262e-01
1.756756756756756854e-01 3.500000000000000000e+01 3.604738302528858185e+02 4.115705434416563335e-01
1.756756756756756854e-01 3.600000000000000000e+01 3.601040549576282501e+02 4.188804554174975214e-01
1.756756756756756854e-01 3.700000000000000000e+01 3.605744667351245880e+02 4.084283300727432620e-01
1.756756756756756854e-01 3.800000000000000000e+01 3.606148160994052887e+02 4.080344506196510457e-01
1.756756756756756854e-01 3.900000000000000000e+01 3.601394109427928925e+02 4.183507351400643226e-01
1.756756756756756854e-01 4.000000000000000000e+01 3.603813566267490387e+02 4.174069561617016477e-01
1.756756756756756854e-01 4.100000000000000000e+01 3.604440040886402130e+02 4.134601487724926527e-01
1.756756756756756854e-01 4.200000000000000000e+01 3.601041488349437714e+02 4.245501547245278395e-01
1.756756756756756854e-01 4.300000000000000000e+01 3.605744667351245880e+02 4.084283300727432620e-01
1.756756756756756854e-01 4.400000000000000000e+01 3.601040549576282501e+02 4.188804554174975214e-01
1.756756756756756854e-01 4.500000000000000000e+01 3.601041488349437714e+02 4.245501547245278395e-01
1.756756756756756854e-01 4.600000000000000000e+01 3.601394109427928925e+02 4.183507351400643226e-01
1.756756756756756854e-01 4.700000000000000000e+01 3.602590836584568024e+02 4.145636612695576262e-01
1.756756756756756854e-01 4.800000000000000000e+01 3.601041488349437714e+02 4.245501547245278395e-01
1.756756756756756854e-01 4.900000000000000000e+01 3.606148160994052887e+02 4.080344506196510457e-01
1.891891891891891997e-01 0.000000000000000000e+00 3.603261180222034454e+02 4.118374018118486912e-01
1.891891891891891997e-01 1.000000000000000000e+00 3.601618669927120209e+02 4.177931285535051442e-01
1.891891891891891997e-01 2.000000000000000000e+00 3.604715056717395782e+02 4.124518320240354585e-01
1.891891891891891997e-01 3.000000000000000000e+00 3.602423585951328278e+02 4.227125039970484055e-01
1.891891891891891997e-01 4.000000000000000000e+00 3.605048500001430511e+02 4.123704470467964289e-01
1.891891891891891997e-01 5.000000000000000000e+00 3.602423585951328278e+02 4.227125039970484055e-01
1.891891891891891997e-01 6.000000000000000000e+00 3.603709317743778229e+02 4.155273090261669133e-01
1.891891891891891997e-01 7.000000000000000000e+00 3.603337757289409637e+02 4.176766514039476075e-01
1.891891891891891997e-01 8.000000000000000000e+00 3.603337757289409637e+02 4.176766514039476075e-01
1.891891891891891997e-01 9.000000000000000000e+00 3.603261180222034454e+02 4.118374018118486912e-01
1.891891891891891997e-01 1.000000000000000000e+01 3.603073082864284515e+02 4.139916224299888814e-01
1.891891891891891997e-01 1.100000000000000000e+01 3.604071341454982758e+02 4.160791904544928754e-01
1.891891891891891997e-01 1.200000000000000000e+01 3.604071341454982758e+02 4.160791904544928754e-01
1.891891891891891997e-01 1.300000000000000000e+01 3.600952662527561188e+02 4.191332269890841733e-01
1.891891891891891997e-01 1.400000000000000000e+01 3.605048500001430511e+02 4.123704470467964289e-01
1.891891891891891997e-01 1.500000000000000000e+01 3.600952662527561188e+02 4.191332269890841733e-01
1.891891891891891997e-01 1.600000000000000000e+01 3.599800430238246918e+02 4.291668182059463765e-01
1.891891891891891997e-01 1.700000000000000000e+01 3.599800430238246918e+02 4.291668182059463765e-01
1.891891891891891997e-01 1.800000000000000000e+01 3.602390684187412262e+02 4.152561818238000302e-01
1.891891891891891997e-01 1.900000000000000000e+01 3.599800430238246918e+02 4.291668182059463765e-01
1.891891891891891997e-01 2.000000000000000000e+01 3.604071341454982758e+02 4.160791904544928754e-01
1.891891891891891997e-01 2.100000000000000000e+01 3.603073082864284515e+02 4.139916224299888814e-01
1.891891891891891997e-01 2.200000000000000000e+01 3.604715056717395782e+02 4.124518320240354585e-01
1.891891891891891997e-01 2.300000000000000000e+01 3.599800430238246918e+02 4.291668182059463765e-01
1.891891891891891997e-01 2.400000000000000000e+01 3.600952662527561188e+02 4.191332269890841733e-01
1.891891891891891997e-01 2.500000000000000000e+01 3.603002481162548065e+02 4.135496297585454228e-01
1.891891891891891997e-01 2.600000000000000000e+01 3.603337757289409637e+02 4.176766514039476075e-01
1.891891891891891997e-01 2.700000000000000000e+01 3.604715056717395782e+02 4.124518320240354585e-01
1.891891891891891997e-01 2.800000000000000000e+01 3.604715056717395782e+02 4.124518320240354585e-01
1.891891891891891997e-01 2.900000000000000000e+01 3.602423585951328278e+02 4.227125039970484055e-01
1.891891891891891997e-01 3.000000000000000000e+01 3.600952662527561188e+02 4.191332269890841733e-01
1.891891891891891997e-01 3.100000000000000000e+01 3.603337757289409637e+02 4.176766514039476075e-01
1.891891891891891997e-01 3.200000000000000000e+01 3.604071341454982758e+02 4.160791904544928754e-01
1.891891891891891997e-01 3.300000000000000000e+01 3.604715056717395782e+02 4.124518320240354585e-01
1.891891891891891997e-01 3.400000000000000000e+01 3.602390684187412262e+02 4.152561818238000302e-01
1.891891891891891997e-01 3.500000000000000000e+01 3.603709317743778229e+02 4.155273090261669133e-01
1.891891891891891997e-01 3.600000000000000000e+01 3.600952662527561188e+02 4.191332269890841733e-01
1.891891891891891997e-01 3.700000000000000000e+01 3.604715056717395782e+02 4.124518320240354585e-01
1.891891891891891997e-01 3.800000000000000000e+01 3.605048500001430511e+02 4.123704470467964289e-01
1.891891891891891997e-01 3.900000000000000000e+01 3.601335965096950531e+02 4.184957999493929548e-01
1.891891891891891997e-01 4.000000000000000000e+01 3.602423585951328278e+02 4.227125039970484055e-01
1.891891891891891997e-01 4.100000000000000000e+01 3.603337757289409637e+02 4.176766514039476075e-01
1.891891891891891997e-01 4.200000000000000000e+01 3.599800430238246918e+02 4.291668182059463765e-01
1.891891891891891997e-01 4.300000000000000000e+01 3.604715056717395782e+02 4.124518320240354585e-01
1.891891891891891997e-01 4.400000000000000000e+01 3.600952662527561188e+02 4.191332269890841733e-01
1.891891891891891997e-01 4.500000000000000000e+01 3.599800430238246918e+02 4.291668182059463765e-01
1.891891891891891997e-01 4.600000000000000000e+01 3.601335965096950531e+02 4.184957999493929548e-01
1.891891891891891997e-01 4.700000000000000000e+01 3.602390684187412262e+02 4.152561818238000302e-01
1.891891891891891997e-01 4.800000000000000000e+01 3.599800430238246918e+02 4.291668182059463765e-01
1.891891891891891997e-01 4.900000000000000000e+01 3.605048500001430511e+02 4.123704470467964289e-01
2.027027027027027140e-01 0.000000000000000000e+00 3.602686621248722076e+02 4.141255508659378859e-01
2.027027027027027140e-01 1.000000000000000000e+00 3.601588077843189240e+02 4.178316324114461078e-01
2.027027027027027140e-01 2.000000000000000000e+00 3.603719286620616913e+02 4.165200277474985779e-01
2.027027027027027140e-01 3.000000000000000000e+00 3.601234577596187592e+02 4.274274799775231171e-01
2.027027027027027140e-01 4.000000000000000000e+00 3.603996522724628448e+02 4.167030845958000218e-01
2.027027027027027140e-01 5.000000000000000000e+00 3.601234577596187592e+02 4.274274799775231171e-01
2.027027027027027140e-01 6.000000000000000000e+00 3.602732248604297638e+02 4.194509466867039071e-01
2.027027027027027140e-01 7.000000000000000000e+00 3.602313973009586334e+02 4.217598786173051284e-01
2.027027027027027140e-01 8.000000000000000000e+00 3.602313973009586334e+02 4.217598786173051284e-01
2.027027027027027140e-01 9.000000000000000000e+00 3.602686621248722076e+02 4.141255508659378859e-01
2.027027027027027140e-01 1.000000000000000000e+01 3.602303750813007355e+02 4.170586084126888804e-01
2.027027027027027140e-01 1.100000000000000000e+01 3.603056706488132477e+02 4.201713051273177069e-01
2.027027027027027140e-01 1.200000000000000000e+01 3.603056706488132477e+02 4.201713051273177069e-01
2.027027027027027140e-01 1.300000000000000000e+01 3.600860305130481720e+02 4.194098594251518541e-01
2.027027027027027140e-01 1.400000000000000000e+01 3.603996522724628448e+02 4.167030845958000218e-01
2.027027027027027140e-01 1.500000000000000000e+01 3.600860305130481720e+02 4.194098594251518541e-01
2.027027027027027140e-01 1.600000000000000000e+01 3.598850511014461517e+02 4.328386161249208608e-01
2.027027027027027140e-01 1.700000000000000000e+01 3.598850511014461517e+02 4.328386161249208608e-01
2.027027027027027140e-01 1.800000000000000000e+01 3.602172411978244781e+02 4.160545040771901348e-01
2.027027027027027140e-01 1.900000000000000000e+01 3.598850511014461517e+02 4.328386161249208608e-01
2.027027027027027140e-01 2.000000000000000000e+01 3.603056706488132477e+02 4.201713051273177069e-01
2.027027027027027140e-01 2.100000000000000000e+01 3.602303750813007355e+02 4.170586084126888804e-01
2.027027027027027140e-01 2.200000000000000000e+01 3.603719286620616913e+02 4.165200277474985779e-01
2.027027027027027140e-01 2.300000000000000000e+01 3.598850511014461517e+02 4.328386161249208608e-01
2.027027027027027140e-01 2.400000000000000000e+01 3.600860305130481720e+02 4.194098594251518541e-01
2.027027027027027140e-01 2.500000000000000000e+01 3.602882556617259979e+02 4.139677175669652098e-01
2.027027027027027140e-01 2.600000000000000000e+01 3.602313973009586334e+02 4.217598786173051284e-01
2.027027027027027140e-01 2.700000000000000000e+01 3.603719286620616913e+02 4.165200277474985779e-01
2.027027027027027140e-01 2.800000000000000000e+01 3.603719286620616913e+02 4.165200277474985779e-01
2.027027027027027140e-01 2.900000000000000000e+01 3.601234577596187592e+02 4.274274799775231171e-01
2.027027027027027140e-01 3.000000000000000000e+01 3.600860305130481720e+02 4.194098594251518541e-01
2.027027027027027140e-01 3.100000000000000000e+01 3.602313973009586334e+02 4.217598786173051284e-01
2.027027027027027140e-01 3.200000000000000000e+01 3.603056706488132477e+02 4.201713051273177069e-01
2.027027027027027140e-01 3.300000000000000000e+01 3.603719286620616913e+02 4.165200277474985779e-01
2.027027027027027140e-01 3.400000000000000000e+01 3.602172411978244781e+02 4.160545040771901348e-01
2.027027027027027140e-01 3.500000000000000000e+01 3.602732248604297638e+02 4.194509466867039071e-01
2.027027027027027140e-01 3.600000000000000000e+01 3.600860305130481720e+02 4.194098594251518541e-01
2.027027027027027140e-01 3.700000000000000000e+01 3.603719286620616913e+02 4.165200277474985779e-01
2.027027027027027140e-01 3.800000000000000000e+01 3.603996522724628448e+02 4.167030845958000218e-01
2.027027027027027140e-01 3.900000000000000000e+01 3.601268909871578217e+02 4.186766994432216116e-01
2.027027027027027140e-01 4.000000000000000000e+01 3.601234577596187592e+02 4.274274799775231171e-01
2.027027027027027140e-01 4.100000000000000000e+01 3.602313973009586334e+02 4.217598786173051284e-01
2.027027027027027140e-01 4.200000000000000000e+01 3.598850511014461517e+02 4.328386161249208608e-01
2.027027027027027140e-01 4.300000000000000000e+01 3.603719286620616913e+02 4.165200277474985779e-01
2.027027027027027140e-01 4.400000000000000000e+01 3.600860305130481720e+02 4.194098594251518541e-01
2.027027027027027140e-01 4.500000000000000000e+01 3.598850511014461517e+02 4.328386161249208608e-01
2.027027027027027140e-01 4.600000000000000000e+01 3.601268909871578217e+02 4.186766994432216116e-01
2.027027027027027140e-01 4.700000000000000000e+01 3.602172411978244781e+02 4.160545040771901348e-01
2.027027027027027140e-01 4.800000000000000000e+01 3.598850511014461517e+02 4.328386161249208608e-01
2.027027027027027140e-01 4.900000000000000000e+01 3.603996522724628448e+02 4.167030845958000218e-01
2.162162162162162282e-01 0.000000000000000000e+00 3.602086745202541351e+02 4.166456053466404685e-01
2.162162162162162282e-01 1.000000000000000000e+00 3.601528219878673553e+02 4.179915014931974704e-01
2.162162162162162282e-01 2.000000000000000000e+00 3.602775074541568756e+02 4.205582721785121048e-01
2.162162162162162282e-01 3.000000000000000000e+00 3.600237421691417694e+02 4.315448026803080372e-01
2.162162162162162282e-01 4.000000000000000000e+00 3.603010021150112152e+02 4.209526672925407720e-01
2.162162162162162282e-01 5.000000000000000000e+00 3.600237421691417694e+02 4.315448026803080372e-01
2.162162162162162282e-01 6.000000000000000000e+00 3.601817779242992401e+02 4.232914192457869484e-01
2.162162162162162282e-01 7.000000000000000000e+00 3.601374916732311249e+02 4.256707462117967355e-01
2.162162162162162282e-01 8.000000000000000000e+00 3.601374916732311249e+02 4.256707462117967355e-01
2.162162162162162282e-01 9.000000000000000000e+00 3.602086745202541351e+02 4.166456053466404685e-01
2.162162162162162282e-01 1.000000000000000000e+01 3.601548917591571808e+02 4.202181886908064046e-01
2.162162162162162282e-01 1.100000000000000000e+01 3.602121077477931976e+02 4.241131948471087432e-01
2.162162162162162282e-01 1.200000000000000000e+01 3.602121077477931976e+02 4.241131948471087432e-01
2.162162162162162282e-01 1.300000000000000000e+01 3.600749127566814423e+02 4.197748371135914258e-01
2.162162162162162282e-01 1.400000000000000000e+01 3.603010021150112152e+02 4.209526672925407720e-01
2.162162162162162282e-01 1.500000000000000000e+01 3.600749127566814423e+02 4.197748371135914258e-01
2.162162162162162282e-01 1.600000000000000000e+01 3.598140023648738861e+02 4.356980127374864287e-01
2.162162162162162282e-01 1.700000000000000000e+01 3.598140023648738861e+02 4.356980127374864287e-01
2.162162162162162282e-01 1.800000000000000000e+01 3.601928897202014923e+02 4.170023109918429283e-01
2.162162162162162282e-01 1.900000000000000000e+01 3.598140023648738861e+02 4.356980127374864287e-01
2.162162162162162282e-01 2.000000000000000000e+01 3.602121077477931976e+02 4.241131948471087432e-01
2.162162162162162282e-01 2.100000000000000000e+01 3.601548917591571808e+02 4.202181886908064046e-01
2.162162162162162282e-01 2.200000000000000000e+01 3.602775074541568756e+02 4.205582721785121048e-01
2.162162162162162282e-01 2.300000000000000000e+01 3.598140023648738861e+02 4.356980127374864287e-01
2.162162162162162282e-01 2.400000000000000000e+01 3.600749127566814423e+02 4.197748371135914258e-01
2.162162162162162282e-01 2.500000000000000000e+01 3.602718077600002289e+02 4.146010991523061961e-01
2.162162162162162282e-01 2.600000000000000000e+01 3.601374916732311249e+02 4.256707462117967355e-01
2.162162162162162282e-01 2.700000000000000000e+01 3.602775074541568756e+02 4.205582721785121048e-01
2.162162162162162282e-01 2.800000000000000000e+01 3.602775074541568756e+02 4.205582721785121048e-01
2.162162162162162282e-01 2.900000000000000000e+01 3.600237421691417694e+02 4.315448026803080372e-01
2.162162162162162282e-01 3.000000000000000000e+01 3.600749127566814423e+02 4.197748371135914258e-01
2.162162162162162282e-01 3.100000000000000000e+01 3.601374916732311249e+02 4.256707462117967355e-01
2.162162162162162282e-01 3.200000000000000000e+01 3.602121077477931976e+02 4.241131948471087432e-01
2.162162162162162282e-01 3.300000000000000000e+01 3.602775074541568756e+02 4.205582721785121048e-01
2.162162162162162282e-01 3.400000000000000000e+01 3.601928897202014923e+02 4.170023109918429283e-01
2.162162162162162282e-01 3.500000000000000000e+01 3.601817779242992401e+02 4.232914192457869484e-01
2.162162162162162282e-01 3.600000000000000000e+01 3.600749127566814423e+02 4.197748371135914258e-01
2.162162162162162282e-01 3.700000000000000000e+01 3.602775074541568756e+02 4.205582721785121048e-01
2.162162162162162282e-01 3.800000000000000000e+01 3.603010021150112152e+02 4.209526672925407720e-01
2.162162162162162282e-01 3.900000000000000000e+01 3.601178772747516632e+02 4.189594810606106501e-01
2.162162162162162282e-01 4.000000000000000000e+01 3.600237421691417694e+02 4.315448026803080372e-01
2.162162162162162282e-01 4.100000000000000000e+01 3.601374916732311249e+02 4.256707462117967355e-01
2.162162162162162282e-01 4.200000000000000000e+01 3.598140023648738861e+02 4.356980127374864287e-01
2.162162162162162282e-01 4.300000000000000000e+01 3.602775074541568756e+02 4.205582721785121048e-01
2.162162162162162282e-01 4.400000000000000000e+01 3.600749127566814423e+02 4.197748371135914258e-01
2.162162162162162282e-01 4.500000000000000000e+01 3.598140023648738861e+02 4.356980127374864287e-01
2.162162162162162282e-01 4.600000000000000000e+01 3.601178772747516632e+02 4.189594810606106501e-01
2.162162162162162282e-01 4.700000000000000000e+01 3.601928897202014923e+02 4.170023109918429283e-01
2.162162162162162282e-01 4.800000000000000000e+01 3.598140023648738861e+02 4.356980127374864287e-01
2.162162162162162282e-01 4.900000000000000000e+01 3.603010021150112152e+02 4.209526672925407720e-01
2.297297297297297425e-01 0.000000000000000000e+00 3.601476795971393585e+02 4.193522773117629998e-01
2.297297297297297425e-01 1.000000000000000000e+00 3.601433329284191132e+02 4.183163494649721481e-01
2.297297297297297425e-01 2.000000000000000000e+00 3.601894788444042206e+02 4.245057101155987889e-01
2.297297297297297425e-01 3.000000000000000000e+00 3.599414996802806854e+02 4.350888439696587451e-01
2.297297297297297425e-01 4.000000000000000000e+00 3.602100558578968048e+02 4.250571043979999297e-01
2.297297297297297425e-01 5.000000000000000000e+00 3.599414996802806854e+02 4.350888439696587451e-01
2.297297297297297425e-01 6.000000000000000000e+00 3.600973032414913177e+02 4.270079575677401262e-01
2.297297297297297425e-01 7.000000000000000000e+00 3.600523419678211212e+02 4.293801208177411843e-01
2.297297297297297425e-01 8.000000000000000000e+00 3.600523419678211212e+02 4.293801208177411843e-01
2.297297297297297425e-01 9.000000000000000000e+00 3.601476795971393585e+02 4.193522773117629998e-01
2.297297297297297425e-01 1.000000000000000000e+01 3.600820071995258331e+02 4.234265044061682470e-01
2.297297297297297425e-01 1.100000000000000000e+01 3.601268343627452850e+02 4.278729775453467554e-01
2.297297297297297425e-01 1.200000000000000000e+01 3.601268343627452850e+02 4.278729775453467554e-01
2.297297297297297425e-01 1.300000000000000000e+01 3.600612334907054901e+02 4.202712315830360312e-01
2.297297297297297425e-01 1.400000000000000000e+01 3.602100558578968048e+02 4.250571043979999297e-01
2.297297297297297425e-01 1.500000000000000000e+01 3.600612334907054901e+02 4.202712315830360312e-01
2.297297297297297425e-01 1.600000000000000000e+01 3.597615890204906464e+02 4.378958247367731871e-01
2.297297297297297425e-01 1.700000000000000000e+01 3.597615890204906464e+02 4.378958247367731871e-01
2.297297297297297425e-01 1.800000000000000000e+01 3.601658858358860016e+02 4.181247360201303942e-01
2.297297297297297425e-01 1.900000000000000000e+01 3.597615890204906464e+02 4.378958247367731871e-01
2.297297297297297425e-01 2.000000000000000000e+01 3.601268343627452850e+02 4.278729775453467554e-01
2.297297297297297425e-01 2.100000000000000000e+01 3.600820071995258331e+02 4.234265044061682470e-01
2.297297297297297425e-01 2.200000000000000000e+01 3.601894788444042206e+02 4.245057101155987889e-01
2.297297297297297425e-01 2.300000000000000000e+01 3.597615890204906464e+02 4.378958247367731871e-01
2.297297297297297425e-01 2.400000000000000000e+01 3.600612334907054901e+02 4.202712315830360312e-01
2.297297297297297425e-01 2.500000000000000000e+01 3.602510593831539154e+02 4.154712256781905588e-01
2.297297297297297425e-01 2.600000000000000000e+01 3.600523419678211212e+02 4.293801208177411843e-01
2.297297297297297425e-01 2.700000000000000000e+01 3.601894788444042206e+02 4.245057101155987889e-01
2.297297297297297425e-01 2.800000000000000000e+01 3.601894788444042206e+02 4.245057101155987889e-01
2.297297297297297425e-01 2.900000000000000000e+01 3.599414996802806854e+02 4.350888439696587451e-01
2.297297297297297425e-01 3.000000000000000000e+01 3.600612334907054901e+02 4.202712315830360312e-01
2.297297297297297425e-01 3.100000000000000000e+01 3.600523419678211212e+02 4.293801208177411843e-01
2.297297297297297425e-01 3.200000000000000000e+01 3.601268343627452850e+02 4.278729775453467554e-01
2.297297297297297425e-01 3.300000000000000000e+01 3.601894788444042206e+02 4.245057101155987889e-01
2.297297297297297425e-01 3.400000000000000000e+01 3.601658858358860016e+02 4.181247360201303942e-01
2.297297297297297425e-01 3.500000000000000000e+01 3.600973032414913177e+02 4.270079575677401262e-01
2.297297297297297425e-01 3.600000000000000000e+01 3.600612334907054901e+02 4.202712315830360312e-01
2.297297297297297425e-01 3.700000000000000000e+01 3.601894788444042206e+02 4.245057101155987889e-01
2.297297297297297425e-01 3.800000000000000000e+01 3.602100558578968048e+02 4.250571043979999297e-01
2.297297297297297425e-01 3.900000000000000000e+01 3.601059027016162872e+02 4.193877744059433255e-01
2.297297297297297425e-01 4.000000000000000000e+01 3.599414996802806854e+02 4.350888439696587451e-01
2.297297297297297425e-01 4.100000000000000000e+01 3.600523419678211212e+02 4.293801208177411843e-01
2.297297297297297425e-01 4.200000000000000000e+01 3.597615890204906464e+02 4.378958247367731871e-01
2.297297297297297425e-01 4.300000000000000000e+01 3.601894788444042206e+02 4.245057101155987889e-01
2.297297297297297425e-01 4.400000000000000000e+01 3.600612334907054901e+02 4.202712315830360312e-01
2.297297297297297425e-01 4.500000000000000000e+01 3.597615890204906464e+02 4.378958247367731871e-01
2.297297297297297425e-01 4.600000000000000000e+01 3.601059027016162872e+02 4.193877744059433255e-01
2.297297297297297425e-01 4.700000000000000000e+01 3.601658858358860016e+02 4.181247360201303942e-01
2.297297297297297425e-01 4.800000000000000000e+01 3.597615890204906464e+02 4.378958247367731871e-01
2.297297297297297425e-01 4.900000000000000000e+01 3.602100558578968048e+02 4.250571043979999297e-01
2.432432432432432567e-01 0.000000000000000000e+00 3.600869856774806976e+02 4.222023111885352398e-01
2.432432432432432567e-01 1.000000000000000000e+00 3.601302631199359894e+02 4.188338379648061660e-01
2.432432432432432567e-01 2.000000000000000000e+00 3.601085878908634186e+02 4.283164450818179314e-01
2.432432432432432567e-01 3.000000000000000000e+00 3.598745577037334442e+02 4.381057908452254401e-01
2.432432432432432567e-01 4.000000000000000000e+00 3.601274199783802032e+02 4.289720617364308763e-01
2.432432432432432567e-01 5.000000000000000000e+00 3.598745577037334442e+02 4.381057908452254401e-01
2.432432432432432567e-01 6.000000000000000000e+00 3.600201569497585297e+02 4.305702984944378420e-01
2.432432432432432567e-01 7.000000000000000000e+00 3.599759168922901154e+02 4.328695191906944961e-01
2.432432432432432567e-01 8.000000000000000000e+00 3.599759168922901154e+02 4.328695191906944961e-01
2.432432432432432567e-01 9.000000000000000000e+00 3.600869856774806976e+02 4.222023111885352398e-01
2.432432432432432567e-01 1.000000000000000000e+01 3.600126020610332489e+02 4.266452842236566623e-01
2.432432432432432567e-01 1.100000000000000000e+01 3.600499086081981659e+02 4.314292233246245778e-01
2.432432432432432567e-01 1.200000000000000000e+01 3.600499086081981659e+02 4.314292233246245778e-01
2.432432432432432567e-01 1.300000000000000000e+01 3.600447975099086761e+02 4.209271851592199520e-01
2.432432432432432567e-01 1.400000000000000000e+01 3.601274199783802032e+02 4.289720617364308763e-01
2.432432432432432567e-01 1.500000000000000000e+01 3.600447975099086761e+02 4.209271851592199520e-01
2.432432432432432567e-01 1.600000000000000000e+01 3.597229205071926117e+02 4.395836900816613158e-01
2.432432432432432567e-01 1.700000000000000000e+01 3.597229205071926117e+02 4.395836900816613158e-01
2.432432432432432567e-01 1.800000000000000000e+01 3.601364411413669586e+02 4.194345787832426398e-01
2.432432432432432567e-01 1.900000000000000000e+01 3.597229205071926117e+02 4.395836900816613158e-01
2.432432432432432567e-01 2.000000000000000000e+01 3.600499086081981659e+02 4.314292233246245778e-01
2.432432432432432567e-01 2.100000000000000000e+01 3.600126020610332489e+02 4.266452842236566623e-01
2.432432432432432567e-01 2.200000000000000000e+01 3.601085878908634186e+02 4.283164450818179314e-01
2.432432432432432567e-01 2.300000000000000000e+01 3.597229205071926117e+02 4.395836900816613158e-01
2.432432432432432567e-01 2.400000000000000000e+01 3.600447975099086761e+02 4.209271851592199520e-01
2.432432432432432567e-01 2.500000000000000000e+01 3.602264992892742157e+02 4.165861748651327190e-01
2.432432432432432567e-01 2.600000000000000000e+01 3.599759168922901154e+02 4.328695191906944961e-01
2.432432432432432567e-01 2.700000000000000000e+01 3.601085878908634186e+02 4.283164450818179314e-01
2.432432432432432567e-01 2.800000000000000000e+01 3.601085878908634186e+02 4.283164450818179314e-01
2.432432432432432567e-01 2.900000000000000000e+01 3.598745577037334442e+02 4.381057908452254401e-01
2.432432432432432567e-01 3.000000000000000000e+01 3.600447975099086761e+02 4.209271851592199520e-01
2.432432432432432567e-01 3.100000000000000000e+01 3.599759168922901154e+02 4.328695191906944961e-01
2.432432432432432567e-01 3.200000000000000000e+01 3.600499086081981659e+02 4.314292233246245778e-01
2.432432432432432567e-01 3.300000000000000000e+01 3.601085878908634186e+02 4.283164450818179314e-01
2.432432432432432567e-01 3.400000000000000000e+01 3.601364411413669586e+02 4.194345787832426398e-01
2.432432432432432567e-01 3.500000000000000000e+01 3.600201569497585297e+02 4.305702984944378420e-01
2.432432432432432567e-01 3.600000000000000000e+01 3.600447975099086761e+02 4.209271851592199520e-01
2.432432432432432567e-01 3.700000000000000000e+01 3.601085878908634186e+02 4.283164450818179314e-01
2.432432432432432567e-01 3.800000000000000000e+01 3.601274199783802032e+02 4.289720617364308763e-01
2.432432432432432567e-01 3.900000000000000000e+01 3.600908182561397552e+02 4.199898259659931021e-01
2.432432432432432567e-01 4.000000000000000000e+01 3.598745577037334442e+02 4.381057908452254401e-01
2.432432432432432567e-01 4.100000000000000000e+01 3.599759168922901154e+02 4.328695191906944961e-01
2.432432432432432567e-01 4.200000000000000000e+01 3.597229205071926117e+02 4.395836900816613158e-01
2.432432432432432567e-01 4.300000000000000000e+01 3.601085878908634186e+02 4.283164450818179314e-01
2.432432432432432567e-01 4.400000000000000000e+01 3.600447975099086761e+02 4.209271851592199520e-01
2.432432432432432567e-01 4.500000000000000000e+01 3.597229205071926117e+02 4.395836900816613158e-01
2.432432432432432567e-01 4.600000000000000000e+01 3.600908182561397552e+02 4.199898259659931021e-01
2.432432432432432567e-01 4.700000000000000000e+01 3.601364411413669586e+02 4.194345787832426398e-01
2.432432432432432567e-01 4.800000000000000000e+01 3.597229205071926117e+02 4.395836900816613158e-01
2.432432432432432567e-01 4.900000000000000000e+01 3.601274199783802032e+02 4.289720617364308763e-01
2.567567567567567988e-01 0.000000000000000000e+00 3.600276492536067963e+02 4.251569427754164909e-01
2.567567567567567988e-01 1.000000000000000000e+00 3.601138480007648468e+02 4.195605701993396774e-01
2.567567567567567988e-01 2.000000000000000000e+00 3.600351579487323761e+02 4.319587885487937706e-01
2.567567567567567988e-01 3.000000000000000000e+00 3.598205544054508209e+02 4.406553521242366767e-01
2.567567567567567988e-01 4.000000000000000000e+00 3.600532509386539459e+02 4.326694642046127748e-01
2.567567567567567988e-01 5.000000000000000000e+00 3.598205544054508209e+02 4.406553521242366767e-01
2.567567567567567988e-01 6.000000000000000000e+00 3.599503971636295319e+02 4.339586926627852503e-01
2.567567567567567988e-01 7.000000000000000000e+00 3.599079184234142303e+02 4.361303541898937652e-01
2.567567567567567988e-01 8.000000000000000000e+00 3.599079184234142303e+02 4.361303541898937652e-01
2.567567567567567988e-01 9.000000000000000000e+00 3.600276492536067963e+02 4.251569427754164909e-01
2.567567567567567988e-01 1.000000000000000000e+01 3.599472902715206146e+02 4.298432121895724989e-01
2.567567567567567988e-01 1.100000000000000000e+01 3.599811278283596039e+02 4.347707293826335029e-01
2.567567567567567988e-01 1.200000000000000000e+01 3.599811278283596039e+02 4.347707293826335029e-01
2.567567567567567988e-01 1.300000000000000000e+01 3.600257165729999542e+02 4.217604450323775844e-01
2.567567567567567988e-01 1.400000000000000000e+01 3.600532509386539459e+02 4.326694642046127748e-01
2.567567567567567988e-01 1.500000000000000000e+01 3.600257165729999542e+02 4.217604450323775844e-01
2.567567567567567988e-01 1.600000000000000000e+01 3.596938215196132660e+02 4.409026766654398077e-01
2.567567567567567988e-01 1.700000000000000000e+01 3.596938215196132660e+02 4.409026766654398077e-01
2.567567567567567988e-01 1.800000000000000000e+01 3.601049564778804779e+02 4.209365661304593775e-01
2.567567567567567988e-01 1.900000000000000000e+01 3.596938215196132660e+02 4.409026766654398077e-01
2.567567567567567988e-01 2.000000000000000000e+01 3.599811278283596039e+02 4.347707293826335029e-01
2.567567567567567988e-01 2.100000000000000000e+01 3.599472902715206146e+02 4.298432121895724989e-01
2.567567567567567988e-01 2.200000000000000000e+01 3.600351579487323761e+02 4.319587885487937706e-01
2.567567567567567988e-01 2.300000000000000000e+01 3.596938215196132660e+02 4.409026766654398077e-01
2.567567567567567988e-01 2.400000000000000000e+01 3.600257165729999542e+02 4.217604450323775844e-01
2.567567567567567988e-01 2.500000000000000000e+01 3.601987875998020172e+02 4.179455139710298583e-01
2.567567567567567988e-01 2.600000000000000000e+01 3.599079184234142303e+02 4.361303541898937652e-01
2.567567567567567988e-01 2.700000000000000000e+01 3.600351579487323761e+02 4.319587885487937706e-01
2.567567567567567988e-01 2.800000000000000000e+01 3.600351579487323761e+02 4.319587885487937706e-01
2.567567567567567988e-01 2.900000000000000000e+01 3.598205544054508209e+02 4.406553521242366767e-01
2.567567567567567988e-01 3.000000000000000000e+01 3.600257165729999542e+02 4.217604450323775844e-01
2.567567567567567988e-01 3.100000000000000000e+01 3.599079184234142303e+02 4.361303541898937652e-01
2.567567567567567988e-01 3.200000000000000000e+01 3.599811278283596039e+02 4.347707293826335029e-01
2.567567567567567988e-01 3.300000000000000000e+01 3.600351579487323761e+02 4.319587885487937706e-01
2.567567567567567988e-01 3.400000000000000000e+01 3.601049564778804779e+02 4.209365661304593775e-01
2.567567567567567988e-01 3.500000000000000000e+01 3.599503971636295319e+02 4.339586926627852503e-01
2.567567567567567988e-01 3.600000000000000000e+01 3.600257165729999542e+02 4.217604450323775844e-01
2.567567567567567988e-01 3.700000000000000000e+01 3.600351579487323761e+02 4.319587885487937706e-01
2.567567567567567988e-01 3.800000000000000000e+01 3.600532509386539459e+02 4.326694642046127748e-01
2.567567567567567988e-01 3.900000000000000000e+01 3.600727848708629608e+02 4.207830612357083000e-01
2.567567567567567988e-01 4.000000000000000000e+01 3.598205544054508209e+02 4.406553521242366767e-01
2.567567567567567988e-01 4.100000000000000000e+01 3.599079184234142303e+02 4.361303541898937652e-01
2.567567567567567988e-01 4.200000000000000000e+01 3.596938215196132660e+02 4.409026766654398077e-01
2.567567567567567988e-01 4.300000000000000000e+01 3.600351579487323761e+02 4.319587885487937706e-01
2.567567567567567988e-01 4.400000000000000000e+01 3.600257165729999542e+02 4.217604450323775844e-01
2.567567567567567988e-01 4.500000000000000000e+01 3.596938215196132660e+02 4.409026766654398077e-01
2.567567567567567988e-01 4.600000000000000000e+01 3.600727848708629608e+02 4.207830612357083000e-01
2.567567567567567988e-01 4.700000000000000000e+01 3.601049564778804779e+02 4.209365661304593775e-01
2.567567567567567988e-01 4.800000000000000000e+01 3.596938215196132660e+02 4.409026766654398077e-01
2.567567567567567988e-01 4.900000000000000000e+01 3.600532509386539459e+02 4.326694642046127748e-01
2.702702702702702853e-01 0.000000000000000000e+00 3.599704764783382416e+02 4.281829246744680018e-01
2.702702702702702853e-01 1.000000000000000000e+00 3.600945122539997101e+02 4.205055329719363799e-01
2.702702702702702853e-01 2.000000000000000000e+00 3.599691785871982574e+02 4.354137477803463607e-01
2.702702702702702853e-01 3.000000000000000000e+00 3.597771532833576202e+02 4.428043976308317919e-01
2.702702702702702853e-01 4.000000000000000000e+00 3.599873580038547516e+02 4.361352388231084509e-01
2.702702702702702853e-01 5.000000000000000000e+00 3.597771532833576202e+02 4.428043976308317919e-01
2.702702702702702853e-01 6.000000000000000000e+00 3.598878361284732819e+02 4.371627882398514409e-01
2.702702702702702853e-01 7.000000000000000000e+00 3.598478518426418304e+02 4.391627685925745261e-01
2.702702702702702853e-01 8.000000000000000000e+00 3.598478518426418304e+02 4.391627685925745261e-01
2.702702702702702853e-01 9.000000000000000000e+00 3.599704764783382416e+02 4.281829246744680018e-01
2.702702702702702853e-01 1.000000000000000000e+01 3.598864473402500153e+02 4.329961826994077612e-01
2.702702702702702853e-01 1.100000000000000000e+01 3.599200762808322906e+02 4.378950786222538527e-01
2.702702702702702853e-01 1.200000000000000000e+01 3.599200762808322906e+02 4.378950786222538527e-01
2.702702702702702853e-01 1.300000000000000000e+01 3.600042946636676788e+02 4.227815874322358169e-01
2.702702702702702853e-01 1.400000000000000000e+01 3.599873580038547516e+02 4.361352388231084509e-01
2.702702702702702853e-01 1.500000000000000000e+01 3.600042946636676788e+02 4.227815874322358169e-01
2.702702702702702853e-01 1.600000000000000000e+01 3.596709571778774261e+02 4.419771025369668149e-01
2.702702702702702853e-01 1.700000000000000000e+01 3.596709571778774261e+02 4.419771025369668149e-01
2.702702702702702853e-01 1.800000000000000000e+01 3.600719340145587921e+02 4.226303520996800289e-01
2.702702702702702853e-01 1.900000000000000000e+01 3.596709571778774261e+02 4.419771025369668149e-01
2.702702702702702853e-01 2.000000000000000000e+01 3.599200762808322906e+02 4.378950786222538527e-01
2.702702702702702853e-01 2.100000000000000000e+01 3.598864473402500153e+02 4.329961826994077612e-01
2.702702702702702853e-01 2.200000000000000000e+01 3.599691785871982574e+02 4.354137477803463607e-01
2.702702702702702853e-01 2.300000000000000000e+01 3.596709571778774261e+02 4.419771025369668149e-01
2.702702702702702853e-01 2.400000000000000000e+01 3.600042946636676788e+02 4.227815874322358169e-01
2.702702702702702853e-01 2.500000000000000000e+01 3.601686514914035797e+02 4.195435218255412768e-01
2.702702702702702853e-01 2.600000000000000000e+01 3.598478518426418304e+02 4.391627685925745261e-01
2.702702702702702853e-01 2.700000000000000000e+01 3.599691785871982574e+02 4.354137477803463607e-01
2.702702702702702853e-01 2.800000000000000000e+01 3.599691785871982574e+02 4.354137477803463607e-01
2.702702702702702853e-01 2.900000000000000000e+01 3.597771532833576202e+02 4.428043976308317919e-01
2.702702702702702853e-01 3.000000000000000000e+01 3.600042946636676788e+02 4.227815874322358169e-01
2.702702702702702853e-01 3.100000000000000000e+01 3.598478518426418304e+02 4.391627685925745261e-01
2.702702702702702853e-01 3.200000000000000000e+01 3.599200762808322906e+02 4.378950786222538527e-01
2.702702702702702853e-01 3.300000000000000000e+01 3.599691785871982574e+02 4.354137477803463607e-01
2.702702702702702853e-01 3.400000000000000000e+01 3.600719340145587921e+02 4.226303520996800289e-01
2.702702702702702853e-01 3.500000000000000000e+01 3.598878361284732819e+02 4.371627882398514409e-01
2.702702702702702853e-01 3.600000000000000000e+01 3.600042946636676788e+02 4.227815874322358169e-01
2.702702702702702853e-01 3.700000000000000000e+01 3.599691785871982574e+02 4.354137477803463607e-01
2.702702702702702853e-01 3.800000000000000000e+01 3.599873580038547516e+02 4.361352388231084509e-01
2.702702702702702853e-01 3.900000000000000000e+01 3.600521571934223175e+02 4.217774877065875727e-01
2.702702702702702853e-01 4.000000000000000000e+01 3.597771532833576202e+02 4.428043976308317919e-01
2.702702702702702853e-01 4.100000000000000000e+01 3.598478518426418304e+02 4.391627685925745261e-01
2.702702702702702853e-01 4.200000000000000000e+01 3.596709571778774261e+02 4.419771025369668149e-01
2.702702702702702853e-01 4.300000000000000000e+01 3.599691785871982574e+02 4.354137477803463607e-01
2.702702702702702853e-01 4.400000000000000000e+01 3.600042946636676788e+02 4.227815874322358169e-01
2.702702702702702853e-01 4.500000000000000000e+01 3.596709571778774261e+02 4.419771025369668149e-01
2.702702702702702853e-01 4.600000000000000000e+01 3.600521571934223175e+02 4.217774877065875727e-01
2.702702702702702853e-01 4.700000000000000000e+01 3.600719340145587921e+02 4.226303520996800289e-01
2.702702702702702853e-01 4.800000000000000000e+01 3.596709571778774261e+02 4.419771025369668149e-01
2.702702702702702853e-01 4.900000000000000000e+01 3.599873580038547516e+02 4.361352388231084509e-01
2.837837837837837718e-01 0.000000000000000000e+00 3.599160604178905487e+02 4.312530020773579498e-01
2.837837837837837718e-01 1.000000000000000000e+00 3.600727833807468414e+02 4.216724571415503831e-01
2.837837837837837718e-01 2.000000000000000000e+00 3.599103890359401703e+02 4.386731257220194968e-01
2.837837837837837718e-01 3.000000000000000000e+00 3.597421742975711823e+02 4.446219173974044203e-01
2.837837837837837718e-01 4.000000000000000000e+00 3.599292956292629242e+02 4.393667844185189519e-01
2.837837837837837718e-01 5.000000000000000000e+00 3.597421742975711823e+02 4.446219173974044203e-01
2.837837837837837718e-01 6.000000000000000000e+00 3.598321117460727692e+02 4.401804622137504563e-01
2.837837837837837718e-01 7.000000000000000000e+00 3.597950853407382965e+02 4.419740943430729985e-01
2.837837837837837718e-01 8.000000000000000000e+00 3.597950853407382965e+02 4.419740943430729985e-01
2.837837837837837718e-01 9.000000000000000000e+00 3.599160604178905487e+02 4.312530020773579498e-01
2.837837837837837718e-01 1.000000000000000000e+01 3.598302505910396576e+02 4.360869594252793080e-01
2.837837837837837718e-01 1.100000000000000000e+01 3.598661951720714569e+02 4.408073233832483506e-01
2.837837837837837718e-01 1.200000000000000000e+01 3.598661951720714569e+02 4.408073233832483506e-01
2.837837837837837718e-01 1.300000000000000000e+01 3.599809505045413971e+02 4.239962713885083723e-01
2.837837837837837718e-01 1.400000000000000000e+01 3.599292956292629242e+02 4.393667844185189519e-01
2.837837837837837718e-01 1.500000000000000000e+01 3.599809505045413971e+02 4.239962713885083723e-01
2.837837837837837718e-01 1.600000000000000000e+01 3.596518091857433319e+02 4.429116045950233227e-01
2.837837837837837718e-01 1.700000000000000000e+01 3.596518091857433319e+02 4.429116045950233227e-01
2.837837837837837718e-01 1.800000000000000000e+01 3.600379072129726410e+02 4.245123051303019701e-01
2.837837837837837718e-01 1.900000000000000000e+01 3.596518091857433319e+02 4.429116045950233227e-01
2.837837837837837718e-01 2.000000000000000000e+01 3.598661951720714569e+02 4.408073233832483506e-01
2.837837837837837718e-01 2.100000000000000000e+01 3.598302505910396576e+02 4.360869594252793080e-01
2.837837837837837718e-01 2.200000000000000000e+01 3.599103890359401703e+02 4.386731257220194968e-01
2.837837837837837718e-01 2.300000000000000000e+01 3.596518091857433319e+02 4.429116045950233227e-01
2.837837837837837718e-01 2.400000000000000000e+01 3.599809505045413971e+02 4.239962713885083723e-01
2.837837837837837718e-01 2.500000000000000000e+01 3.601368255913257599e+02 4.213714204134528796e-01
2.837837837837837718e-01 2.600000000000000000e+01 3.597950853407382965e+02 4.419740943430729985e-01
2.837837837837837718e-01 2.700000000000000000e+01 3.599103890359401703e+02 4.386731257220194968e-01
2.837837837837837718e-01 2.800000000000000000e+01 3.599103890359401703e+02 4.386731257220194968e-01
2.837837837837837718e-01 2.900000000000000000e+01 3.597421742975711823e+02 4.446219173974044203e-01
2.837837837837837718e-01 3.000000000000000000e+01 3.599809505045413971e+02 4.239962713885083723e-01
2.837837837837837718e-01 3.100000000000000000e+01 3.597950853407382965e+02 4.419740943430729985e-01
2.837837837837837718e-01 3.200000000000000000e+01 3.598661951720714569e+02 4.408073233832483506e-01
2.837837837837837718e-01 3.300000000000000000e+01 3.599103890359401703e+02 4.386731257220194968e-01
2.837837837837837718e-01 3.400000000000000000e+01 3.600379072129726410e+02 4.245123051303019701e-01
2.837837837837837718e-01 3.500000000000000000e+01 3.598321117460727692e+02 4.401804622137504563e-01
2.837837837837837718e-01 3.600000000000000000e+01 3.599809505045413971e+02 4.239962713885083723e-01
2.837837837837837718e-01 3.700000000000000000e+01 3.599103890359401703e+02 4.386731257220194968e-01
2.837837837837837718e-01 3.800000000000000000e+01 3.599292956292629242e+02 4.393667844185189519e-01
2.837837837837837718e-01 3.900000000000000000e+01 3.600293986499309540e+02 4.229779703824378956e-01
2.837837837837837718e-01 4.000000000000000000e+01 3.597421742975711823e+02 4.446219173974044203e-01
2.837837837837837718e-01 4.100000000000000000e+01 3.597950853407382965e+02 4.419740943430729985e-01
2.837837837837837718e-01 4.200000000000000000e+01 3.596518091857433319e+02 4.429116045950233227e-01
2.837837837837837718e-01 4.300000000000000000e+01 3.599103890359401703e+02 4.386731257220194968e-01
2.837837837837837718e-01 4.400000000000000000e+01 3.599809505045413971e+02 4.239962713885083723e-01
2.837837837837837718e-01 4.500000000000000000e+01 3.596518091857433319e+02 4.429116045950233227e-01
2.837837837837837718e-01 4.600000000000000000e+01 3.600293986499309540e+02 4.229779703824378956e-01
2.837837837837837718e-01 4.700000000000000000e+01 3.600379072129726410e+02 4.245123051303019701e-01
2.837837837837837718e-01 4.800000000000000000e+01 3.596518091857433319e+02 4.429116045950233227e-01
2.837837837837837718e-01 4.900000000000000000e+01 3.599292956292629242e+02 4.393667844185189519e-01
2.972972972972973138e-01 0.000000000000000000e+00 3.598648078739643097e+02 4.343456317951948087e-01
2.972972972972973138e-01 1.000000000000000000e+00 3.600492365658283234e+02 4.230615226672705953e-01
2.972972972972973138e-01 2.000000000000000000e+00 3.598583556711673737e+02 4.417376126730124808e-01
2.972972972972973138e-01 3.000000000000000000e+00 3.597136832773685455e+02 4.461756212675430655e-01
2.972972972972973138e-01 4.000000000000000000e+00 3.598784603178501129e+02 4.423708069270220200e-01
2.972972972972973138e-01 5.000000000000000000e+00 3.597136832773685455e+02 4.461756212675430655e-01
2.972972972972973138e-01 6.000000000000000000e+00 3.597827352583408356e+02 4.430162405196785280e-01
2.972972972972973138e-01 7.000000000000000000e+00 3.597489126026630402e+02 4.445774744664865441e-01
2.972972972972973138e-01 8.000000000000000000e+00 3.597489126026630402e+02 4.445774744664865441e-01
2.972972972972973138e-01 9.000000000000000000e+00 3.598648078739643097e+02 4.343456317951948087e-01
2.972972972972973138e-01 1.000000000000000000e+01 3.597787223756313324e+02 4.391045356934358823e-01
2.972972972972973138e-01 1.100000000000000000e+01 3.598188392817974091e+02 4.435185258713338907e-01
2.972972972972973138e-01 1.200000000000000000e+01 3.598188392817974091e+02 4.435185258713338907e-01
2.972972972972973138e-01 1.300000000000000000e+01 3.599561594426631927e+02 4.254067256656699492e-01
2.972972972972973138e-01 1.400000000000000000e+01 3.598784603178501129e+02 4.423708069270220200e-01
2.972972972972973138e-01 1.500000000000000000e+01 3.599561594426631927e+02 4.254067256656699492e-01
2.972972972972973138e-01 1.600000000000000000e+01 3.596346057951450348e+02 4.437911462323416156e-01
2.972972972972973138e-01 1.700000000000000000e+01 3.596346057951450348e+02 4.437911462323416156e-01
2.972972972972973138e-01 1.800000000000000000e+01 3.600034125149250031e+02 4.265769640962118192e-01
2.972972972972973138e-01 1.900000000000000000e+01 3.596346057951450348e+02 4.437911462323416156e-01
2.972972972972973138e-01 2.000000000000000000e+01 3.598188392817974091e+02 4.435185258713338907e-01
2.972972972972973138e-01 2.100000000000000000e+01 3.597787223756313324e+02 4.391045356934358823e-01
2.972972972972973138e-01 2.200000000000000000e+01 3.598583556711673737e+02 4.417376126730124808e-01
2.972972972972973138e-01 2.300000000000000000e+01 3.596346057951450348e+02 4.437911462323416156e-01
2.972972972972973138e-01 2.400000000000000000e+01 3.599561594426631927e+02 4.254067256656699492e-01
2.972972972972973138e-01 2.500000000000000000e+01 3.601040132343769073e+02 4.234188039842375351e-01
2.972972972972973138e-01 2.600000000000000000e+01 3.597489126026630402e+02 4.445774744664865441e-01
2.972972972972973138e-01 2.700000000000000000e+01 3.598583556711673737e+02 4.417376126730124808e-01
2.972972972972973138e-01 2.800000000000000000e+01 3.598583556711673737e+02 4.417376126730124808e-01
2.972972972972973138e-01 2.900000000000000000e+01 3.597136832773685455e+02 4.461756212675430655e-01
2.972972972972973138e-01 3.000000000000000000e+01 3.599561594426631927e+02 4.254067256656699492e-01
2.972972972972973138e-01 3.100000000000000000e+01 3.597489126026630402e+02 4.445774744664865441e-01
2.972972972972973138e-01 3.200000000000000000e+01 3.598188392817974091e+02 4.435185258713338907e-01
2.972972972972973138e-01 3.300000000000000000e+01 3.598583556711673737e+02 4.417376126730124808e-01
2.972972972972973138e-01 3.400000000000000000e+01 3.600034125149250031e+02 4.265769640962118192e-01
2.972972972972973138e-01 3.500000000000000000e+01 3.597827352583408356e+02 4.430162405196785280e-01
2.972972972972973138e-01 3.600000000000000000e+01 3.599561594426631927e+02 4.254067256656699492e-01
2.972972972972973138e-01 3.700000000000000000e+01 3.598583556711673737e+02 4.417376126730124808e-01
2.972972972972973138e-01 3.800000000000000000e+01 3.598784603178501129e+02 4.423708069270220200e-01
2.972972972972973138e-01 3.900000000000000000e+01 3.600050322711467743e+02 4.243859601438889073e-01
2.972972972972973138e-01 4.000000000000000000e+01 3.597136832773685455e+02 4.461756212675430655e-01
2.972972972972973138e-01 4.100000000000000000e+01 3.597489126026630402e+02 4.445774744664865441e-01
2.972972972972973138e-01 4.200000000000000000e+01 3.596346057951450348e+02 4.437911462323416156e-01
2.972972972972973138e-01 4.300000000000000000e+01 3.598583556711673737e+02 4.417376126730124808e-01
2.972972972972973138e-01 4.400000000000000000e+01 3.599561594426631927e+02 4.254067256656699492e-01
2.972972972972973138e-01 4.500000000000000000e+01 3.596346057951450348e+02 4.437911462323416156e-01
2.972972972972973138e-01 4.600000000000000000e+01 3.600050322711467743e+02 4.243859601438889073e-01
2.972972972972973138e-01 4.700000000000000000e+01 3.600034125149250031e+02 4.265769640962118192e-01
2.972972972972973138e-01 4.800000000000000000e+01 3.596346057951450348e+02 4.437911462323416156e-01
2.972972972972973138e-01 4.900000000000000000e+01 3.598784603178501129e+02 4.423708069270220200e-01
3.108108108108108558e-01 0.000000000000000000e+00 3.598169766366481781e+02 4.374445953689306554e-01
3.108108108108108558e-01 1.000000000000000000e+00 3.600244633853435516e+02 4.246706457677392188e-01
3.108108108108108558e-01 2.000000000000000000e+00 3.598125375807285309e+02 4.446149764281139283e-01
3.108108108108108558e-01 3.000000000000000000e+00 3.596900410950183868e+02 4.475297427306090259e-01
3.108108108108108558e-01 4.000000000000000000e+00 3.598341532051563263e+02 4.451610309206477933e-01
3.108108108108108558e-01 5.000000000000000000e+00 3.596900410950183868e+02 4.475297427306090259e-01
3.108108108108108558e-01 6.000000000000000000e+00 3.597391493618488312e+02 4.456800774756526362e-01
3.108108108108108558e-01 7.000000000000000000e+00 3.597085930407047272e+02 4.469903677027670663e-01
3.108108108108108558e-01 8.000000000000000000e+00 3.597085930407047272e+02 4.469903677027670663e-01
3.108108108108108558e-01 9.000000000000000000e+00 3.598169766366481781e+02 4.374445953689306554e-01
3.108108108108108558e-01 1.000000000000000000e+01 3.597317658364772797e+02 4.420432753221191224e-01
3.108108108108108558e-01 1.100000000000000000e+01 3.597773246467113495e+02 4.460443903778852914e-01
3.108108108108108558e-01 1.200000000000000000e+01 3.597773246467113495e+02 4.460443903778852914e-01
3.108108108108108558e-01 1.300000000000000000e+01 3.599304221570491791e+02 4.270129229931379222e-01
3.108108108108108558e-01 1.400000000000000000e+01 3.598341532051563263e+02 4.451610309206477933e-01
3.108108108108108558e-01 1.500000000000000000e+01 3.599304221570491791e+02 4.270129229931379222e-01
3.108108108108108558e-01 1.600000000000000000e+01 3.596181936562061310e+02 4.446821802252093891e-01
3.108108108108108558e-01 1.700000000000000000e+01 3.596181936562061310e+02 4.446821802252093891e-01
3.108108108108108558e-01 1.800000000000000000e+01 3.599689640104770660e+02 4.288178723499293521e-01
3.108108108108108558e-01 1.900000000000000000e+01 3.596181936562061310e+02 4.446821802252093891e-01
3.108108108108108558e-01 2.000000000000000000e+01 3.597773246467113495e+02 4.460443903778852914e-01
3.108108108108108558e-01 2.100000000000000000e+01 3.597317658364772797e+02 4.420432753221191224e-01
3.108108108108108558e-01 2.200000000000000000e+01 3.598125375807285309e+02 4.446149764281139283e-01
3.108108108108108558e-01 2.300000000000000000e+01 3.596181936562061310e+02 4.446821802252093891e-01
3.108108108108108558e-01 2.400000000000000000e+01 3.599304221570491791e+02 4.270129229931379222e-01
3.108108108108108558e-01 2.500000000000000000e+01 3.600708700716495514e+02 4.256746701942470401e-01
3.108108108108108558e-01 2.600000000000000000e+01 3.597085930407047272e+02 4.469903677027670663e-01
3.108108108108108558e-01 2.700000000000000000e+01 3.598125375807285309e+02 4.446149764281139283e-01
3.108108108108108558e-01 2.800000000000000000e+01 3.598125375807285309e+02 4.446149764281139283e-01
3.108108108108108558e-01 2.900000000000000000e+01 3.596900410950183868e+02 4.475297427306090259e-01
3.108108108108108558e-01 3.000000000000000000e+01 3.599304221570491791e+02 4.270129229931379222e-01
3.108108108108108558e-01 3.100000000000000000e+01 3.597085930407047272e+02 4.469903677027670663e-01
3.108108108108108558e-01 3.200000000000000000e+01 3.597773246467113495e+02 4.460443903778852914e-01
3.108108108108108558e-01 3.300000000000000000e+01 3.598125375807285309e+02 4.446149764281139283e-01
3.108108108108108558e-01 3.400000000000000000e+01 3.599689640104770660e+02 4.288178723499293521e-01
3.108108108108108558e-01 3.500000000000000000e+01 3.597391493618488312e+02 4.456800774756526362e-01
3.108108108108108558e-01 3.600000000000000000e+01 3.599304221570491791e+02 4.270129229931379222e-01
3.108108108108108558e-01 3.700000000000000000e+01 3.598125375807285309e+02 4.446149764281139283e-01
3.108108108108108558e-01 3.800000000000000000e+01 3.598341532051563263e+02 4.451610309206477933e-01
3.108108108108108558e-01 3.900000000000000000e+01 3.599795959889888763e+02 4.260005150868172441e-01
3.108108108108108558e-01 4.000000000000000000e+01 3.596900410950183868e+02 4.475297427306090259e-01
3.108108108108108558e-01 4.100000000000000000e+01 3.597085930407047272e+02 4.469903677027670663e-01
3.108108108108108558e-01 4.200000000000000000e+01 3.596181936562061310e+02 4.446821802252093891e-01
3.108108108108108558e-01 4.300000000000000000e+01 3.598125375807285309e+02 4.446149764281139283e-01
3.108108108108108558e-01 4.400000000000000000e+01 3.599304221570491791e+02 4.270129229931379222e-01
3.108108108108108558e-01 4.500000000000000000e+01 3.596181936562061310e+02 4.446821802252093891e-01
3.108108108108108558e-01 4.600000000000000000e+01 3.599795959889888763e+02 4.260005150868172441e-01
3.108108108108108558e-01 4.700000000000000000e+01 3.599689640104770660e+02 4.288178723499293521e-01
3.108108108108108558e-01 4.800000000000000000e+01 3.596181936562061310e+02 4.446821802252093891e-01
3.108108108108108558e-01 4.900000000000000000e+01 3.598341532051563263e+02 4.451610309206477933e-01
3.243243243243243423e-01 0.000000000000000000e+00 3.597727037966251373e+02 4.405383751838926609e-01
3.243243243243243423e-01 1.000000000000000000e+00 3.599990434944629669e+02 4.264962511565997261e-01
3.243243243243243423e-01 2.000000000000000000e+00 3.597723372280597687e+02 4.473183867585774909e-01
3.243243243243243423e-01 3.000000000000000000e+00 3.596699081361293793e+02 4.487435093708385114e-01
3.243243243243243423e-01 4.000000000000000000e+00 3.597956396639347076e+02 4.477563853781270642e-01
3.243243243243243423e-01 5.000000000000000000e+00 3.596699081361293793e+02 4.487435093708385114e-01
3.243243243243243423e-01 6.000000000000000000e+00 3.597007669508457184e+02 4.481860784008849796e-01
3.243243243243243423e-01 7.000000000000000000e+00 3.596733994781970978e+02 4.492335110876404802e-01
3.243243243243243423e-01 8.000000000000000000e+00 3.596733994781970978e+02 4.492335110876404802e-01
3.243243243243243423e-01 9.000000000000000000e+00 3.597727037966251373e+02 4.405383751838926609e-01
3.243243243243243423e-01 1.000000000000000000e+01 3.596892066299915314e+02 4.449022035408804476e-01
3.243243243243243423e-01 1.100000000000000000e+01 3.597409643232822418e+02 4.484040026370836873e-01
3.243243243243243423e-01 1.200000000000000000e+01 3.597409643232822418e+02 4.484040026370836873e-01
3.243243243243243423e-01 1.300000000000000000e+01 3.599042437970638275e+02 4.288134062698076843e-01
3.243243243243243423e-01 1.400000000000000000e+01 3.597956396639347076e+02 4.477563853781270642e-01
3.243243243243243423e-01 1.500000000000000000e+01 3.599042437970638275e+02 4.288134062698076843e-01
3.243243243243243423e-01 1.600000000000000000e+01 3.596019141376018524e+02 4.456348842927378429e-01
3.243243243243243423e-01 1.700000000000000000e+01 3.596019141376018524e+02 4.456348842927378429e-01
3.243243243243243423e-01 1.800000000000000000e+01 3.599350415170192719e+02 4.312281767788996856e-01
3.243243243243243423e-01 1.900000000000000000e+01 3.596019141376018524e+02 4.456348842927378429e-01
3.243243243243243423e-01 2.000000000000000000e+01 3.597409643232822418e+02 4.484040026370836873e-01
3.243243243243243423e-01 2.100000000000000000e+01 3.596892066299915314e+02 4.449022035408804476e-01
3.243243243243243423e-01 2.200000000000000000e+01 3.597723372280597687e+02 4.473183867585774909e-01
3.243243243243243423e-01 2.300000000000000000e+01 3.596019141376018524e+02 4.456348842927378429e-01
3.243243243243243423e-01 2.400000000000000000e+01 3.599042437970638275e+02 4.288134062698076843e-01
3.243243243243243423e-01 2.500000000000000000e+01 3.600379921495914459e+02 4.281280163874276457e-01
3.243243243243243423e-01 2.600000000000000000e+01 3.596733994781970978e+02 4.492335110876404802e-01
3.243243243243243423e-01 2.700000000000000000e+01 3.597723372280597687e+02 4.473183867585774909e-01
3.243243243243243423e-01 2.800000000000000000e+01 3.597723372280597687e+02 4.473183867585774909e-01
3.243243243243243423e-01 2.900000000000000000e+01 3.596699081361293793e+02 4.487435093708385114e-01
3.243243243243243423e-01 3.000000000000000000e+01 3.599042437970638275e+02 4.288134062698076843e-01
3.243243243243243423e-01 3.100000000000000000e+01 3.596733994781970978e+02 4.492335110876404802e-01
3.243243243243243423e-01 3.200000000000000000e+01 3.597409643232822418e+02 4.484040026370836873e-01
3.243243243243243423e-01 3.300000000000000000e+01 3.597723372280597687e+02 4.473183867585774909e-01
3.243243243243243423e-01 3.400000000000000000e+01 3.599350415170192719e+02 4.312281767788996856e-01
3.243243243243243423e-01 3.500000000000000000e+01 3.597007669508457184e+02 4.481860784008849796e-01
3.243243243243243423e-01 3.600000000000000000e+01 3.599042437970638275e+02 4.288134062698076843e-01
3.243243243243243423e-01 3.700000000000000000e+01 3.597723372280597687e+02 4.473183867585774909e-01
3.243243243243243423e-01 3.800000000000000000e+01 3.597956396639347076e+02 4.477563853781270642e-01
3.243243243243243423e-01 3.900000000000000000e+01 3.599536292254924774e+02 4.278192873972077592e-01
3.243243243243243423e-01 4.000000000000000000e+01 3.596699081361293793e+02 4.487435093708385114e-01
3.243243243243243423e-01 4.100000000000000000e+01 3.596733994781970978e+02 4.492335110876404802e-01
3.243243243243243423e-01 4.200000000000000000e+01 3.596019141376018524e+02 4.456348842927378429e-01
3.243243243243243423e-01 4.300000000000000000e+01 3.597723372280597687e+02 4.473183867585774909e-01
3.243243243243243423e-01 4.400000000000000000e+01 3.599042437970638275e+02 4.288134062698076843e-01
3.243243243243243423e-01 4.500000000000000000e+01 3.596019141376018524e+02 4.456348842927378429e-01
3.243243243243243423e-01 4.600000000000000000e+01 3.599536292254924774e+02 4.278192873972077592e-01
3.243243243243243423e-01 4.700000000000000000e+01 3.599350415170192719e+02 4.312281767788996856e-01
3.243243243243243423e-01 4.800000000000000000e+01 3.596019141376018524e+02 4.456348842927378429e-01
3.243243243243243423e-01 4.900000000000000000e+01 3.597956396639347076e+02 4.477563853781270642e-01
3.378378378378378288e-01 0.000000000000000000e+00 3.597320415079593658e+02 4.436196757605171959e-01
3.378378378378378288e-01 1.000000000000000000e+00 3.599735356867313385e+02 4.285339676125645147e-01
3.378378378378378288e-01 2.000000000000000000e+00 3.597371436655521393e+02 4.498650250529970251e-01
3.378378378378378288e-01 3.000000000000000000e+00 3.596522428095340729e+02 4.498705610561268831e-01
3.378378378378378288e-01 4.000000000000000000e+00 3.597621984779834747e+02 4.501795355957103340e-01
3.378378378378378288e-01 5.000000000000000000e+00 3.596522428095340729e+02 4.498705610561268831e-01
3.378378378378378288e-01 6.000000000000000000e+00 3.596670068800449371e+02 4.505514740332140500e-01
3.378378378378378288e-01 7.000000000000000000e+00 3.596426405012607574e+02 4.513297803930691465e-01
3.378378378378378288e-01 8.000000000000000000e+00 3.596426405012607574e+02 4.513297803930691465e-01
3.378378378378378288e-01 9.000000000000000000e+00 3.597320415079593658e+02 4.436196757605171959e-01
3.378378378378378288e-01 1.000000000000000000e+01 3.596508197486400604e+02 4.476841688778541162e-01
3.378378378378378288e-01 1.100000000000000000e+01 3.597091011703014374e+02 4.506188474938628286e-01
3.378378378378378288e-01 1.200000000000000000e+01 3.597091011703014374e+02 4.506188474938628286e-01
3.378378378378378288e-01 1.300000000000000000e+01 3.598781161010265350e+02 4.308057983391091472e-01
3.378378378378378288e-01 1.400000000000000000e+01 3.597621984779834747e+02 4.501795355957103340e-01
3.378378378378378288e-01 1.500000000000000000e+01 3.598781161010265350e+02 4.308057983391091472e-01
3.378378378378378288e-01 1.600000000000000000e+01 3.595854766666889191e+02 4.466855836844433325e-01
3.378378378378378288e-01 1.700000000000000000e+01 3.595854766666889191e+02 4.466855836844433325e-01
3.378378378378378288e-01 1.800000000000000000e+01 3.599020920693874359e+02 4.338011471054560864e-01
3.378378378378378288e-01 1.900000000000000000e+01 3.595854766666889191e+02 4.466855836844433325e-01
3.378378378378378288e-01 2.000000000000000000e+01 3.597091011703014374e+02 4.506188474938628286e-01
3.378378378378378288e-01 2.100000000000000000e+01 3.596508197486400604e+02 4.476841688778541162e-01
3.378378378378378288e-01 2.200000000000000000e+01 3.597371436655521393e+02 4.498650250529970251e-01
3.378378378378378288e-01 2.300000000000000000e+01 3.595854766666889191e+02 4.466855836844433325e-01
3.378378378378378288e-01 2.400000000000000000e+01 3.598781161010265350e+02 4.308057983391091472e-01
3.378378378378378288e-01 2.500000000000000000e+01 3.600059188902378082e+02 4.307683450044413331e-01
3.378378378378378288e-01 2.600000000000000000e+01 3.596426405012607574e+02 4.513297803930691465e-01
3.378378378378378288e-01 2.700000000000000000e+01 3.597371436655521393e+02 4.498650250529970251e-01
3.378378378378378288e-01 2.800000000000000000e+01 3.597371436655521393e+02 4.498650250529970251e-01
3.378378378378378288e-01 2.900000000000000000e+01 3.596522428095340729e+02 4.498705610561268831e-01
3.378378378378378288e-01 3.000000000000000000e+01 3.598781161010265350e+02 4.308057983391091472e-01
3.378378378378378288e-01 3.100000000000000000e+01 3.596426405012607574e+02 4.513297803930691465e-01
3.378378378378378288e-01 3.200000000000000000e+01 3.597091011703014374e+02 4.506188474938628286e-01
3.378378378378378288e-01 3.300000000000000000e+01 3.597371436655521393e+02 4.498650250529970251e-01
3.378378378378378288e-01 3.400000000000000000e+01 3.599020920693874359e+02 4.338011471054560864e-01
3.378378378378378288e-01 3.500000000000000000e+01 3.596670068800449371e+02 4.505514740332140500e-01
3.378378378378378288e-01 3.600000000000000000e+01 3.598781161010265350e+02 4.308057983391091472e-01
3.378378378378378288e-01 3.700000000000000000e+01 3.597371436655521393e+02 4.498650250529970251e-01
3.378378378378378288e-01 3.800000000000000000e+01 3.597621984779834747e+02 4.501795355957103340e-01
3.378378378378378288e-01 3.900000000000000000e+01 3.599276565015316010e+02 4.298390836620034627e-01
3.378378378378378288e-01 4.000000000000000000e+01 3.596522428095340729e+02 4.498705610561268831e-01
3.378378378378378288e-01 4.100000000000000000e+01 3.596426405012607574e+02 4.513297803930691465e-01
3.378378378378378288e-01 4.200000000000000000e+01 3.595854766666889191e+02 4.466855836844433325e-01
3.378378378378378288e-01 4.300000000000000000e+01 3.597371436655521393e+02 4.498650250529970251e-01
3.378378378378378288e-01 4.400000000000000000e+01 3.598781161010265350e+02 4.308057983391091472e-01
3.378378378378378288e-01 4.500000000000000000e+01 3.595854766666889191e+02 4.466855836844433325e-01
3.378378378378378288e-01 4.600000000000000000e+01 3.599276565015316010e+02 4.298390836620034627e-01
3.378378378378378288e-01 4.700000000000000000e+01 3.599020920693874359e+02 4.338011471054560864e-01
3.378378378378378288e-01 4.800000000000000000e+01 3.595854766666889191e+02 4.466855836844433325e-01
3.378378378378378288e-01 4.900000000000000000e+01 3.597621984779834747e+02 4.501795355957103340e-01
3.513513513513513709e-01 0.000000000000000000e+00 3.596949793398380280e+02 4.466847960940518170e-01
3.513513513513513709e-01 1.000000000000000000e+00 3.599484689533710480e+02 4.307790474886000753e-01
3.513513513513513709e-01 2.000000000000000000e+00 3.597063712775707245e+02 4.522750191894681637e-01
3.513513513513513709e-01 3.000000000000000000e+00 3.596362762153148651e+02 4.509586733100194311e-01
3.513513513513513709e-01 4.000000000000000000e+00 3.597331486642360687e+02 4.524555050864876304e-01
3.513513513513513709e-01 5.000000000000000000e+00 3.596362762153148651e+02 4.509586733100194311e-01
3.513513513513513709e-01 6.000000000000000000e+00 3.596373163163661957e+02 4.527956598824689483e-01
3.513513513513513709e-01 7.000000000000000000e+00 3.596156857907772064e+02 4.533034208838373491e-01
3.513513513513513709e-01 8.000000000000000000e+00 3.596156857907772064e+02 4.533034208838373491e-01
3.513513513513513709e-01 9.000000000000000000e+00 3.596949793398380280e+02 4.466847960940518170e-01
3.513513513513513709e-01 1.000000000000000000e+01 3.596163503825664520e+02 4.503950556275084782e-01
3.513513513513513709e-01 1.100000000000000000e+01 3.596811331808567047e+02 4.527120124367855492e-01
3.513513513513513709e-01 1.200000000000000000e+01 3.596811331808567047e+02 4.527120124367855492e-01
3.513513513513513709e-01 1.300000000000000000e+01 3.598525114357471466e+02 4.329872525917448089e-01
3.513513513513513709e-01 1.400000000000000000e+01 3.597331486642360687e+02 4.524555050864876304e-01
3.513513513513513709e-01 1.500000000000000000e+01 3.598525114357471466e+02 4.329872525917448089e-01
3.513513513513513709e-01 1.600000000000000000e+01 3.595688574016094208e+02 4.478593803080839209e-01
3.513513513513513709e-01 1.700000000000000000e+01 3.595688574016094208e+02 4.478593803080839209e-01
3.513513513513513709e-01 1.800000000000000000e+01 3.598705179989337921e+02 4.365302650031210874e-01
3.513513513513513709e-01 1.900000000000000000e+01 3.595688574016094208e+02 4.478593803080839209e-01
3.513513513513513709e-01 2.000000000000000000e+01 3.596811331808567047e+02 4.527120124367855492e-01
3.513513513513513709e-01 2.100000000000000000e+01 3.596163503825664520e+02 4.503950556275084782e-01
3.513513513513513709e-01 2.200000000000000000e+01 3.597063712775707245e+02 4.522750191894681637e-01
3.513513513513513709e-01 2.300000000000000000e+01 3.595688574016094208e+02 4.478593803080839209e-01
3.513513513513513709e-01 2.400000000000000000e+01 3.598525114357471466e+02 4.329872525917448089e-01
3.513513513513513709e-01 2.500000000000000000e+01 3.599751286208629608e+02 4.335858220745316682e-01
3.513513513513513709e-01 2.600000000000000000e+01 3.596156857907772064e+02 4.533034208838373491e-01
3.513513513513513709e-01 2.700000000000000000e+01 3.597063712775707245e+02 4.522750191894681637e-01
3.513513513513513709e-01 2.800000000000000000e+01 3.597063712775707245e+02 4.522750191894681637e-01
3.513513513513513709e-01 2.900000000000000000e+01 3.596362762153148651e+02 4.509586733100194311e-01
3.513513513513513709e-01 3.000000000000000000e+01 3.598525114357471466e+02 4.329872525917448089e-01
3.513513513513513709e-01 3.100000000000000000e+01 3.596156857907772064e+02 4.533034208838373491e-01
3.513513513513513709e-01 3.200000000000000000e+01 3.596811331808567047e+02 4.527120124367855492e-01
3.513513513513513709e-01 3.300000000000000000e+01 3.597063712775707245e+02 4.522750191894681637e-01
3.513513513513513709e-01 3.400000000000000000e+01 3.598705179989337921e+02 4.365302650031210874e-01
3.513513513513513709e-01 3.500000000000000000e+01 3.596373163163661957e+02 4.527956598824689483e-01
3.513513513513513709e-01 3.600000000000000000e+01 3.598525114357471466e+02 4.329872525917448089e-01
3.513513513513513709e-01 3.700000000000000000e+01 3.597063712775707245e+02 4.522750191894681637e-01
3.513513513513513709e-01 3.800000000000000000e+01 3.597331486642360687e+02 4.524555050864876304e-01
3.513513513513513709e-01 3.900000000000000000e+01 3.599021740257740021e+02 4.320562039678055855e-01
3.513513513513513709e-01 4.000000000000000000e+01 3.596362762153148651e+02 4.509586733100194311e-01
3.513513513513513709e-01 4.100000000000000000e+01 3.596156857907772064e+02 4.533034208838373491e-01
3.513513513513513709e-01 4.200000000000000000e+01 3.595688574016094208e+02 4.478593803080839209e-01
3.513513513513513709e-01 4.300000000000000000e+01 3.597063712775707245e+02 4.522750191894681637e-01
3.513513513513513709e-01 4.400000000000000000e+01 3.598525114357471466e+02 4.329872525917448089e-01
3.513513513513513709e-01 4.500000000000000000e+01 3.595688574016094208e+02 4.478593803080839209e-01
3.513513513513513709e-01 4.600000000000000000e+01 3.599021740257740021e+02 4.320562039678055855e-01
3.513513513513513709e-01 4.700000000000000000e+01 3.598705179989337921e+02 4.365302650031210874e-01
3.513513513513513709e-01 4.800000000000000000e+01 3.595688574016094208e+02 4.478593803080839209e-01
3.513513513513513709e-01 4.900000000000000000e+01 3.597331486642360687e+02 4.524555050864876304e-01
3.648648648648649129e-01 0.000000000000000000e+00 3.596614636480808258e+02 4.497330530467752441e-01
3.648648648648649129e-01 1.000000000000000000e+00 3.599243350327014923e+02 4.332266145191465689e-01
3.648648648648649129e-01 2.000000000000000000e+00 3.596794761717319489e+02 4.545703469093623217e-01
3.648648648648649129e-01 3.000000000000000000e+00 3.596214853227138519e+02 4.520499225397897058e-01
3.648648648648649129e-01 4.000000000000000000e+00 3.597078792750835419e+02 4.546107813294918421e-01
3.648648648648649129e-01 5.000000000000000000e+00 3.596214853227138519e+02 4.520499225397897058e-01
3.648648648648649129e-01 6.000000000000000000e+00 3.596111960709095001e+02 4.549395672857127759e-01
3.648648648648649129e-01 7.000000000000000000e+00 3.595919825136661530e+02 4.551794080195097902e-01
3.648648648648649129e-01 8.000000000000000000e+00 3.595919825136661530e+02 4.551794080195097902e-01
3.648648648648649129e-01 9.000000000000000000e+00 3.596614636480808258e+02 4.497330530467752441e-01
3.648648648648649129e-01 1.000000000000000000e+01 3.595855437219142914e+02 4.530433209422491392e-01
3.648648648648649129e-01 1.100000000000000000e+01 3.596565254032611847e+02 4.547074364357495679e-01
3.648648648648649129e-01 1.200000000000000000e+01 3.596565254032611847e+02 4.547074364357495679e-01
3.648648648648649129e-01 1.300000000000000000e+01 3.598278798162937164e+02 4.353547746517998918e-01
3.648648648648649129e-01 1.400000000000000000e+01 3.597078792750835419e+02 4.546107813294918421e-01
3.648648648648649129e-01 1.500000000000000000e+01 3.598278798162937164e+02 4.353547746517998918e-01
3.648648648648649129e-01 1.600000000000000000e+01 3.595522098243236542e+02 4.491725080168427198e-01
3.648648648648649129e-01 1.700000000000000000e+01 3.595522098243236542e+02 4.491725080168427198e-01
3.648648648648649129e-01 1.800000000000000000e+01 3.598406888544559479e+02 4.394095792293398195e-01
3.648648648648649129e-01 1.900000000000000000e+01 3.595522098243236542e+02 4.491725080168427198e-01
3.648648648648649129e-01 2.000000000000000000e+01 3.596565254032611847e+02 4.547074364357495679e-01
3.648648648648649129e-01 2.100000000000000000e+01 3.595855437219142914e+02 4.530433209422491392e-01
3.648648648648649129e-01 2.200000000000000000e+01 3.596794761717319489e+02 4.545703469093623217e-01
3.648648648648649129e-01 2.300000000000000000e+01 3.595522098243236542e+02 4.491725080168427198e-01
3.648648648648649129e-01 2.400000000000000000e+01 3.598278798162937164e+02 4.353547746517998918e-01
3.648648648648649129e-01 2.500000000000000000e+01 3.599460475146770477e+02 4.365715156341604675e-01
3.648648648648649129e-01 2.600000000000000000e+01 3.595919825136661530e+02 4.551794080195097902e-01
3.648648648648649129e-01 2.700000000000000000e+01 3.596794761717319489e+02 4.545703469093623217e-01
3.648648648648649129e-01 2.800000000000000000e+01 3.596794761717319489e+02 4.545703469093623217e-01
3.648648648648649129e-01 2.900000000000000000e+01 3.596214853227138519e+02 4.520499225397897058e-01
3.648648648648649129e-01 3.000000000000000000e+01 3.598278798162937164e+02 4.353547746517998918e-01
3.648648648648649129e-01 3.100000000000000000e+01 3.595919825136661530e+02 4.551794080195097902e-01
3.648648648648649129e-01 3.200000000000000000e+01 3.596565254032611847e+02 4.547074364357495679e-01
3.648648648648649129e-01 3.300000000000000000e+01 3.596794761717319489e+02 4.545703469093623217e-01
3.648648648648649129e-01 3.400000000000000000e+01 3.598406888544559479e+02 4.394095792293398195e-01
3.648648648648649129e-01 3.500000000000000000e+01 3.596111960709095001e+02 4.549395672857127759e-01
3.648648648648649129e-01 3.600000000000000000e+01 3.598278798162937164e+02 4.353547746517998918e-01
3.648648648648649129e-01 3.700000000000000000e+01 3.596794761717319489e+02 4.545703469093623217e-01
3.648648648648649129e-01 3.800000000000000000e+01 3.597078792750835419e+02 4.546107813294918421e-01
3.648648648648649129e-01 3.900000000000000000e+01 3.598776541650295258e+02 4.344668918105823452e-01
3.648648648648649129e-01 4.000000000000000000e+01 3.596214853227138519e+02 4.520499225397897058e-01
3.648648648648649129e-01 4.100000000000000000e+01 3.595919825136661530e+02 4.551794080195097902e-01
3.648648648648649129e-01 4.200000000000000000e+01 3.595522098243236542e+02 4.491725080168427198e-01
3.648648648648649129e-01 4.300000000000000000e+01 3.596794761717319489e+02 4.545703469093623217e-01
3.648648648648649129e-01 4.400000000000000000e+01 3.598278798162937164e+02 4.353547746517998918e-01
3.648648648648649129e-01 4.500000000000000000e+01 3.595522098243236542e+02 4.491725080168427198e-01
3.648648648648649129e-01 4.600000000000000000e+01 3.598776541650295258e+02 4.344668918105823452e-01
3.648648648648649129e-01 4.700000000000000000e+01 3.598406888544559479e+02 4.394095792293398195e-01
3.648648648648649129e-01 4.800000000000000000e+01 3.595522098243236542e+02 4.491725080168427198e-01
3.648648648648649129e-01 4.900000000000000000e+01 3.597078792750835419e+02 4.546107813294918421e-01
3.783783783783783994e-01 0.000000000000000000e+00 3.596314199268817902e+02 4.527663732546574060e-01
3.783783783783783994e-01 1.000000000000000000e+00 3.599015973508358002e+02 4.358720527659673549e-01
3.783783783783783994e-01 2.000000000000000000e+00 3.596559800207614899e+02 4.567741925708999062e-01
3.783783783783783994e-01 3.000000000000000000e+00 3.596075527369976044e+02 4.531808853184294272e-01
3.783783783783783994e-01 4.000000000000000000e+00 3.596858613193035126e+02 4.566724692324777291e-01
3.783783783783783994e-01 5.000000000000000000e+00 3.596075527369976044e+02 4.531808853184294272e-01
3.783783783783783994e-01 6.000000000000000000e+00 3.595882050693035126e+02 4.570049093238112148e-01
3.783783783783783994e-01 7.000000000000000000e+00 3.595710612833499908e+02 4.569828688929952754e-01
3.783783783783783994e-01 8.000000000000000000e+00 3.595710612833499908e+02 4.569828688929952754e-01
3.783783783783783994e-01 9.000000000000000000e+00 3.596314199268817902e+02 4.527663732546574060e-01
3.783783783783783994e-01 1.000000000000000000e+01 3.595581538975238800e+02 4.556393300918245015e-01
3.783783783783783994e-01 1.100000000000000000e+01 3.596348233520984650e+02 4.566294322444854337e-01
3.783783783783783994e-01 1.200000000000000000e+01 3.596348233520984650e+02 4.566294322444854337e-01
3.783783783783783994e-01 1.300000000000000000e+01 3.598046414554119110e+02 4.379053397561203376e-01
3.783783783783783994e-01 1.400000000000000000e+01 3.596858613193035126e+02 4.566724692324777291e-01
3.783783783783783994e-01 1.500000000000000000e+01 3.598046414554119110e+02 4.379053397561203376e-01
3.783783783783783994e-01 1.600000000000000000e+01 3.595357976853847504e+02 4.506344873181205579e-01
3.783783783783783994e-01 1.700000000000000000e+01 3.595357976853847504e+02 4.506344873181205579e-01
3.783783783783783994e-01 1.800000000000000000e+01 3.598129354417324066e+02 4.424336678482694296e-01
3.783783783783783994e-01 1.900000000000000000e+01 3.595357976853847504e+02 4.506344873181205579e-01
3.783783783783783994e-01 2.000000000000000000e+01 3.596348233520984650e+02 4.566294322444854337e-01
3.783783783783783994e-01 2.100000000000000000e+01 3.595581538975238800e+02 4.556393300918245015e-01
3.783783783783783994e-01 2.200000000000000000e+01 3.596559800207614899e+02 4.567741925708999062e-01
3.783783783783783994e-01 2.300000000000000000e+01 3.595357976853847504e+02 4.506344873181205579e-01
3.783783783783783994e-01 2.400000000000000000e+01 3.598046414554119110e+02 4.379053397561203376e-01
3.783783783783783994e-01 2.500000000000000000e+01 3.599190525710582733e+02 4.397174425851366197e-01
3.783783783783783994e-01 2.600000000000000000e+01 3.595710612833499908e+02 4.569828688929952754e-01
3.783783783783783994e-01 2.700000000000000000e+01 3.596559800207614899e+02 4.567741925708999062e-01
3.783783783783783994e-01 2.800000000000000000e+01 3.596559800207614899e+02 4.567741925708999062e-01
3.783783783783783994e-01 2.900000000000000000e+01 3.596075527369976044e+02 4.531808853184294272e-01
3.783783783783783994e-01 3.000000000000000000e+01 3.598046414554119110e+02 4.379053397561203376e-01
3.783783783783783994e-01 3.100000000000000000e+01 3.595710612833499908e+02 4.569828688929952754e-01
3.783783783783783994e-01 3.200000000000000000e+01 3.596348233520984650e+02 4.566294322444854337e-01
3.783783783783783994e-01 3.300000000000000000e+01 3.596559800207614899e+02 4.567741925708999062e-01
3.783783783783783994e-01 3.400000000000000000e+01 3.598129354417324066e+02 4.424336678482694296e-01
3.783783783783783994e-01 3.500000000000000000e+01 3.595882050693035126e+02 4.570049093238112148e-01
3.783783783783783994e-01 3.600000000000000000e+01 3.598046414554119110e+02 4.379053397561203376e-01
3.783783783783783994e-01 3.700000000000000000e+01 3.596559800207614899e+02 4.567741925708999062e-01
3.783783783783783994e-01 3.800000000000000000e+01 3.596858613193035126e+02 4.566724692324777291e-01
3.783783783783783994e-01 3.900000000000000000e+01 3.598545350134372711e+02 4.370674017733724992e-01
3.783783783783783994e-01 4.000000000000000000e+01 3.596075527369976044e+02 4.531808853184294272e-01
3.783783783783783994e-01 4.100000000000000000e+01 3.595710612833499908e+02 4.569828688929952754e-01
3.783783783783783994e-01 4.200000000000000000e+01 3.595357976853847504e+02 4.506344873181205579e-01
3.783783783783783994e-01 4.300000000000000000e+01 3.596559800207614899e+02 4.567741925708999062e-01
3.783783783783783994e-01 4.400000000000000000e+01 3.598046414554119110e+02 4.379053397561203376e-01
3.783783783783783994e-01 4.500000000000000000e+01 3.595357976853847504e+02 4.506344873181205579e-01
3.783783783783783994e-01 4.600000000000000000e+01 3.598545350134372711e+02 4.370674017733724992e-01
3.783783783783783994e-01 4.700000000000000000e+01 3.598129354417324066e+02 4.424336678482694296e-01
3.783783783783783994e-01 4.800000000000000000e+01 3.595357976853847504e+02 4.506344873181205579e-01
3.783783783783783994e-01 4.900000000000000000e+01 3.596858613193035126e+02 4.566724692324777291e-01
3.918918918918918859e-01 0.000000000000000000e+00 3.596047617495059967e+02 4.557887648715371331e-01
3.918918918918918859e-01 1.000000000000000000e+00 3.598806805908679962e+02 4.387109722925102706e-01
3.918918918918918859e-01 2.000000000000000000e+00 3.596354775130748749e+02 4.589102843920975783e-01
3.918918918918918859e-01 3.000000000000000000e+00 3.595943428575992584e+02 4.543832651144178447e-01
3.918918918918918859e-01 4.000000000000000000e+00 3.596666596829891205e+02 4.586677515055943011e-01
3.918918918918918859e-01 5.000000000000000000e+00 3.595943428575992584e+02 4.543832651144178447e-01
3.918918918918918859e-01 6.000000000000000000e+00 3.595679797232151031e+02 4.590139073121158875e-01
3.918918918918918859e-01 7.000000000000000000e+00 3.595525495707988739e+02 4.587388468874473157e-01
3.918918918918918859e-01 8.000000000000000000e+00 3.595525495707988739e+02 4.587388468874473157e-01
3.918918918918918859e-01 9.000000000000000000e+00 3.596047617495059967e+02 4.557887648715371331e-01
3.918918918918918859e-01 1.000000000000000000e+01 3.595339573919773102e+02 4.581949188682962193e-01
3.918918918918918859e-01 1.100000000000000000e+01 3.596156604588031769e+02 4.585023116023435041e-01
3.918918918918918859e-01 1.200000000000000000e+01 3.596156604588031769e+02 4.585023116023435041e-01
3.918918918918918859e-01 1.300000000000000000e+01 3.597831957042217255e+02 4.406362017017019239e-01
3.918918918918918859e-01 1.400000000000000000e+01 3.596666596829891205e+02 4.586677515055943011e-01
3.918918918918918859e-01 1.500000000000000000e+01 3.597831957042217255e+02 4.406362017017019239e-01
3.918918918918918859e-01 1.600000000000000000e+01 3.595199473202228546e+02 4.522500156003568250e-01
3.918918918918918859e-01 1.700000000000000000e+01 3.595199473202228546e+02 4.522500156003568250e-01
3.918918918918918859e-01 1.800000000000000000e+01 3.597875617444515228e+02 4.455978503479071096e-01
3.918918918918918859e-01 1.900000000000000000e+01 3.595199473202228546e+02 4.522500156003568250e-01
3.918918918918918859e-01 2.000000000000000000e+01 3.596156604588031769e+02 4.585023116023435041e-01
3.918918918918918859e-01 2.100000000000000000e+01 3.595339573919773102e+02 4.581949188682962193e-01
3.918918918918918859e-01 2.200000000000000000e+01 3.596354775130748749e+02 4.589102843920975783e-01
3.918918918918918859e-01 2.300000000000000000e+01 3.595199473202228546e+02 4.522500156003568250e-01
3.918918918918918859e-01 2.400000000000000000e+01 3.597831957042217255e+02 4.406362017017019239e-01
3.918918918918918859e-01 2.500000000000000000e+01 3.598944805562496185e+02 4.430166618304229864e-01
3.918918918918918859e-01 2.600000000000000000e+01 3.595525495707988739e+02 4.587388468874473157e-01
3.918918918918918859e-01 2.700000000000000000e+01 3.596354775130748749e+02 4.589102843920975783e-01
3.918918918918918859e-01 2.800000000000000000e+01 3.596354775130748749e+02 4.589102843920975783e-01
3.918918918918918859e-01 2.900000000000000000e+01 3.595943428575992584e+02 4.543832651144178447e-01
3.918918918918918859e-01 3.000000000000000000e+01 3.597831957042217255e+02 4.406362017017019239e-01
3.918918918918918859e-01 3.100000000000000000e+01 3.595525495707988739e+02 4.587388468874473157e-01
3.918918918918918859e-01 3.200000000000000000e+01 3.596156604588031769e+02 4.585023116023435041e-01
3.918918918918918859e-01 3.300000000000000000e+01 3.596354775130748749e+02 4.589102843920975783e-01
3.918918918918918859e-01 3.400000000000000000e+01 3.597875617444515228e+02 4.455978503479071096e-01
3.918918918918918859e-01 3.500000000000000000e+01 3.595679797232151031e+02 4.590139073121158875e-01
3.918918918918918859e-01 3.600000000000000000e+01 3.597831957042217255e+02 4.406362017017019239e-01
3.918918918918918859e-01 3.700000000000000000e+01 3.596354775130748749e+02 4.589102843920975783e-01
3.918918918918918859e-01 3.800000000000000000e+01 3.596666596829891205e+02 4.586677515055943011e-01
3.918918918918918859e-01 3.900000000000000000e+01 3.598332293331623077e+02 4.398543025195233991e-01
3.918918918918918859e-01 4.000000000000000000e+01 3.595943428575992584e+02 4.543832651144178447e-01
3.918918918918918859e-01 4.100000000000000000e+01 3.595525495707988739e+02 4.587388468874473157e-01
3.918918918918918859e-01 4.200000000000000000e+01 3.595199473202228546e+02 4.522500156003568250e-01
3.918918918918918859e-01 4.300000000000000000e+01 3.596354775130748749e+02 4.589102843920975783e-01
3.918918918918918859e-01 4.400000000000000000e+01 3.597831957042217255e+02 4.406362017017019239e-01
3.918918918918918859e-01 4.500000000000000000e+01 3.595199473202228546e+02 4.522500156003568250e-01
3.918918918918918859e-01 4.600000000000000000e+01 3.598332293331623077e+02 4.398543025195233991e-01
3.918918918918918859e-01 4.700000000000000000e+01 3.597875617444515228e+02 4.455978503479071096e-01
3.918918918918918859e-01 4.800000000000000000e+01 3.595199473202228546e+02 4.522500156003568250e-01
3.918918918918918859e-01 4.900000000000000000e+01 3.596666596829891205e+02 4.586677515055943011e-01
4.054054054054054279e-01 0.000000000000000000e+00 3.595814071595668793e+02 4.588060299913959694e-01
4.054054054054054279e-01 1.000000000000000000e+00 3.598619796335697174e+02 4.417394378111650921e-01
4.054054054054054279e-01 2.000000000000000000e+00 3.596176438033580780e+02 4.610024596325171808e-01
4.054054054054054279e-01 3.000000000000000000e+00 3.595818631350994110e+02 4.556842864638527280e-01
4.054054054054054279e-01 4.000000000000000000e+00 3.596499331295490265e+02 4.606233818788397216e-01
4.054054054054054279e-01 5.000000000000000000e+00 3.595818631350994110e+02 4.556842864638527280e-01
4.054054054054054279e-01 6.000000000000000000e+00 3.595502309501171112e+02 4.609887944881470578e-01
4.054054054054054279e-01 7.000000000000000000e+00 3.595361612737178802e+02 4.604718058106729295e-01
4.054054054054054279e-01 8.000000000000000000e+00 3.595361612737178802e+02 4.604718058106729295e-01
4.054054054054054279e-01 9.000000000000000000e+00 3.595814071595668793e+02 4.588060299913959694e-01
4.054054054054054279e-01 1.000000000000000000e+01 3.595127664506435394e+02 4.607230937958525785e-01
4.054054054054054279e-01 1.100000000000000000e+01 3.595987536013126373e+02 4.603499648922433352e-01
4.054054054054054279e-01 1.200000000000000000e+01 3.595987536013126373e+02 4.603499648922433352e-01
4.054054054054054279e-01 1.300000000000000000e+01 3.597639136016368866e+02 4.435448582581499877e-01
4.054054054054054279e-01 1.400000000000000000e+01 3.596499331295490265e+02 4.606233818788397216e-01
4.054054054054054279e-01 1.500000000000000000e+01 3.597639136016368866e+02 4.435448582581499877e-01
4.054054054054054279e-01 1.600000000000000000e+01 3.595050133764743805e+02 4.540205285273701263e-01
4.054054054054054279e-01 1.700000000000000000e+01 3.595050133764743805e+02 4.540205285273701263e-01
4.054054054054054279e-01 1.800000000000000000e+01 3.597648404538631439e+02 4.488980793541238468e-01
4.054054054054054279e-01 1.900000000000000000e+01 3.595050133764743805e+02 4.540205285273701263e-01
4.054054054054054279e-01 2.000000000000000000e+01 3.595987536013126373e+02 4.603499648922433352e-01
4.054054054054054279e-01 2.100000000000000000e+01 3.595127664506435394e+02 4.607230937958525785e-01
4.054054054054054279e-01 2.200000000000000000e+01 3.596176438033580780e+02 4.610024596325171808e-01
4.054054054054054279e-01 2.300000000000000000e+01 3.595050133764743805e+02 4.540205285273701263e-01
4.054054054054054279e-01 2.400000000000000000e+01 3.597639136016368866e+02 4.435448582581499877e-01
4.054054054054054279e-01 2.500000000000000000e+01 3.598726280033588409e+02 4.464631797506407596e-01
4.054054054054054279e-01 2.600000000000000000e+01 3.595361612737178802e+02 4.604718058106729295e-01
4.054054054054054279e-01 2.700000000000000000e+01 3.596176438033580780e+02 4.610024596325171808e-01
4.054054054054054279e-01 2.800000000000000000e+01 3.596176438033580780e+02 4.610024596325171808e-01
4.054054054054054279e-01 2.900000000000000000e+01 3.595818631350994110e+02 4.556842864638527280e-01
4.054054054054054279e-01 3.000000000000000000e+01 3.597639136016368866e+02 4.435448582581499877e-01
4.054054054054054279e-01 3.100000000000000000e+01 3.595361612737178802e+02 4.604718058106729295e-01
4.054054054054054279e-01 3.200000000000000000e+01 3.595987536013126373e+02 4.603499648922433352e-01
4.054054054054054279e-01 3.300000000000000000e+01 3.596176438033580780e+02 4.610024596325171808e-01
4.054054054054054279e-01 3.400000000000000000e+01 3.597648404538631439e+02 4.488980793541238468e-01
4.054054054054054279e-01 3.500000000000000000e+01 3.595502309501171112e+02 4.609887944881470578e-01
4.054054054054054279e-01 3.600000000000000000e+01 3.597639136016368866e+02 4.435448582581499877e-01
4.054054054054054279e-01 3.700000000000000000e+01 3.596176438033580780e+02 4.610024596325171808e-01
4.054054054054054279e-01 3.800000000000000000e+01 3.596499331295490265e+02 4.606233818788397216e-01
4.054054054054054279e-01 3.900000000000000000e+01 3.598141185939311981e+02 4.428244617912470704e-01
4.054054054054054279e-01 4.000000000000000000e+01 3.595818631350994110e+02 4.556842864638527280e-01
4.054054054054054279e-01 4.100000000000000000e+01 3.595361612737178802e+02 4.604718058106729295e-01
4.054054054054054279e-01 4.200000000000000000e+01 3.595050133764743805e+02 4.540205285273701263e-01
4.054054054054054279e-01 4.300000000000000000e+01 3.596176438033580780e+02 4.610024596325171808e-01
4.054054054054054279e-01 4.400000000000000000e+01 3.597639136016368866e+02 4.435448582581499877e-01
4.054054054054054279e-01 4.500000000000000000e+01 3.595050133764743805e+02 4.540205285273701263e-01
4.054054054054054279e-01 4.600000000000000000e+01 3.598141185939311981e+02 4.428244617912470704e-01
4.054054054054054279e-01 4.700000000000000000e+01 3.597648404538631439e+02 4.488980793541238468e-01
4.054054054054054279e-01 4.800000000000000000e+01 3.595050133764743805e+02 4.540205285273701263e-01
4.054054054054054279e-01 4.900000000000000000e+01 3.596499331295490265e+02 4.606233818788397216e-01
4.189189189189189699e-01 0.000000000000000000e+00 3.595612846314907074e+02 4.618253915975195079e-01
4.189189189189189699e-01 1.000000000000000000e+00 3.598458595573902130e+02 4.449540007700938382e-01
4.189189189189189699e-01 2.000000000000000000e+00 3.596022404730319977e+02 4.630743916152226247e-01
4.189189189189189699e-01 3.000000000000000000e+00 3.595702402293682098e+02 4.571073277667011547e-01
4.189189189189189699e-01 4.000000000000000000e+00 3.596354432404041290e+02 4.625655438834258004e-01
4.189189189189189699e-01 5.000000000000000000e+00 3.595702402293682098e+02 4.571073277667011547e-01
4.189189189189189699e-01 6.000000000000000000e+00 3.595347516238689423e+02 4.629516563131337858e-01
4.189189189189189699e-01 7.000000000000000000e+00 3.595217071473598480e+02 4.622056500192356365e-01
4.189189189189189699e-01 8.000000000000000000e+00 3.595217071473598480e+02 4.622056500192356365e-01
4.189189189189189699e-01 9.000000000000000000e+00 3.595612846314907074e+02 4.618253915975195079e-01
4.189189189189189699e-01 1.000000000000000000e+01 3.594944290816783905e+02 4.632376091220112846e-01
4.189189189189189699e-01 1.100000000000000000e+01 3.595839105546474457e+02 4.621957980834307533e-01
4.189189189189189699e-01 1.200000000000000000e+01 3.595839105546474457e+02 4.621957980834307533e-01
4.189189189189189699e-01 1.300000000000000000e+01 3.597471408545970917e+02 4.466291510079455906e-01
4.189189189189189699e-01 1.400000000000000000e+01 3.596354432404041290e+02 4.625655438834258004e-01
4.189189189189189699e-01 1.500000000000000000e+01 3.597471408545970917e+02 4.466291510079455906e-01
4.189189189189189699e-01 1.600000000000000000e+01 3.594913519918918610e+02 4.559453920380015512e-01
4.189189189189189699e-01 1.700000000000000000e+01 3.594913519918918610e+02 4.559453920380015512e-01
4.189189189189189699e-01 1.800000000000000000e+01 3.597450189292430878e+02 4.523309910561871261e-01
4.189189189189189699e-01 1.900000000000000000e+01 3.594913519918918610e+02 4.559453920380015512e-01
4.189189189189189699e-01 2.000000000000000000e+01 3.595839105546474457e+02 4.621957980834307533e-01
4.189189189189189699e-01 2.100000000000000000e+01 3.594944290816783905e+02 4.632376091220112846e-01
4.189189189189189699e-01 2.200000000000000000e+01 3.596022404730319977e+02 4.630743916152226247e-01
4.189189189189189699e-01 2.300000000000000000e+01 3.594913519918918610e+02 4.559453920380015512e-01
4.189189189189189699e-01 2.400000000000000000e+01 3.597471408545970917e+02 4.466291510079455906e-01
4.189189189189189699e-01 2.500000000000000000e+01 3.598537631332874298e+02 4.500520475656034081e-01
4.189189189189189699e-01 2.600000000000000000e+01 3.595217071473598480e+02 4.622056500192356365e-01
4.189189189189189699e-01 2.700000000000000000e+01 3.596022404730319977e+02 4.630743916152226247e-01
4.189189189189189699e-01 2.800000000000000000e+01 3.596022404730319977e+02 4.630743916152226247e-01
4.189189189189189699e-01 2.900000000000000000e+01 3.595702402293682098e+02 4.571073277667011547e-01
4.189189189189189699e-01 3.000000000000000000e+01 3.597471408545970917e+02 4.466291510079455906e-01
4.189189189189189699e-01 3.100000000000000000e+01 3.595217071473598480e+02 4.622056500192356365e-01
4.189189189189189699e-01 3.200000000000000000e+01 3.595839105546474457e+02 4.621957980834307533e-01
4.189189189189189699e-01 3.300000000000000000e+01 3.596022404730319977e+02 4.630743916152226247e-01
4.189189189189189699e-01 3.400000000000000000e+01 3.597450189292430878e+02 4.523309910561871261e-01
4.189189189189189699e-01 3.500000000000000000e+01 3.595347516238689423e+02 4.629516563131337858e-01
4.189189189189189699e-01 3.600000000000000000e+01 3.597471408545970917e+02 4.466291510079455906e-01
4.189189189189189699e-01 3.700000000000000000e+01 3.596022404730319977e+02 4.630743916152226247e-01
4.189189189189189699e-01 3.800000000000000000e+01 3.596354432404041290e+02 4.625655438834258004e-01
4.189189189189189699e-01 3.900000000000000000e+01 3.597975604236125946e+02 4.459752174863431118e-01
4.189189189189189699e-01 4.000000000000000000e+01 3.595702402293682098e+02 4.571073277667011547e-01
4.189189189189189699e-01 4.100000000000000000e+01 3.595217071473598480e+02 4.622056500192356365e-01
4.189189189189189699e-01 4.200000000000000000e+01 3.594913519918918610e+02 4.559453920380015512e-01
4.189189189189189699e-01 4.300000000000000000e+01 3.596022404730319977e+02 4.630743916152226247e-01
4.189189189189189699e-01 4.400000000000000000e+01 3.597471408545970917e+02 4.466291510079455906e-01
4.189189189189189699e-01 4.500000000000000000e+01 3.594913519918918610e+02 4.559453920380015512e-01
4.189189189189189699e-01 4.600000000000000000e+01 3.597975604236125946e+02 4.459752174863431118e-01
4.189189189189189699e-01 4.700000000000000000e+01 3.597450189292430878e+02 4.523309910561871261e-01
4.189189189189189699e-01 4.800000000000000000e+01 3.594913519918918610e+02 4.559453920380015512e-01
4.189189189189189699e-01 4.900000000000000000e+01 3.596354432404041290e+02 4.625655438834258004e-01
4.324324324324324564e-01 0.000000000000000000e+00 3.595443390309810638e+02 4.648552079438604268e-01
4.324324324324324564e-01 1.000000000000000000e+00 3.598326601088047028e+02 4.483517788110709112e-01
4.324324324324324564e-01 2.000000000000000000e+00 3.595891110599040985e+02 4.651492757575526604e-01
4.324324324324324564e-01 3.000000000000000000e+00 3.595596902072429657e+02 4.586723756162560672e-01
4.324324324324324564e-01 4.000000000000000000e+00 3.596230395138263702e+02 4.645194254860071648e-01
4.324324324324324564e-01 5.000000000000000000e+00 3.595596902072429657e+02 4.586723756162560672e-01
4.324324324324324564e-01 6.000000000000000000e+00 3.595214076340198517e+02 4.649240904510396621e-01
4.324324324324324564e-01 7.000000000000000000e+00 3.595090843737125397e+02 4.639634733072083295e-01
4.324324324324324564e-01 8.000000000000000000e+00 3.595090843737125397e+02 4.639634733072083295e-01
4.324324324324324564e-01 9.000000000000000000e+00 3.595443390309810638e+02 4.648552079438604268e-01
4.324324324324324564e-01 1.000000000000000000e+01 3.594788379967212677e+02 4.657528070977022261e-01
4.324324324324324564e-01 1.100000000000000000e+01 3.595710255205631256e+02 4.640625632165857328e-01
4.324324324324324564e-01 1.200000000000000000e+01 3.595710255205631256e+02 4.640625632165857328e-01
4.324324324324324564e-01 1.300000000000000000e+01 3.597332082688808441e+02 4.498874711423659356e-01
4.324324324324324564e-01 1.400000000000000000e+01 3.596230395138263702e+02 4.645194254860071648e-01
4.324324324324324564e-01 1.500000000000000000e+01 3.597332082688808441e+02 4.498874711423659356e-01
4.324324324324324564e-01 1.600000000000000000e+01 3.594793118536472321e+02 4.580229873939838381e-01
4.324324324324324564e-01 1.700000000000000000e+01 3.594793118536472321e+02 4.580229873939838381e-01
4.324324324324324564e-01 1.800000000000000000e+01 3.597283311188220978e+02 4.558940557510617886e-01
4.324324324324324564e-01 1.900000000000000000e+01 3.594793118536472321e+02 4.580229873939838381e-01
4.324324324324324564e-01 2.000000000000000000e+01 3.595710255205631256e+02 4.640625632165857328e-01
4.324324324324324564e-01 2.100000000000000000e+01 3.594788379967212677e+02 4.657528070977022261e-01
4.324324324324324564e-01 2.200000000000000000e+01 3.595891110599040985e+02 4.651492757575526604e-01
4.324324324324324564e-01 2.300000000000000000e+01 3.594793118536472321e+02 4.580229873939838381e-01
4.324324324324324564e-01 2.400000000000000000e+01 3.597332082688808441e+02 4.498874711423659356e-01
4.324324324324324564e-01 2.500000000000000000e+01 3.598381258547306061e+02 4.537792440475653666e-01
4.324324324324324564e-01 2.600000000000000000e+01 3.595090843737125397e+02 4.639634733072083295e-01
4.324324324324324564e-01 2.700000000000000000e+01 3.595891110599040985e+02 4.651492757575526604e-01
4.324324324324324564e-01 2.800000000000000000e+01 3.595891110599040985e+02 4.651492757575526604e-01
4.324324324324324564e-01 2.900000000000000000e+01 3.595596902072429657e+02 4.586723756162560672e-01
4.324324324324324564e-01 3.000000000000000000e+01 3.597332082688808441e+02 4.498874711423659356e-01
4.324324324324324564e-01 3.100000000000000000e+01 3.595090843737125397e+02 4.639634733072083295e-01
4.324324324324324564e-01 3.200000000000000000e+01 3.595710255205631256e+02 4.640625632165857328e-01
4.324324324324324564e-01 3.300000000000000000e+01 3.595891110599040985e+02 4.651492757575526604e-01
4.324324324324324564e-01 3.400000000000000000e+01 3.597283311188220978e+02 4.558940557510617886e-01
4.324324324324324564e-01 3.500000000000000000e+01 3.595214076340198517e+02 4.649240904510396621e-01
4.324324324324324564e-01 3.600000000000000000e+01 3.597332082688808441e+02 4.498874711423659356e-01
4.324324324324324564e-01 3.700000000000000000e+01 3.595891110599040985e+02 4.651492757575526604e-01
4.324324324324324564e-01 3.800000000000000000e+01 3.596230395138263702e+02 4.645194254860071648e-01
4.324324324324324564e-01 3.900000000000000000e+01 3.597838886082172394e+02 4.493043909326588925e-01
4.324324324324324564e-01 4.000000000000000000e+01 3.595596902072429657e+02 4.586723756162560672e-01
4.324324324324324564e-01 4.100000000000000000e+01 3.595090843737125397e+02 4.639634733072083295e-01
4.324324324324324564e-01 4.200000000000000000e+01 3.594793118536472321e+02 4.580229873939838381e-01
4.324324324324324564e-01 4.300000000000000000e+01 3.595891110599040985e+02 4.651492757575526604e-01
4.324324324324324564e-01 4.400000000000000000e+01 3.597332082688808441e+02 4.498874711423659356e-01
4.324324324324324564e-01 4.500000000000000000e+01 3.594793118536472321e+02 4.580229873939838381e-01
4.324324324324324564e-01 4.600000000000000000e+01 3.597838886082172394e+02 4.493043909326588925e-01
4.324324324324324564e-01 4.700000000000000000e+01 3.597283311188220978e+02 4.558940557510617886e-01
4.324324324324324564e-01 4.800000000000000000e+01 3.594793118536472321e+02 4.580229873939838381e-01
4.324324324324324564e-01 4.900000000000000000e+01 3.596230395138263702e+02 4.645194254860071648e-01
4.459459459459459429e-01 0.000000000000000000e+00 3.595305405557155609e+02 4.679048210513518380e-01
4.459459459459459429e-01 1.000000000000000000e+00 3.598226986825466156e+02 4.519304907816113492e-01
4.459459459459459429e-01 2.000000000000000000e+00 3.595781780779361725e+02 4.672496604993752745e-01
4.459459459459459429e-01 3.000000000000000000e+00 3.595505051314830780e+02 4.603966862268700777e-01
4.459459459459459429e-01 4.000000000000000000e+00 3.596126668155193329e+02 4.665093281554054672e-01
4.459459459459459429e-01 5.000000000000000000e+00 3.595505051314830780e+02 4.603966862268700777e-01
4.459459459459459429e-01 6.000000000000000000e+00 3.595101498067378998e+02 4.669273474536246860e-01
4.459459459459459429e-01 7.000000000000000000e+00 3.594982750713825226e+02 4.657675539997829794e-01
4.459459459459459429e-01 8.000000000000000000e+00 3.594982750713825226e+02 4.657675539997829794e-01
4.459459459459459429e-01 9.000000000000000000e+00 3.595305405557155609e+02 4.679048210513518380e-01
4.459459459459459429e-01 1.000000000000000000e+01 3.594659335911273956e+02 4.682834381105920873e-01
4.459459459459459429e-01 1.100000000000000000e+01 3.595600701868534088e+02 4.659721901012204293e-01
4.459459459459459429e-01 1.200000000000000000e+01 3.595600701868534088e+02 4.659721901012204293e-01
4.459459459459459429e-01 1.300000000000000000e+01 3.597224213182926178e+02 4.533185750545030146e-01
4.459459459459459429e-01 1.400000000000000000e+01 3.596126668155193329e+02 4.665093281554054672e-01
4.459459459459459429e-01 1.500000000000000000e+01 3.597224213182926178e+02 4.533185750545030146e-01
4.459459459459459429e-01 1.600000000000000000e+01 3.594692237675189972e+02 4.602514209386496802e-01
4.459459459459459429e-01 1.700000000000000000e+01 3.594692237675189972e+02 4.602514209386496802e-01
4.459459459459459429e-01 1.800000000000000000e+01 3.597149871289730072e+02 4.595853209607604350e-01
4.459459459459459429e-01 1.900000000000000000e+01 3.594692237675189972e+02 4.602514209386496802e-01
4.459459459459459429e-01 2.000000000000000000e+01 3.595600701868534088e+02 4.659721901012204293e-01
4.459459459459459429e-01 2.100000000000000000e+01 3.594659335911273956e+02 4.682834381105920873e-01
4.459459459459459429e-01 2.200000000000000000e+01 3.595781780779361725e+02 4.672496604993752745e-01
4.459459459459459429e-01 2.300000000000000000e+01 3.594692237675189972e+02 4.602514209386496802e-01
4.459459459459459429e-01 2.400000000000000000e+01 3.597224213182926178e+02 4.533185750545030146e-01
4.459459459459459429e-01 2.500000000000000000e+01 3.598259396851062775e+02 4.576417724247097696e-01
4.459459459459459429e-01 2.600000000000000000e+01 3.594982750713825226e+02 4.657675539997829794e-01
4.459459459459459429e-01 2.700000000000000000e+01 3.595781780779361725e+02 4.672496604993752745e-01
4.459459459459459429e-01 2.800000000000000000e+01 3.595781780779361725e+02 4.672496604993752745e-01
4.459459459459459429e-01 2.900000000000000000e+01 3.595505051314830780e+02 4.603966862268700777e-01
4.459459459459459429e-01 3.000000000000000000e+01 3.597224213182926178e+02 4.533185750545030146e-01
4.459459459459459429e-01 3.100000000000000000e+01 3.594982750713825226e+02 4.657675539997829794e-01
4.459459459459459429e-01 3.200000000000000000e+01 3.595600701868534088e+02 4.659721901012204293e-01
4.459459459459459429e-01 3.300000000000000000e+01 3.595781780779361725e+02 4.672496604993752745e-01
4.459459459459459429e-01 3.400000000000000000e+01 3.597149871289730072e+02 4.595853209607604350e-01
4.459459459459459429e-01 3.500000000000000000e+01 3.595101498067378998e+02 4.669273474536246860e-01
4.459459459459459429e-01 3.600000000000000000e+01 3.597224213182926178e+02 4.533185750545030146e-01
4.459459459459459429e-01 3.700000000000000000e+01 3.595781780779361725e+02 4.672496604993752745e-01
4.459459459459459429e-01 3.800000000000000000e+01 3.596126668155193329e+02 4.665093281554054672e-01
4.459459459459459429e-01 3.900000000000000000e+01 3.597734160721302032e+02 4.528103320434771484e-01
4.459459459459459429e-01 4.000000000000000000e+01 3.595505051314830780e+02 4.603966862268700777e-01
4.459459459459459429e-01 4.100000000000000000e+01 3.594982750713825226e+02 4.657675539997829794e-01
4.459459459459459429e-01 4.200000000000000000e+01 3.594692237675189972e+02 4.602514209386496802e-01
4.459459459459459429e-01 4.300000000000000000e+01 3.595781780779361725e+02 4.672496604993752745e-01
4.459459459459459429e-01 4.400000000000000000e+01 3.597224213182926178e+02 4.533185750545030146e-01
4.459459459459459429e-01 4.500000000000000000e+01 3.594692237675189972e+02 4.602514209386496802e-01
4.459459459459459429e-01 4.600000000000000000e+01 3.597734160721302032e+02 4.528103320434771484e-01
4.459459459459459429e-01 4.700000000000000000e+01 3.597149871289730072e+02 4.595853209607604350e-01
4.459459459459459429e-01 4.800000000000000000e+01 3.594692237675189972e+02 4.602514209386496802e-01
4.459459459459459429e-01 4.900000000000000000e+01 3.596126668155193329e+02 4.665093281554054672e-01
4.594594594594594850e-01 0.000000000000000000e+00 3.595198892056941986e+02 4.709843934222789907e-01
4.594594594594594850e-01 1.000000000000000000e+00 3.598162718117237091e+02 4.556884531234231539e-01
4.594594594594594850e-01 2.000000000000000000e+00 3.595694474875926971e+02 4.693975111925641208e-01
4.594594594594594850e-01 3.000000000000000000e+00 3.595430292189121246e+02 4.622951544286251213e-01
4.594594594594594850e-01 4.000000000000000000e+00 3.596043519675731659e+02 4.685584780044873554e-01
4.594594594594594850e-01 5.000000000000000000e+00 3.595430292189121246e+02 4.622951544286251213e-01
4.594594594594594850e-01 6.000000000000000000e+00 3.595009960234165192e+02 4.689819950537318927e-01
4.594594594594594850e-01 7.000000000000000000e+00 3.594893403351306915e+02 4.676393309508802831e-01
4.594594594594594850e-01 8.000000000000000000e+00 3.594893403351306915e+02 4.676393309508802831e-01
4.594594594594594850e-01 9.000000000000000000e+00 3.595198892056941986e+02 4.709843934222789907e-01
4.594594594594594850e-01 1.000000000000000000e+01 3.594557024538516998e+02 4.708444701139473110e-01
4.594594594594594850e-01 1.100000000000000000e+01 3.595510981976985931e+02 4.679459331661132704e-01
4.594594594594594850e-01 1.200000000000000000e+01 3.595510981976985931e+02 4.679459331661132704e-01
4.594594594594594850e-01 1.300000000000000000e+01 3.597150720655918121e+02 4.569217847551587108e-01
4.594594594594594850e-01 1.400000000000000000e+01 3.596043519675731659e+02 4.685584780044873554e-01
4.594594594594594850e-01 1.500000000000000000e+01 3.597150720655918121e+02 4.569217847551587108e-01
4.594594594594594850e-01 1.600000000000000000e+01 3.594614051282405853e+02 4.626292235435118250e-01
4.594594594594594850e-01 1.700000000000000000e+01 3.594614051282405853e+02 4.626292235435118250e-01
4.594594594594594850e-01 1.800000000000000000e+01 3.597051881253719330e+02 4.634036114207947255e-01
4.594594594594594850e-01 1.900000000000000000e+01 3.594614051282405853e+02 4.626292235435118250e-01
4.594594594594594850e-01 2.000000000000000000e+01 3.595510981976985931e+02 4.679459331661132704e-01
4.594594594594594850e-01 2.100000000000000000e+01 3.594557024538516998e+02 4.708444701139473110e-01
4.594594594594594850e-01 2.200000000000000000e+01 3.595694474875926971e+02 4.693975111925641208e-01
4.594594594594594850e-01 2.300000000000000000e+01 3.594614051282405853e+02 4.626292235435118250e-01
4.594594594594594850e-01 2.400000000000000000e+01 3.597150720655918121e+02 4.569217847551587108e-01
4.594594594594594850e-01 2.500000000000000000e+01 3.598174072802066803e+02 4.616374679188826047e-01
4.594594594594594850e-01 2.600000000000000000e+01 3.594893403351306915e+02 4.676393309508802831e-01
4.594594594594594850e-01 2.700000000000000000e+01 3.595694474875926971e+02 4.693975111925641208e-01
4.594594594594594850e-01 2.800000000000000000e+01 3.595694474875926971e+02 4.693975111925641208e-01
4.594594594594594850e-01 2.900000000000000000e+01 3.595430292189121246e+02 4.622951544286251213e-01
4.594594594594594850e-01 3.000000000000000000e+01 3.597150720655918121e+02 4.569217847551587108e-01
4.594594594594594850e-01 3.100000000000000000e+01 3.594893403351306915e+02 4.676393309508802831e-01
4.594594594594594850e-01 3.200000000000000000e+01 3.595510981976985931e+02 4.679459331661132704e-01
4.594594594594594850e-01 3.300000000000000000e+01 3.595694474875926971e+02 4.693975111925641208e-01
4.594594594594594850e-01 3.400000000000000000e+01 3.597051881253719330e+02 4.634036114207947255e-01
4.594594594594594850e-01 3.500000000000000000e+01 3.595009960234165192e+02 4.689819950537318927e-01
4.594594594594594850e-01 3.600000000000000000e+01 3.597150720655918121e+02 4.569217847551587108e-01
4.594594594594594850e-01 3.700000000000000000e+01 3.595694474875926971e+02 4.693975111925641208e-01
4.594594594594594850e-01 3.800000000000000000e+01 3.596043519675731659e+02 4.685584780044873554e-01
4.594594594594594850e-01 3.900000000000000000e+01 3.597664393484592438e+02 4.564919799516135024e-01
4.594594594594594850e-01 4.000000000000000000e+01 3.595430292189121246e+02 4.622951544286251213e-01
4.594594594594594850e-01 4.100000000000000000e+01 3.594893403351306915e+02 4.676393309508802831e-01
4.594594594594594850e-01 4.200000000000000000e+01 3.594614051282405853e+02 4.626292235435118250e-01
4.594594594594594850e-01 4.300000000000000000e+01 3.595694474875926971e+02 4.693975111925641208e-01
4.594594594594594850e-01 4.400000000000000000e+01 3.597150720655918121e+02 4.569217847551587108e-01
4.594594594594594850e-01 4.500000000000000000e+01 3.594614051282405853e+02 4.626292235435118250e-01
4.594594594594594850e-01 4.600000000000000000e+01 3.597664393484592438e+02 4.564919799516135024e-01
4.594594594594594850e-01 4.700000000000000000e+01 3.597051881253719330e+02 4.634036114207947255e-01
4.594594594594594850e-01 4.800000000000000000e+01 3.594614051282405853e+02 4.626292235435118250e-01
4.594594594594594850e-01 4.900000000000000000e+01 3.596043519675731659e+02 4.685584780044873554e-01
4.729729729729730270e-01 0.000000000000000000e+00 3.595124088227748871e+02 4.741046066090092714e-01
4.729729729729730270e-01 1.000000000000000000e+00 3.598136611282825470e+02 4.596246505434600227e-01
4.729729729729730270e-01 2.000000000000000000e+00 3.595629937946796417e+02 4.716139813701351602e-01
4.729729729729730270e-01 3.000000000000000000e+00 3.595376439392566681e+02 4.643807423887075791e-01
4.729729729729730270e-01 4.000000000000000000e+00 3.595982007682323456e+02 4.706890963138662953e-01
4.729729729729730270e-01 5.000000000000000000e+00 3.595376439392566681e+02 4.643807423887075791e-01
4.729729729729730270e-01 6.000000000000000000e+00 3.594940371811389923e+02 4.711080814153269514e-01
4.729729729729730270e-01 7.000000000000000000e+00 3.594824142754077911e+02 4.695994250149883587e-01
4.729729729729730270e-01 8.000000000000000000e+00 3.594824142754077911e+02 4.695994250149883587e-01
4.729729729729730270e-01 9.000000000000000000e+00 3.595124088227748871e+02 4.741046066090092714e-01
4.729729729729730270e-01 1.000000000000000000e+01 3.594481788575649261e+02 4.734510125099927191e-01
4.729729729729730270e-01 1.100000000000000000e+01 3.595442287623882294e+02 4.700041768926125352e-01
4.729729729729730270e-01 1.200000000000000000e+01 3.595442287623882294e+02 4.700041768926125352e-01
4.729729729729730270e-01 1.300000000000000000e+01 3.597114406526088715e+02 4.606969977425058316e-01
4.729729729729730270e-01 1.400000000000000000e+01 3.595982007682323456e+02 4.706890963138662953e-01
4.729729729729730270e-01 1.500000000000000000e+01 3.597114406526088715e+02 4.606969977425058316e-01
4.729729729729730270e-01 1.600000000000000000e+01 3.594561569392681122e+02 4.651556981968400506e-01
4.729729729729730270e-01 1.700000000000000000e+01 3.594561569392681122e+02 4.651556981968400506e-01
4.729729729729730270e-01 1.800000000000000000e+01 3.596991248428821564e+02 4.673484367101535253e-01
4.729729729729730270e-01 1.900000000000000000e+01 3.594561569392681122e+02 4.651556981968400506e-01
4.729729729729730270e-01 2.000000000000000000e+01 3.595442287623882294e+02 4.700041768926125352e-01
4.729729729729730270e-01 2.100000000000000000e+01 3.594481788575649261e+02 4.734510125099927191e-01
4.729729729729730270e-01 2.200000000000000000e+01 3.595629937946796417e+02 4.716139813701351602e-01
4.729729729729730270e-01 2.300000000000000000e+01 3.594561569392681122e+02 4.651556981968400506e-01
4.729729729729730270e-01 2.400000000000000000e+01 3.597114406526088715e+02 4.606969977425058316e-01
4.729729729729730270e-01 2.500000000000000000e+01 3.598127193748950958e+02 4.657650544804087245e-01
4.729729729729730270e-01 2.600000000000000000e+01 3.594824142754077911e+02 4.695994250149883587e-01
4.729729729729730270e-01 2.700000000000000000e+01 3.595629937946796417e+02 4.716139813701351602e-01
4.729729729729730270e-01 2.800000000000000000e+01 3.595629937946796417e+02 4.716139813701351602e-01
4.729729729729730270e-01 2.900000000000000000e+01 3.595376439392566681e+02 4.643807423887075791e-01
4.729729729729730270e-01 3.000000000000000000e+01 3.597114406526088715e+02 4.606969977425058316e-01
4.729729729729730270e-01 3.100000000000000000e+01 3.594824142754077911e+02 4.695994250149883587e-01
4.729729729729730270e-01 3.200000000000000000e+01 3.595442287623882294e+02 4.700041768926125352e-01
4.729729729729730270e-01 3.300000000000000000e+01 3.595629937946796417e+02 4.716139813701351602e-01
4.729729729729730270e-01 3.400000000000000000e+01 3.596991248428821564e+02 4.673484367101535253e-01
4.729729729729730270e-01 3.500000000000000000e+01 3.594940371811389923e+02 4.711080814153269514e-01
4.729729729729730270e-01 3.600000000000000000e+01 3.597114406526088715e+02 4.606969977425058316e-01
4.729729729729730270e-01 3.700000000000000000e+01 3.595629937946796417e+02 4.716139813701351602e-01
4.729729729729730270e-01 3.800000000000000000e+01 3.595982007682323456e+02 4.706890963138662953e-01
4.729729729729730270e-01 3.900000000000000000e+01 3.597632355988025665e+02 4.603487813909816206e-01
4.729729729729730270e-01 4.000000000000000000e+01 3.595376439392566681e+02 4.643807423887075791e-01
4.729729729729730270e-01 4.100000000000000000e+01 3.594824142754077911e+02 4.695994250149883587e-01
4.729729729729730270e-01 4.200000000000000000e+01 3.594561569392681122e+02 4.651556981968400506e-01
4.729729729729730270e-01 4.300000000000000000e+01 3.595629937946796417e+02 4.716139813701351602e-01
4.729729729729730270e-01 4.400000000000000000e+01 3.597114406526088715e+02 4.606969977425058316e-01
4.729729729729730270e-01 4.500000000000000000e+01 3.594561569392681122e+02 4.651556981968400506e-01
4.729729729729730270e-01 4.600000000000000000e+01 3.597632355988025665e+02 4.603487813909816206e-01
4.729729729729730270e-01 4.700000000000000000e+01 3.596991248428821564e+02 4.673484367101535253e-01
4.729729729729730270e-01 4.800000000000000000e+01 3.594561569392681122e+02 4.651556981968400506e-01
4.729729729729730270e-01 4.900000000000000000e+01 3.595982007682323456e+02 4.706890963138662953e-01
4.864864864864865135e-01 0.000000000000000000e+00 3.595081619918346405e+02 4.772768008190338418e-01
4.864864864864865135e-01 1.000000000000000000e+00 3.598151333630084991e+02 4.637386971453631435e-01
4.864864864864865135e-01 2.000000000000000000e+00 3.595589615404605865e+02 4.739195423627521886e-01
4.864864864864865135e-01 3.000000000000000000e+00 3.595347635447978973e+02 4.666650047341121543e-01
4.864864864864865135e-01 4.000000000000000000e+00 3.595943905413150787e+02 4.729224320985557228e-01
4.864864864864865135e-01 5.000000000000000000e+00 3.595347635447978973e+02 4.666650047341121543e-01
4.864864864864865135e-01 6.000000000000000000e+00 3.594894267618656158e+02 4.733250359464724610e-01
4.864864864864865135e-01 7.000000000000000000e+00 3.594776995480060577e+02 4.716677207450926668e-01
4.864864864864865135e-01 8.000000000000000000e+00 3.594776995480060577e+02 4.716677207450926668e-01
4.864864864864865135e-01 9.000000000000000000e+00 3.595081619918346405e+02 4.772768008190338418e-01
4.864864864864865135e-01 1.000000000000000000e+01 3.594434447586536407e+02 4.761182619070991606e-01
4.864864864864865135e-01 1.100000000000000000e+01 3.595396496355533600e+02 4.721666380050331679e-01
4.864864864864865135e-01 1.200000000000000000e+01 3.595396496355533600e+02 4.721666380050331679e-01
4.864864864864865135e-01 1.300000000000000000e+01 3.597117923200130463e+02 4.646446085852019015e-01
4.864864864864865135e-01 1.400000000000000000e+01 3.595943905413150787e+02 4.729224320985557228e-01
4.864864864864865135e-01 1.500000000000000000e+01 3.597117923200130463e+02 4.646446085852019015e-01
4.864864864864865135e-01 1.600000000000000000e+01 3.594537712633609772e+02 4.678312923527325196e-01
4.864864864864865135e-01 1.700000000000000000e+01 3.594537712633609772e+02 4.678312923527325196e-01
4.864864864864865135e-01 1.800000000000000000e+01 3.596969805657863617e+02 4.714199838536957121e-01
4.864864864864865135e-01 1.900000000000000000e+01 3.594537712633609772e+02 4.678312923527325196e-01
4.864864864864865135e-01 2.000000000000000000e+01 3.595396496355533600e+02 4.721666380050331679e-01
4.864864864864865135e-01 2.100000000000000000e+01 3.594434447586536407e+02 4.761182619070991606e-01
4.864864864864865135e-01 2.200000000000000000e+01 3.595589615404605865e+02 4.739195423627521886e-01
4.864864864864865135e-01 2.300000000000000000e+01 3.594537712633609772e+02 4.678312923527325196e-01
4.864864864864865135e-01 2.400000000000000000e+01 3.597117923200130463e+02 4.646446085852019015e-01
4.864864864864865135e-01 2.500000000000000000e+01 3.598120592534542084e+02 4.700241326768635486e-01
4.864864864864865135e-01 2.600000000000000000e+01 3.594776995480060577e+02 4.716677207450926668e-01
4.864864864864865135e-01 2.700000000000000000e+01 3.595589615404605865e+02 4.739195423627521886e-01
4.864864864864865135e-01 2.800000000000000000e+01 3.595589615404605865e+02 4.739195423627521886e-01
4.864864864864865135e-01 2.900000000000000000e+01 3.595347635447978973e+02 4.666650047341121543e-01
4.864864864864865135e-01 3.000000000000000000e+01 3.597117923200130463e+02 4.646446085852019015e-01
4.864864864864865135e-01 3.100000000000000000e+01 3.594776995480060577e+02 4.716677207450926668e-01
4.864864864864865135e-01 3.200000000000000000e+01 3.595396496355533600e+02 4.721666380050331679e-01
4.864864864864865135e-01 3.300000000000000000e+01 3.595589615404605865e+02 4.739195423627521886e-01
4.864864864864865135e-01 3.400000000000000000e+01 3.596969805657863617e+02 4.714199838536957121e-01
4.864864864864865135e-01 3.500000000000000000e+01 3.594894267618656158e+02 4.733250359464724610e-01
4.864864864864865135e-01 3.600000000000000000e+01 3.597117923200130463e+02 4.646446085852019015e-01
4.864864864864865135e-01 3.700000000000000000e+01 3.595589615404605865e+02 4.739195423627521886e-01
4.864864864864865135e-01 3.800000000000000000e+01 3.595943905413150787e+02 4.729224320985557228e-01
4.864864864864865135e-01 3.900000000000000000e+01 3.597640745341777802e+02 4.643808774277355944e-01
4.864864864864865135e-01 4.000000000000000000e+01 3.595347635447978973e+02 4.666650047341121543e-01
4.864864864864865135e-01 4.100000000000000000e+01 3.594776995480060577e+02 4.716677207450926668e-01
4.864864864864865135e-01 4.200000000000000000e+01 3.594537712633609772e+02 4.678312923527325196e-01
4.864864864864865135e-01 4.300000000000000000e+01 3.595589615404605865e+02 4.739195423627521886e-01
4.864864864864865135e-01 4.400000000000000000e+01 3.597117923200130463e+02 4.646446085852019015e-01
4.864864864864865135e-01 4.500000000000000000e+01 3.594537712633609772e+02 4.678312923527325196e-01
4.864864864864865135e-01 4.600000000000000000e+01 3.597640745341777802e+02 4.643808774277355944e-01
4.864864864864865135e-01 4.700000000000000000e+01 3.596969805657863617e+02 4.714199838536957121e-01
4.864864864864865135e-01 4.800000000000000000e+01 3.594537712633609772e+02 4.678312923527325196e-01
4.864864864864865135e-01 4.900000000000000000e+01 3.595943905413150787e+02 4.729224320985557228e-01
5.000000000000000000e-01 0.000000000000000000e+00 3.595072381198406219e+02 4.805126521699177866e-01
5.000000000000000000e-01 1.000000000000000000e+00 3.598209448158740997e+02 4.680308785674431871e-01
5.000000000000000000e-01 2.000000000000000000e+00 3.595575593411922455e+02 4.763340110455340781e-01
5.000000000000000000e-01 3.000000000000000000e+00 3.595348201692104340e+02 4.691583293703729396e-01
5.000000000000000000e-01 4.000000000000000000e+00 3.595931597054004669e+02 4.752787668425504930e-01
5.000000000000000000e-01 5.000000000000000000e+00 3.595348201692104340e+02 4.691583293703729396e-01
5.000000000000000000e-01 6.000000000000000000e+00 3.594873838126659393e+02 4.756518539498549303e-01
5.000000000000000000e-01 7.000000000000000000e+00 3.594754569232463837e+02 4.738633566236041261e-01
5.000000000000000000e-01 8.000000000000000000e+00 3.594754569232463837e+02 4.738633566236041261e-01
5.000000000000000000e-01 9.000000000000000000e+00 3.595072381198406219e+02 4.805126521699177866e-01
5.000000000000000000e-01 1.000000000000000000e+01 3.594416283071041107e+02 4.788614595435267129e-01
5.000000000000000000e-01 1.100000000000000000e+01 3.595376111567020416e+02 4.744524250694389655e-01
5.000000000000000000e-01 1.200000000000000000e+01 3.595376111567020416e+02 4.744524250694389655e-01
5.000000000000000000e-01 1.300000000000000000e+01 3.597163878381252289e+02 4.687656776815936621e-01
5.000000000000000000e-01 1.400000000000000000e+01 3.595931597054004669e+02 4.752787668425504930e-01
5.000000000000000000e-01 1.500000000000000000e+01 3.597163878381252289e+02 4.687656776815936621e-01
5.000000000000000000e-01 1.600000000000000000e+01 3.594545327126979828e+02 4.706577391693245183e-01
5.000000000000000000e-01 1.700000000000000000e+01 3.594545327126979828e+02 4.706577391693245183e-01
5.000000000000000000e-01 1.800000000000000000e+01 3.596989370882511139e+02 4.756191735845404223e-01
5.000000000000000000e-01 1.900000000000000000e+01 3.594545327126979828e+02 4.706577391693245183e-01
5.000000000000000000e-01 2.000000000000000000e+01 3.595376111567020416e+02 4.744524250694389655e-01
5.000000000000000000e-01 2.100000000000000000e+01 3.594416283071041107e+02 4.788614595435267129e-01
5.000000000000000000e-01 2.200000000000000000e+01 3.595575593411922455e+02 4.763340110455340781e-01
5.000000000000000000e-01 2.300000000000000000e+01 3.594545327126979828e+02 4.706577391693245183e-01
5.000000000000000000e-01 2.400000000000000000e+01 3.597163878381252289e+02 4.687656776815936621e-01
5.000000000000000000e-01 2.500000000000000000e+01 3.598156057298183441e+02 4.744151508878332035e-01
5.000000000000000000e-01 2.600000000000000000e+01 3.594754569232463837e+02 4.738633566236041261e-01
5.000000000000000000e-01 2.700000000000000000e+01 3.595575593411922455e+02 4.763340110455340781e-01
5.000000000000000000e-01 2.800000000000000000e+01 3.595575593411922455e+02 4.763340110455340781e-01
5.000000000000000000e-01 2.900000000000000000e+01 3.595348201692104340e+02 4.691583293703729396e-01
5.000000000000000000e-01 3.000000000000000000e+01 3.597163878381252289e+02 4.687656776815936621e-01
5.000000000000000000e-01 3.100000000000000000e+01 3.594754569232463837e+02 4.738633566236041261e-01
5.000000000000000000e-01 3.200000000000000000e+01 3.595376111567020416e+02 4.744524250694389655e-01
5.000000000000000000e-01 3.300000000000000000e+01 3.595575593411922455e+02 4.763340110455340781e-01
5.000000000000000000e-01 3.400000000000000000e+01 3.596989370882511139e+02 4.756191735845404223e-01
5.000000000000000000e-01 3.500000000000000000e+01 3.594873838126659393e+02 4.756518539498549303e-01
5.000000000000000000e-01 3.600000000000000000e+01 3.597163878381252289e+02 4.687656776815936621e-01
5.000000000000000000e-01 3.700000000000000000e+01 3.595575593411922455e+02 4.763340110455340781e-01
5.000000000000000000e-01 3.800000000000000000e+01 3.595931597054004669e+02 4.752787668425504930e-01
5.000000000000000000e-01 3.900000000000000000e+01 3.597692154347896576e+02 4.685890198952111785e-01
5.000000000000000000e-01 4.000000000000000000e+01 3.595348201692104340e+02 4.691583293703729396e-01
5.000000000000000000e-01 4.100000000000000000e+01 3.594754569232463837e+02 4.738633566236041261e-01
5.000000000000000000e-01 4.200000000000000000e+01 3.594545327126979828e+02 4.706577391693245183e-01
5.000000000000000000e-01 4.300000000000000000e+01 3.595575593411922455e+02 4.763340110455340781e-01
5.000000000000000000e-01 4.400000000000000000e+01 3.597163878381252289e+02 4.687656776815936621e-01
5.000000000000000000e-01 4.500000000000000000e+01 3.594545327126979828e+02 4.706577391693245183e-01
5.000000000000000000e-01 4.600000000000000000e+01 3.597692154347896576e+02 4.685890198952111785e-01
5.000000000000000000e-01 4.700000000000000000e+01 3.596989370882511139e+02 4.756191735845404223e-01
5.000000000000000000e-01 4.800000000000000000e+01 3.594545327126979828e+02 4.706577391693245183e-01
5.000000000000000000e-01 4.900000000000000000e+01 3.595931597054004669e+02 4.752787668425504930e-01
5.135135135135135975e-01 0.000000000000000000e+00 3.595097668468952179e+02 4.838243655462902137e-01
5.135135135135135975e-01 1.000000000000000000e+00 3.598313443362712860e+02 4.725021702015775316e-01
5.135135135135135975e-01 2.000000000000000000e+00 3.595590509474277496e+02 4.788765448403004554e-01
5.135135135135135975e-01 3.000000000000000000e+00 3.595382623374462128e+02 4.718703478274809959e-01
5.135135135135135975e-01 4.000000000000000000e+00 3.595948107540607452e+02 4.777776945129700858e-01
5.135135135135135975e-01 5.000000000000000000e+00 3.595382623374462128e+02 4.718703478274809959e-01
5.135135135135135975e-01 6.000000000000000000e+00 3.594881750643253326e+02 4.781069065328494849e-01
5.135135135135135975e-01 7.000000000000000000e+00 3.594760052859783173e+02 4.762049250831577596e-01
5.135135135135135975e-01 8.000000000000000000e+00 3.594760052859783173e+02 4.762049250831577596e-01
5.135135135135135975e-01 9.000000000000000000e+00 3.595097668468952179e+02 4.838243655462902137e-01
5.135135135135135975e-01 1.000000000000000000e+01 3.594429068267345428e+02 4.816959665807207802e-01
5.135135135135135975e-01 1.100000000000000000e+01 3.595384143292903900e+02 4.768799978632323189e-01
5.135135135135135975e-01 1.200000000000000000e+01 3.595384143292903900e+02 4.768799978632323189e-01
5.135135135135135975e-01 1.300000000000000000e+01 3.597254805266857147e+02 4.730618536488704340e-01
5.135135135135135975e-01 1.400000000000000000e+01 3.595948107540607452e+02 4.777776945129700858e-01
5.135135135135135975e-01 1.500000000000000000e+01 3.597254805266857147e+02 4.730618536488704340e-01
5.135135135135135975e-01 1.600000000000000000e+01 3.594587303698062897e+02 4.736383069946384916e-01
5.135135135135135975e-01 1.700000000000000000e+01 3.594587303698062897e+02 4.736383069946384916e-01
5.135135135135135975e-01 1.800000000000000000e+01 3.597051702439785004e+02 4.799475247915006015e-01
5.135135135135135975e-01 1.900000000000000000e+01 3.594587303698062897e+02 4.736383069946384916e-01
5.135135135135135975e-01 2.000000000000000000e+01 3.595384143292903900e+02 4.768799978632323189e-01
5.135135135135135975e-01 2.100000000000000000e+01 3.594429068267345428e+02 4.816959665807207802e-01
5.135135135135135975e-01 2.200000000000000000e+01 3.595590509474277496e+02 4.788765448403004554e-01
5.135135135135135975e-01 2.300000000000000000e+01 3.594587303698062897e+02 4.736383069946384916e-01
5.135135135135135975e-01 2.400000000000000000e+01 3.597254805266857147e+02 4.730618536488704340e-01
5.135135135135135975e-01 2.500000000000000000e+01 3.598235346376895905e+02 4.789393583649842467e-01
5.135135135135135975e-01 2.600000000000000000e+01 3.594760052859783173e+02 4.762049250831577596e-01
5.135135135135135975e-01 2.700000000000000000e+01 3.595590509474277496e+02 4.788765448403004554e-01
5.135135135135135975e-01 2.800000000000000000e+01 3.595590509474277496e+02 4.788765448403004554e-01
5.135135135135135975e-01 2.900000000000000000e+01 3.595382623374462128e+02 4.718703478274809959e-01
5.135135135135135975e-01 3.000000000000000000e+01 3.597254805266857147e+02 4.730618536488704340e-01
5.135135135135135975e-01 3.100000000000000000e+01 3.594760052859783173e+02 4.762049250831577596e-01
5.135135135135135975e-01 3.200000000000000000e+01 3.595384143292903900e+02 4.768799978632323189e-01
5.135135135135135975e-01 3.300000000000000000e+01 3.595590509474277496e+02 4.788765448403004554e-01
5.135135135135135975e-01 3.400000000000000000e+01 3.597051702439785004e+02 4.799475247915006015e-01
5.135135135135135975e-01 3.500000000000000000e+01 3.594881750643253326e+02 4.781069065328494849e-01
5.135135135135135975e-01 3.600000000000000000e+01 3.597254805266857147e+02 4.730618536488704340e-01
5.135135135135135975e-01 3.700000000000000000e+01 3.595590509474277496e+02 4.788765448403004554e-01
5.135135135135135975e-01 3.800000000000000000e+01 3.595948107540607452e+02 4.777776945129700858e-01
5.135135135135135975e-01 3.900000000000000000e+01 3.597789101302623749e+02 4.729745965985977518e-01
5.135135135135135975e-01 4.000000000000000000e+01 3.595382623374462128e+02 4.718703478274809959e-01
5.135135135135135975e-01 4.100000000000000000e+01 3.594760052859783173e+02 4.762049250831577596e-01
5.135135135135135975e-01 4.200000000000000000e+01 3.594587303698062897e+02 4.736383069946384916e-01
5.135135135135135975e-01 4.300000000000000000e+01 3.595590509474277496e+02 4.788765448403004554e-01
5.135135135135135975e-01 4.400000000000000000e+01 3.597254805266857147e+02 4.730618536488704340e-01
5.135135135135135975e-01 4.500000000000000000e+01 3.594587303698062897e+02 4.736383069946384916e-01
5.135135135135135975e-01 4.600000000000000000e+01 3.597789101302623749e+02 4.729745965985977518e-01
5.135135135135135975e-01 4.700000000000000000e+01 3.597051702439785004e+02 4.799475247915006015e-01
5.135135135135135975e-01 4.800000000000000000e+01 3.594587303698062897e+02 4.736383069946384916e-01
5.135135135135135975e-01 4.900000000000000000e+01 3.595948107540607452e+02 4.777776945129700858e-01
5.270270270270270840e-01 0.000000000000000000e+00 3.595159076154232025e+02 4.872244422878185821e-01
5.270270270270270840e-01 1.000000000000000000e+00 3.598465777933597565e+02 4.771542881115540258e-01
5.270270270270270840e-01 2.000000000000000000e+00 3.595637552440166473e+02 4.815658243899701985e-01
5.270270270270270840e-01 3.000000000000000000e+00 3.595455490052700043e+02 4.748101919403892590e-01
5.270270270270270840e-01 4.000000000000000000e+00 3.595996923744678497e+02 4.804380104101455551e-01
5.270270270270270840e-01 5.000000000000000000e+00 3.595455490052700043e+02 4.748101919403892590e-01
5.270270270270270840e-01 6.000000000000000000e+00 3.594921268522739410e+02 4.807083330579193237e-01
5.270270270270270840e-01 7.000000000000000000e+00 3.594797141849994659e+02 4.787105389374693432e-01
5.270270270270270840e-01 8.000000000000000000e+00 3.594797141849994659e+02 4.787105389374693432e-01
5.270270270270270840e-01 9.000000000000000000e+00 3.595159076154232025e+02 4.872244422878185821e-01
5.270270270270270840e-01 1.000000000000000000e+01 3.594474948942661285e+02 4.846370784881742222e-01
5.270270270270270840e-01 1.100000000000000000e+01 3.595424138009548187e+02 4.794674195498744851e-01
5.270270270270270840e-01 1.200000000000000000e+01 3.595424138009548187e+02 4.794674195498744851e-01
5.270270270270270840e-01 1.300000000000000000e+01 3.597393177449703217e+02 4.775353785086742242e-01
5.270270270270270840e-01 1.400000000000000000e+01 3.595996923744678497e+02 4.804380104101455551e-01
5.270270270270270840e-01 1.500000000000000000e+01 3.597393177449703217e+02 4.775353785086742242e-01
5.270270270270270840e-01 1.600000000000000000e+01 3.594666592776775360e+02 4.767777972339972137e-01
5.270270270270270840e-01 1.700000000000000000e+01 3.594666592776775360e+02 4.767777972339972137e-01
5.270270270270270840e-01 1.800000000000000000e+01 3.597158603370189667e+02 4.844073103651153067e-01
5.270270270270270840e-01 1.900000000000000000e+01 3.594666592776775360e+02 4.767777972339972137e-01
5.270270270270270840e-01 2.000000000000000000e+01 3.595424138009548187e+02 4.794674195498744851e-01
5.270270270270270840e-01 2.100000000000000000e+01 3.594474948942661285e+02 4.846370784881742222e-01
5.270270270270270840e-01 2.200000000000000000e+01 3.595637552440166473e+02 4.815658243899701985e-01
5.270270270270270840e-01 2.300000000000000000e+01 3.594666592776775360e+02 4.767777972339972137e-01
5.270270270270270840e-01 2.400000000000000000e+01 3.597393177449703217e+02 4.775353785086742242e-01
5.270270270270270840e-01 2.500000000000000000e+01 3.598360218107700348e+02 4.835987963562696779e-01
5.270270270270270840e-01 2.600000000000000000e+01 3.594797141849994659e+02 4.787105389374693432e-01
5.270270270270270840e-01 2.700000000000000000e+01 3.595637552440166473e+02 4.815658243899701985e-01
5.270270270270270840e-01 2.800000000000000000e+01 3.595637552440166473e+02 4.815658243899701985e-01
5.270270270270270840e-01 2.900000000000000000e+01 3.595455490052700043e+02 4.748101919403892590e-01
5.270270270270270840e-01 3.000000000000000000e+01 3.597393177449703217e+02 4.775353785086742242e-01
5.270270270270270840e-01 3.100000000000000000e+01 3.594797141849994659e+02 4.787105389374693432e-01
5.270270270270270840e-01 3.200000000000000000e+01 3.595424138009548187e+02 4.794674195498744851e-01
5.270270270270270840e-01 3.300000000000000000e+01 3.595637552440166473e+02 4.815658243899701985e-01
5.270270270270270840e-01 3.400000000000000000e+01 3.597158603370189667e+02 4.844073103651153067e-01
5.270270270270270840e-01 3.500000000000000000e+01 3.594921268522739410e+02 4.807083330579193237e-01
5.270270270270270840e-01 3.600000000000000000e+01 3.597393177449703217e+02 4.775353785086742242e-01
5.270270270270270840e-01 3.700000000000000000e+01 3.595637552440166473e+02 4.815658243899701985e-01
5.270270270270270840e-01 3.800000000000000000e+01 3.595996923744678497e+02 4.804380104101455551e-01
5.270270270270270840e-01 3.900000000000000000e+01 3.597934044897556305e+02 4.775396314440915613e-01
5.270270270270270840e-01 4.000000000000000000e+01 3.595455490052700043e+02 4.748101919403892590e-01
5.270270270270270840e-01 4.100000000000000000e+01 3.594797141849994659e+02 4.787105389374693432e-01
5.270270270270270840e-01 4.200000000000000000e+01 3.594666592776775360e+02 4.767777972339972137e-01
5.270270270270270840e-01 4.300000000000000000e+01 3.595637552440166473e+02 4.815658243899701985e-01
5.270270270270270840e-01 4.400000000000000000e+01 3.597393177449703217e+02 4.775353785086742242e-01
5.270270270270270840e-01 4.500000000000000000e+01 3.594666592776775360e+02 4.767777972339972137e-01
5.270270270270270840e-01 4.600000000000000000e+01 3.597934044897556305e+02 4.775396314440915613e-01
5.270270270270270840e-01 4.700000000000000000e+01 3.597158603370189667e+02 4.844073103651153067e-01
5.270270270270270840e-01 4.800000000000000000e+01 3.594666592776775360e+02 4.767777972339972137e-01
5.270270270270270840e-01 4.900000000000000000e+01 3.595996923744678497e+02 4.804380104101455551e-01
5.405405405405405705e-01 0.000000000000000000e+00 3.595258571207523346e+02 4.907258157068393190e-01
5.405405405405405705e-01 1.000000000000000000e+00 3.598668865859508514e+02 4.819896317266539887e-01
5.405405405405405705e-01 2.000000000000000000e+00 3.595720387995243073e+02 4.844201032209002888e-01
5.405405405405405705e-01 3.000000000000000000e+00 3.595571450889110565e+02 4.779867169997131793e-01
5.405405405405405705e-01 4.000000000000000000e+00 3.596082009375095367e+02 4.832779739861315371e-01
5.405405405405405705e-01 5.000000000000000000e+00 3.595571450889110565e+02 4.779867169997131793e-01
5.405405405405405705e-01 6.000000000000000000e+00 3.594996072351932526e+02 4.834738729262971213e-01
5.405405405405405705e-01 7.000000000000000000e+00 3.594869978725910187e+02 4.813979270167350055e-01
5.405405405405405705e-01 8.000000000000000000e+00 3.594869978725910187e+02 4.813979270167350055e-01
5.405405405405405705e-01 9.000000000000000000e+00 3.595258571207523346e+02 4.907258157068393190e-01
5.405405405405405705e-01 1.000000000000000000e+01 3.594556562602519989e+02 4.877003178957779461e-01
5.405405405405405705e-01 1.100000000000000000e+01 3.595500059425830841e+02 4.822323269854662531e-01
5.405405405405405705e-01 1.200000000000000000e+01 3.595500059425830841e+02 4.822323269854662531e-01
5.405405405405405705e-01 1.300000000000000000e+01 3.597581483423709869e+02 4.821892121232979056e-01
5.405405405405405705e-01 1.400000000000000000e+01 3.596082009375095367e+02 4.832779739861315371e-01
5.405405405405405705e-01 1.500000000000000000e+01 3.597581483423709869e+02 4.821892121232979056e-01
5.405405405405405705e-01 1.600000000000000000e+01 3.594786278903484344e+02 4.800826177227133784e-01
5.405405405405405705e-01 1.700000000000000000e+01 3.594786278903484344e+02 4.800826177227133784e-01
5.405405405405405705e-01 1.800000000000000000e+01 3.597311921417713165e+02 4.890015233596220479e-01
5.405405405405405705e-01 1.900000000000000000e+01 3.594786278903484344e+02 4.800826177227133784e-01
5.405405405405405705e-01 2.000000000000000000e+01 3.595500059425830841e+02 4.822323269854662531e-01
5.405405405405405705e-01 2.100000000000000000e+01 3.594556562602519989e+02 4.877003178957779461e-01
5.405405405405405705e-01 2.200000000000000000e+01 3.595720387995243073e+02 4.844201032209002888e-01
5.405405405405405705e-01 2.300000000000000000e+01 3.594786278903484344e+02 4.800826177227133784e-01
5.405405405405405705e-01 2.400000000000000000e+01 3.597581483423709869e+02 4.821892121232979056e-01
5.405405405405405705e-01 2.500000000000000000e+01 3.598532475531101227e+02 4.883963294461312055e-01
5.405405405405405705e-01 2.600000000000000000e+01 3.594869978725910187e+02 4.813979270167350055e-01
5.405405405405405705e-01 2.700000000000000000e+01 3.595720387995243073e+02 4.844201032209002888e-01
5.405405405405405705e-01 2.800000000000000000e+01 3.595720387995243073e+02 4.844201032209002888e-01
5.405405405405405705e-01 2.900000000000000000e+01 3.595571450889110565e+02 4.779867169997131793e-01
5.405405405405405705e-01 3.000000000000000000e+01 3.597581483423709869e+02 4.821892121232979056e-01
5.405405405405405705e-01 3.100000000000000000e+01 3.594869978725910187e+02 4.813979270167350055e-01
5.405405405405405705e-01 3.200000000000000000e+01 3.595500059425830841e+02 4.822323269854662531e-01
5.405405405405405705e-01 3.300000000000000000e+01 3.595720387995243073e+02 4.844201032209002888e-01
5.405405405405405705e-01 3.400000000000000000e+01 3.597311921417713165e+02 4.890015233596220479e-01
5.405405405405405705e-01 3.500000000000000000e+01 3.594996072351932526e+02 4.834738729262971213e-01
5.405405405405405705e-01 3.600000000000000000e+01 3.597581483423709869e+02 4.821892121232979056e-01
5.405405405405405705e-01 3.700000000000000000e+01 3.595720387995243073e+02 4.844201032209002888e-01
5.405405405405405705e-01 3.800000000000000000e+01 3.596082009375095367e+02 4.832779739861315371e-01
5.405405405405405705e-01 3.900000000000000000e+01 3.598129473626613617e+02 4.822869325935720264e-01
5.405405405405405705e-01 4.000000000000000000e+01 3.595571450889110565e+02 4.779867169997131793e-01
5.405405405405405705e-01 4.100000000000000000e+01 3.594869978725910187e+02 4.813979270167350055e-01
5.405405405405405705e-01 4.200000000000000000e+01 3.594786278903484344e+02 4.800826177227133784e-01
5.405405405405405705e-01 4.300000000000000000e+01 3.595720387995243073e+02 4.844201032209002888e-01
5.405405405405405705e-01 4.400000000000000000e+01 3.597581483423709869e+02 4.821892121232979056e-01
5.405405405405405705e-01 4.500000000000000000e+01 3.594786278903484344e+02 4.800826177227133784e-01
5.405405405405405705e-01 4.600000000000000000e+01 3.598129473626613617e+02 4.822869325935720264e-01
5.405405405405405705e-01 4.700000000000000000e+01 3.597311921417713165e+02 4.890015233596220479e-01
5.405405405405405705e-01 4.800000000000000000e+01 3.594786278903484344e+02 4.800826177227133784e-01
5.405405405405405705e-01 4.900000000000000000e+01 3.596082009375095367e+02 4.832779739861315371e-01
5.540540540540540571e-01 0.000000000000000000e+00 3.595398448407649994e+02 4.943417771513401449e-01
5.540540540540540571e-01 1.000000000000000000e+00 3.598925136029720306e+02 4.870113728826798716e-01
5.540540540540540571e-01 2.000000000000000000e+00 3.595843099057674408e+02 4.874572890113859081e-01
5.540540540540540571e-01 3.000000000000000000e+00 3.595735229551792145e+02 4.814087882464220258e-01
5.540540540540540571e-01 4.000000000000000000e+00 3.596207760274410248e+02 4.863154566890993125e-01
5.540540540540540571e-01 5.000000000000000000e+00 3.595735229551792145e+02 4.814087882464220258e-01
5.540540540540540571e-01 6.000000000000000000e+00 3.595110334455966949e+02 4.864211892431827278e-01
5.540540540540540571e-01 7.000000000000000000e+00 3.594983138144016266e+02 4.842846148174464460e-01
5.540540540540540571e-01 8.000000000000000000e+00 3.594983138144016266e+02 4.842846148174464460e-01
5.540540540540540571e-01 9.000000000000000000e+00 3.595398448407649994e+02 4.943417771513401449e-01
5.540540540540540571e-01 1.000000000000000000e+01 3.594676919281482697e+02 4.909012839997864974e-01
5.540540540540540571e-01 1.100000000000000000e+01 3.595616318285465240e+02 4.851921884305694377e-01
5.540540540540540571e-01 1.200000000000000000e+01 3.595616318285465240e+02 4.851921884305694377e-01
5.540540540540540571e-01 1.300000000000000000e+01 3.597822241485118866e+02 4.870270496484748191e-01
5.540540540540540571e-01 1.400000000000000000e+01 3.596207760274410248e+02 4.863154566890993125e-01
5.540540540540540571e-01 1.500000000000000000e+01 3.597822241485118866e+02 4.870270496484748191e-01
5.540540540540540571e-01 1.600000000000000000e+01 3.594949655234813690e+02 4.835608397016265547e-01
5.540540540540540571e-01 1.700000000000000000e+01 3.594949655234813690e+02 4.835608397016265547e-01
5.540540540540540571e-01 1.800000000000000000e+01 3.597513534128665924e+02 4.937338180532556131e-01
5.540540540540540571e-01 1.900000000000000000e+01 3.594949655234813690e+02 4.835608397016265547e-01
5.540540540540540571e-01 2.000000000000000000e+01 3.595616318285465240e+02 4.851921884305694377e-01
5.540540540540540571e-01 2.100000000000000000e+01 3.594676919281482697e+02 4.909012839997864974e-01
5.540540540540540571e-01 2.200000000000000000e+01 3.595843099057674408e+02 4.874572890113859081e-01
5.540540540540540571e-01 2.300000000000000000e+01 3.594949655234813690e+02 4.835608397016265547e-01
5.540540540540540571e-01 2.400000000000000000e+01 3.597822241485118866e+02 4.870270496484748191e-01
5.540540540540540571e-01 2.500000000000000000e+01 3.598753981292247772e+02 4.933356302367938873e-01
5.540540540540540571e-01 2.600000000000000000e+01 3.594983138144016266e+02 4.842846148174464460e-01
5.540540540540540571e-01 2.700000000000000000e+01 3.595843099057674408e+02 4.874572890113859081e-01
5.540540540540540571e-01 2.800000000000000000e+01 3.595843099057674408e+02 4.874572890113859081e-01
5.540540540540540571e-01 2.900000000000000000e+01 3.595735229551792145e+02 4.814087882464220258e-01
5.540540540540540571e-01 3.000000000000000000e+01 3.597822241485118866e+02 4.870270496484748191e-01
5.540540540540540571e-01 3.100000000000000000e+01 3.594983138144016266e+02 4.842846148174464460e-01
5.540540540540540571e-01 3.200000000000000000e+01 3.595616318285465240e+02 4.851921884305694377e-01
5.540540540540540571e-01 3.300000000000000000e+01 3.595843099057674408e+02 4.874572890113859081e-01
5.540540540540540571e-01 3.400000000000000000e+01 3.597513534128665924e+02 4.937338180532556131e-01
5.540540540540540571e-01 3.500000000000000000e+01 3.595110334455966949e+02 4.864211892431827278e-01
5.540540540540540571e-01 3.600000000000000000e+01 3.597822241485118866e+02 4.870270496484748191e-01
5.540540540540540571e-01 3.700000000000000000e+01 3.595843099057674408e+02 4.874572890113859081e-01
5.540540540540540571e-01 3.800000000000000000e+01 3.596207760274410248e+02 4.863154566890993125e-01
5.540540540540540571e-01 3.900000000000000000e+01 3.598377846181392670e+02 4.872199605281789525e-01
5.540540540540540571e-01 4.000000000000000000e+01 3.595735229551792145e+02 4.814087882464220258e-01
5.540540540540540571e-01 4.100000000000000000e+01 3.594983138144016266e+02 4.842846148174464460e-01
5.540540540540540571e-01 4.200000000000000000e+01 3.594949655234813690e+02 4.835608397016265547e-01
5.540540540540540571e-01 4.300000000000000000e+01 3.595843099057674408e+02 4.874572890113859081e-01
5.540540540540540571e-01 4.400000000000000000e+01 3.597822241485118866e+02 4.870270496484748191e-01
5.540540540540540571e-01 4.500000000000000000e+01 3.594949655234813690e+02 4.835608397016265547e-01
5.540540540540540571e-01 4.600000000000000000e+01 3.598377846181392670e+02 4.872199605281789525e-01
5.540540540540540571e-01 4.700000000000000000e+01 3.597513534128665924e+02 4.937338180532556131e-01
5.540540540540540571e-01 4.800000000000000000e+01 3.594949655234813690e+02 4.835608397016265547e-01
5.540540540540540571e-01 4.900000000000000000e+01 3.596207760274410248e+02 4.863154566890993125e-01
5.675675675675675436e-01 0.000000000000000000e+00 3.595581389963626862e+02 4.980861246844018875e-01
5.675675675675675436e-01 1.000000000000000000e+00 3.599237047135829926e+02 4.922234669382749561e-01
5.675675675675675436e-01 2.000000000000000000e+00 3.596010185778141022e+02 4.906951425491752339e-01
5.675675675675675436e-01 3.000000000000000000e+00 3.595951609313488007e+02 4.850854690388412549e-01
5.675675675675675436e-01 4.000000000000000000e+00 3.596378915011882782e+02 4.895679960223029981e-01
5.675675675675675436e-01 5.000000000000000000e+00 3.595951609313488007e+02 4.850854690388412549e-01
5.675675675675675436e-01 6.000000000000000000e+00 3.595268584787845612e+02 4.895677903742427506e-01
5.675675675675675436e-01 7.000000000000000000e+00 3.595141567289829254e+02 4.873880157050208273e-01
5.675675675675675436e-01 8.000000000000000000e+00 3.595141567289829254e+02 4.873880157050208273e-01
5.675675675675675436e-01 9.000000000000000000e+00 3.595581389963626862e+02 4.980861246844018875e-01
5.675675675675675436e-01 1.000000000000000000e+01 3.594839476048946381e+02 4.942558907643055943e-01
5.675675675675675436e-01 1.100000000000000000e+01 3.595777697861194611e+02 4.883643579715374328e-01
5.675675675675675436e-01 1.200000000000000000e+01 3.595777697861194611e+02 4.883643579715374328e-01
5.675675675675675436e-01 1.300000000000000000e+01 3.598117969930171967e+02 4.920532537169385323e-01
5.675675675675675436e-01 1.400000000000000000e+01 3.596378915011882782e+02 4.895679960223029981e-01
5.675675675675675436e-01 1.500000000000000000e+01 3.598117969930171967e+02 4.920532537169385323e-01
5.675675675675675436e-01 1.600000000000000000e+01 3.595160268247127533e+02 4.872221935564266526e-01
5.675675675675675436e-01 1.700000000000000000e+01 3.595160268247127533e+02 4.872221935564266526e-01
5.675675675675675436e-01 1.800000000000000000e+01 3.597765408456325531e+02 4.986086049066174031e-01
5.675675675675675436e-01 1.900000000000000000e+01 3.595160268247127533e+02 4.872221935564266526e-01
5.675675675675675436e-01 2.000000000000000000e+01 3.595777697861194611e+02 4.883643579715374328e-01
5.675675675675675436e-01 2.100000000000000000e+01 3.594839476048946381e+02 4.942558907643055943e-01
5.675675675675675436e-01 2.200000000000000000e+01 3.596010185778141022e+02 4.906951425491752339e-01
5.675675675675675436e-01 2.300000000000000000e+01 3.595160268247127533e+02 4.872221935564266526e-01
5.675675675675675436e-01 2.400000000000000000e+01 3.598117969930171967e+02 4.920532537169385323e-01
5.675675675675675436e-01 2.500000000000000000e+01 3.599026687443256378e+02 4.984212028923420412e-01
5.675675675675675436e-01 2.600000000000000000e+01 3.595141567289829254e+02 4.873880157050208273e-01
5.675675675675675436e-01 2.700000000000000000e+01 3.596010185778141022e+02 4.906951425491752339e-01
5.675675675675675436e-01 2.800000000000000000e+01 3.596010185778141022e+02 4.906951425491752339e-01
5.675675675675675436e-01 2.900000000000000000e+01 3.595951609313488007e+02 4.850854690388412549e-01
5.675675675675675436e-01 3.000000000000000000e+01 3.598117969930171967e+02 4.920532537169385323e-01
5.675675675675675436e-01 3.100000000000000000e+01 3.595141567289829254e+02 4.873880157050208273e-01
5.675675675675675436e-01 3.200000000000000000e+01 3.595777697861194611e+02 4.883643579715374328e-01
5.675675675675675436e-01 3.300000000000000000e+01 3.596010185778141022e+02 4.906951425491752339e-01
5.675675675675675436e-01 3.400000000000000000e+01 3.597765408456325531e+02 4.986086049066174031e-01
5.675675675675675436e-01 3.500000000000000000e+01 3.595268584787845612e+02 4.895677903742427506e-01
5.675675675675675436e-01 3.600000000000000000e+01 3.598117969930171967e+02 4.920532537169385323e-01
5.675675675675675436e-01 3.700000000000000000e+01 3.596010185778141022e+02 4.906951425491752339e-01
5.675675675675675436e-01 3.800000000000000000e+01 3.596378915011882782e+02 4.895679960223029981e-01
5.675675675675675436e-01 3.900000000000000000e+01 3.598681665956974030e+02 4.923429580427660657e-01
5.675675675675675436e-01 4.000000000000000000e+01 3.595951609313488007e+02 4.850854690388412549e-01
5.675675675675675436e-01 4.100000000000000000e+01 3.595141567289829254e+02 4.873880157050208273e-01
5.675675675675675436e-01 4.200000000000000000e+01 3.595160268247127533e+02 4.872221935564266526e-01
5.675675675675675436e-01 4.300000000000000000e+01 3.596010185778141022e+02 4.906951425491752339e-01
5.675675675675675436e-01 4.400000000000000000e+01 3.598117969930171967e+02 4.920532537169385323e-01
5.675675675675675436e-01 4.500000000000000000e+01 3.595160268247127533e+02 4.872221935564266526e-01
5.675675675675675436e-01 4.600000000000000000e+01 3.598681665956974030e+02 4.923429580427660657e-01
5.675675675675675436e-01 4.700000000000000000e+01 3.597765408456325531e+02 4.986086049066174031e-01
5.675675675675675436e-01 4.800000000000000000e+01 3.595160268247127533e+02 4.872221935564266526e-01
5.675675675675675436e-01 4.900000000000000000e+01 3.596378915011882782e+02 4.895679960223029981e-01
5.810810810810811411e-01 0.000000000000000000e+00 3.595810420811176300e+02 5.019731215181539863e-01
5.810810810810811411e-01 1.000000000000000000e+00 3.599607117474079132e+02 4.976306991519057199e-01
5.810810810810811411e-01 2.000000000000000000e+00 3.596226550638675690e+02 4.941514483154365034e-01
5.810810810810811411e-01 3.000000000000000000e+00 3.596225447952747345e+02 4.890262330846476546e-01
5.810810810810811411e-01 4.000000000000000000e+00 3.596600599586963654e+02 4.930531072851148666e-01
5.810810810810811411e-01 5.000000000000000000e+00 3.596225447952747345e+02 4.890262330846476546e-01
5.810810810810811411e-01 6.000000000000000000e+00 3.595475770533084869e+02 4.929313291160739574e-01
5.810810810810811411e-01 7.000000000000000000e+00 3.595350600779056549e+02 4.907256634687331420e-01
5.810810810810811411e-01 8.000000000000000000e+00 3.595350600779056549e+02 4.907256634687331420e-01
5.810810810810811411e-01 9.000000000000000000e+00 3.595810420811176300e+02 5.019731215181539863e-01
5.810810810810811411e-01 1.000000000000000000e+01 3.595048047602176666e+02 4.977802943627537835e-01
5.810810810810811411e-01 1.100000000000000000e+01 3.595989339053630829e+02 4.917662420916439348e-01
5.810810810810811411e-01 1.200000000000000000e+01 3.595989339053630829e+02 4.917662420916439348e-01
5.810810810810811411e-01 1.300000000000000000e+01 3.598471276462078094e+02 4.972730268893799099e-01
5.810810810810811411e-01 1.400000000000000000e+01 3.596600599586963654e+02 4.930531072851148666e-01
5.810810810810811411e-01 1.500000000000000000e+01 3.598471276462078094e+02 4.972730268893799099e-01
5.810810810810811411e-01 1.600000000000000000e+01 3.595421947538852692e+02 4.910780396606464482e-01
5.810810810810811411e-01 1.700000000000000000e+01 3.595421947538852692e+02 4.910780396606464482e-01
5.810810810810811411e-01 1.800000000000000000e+01 3.598069645464420319e+02 5.036311274748821454e-01
5.810810810810811411e-01 1.900000000000000000e+01 3.595421947538852692e+02 4.910780396606464482e-01
5.810810810810811411e-01 2.000000000000000000e+01 3.595989339053630829e+02 4.917662420916439348e-01
5.810810810810811411e-01 2.100000000000000000e+01 3.595048047602176666e+02 4.977802943627537835e-01
5.810810810810811411e-01 2.200000000000000000e+01 3.596226550638675690e+02 4.941514483154365034e-01
5.810810810810811411e-01 2.300000000000000000e+01 3.595421947538852692e+02 4.910780396606464482e-01
5.810810810810811411e-01 2.400000000000000000e+01 3.598471276462078094e+02 4.972730268893799099e-01
5.810810810810811411e-01 2.500000000000000000e+01 3.599352635443210602e+02 5.036583565947245766e-01
5.810810810810811411e-01 2.600000000000000000e+01 3.595350600779056549e+02 4.907256634687331420e-01
5.810810810810811411e-01 2.700000000000000000e+01 3.596226550638675690e+02 4.941514483154365034e-01
5.810810810810811411e-01 2.800000000000000000e+01 3.596226550638675690e+02 4.941514483154365034e-01
5.810810810810811411e-01 2.900000000000000000e+01 3.596225447952747345e+02 4.890262330846476546e-01
5.810810810810811411e-01 3.000000000000000000e+01 3.598471276462078094e+02 4.972730268893799099e-01
5.810810810810811411e-01 3.100000000000000000e+01 3.595350600779056549e+02 4.907256634687331420e-01
5.810810810810811411e-01 3.200000000000000000e+01 3.595989339053630829e+02 4.917662420916439348e-01
5.810810810810811411e-01 3.300000000000000000e+01 3.596226550638675690e+02 4.941514483154365034e-01
5.810810810810811411e-01 3.400000000000000000e+01 3.598069645464420319e+02 5.036311274748821454e-01
5.810810810810811411e-01 3.500000000000000000e+01 3.595475770533084869e+02 4.929313291160739574e-01
5.810810810810811411e-01 3.600000000000000000e+01 3.598471276462078094e+02 4.972730268893799099e-01
5.810810810810811411e-01 3.700000000000000000e+01 3.596226550638675690e+02 4.941514483154365034e-01
5.810810810810811411e-01 3.800000000000000000e+01 3.596600599586963654e+02 4.930531072851148666e-01
5.810810810810811411e-01 3.900000000000000000e+01 3.599043495953083038e+02 4.976609730195689085e-01
5.810810810810811411e-01 4.000000000000000000e+01 3.596225447952747345e+02 4.890262330846476546e-01
5.810810810810811411e-01 4.100000000000000000e+01 3.595350600779056549e+02 4.907256634687331420e-01
5.810810810810811411e-01 4.200000000000000000e+01 3.595421947538852692e+02 4.910780396606464482e-01
5.810810810810811411e-01 4.300000000000000000e+01 3.596226550638675690e+02 4.941514483154365034e-01
5.810810810810811411e-01 4.400000000000000000e+01 3.598471276462078094e+02 4.972730268893799099e-01
5.810810810810811411e-01 4.500000000000000000e+01 3.595421947538852692e+02 4.910780396606464482e-01
5.810810810810811411e-01 4.600000000000000000e+01 3.599043495953083038e+02 4.976609730195689085e-01
5.810810810810811411e-01 4.700000000000000000e+01 3.598069645464420319e+02 5.036311274748821454e-01
5.810810810810811411e-01 4.800000000000000000e+01 3.595421947538852692e+02 4.910780396606464482e-01
5.810810810810811411e-01 4.900000000000000000e+01 3.596600599586963654e+02 4.930531072851148666e-01
5.945945945945946276e-01 0.000000000000000000e+00 3.596088908612728119e+02 5.060175541884667227e-01
5.945945945945946276e-01 1.000000000000000000e+00 3.600037939846515656e+02 5.032387086938260312e-01
5.945945945945946276e-01 2.000000000000000000e+00 3.596497423946857452e+02 4.978440635032319594e-01
5.945945945945946276e-01 3.000000000000000000e+00 3.596561707556247711e+02 4.932411809456814233e-01
5.945945945945946276e-01 4.000000000000000000e+00 3.596878238022327423e+02 4.967883237827699916e-01
5.945945945945946276e-01 5.000000000000000000e+00 3.596561707556247711e+02 4.932411809456814233e-01
5.945945945945946276e-01 6.000000000000000000e+00 3.595737211406230927e+02 4.965296988056089322e-01
5.945945945945946276e-01 7.000000000000000000e+00 3.595615871250629425e+02 4.943152353366407903e-01
5.945945945945946276e-01 8.000000000000000000e+00 3.595615871250629425e+02 4.943152353366407903e-01
5.945945945945946276e-01 9.000000000000000000e+00 3.596088908612728119e+02 5.060175541884667227e-01
5.945945945945946276e-01 1.000000000000000000e+01 3.595306865870952606e+02 5.014911229416929572e-01
5.945945945945946276e-01 1.100000000000000000e+01 3.596256710588932037e+02 4.954154334312257379e-01
5.945945945945946276e-01 1.200000000000000000e+01 3.596256710588932037e+02 4.954154334312257379e-01
5.945945945945946276e-01 1.300000000000000000e+01 3.598884858191013336e+02 5.026924162359028836e-01
5.945945945945946276e-01 1.400000000000000000e+01 3.596878238022327423e+02 4.967883237827699916e-01
5.945945945945946276e-01 1.500000000000000000e+01 3.598884858191013336e+02 5.026924162359028836e-01
5.945945945945946276e-01 1.600000000000000000e+01 3.595738865435123444e+02 4.951414096292432454e-01
5.945945945945946276e-01 1.700000000000000000e+01 3.595738865435123444e+02 4.951414096292432454e-01
5.945945945945946276e-01 1.800000000000000000e+01 3.598428435623645782e+02 5.088073648910055313e-01
5.945945945945946276e-01 1.900000000000000000e+01 3.595738865435123444e+02 4.951414096292432454e-01
5.945945945945946276e-01 2.000000000000000000e+01 3.596256710588932037e+02 4.954154334312257379e-01
5.945945945945946276e-01 2.100000000000000000e+01 3.595306865870952606e+02 5.014911229416929572e-01
5.945945945945946276e-01 2.200000000000000000e+01 3.596497423946857452e+02 4.978440635032319594e-01
5.945945945945946276e-01 2.300000000000000000e+01 3.595738865435123444e+02 4.951414096292432454e-01
5.945945945945946276e-01 2.400000000000000000e+01 3.598884858191013336e+02 5.026924162359028836e-01
5.945945945945946276e-01 2.500000000000000000e+01 3.599734030663967133e+02 5.090533390072740083e-01
5.945945945945946276e-01 2.600000000000000000e+01 3.595615871250629425e+02 4.943152353366407903e-01
5.945945945945946276e-01 2.700000000000000000e+01 3.596497423946857452e+02 4.978440635032319594e-01
5.945945945945946276e-01 2.800000000000000000e+01 3.596497423946857452e+02 4.978440635032319594e-01
5.945945945945946276e-01 2.900000000000000000e+01 3.596561707556247711e+02 4.932411809456814233e-01
5.945945945945946276e-01 3.000000000000000000e+01 3.598884858191013336e+02 5.026924162359028836e-01
5.945945945945946276e-01 3.100000000000000000e+01 3.595615871250629425e+02 4.943152353366407903e-01
5.945945945945946276e-01 3.200000000000000000e+01 3.596256710588932037e+02 4.954154334312257379e-01
5.945945945945946276e-01 3.300000000000000000e+01 3.596497423946857452e+02 4.978440635032319594e-01
5.945945945945946276e-01 3.400000000000000000e+01 3.598428435623645782e+02 5.088073648910055313e-01
5.945945945945946276e-01 3.500000000000000000e+01 3.595737211406230927e+02 4.965296988056089322e-01
5.945945945945946276e-01 3.600000000000000000e+01 3.598884858191013336e+02 5.026924162359028836e-01
5.945945945945946276e-01 3.700000000000000000e+01 3.596497423946857452e+02 4.978440635032319594e-01
5.945945945945946276e-01 3.800000000000000000e+01 3.596878238022327423e+02 4.967883237827699916e-01
5.945945945945946276e-01 3.900000000000000000e+01 3.599466003477573395e+02 5.031799475608424999e-01
5.945945945945946276e-01 4.000000000000000000e+01 3.596561707556247711e+02 4.932411809456814233e-01
5.945945945945946276e-01 4.100000000000000000e+01 3.595615871250629425e+02 4.943152353366407903e-01
5.945945945945946276e-01 4.200000000000000000e+01 3.595738865435123444e+02 4.951414096292432454e-01
5.945945945945946276e-01 4.300000000000000000e+01 3.596497423946857452e+02 4.978440635032319594e-01
5.945945945945946276e-01 4.400000000000000000e+01 3.598884858191013336e+02 5.026924162359028836e-01
5.945945945945946276e-01 4.500000000000000000e+01 3.595738865435123444e+02 4.951414096292432454e-01
5.945945945945946276e-01 4.600000000000000000e+01 3.599466003477573395e+02 5.031799475608424999e-01
5.945945945945946276e-01 4.700000000000000000e+01 3.598428435623645782e+02 5.088073648910055313e-01
5.945945945945946276e-01 4.800000000000000000e+01 3.595738865435123444e+02 4.951414096292432454e-01
5.945945945945946276e-01 4.900000000000000000e+01 3.596878238022327423e+02 4.967883237827699916e-01
6.081081081081081141e-01 0.000000000000000000e+00 3.596420638263225555e+02 5.102349556584873103e-01
6.081081081081081141e-01 1.000000000000000000e+00 3.600532241165637970e+02 5.090541106020509687e-01
6.081081081081081141e-01 2.000000000000000000e+00 3.596828378736972809e+02 5.017911411773531283e-01
6.081081081081081141e-01 3.000000000000000000e+00 3.596965409815311432e+02 4.977410878923671511e-01
6.081081081081081141e-01 4.000000000000000000e+00 3.597217537462711334e+02 5.007913756058258725e-01
6.081081081081081141e-01 5.000000000000000000e+00 3.596965409815311432e+02 4.977410878923671511e-01
6.081081081081081141e-01 6.000000000000000000e+00 3.596058584749698639e+02 5.003811866400765807e-01
6.081081081081081141e-01 7.000000000000000000e+00 3.595943368971347809e+02 4.981748649923077310e-01
6.081081081081081141e-01 8.000000000000000000e+00 3.595943368971347809e+02 4.981748649923077310e-01
6.081081081081081141e-01 9.000000000000000000e+00 3.596420638263225555e+02 5.102349556584873103e-01
6.081081081081081141e-01 1.000000000000000000e+01 3.595620580017566681e+02 5.054055987318230025e-01
6.081081081081081141e-01 1.100000000000000000e+01 3.596585638821125031e+02 4.993299608606734941e-01
6.081081081081081141e-01 1.200000000000000000e+01 3.596585638821125031e+02 4.993299608606734941e-01
6.081081081081081141e-01 1.300000000000000000e+01 3.599361516535282135e+02 5.083183525933953062e-01
6.081081081081081141e-01 1.400000000000000000e+01 3.597217537462711334e+02 5.007913756058258725e-01
6.081081081081081141e-01 1.500000000000000000e+01 3.599361516535282135e+02 5.083183525933953062e-01
6.081081081081081141e-01 1.600000000000000000e+01 3.596115611493587494e+02 4.994270975873378315e-01
6.081081081081081141e-01 1.700000000000000000e+01 3.596115611493587494e+02 4.994270975873378315e-01
6.081081081081081141e-01 1.800000000000000000e+01 3.598844163119792938e+02 5.141442455562590386e-01
6.081081081081081141e-01 1.900000000000000000e+01 3.596115611493587494e+02 4.994270975873378315e-01
6.081081081081081141e-01 2.000000000000000000e+01 3.596585638821125031e+02 4.993299608606734941e-01
6.081081081081081141e-01 2.100000000000000000e+01 3.595620580017566681e+02 5.054055987318230025e-01
6.081081081081081141e-01 2.200000000000000000e+01 3.596828378736972809e+02 5.017911411773531283e-01
6.081081081081081141e-01 2.300000000000000000e+01 3.596115611493587494e+02 4.994270975873378315e-01
6.081081081081081141e-01 2.400000000000000000e+01 3.599361516535282135e+02 5.083183525933953062e-01
6.081081081081081141e-01 2.500000000000000000e+01 3.600173227488994598e+02 5.146133000997592521e-01
6.081081081081081141e-01 2.600000000000000000e+01 3.595943368971347809e+02 4.981748649923077310e-01
6.081081081081081141e-01 2.700000000000000000e+01 3.596828378736972809e+02 5.017911411773531283e-01
6.081081081081081141e-01 2.800000000000000000e+01 3.596828378736972809e+02 5.017911411773531283e-01
6.081081081081081141e-01 2.900000000000000000e+01 3.596965409815311432e+02 4.977410878923671511e-01
6.081081081081081141e-01 3.000000000000000000e+01 3.599361516535282135e+02 5.083183525933953062e-01
6.081081081081081141e-01 3.100000000000000000e+01 3.595943368971347809e+02 4.981748649923077310e-01
6.081081081081081141e-01 3.200000000000000000e+01 3.596585638821125031e+02 4.993299608606734941e-01
6.081081081081081141e-01 3.300000000000000000e+01 3.596828378736972809e+02 5.017911411773531283e-01
6.081081081081081141e-01 3.400000000000000000e+01 3.598844163119792938e+02 5.141442455562590386e-01
6.081081081081081141e-01 3.500000000000000000e+01 3.596058584749698639e+02 5.003811866400765807e-01
6.081081081081081141e-01 3.600000000000000000e+01 3.599361516535282135e+02 5.083183525933953062e-01
6.081081081081081141e-01 3.700000000000000000e+01 3.596828378736972809e+02 5.017911411773531283e-01
6.081081081081081141e-01 3.800000000000000000e+01 3.597217537462711334e+02 5.007913756058258725e-01
6.081081081081081141e-01 3.900000000000000000e+01 3.599951945245265961e+02 5.089066942855751119e-01
6.081081081081081141e-01 4.000000000000000000e+01 3.596965409815311432e+02 4.977410878923671511e-01
6.081081081081081141e-01 4.100000000000000000e+01 3.595943368971347809e+02 4.981748649923077310e-01
6.081081081081081141e-01 4.200000000000000000e+01 3.596115611493587494e+02 4.994270975873378315e-01
6.081081081081081141e-01 4.300000000000000000e+01 3.596828378736972809e+02 5.017911411773531283e-01
6.081081081081081141e-01 4.400000000000000000e+01 3.599361516535282135e+02 5.083183525933953062e-01
6.081081081081081141e-01 4.500000000000000000e+01 3.596115611493587494e+02 4.994270975873378315e-01
6.081081081081081141e-01 4.600000000000000000e+01 3.599951945245265961e+02 5.089066942855751119e-01
6.081081081081081141e-01 4.700000000000000000e+01 3.598844163119792938e+02 5.141442455562590386e-01
6.081081081081081141e-01 4.800000000000000000e+01 3.596115611493587494e+02 4.994270975873378315e-01
6.081081081081081141e-01 4.900000000000000000e+01 3.597217537462711334e+02 5.007913756058258725e-01
6.216216216216217116e-01 0.000000000000000000e+00 3.596809752285480499e+02 5.146415680546527760e-01
6.216216216216217116e-01 1.000000000000000000e+00 3.601092867553234100e+02 5.150844761528104998e-01
6.216216216216217116e-01 2.000000000000000000e+00 3.597225315868854523e+02 5.060112925150151986e-01
6.216216216216217116e-01 3.000000000000000000e+00 3.597441770136356354e+02 5.025377959116211768e-01
6.216216216216217116e-01 4.000000000000000000e+00 3.597624517977237701e+02 5.050804538526560972e-01
6.216216216216217116e-01 5.000000000000000000e+00 3.597441770136356354e+02 5.025377959116211768e-01
6.216216216216217116e-01 6.000000000000000000e+00 3.596445910632610321e+02 5.045046263433397016e-01
6.216216216216217116e-01 7.000000000000000000e+00 3.596339397132396698e+02 5.023232473444253499e-01
6.216216216216217116e-01 8.000000000000000000e+00 3.596339397132396698e+02 5.023232473444253499e-01
6.216216216216217116e-01 9.000000000000000000e+00 3.596809752285480499e+02 5.146415680546527760e-01
6.216216216216217116e-01 1.000000000000000000e+01 3.595994226634502411e+02 5.095416064635607256e-01
6.216216216216217116e-01 1.100000000000000000e+01 3.596982203423976898e+02 5.035282670125137416e-01
6.216216216216217116e-01 1.200000000000000000e+01 3.596982203423976898e+02 5.035282670125137416e-01
6.216216216216217116e-01 1.300000000000000000e+01 3.599904187023639679e+02 5.141587273456768026e-01
6.216216216216217116e-01 1.400000000000000000e+01 3.597624517977237701e+02 5.050804538526560972e-01
6.216216216216217116e-01 1.500000000000000000e+01 3.599904187023639679e+02 5.141587273456768026e-01
6.216216216216217116e-01 1.600000000000000000e+01 3.596557147800922394e+02 5.039515342650912055e-01
6.216216216216217116e-01 1.700000000000000000e+01 3.596557147800922394e+02 5.039515342650912055e-01
6.216216216216217116e-01 1.800000000000000000e+01 3.599319376051425934e+02 5.196495960553152438e-01
6.216216216216217116e-01 1.900000000000000000e+01 3.596557147800922394e+02 5.039515342650912055e-01
6.216216216216217116e-01 2.000000000000000000e+01 3.596982203423976898e+02 5.035282670125137416e-01
6.216216216216217116e-01 2.100000000000000000e+01 3.595994226634502411e+02 5.095416064635607256e-01
6.216216216216217116e-01 2.200000000000000000e+01 3.597225315868854523e+02 5.060112925150151986e-01
6.216216216216217116e-01 2.300000000000000000e+01 3.596557147800922394e+02 5.039515342650912055e-01
6.216216216216217116e-01 2.400000000000000000e+01 3.599904187023639679e+02 5.141587273456768026e-01
6.216216216216217116e-01 2.500000000000000000e+01 3.600672774016857147e+02 5.203463859996680929e-01
6.216216216216217116e-01 2.600000000000000000e+01 3.596339397132396698e+02 5.023232473444253499e-01
6.216216216216217116e-01 2.700000000000000000e+01 3.597225315868854523e+02 5.060112925150151986e-01
6.216216216216217116e-01 2.800000000000000000e+01 3.597225315868854523e+02 5.060112925150151986e-01
6.216216216216217116e-01 2.900000000000000000e+01 3.597441770136356354e+02 5.025377959116211768e-01
6.216216216216217116e-01 3.000000000000000000e+01 3.599904187023639679e+02 5.141587273456768026e-01
6.216216216216217116e-01 3.100000000000000000e+01 3.596339397132396698e+02 5.023232473444253499e-01
6.216216216216217116e-01 3.200000000000000000e+01 3.596982203423976898e+02 5.035282670125137416e-01
6.216216216216217116e-01 3.300000000000000000e+01 3.597225315868854523e+02 5.060112925150151986e-01
6.216216216216217116e-01 3.400000000000000000e+01 3.599319376051425934e+02 5.196495960553152438e-01
6.216216216216217116e-01 3.500000000000000000e+01 3.596445910632610321e+02 5.045046263433397016e-01
6.216216216216217116e-01 3.600000000000000000e+01 3.599904187023639679e+02 5.141587273456768026e-01
6.216216216216217116e-01 3.700000000000000000e+01 3.597225315868854523e+02 5.060112925150151986e-01
6.216216216216217116e-01 3.800000000000000000e+01 3.597624517977237701e+02 5.050804538526560972e-01
6.216216216216217116e-01 3.900000000000000000e+01 3.600504241883754730e+02 5.148490616252162644e-01
6.216216216216217116e-01 4.000000000000000000e+01 3.597441770136356354e+02 5.025377959116211768e-01
6.216216216216217116e-01 4.100000000000000000e+01 3.596339397132396698e+02 5.023232473444253499e-01
6.216216216216217116e-01 4.200000000000000000e+01 3.596557147800922394e+02 5.039515342650912055e-01
6.216216216216217116e-01 4.300000000000000000e+01 3.597225315868854523e+02 5.060112925150151986e-01
6.216216216216217116e-01 4.400000000000000000e+01 3.599904187023639679e+02 5.141587273456768026e-01
6.216216216216217116e-01 4.500000000000000000e+01 3.596557147800922394e+02 5.039515342650912055e-01
6.216216216216217116e-01 4.600000000000000000e+01 3.600504241883754730e+02 5.148490616252162644e-01
6.216216216216217116e-01 4.700000000000000000e+01 3.599319376051425934e+02 5.196495960553152438e-01
6.216216216216217116e-01 4.800000000000000000e+01 3.596557147800922394e+02 5.039515342650912055e-01
6.216216216216217116e-01 4.900000000000000000e+01 3.597624517977237701e+02 5.050804538526560972e-01
6.351351351351351981e-01 0.000000000000000000e+00 3.597260825335979462e+02 5.192545902504456246e-01
6.351351351351351981e-01 1.000000000000000000e+00 3.601722843945026398e+02 5.213384726345540177e-01
6.351351351351351981e-01 2.000000000000000000e+00 3.597694508731365204e+02 5.105238703972543313e-01
6.351351351351351981e-01 3.000000000000000000e+00 3.597996138036251068e+02 5.076442105383340841e-01
6.351351351351351981e-01 4.000000000000000000e+00 3.598105497658252716e+02 5.096743814747883849e-01
6.351351351351351981e-01 5.000000000000000000e+00 3.597996138036251068e+02 5.076442105383340841e-01
6.351351351351351981e-01 6.000000000000000000e+00 3.596905566751956940e+02 5.089196119802646967e-01
6.351351351351351981e-01 7.000000000000000000e+00 3.596810616552829742e+02 5.067799216659109041e-01
6.351351351351351981e-01 8.000000000000000000e+00 3.596810616552829742e+02 5.067799216659109041e-01
6.351351351351351981e-01 9.000000000000000000e+00 3.597260825335979462e+02 5.192545902504456246e-01
6.351351351351351981e-01 1.000000000000000000e+01 3.596433259546756744e+02 5.139178896948489728e-01
6.351351351351351981e-01 1.100000000000000000e+01 3.597452886402606964e+02 5.080296968502050481e-01
6.351351351351351981e-01 1.200000000000000000e+01 3.597452886402606964e+02 5.080296968502050481e-01
6.351351351351351981e-01 1.300000000000000000e+01 3.600515998899936676e+02 5.202225415793731989e-01
6.351351351351351981e-01 1.400000000000000000e+01 3.598105497658252716e+02 5.096743814747883849e-01
6.351351351351351981e-01 1.500000000000000000e+01 3.600515998899936676e+02 5.202225415793731989e-01
6.351351351351351981e-01 1.600000000000000000e+01 3.597068957984447479e+02 5.087330759079015108e-01
6.351351351351351981e-01 1.700000000000000000e+01 3.597068957984447479e+02 5.087330759079015108e-01
6.351351351351351981e-01 1.800000000000000000e+01 3.599856831133365631e+02 5.253322509973546994e-01
6.351351351351351981e-01 1.900000000000000000e+01 3.597068957984447479e+02 5.087330759079015108e-01
6.351351351351351981e-01 2.000000000000000000e+01 3.597452886402606964e+02 5.080296968502050481e-01
6.351351351351351981e-01 2.100000000000000000e+01 3.596433259546756744e+02 5.139178896948489728e-01
6.351351351351351981e-01 2.200000000000000000e+01 3.597694508731365204e+02 5.105238703972543313e-01
6.351351351351351981e-01 2.300000000000000000e+01 3.597068957984447479e+02 5.087330759079015108e-01
6.351351351351351981e-01 2.400000000000000000e+01 3.600515998899936676e+02 5.202225415793731989e-01
6.351351351351351981e-01 2.500000000000000000e+01 3.601235426962375641e+02 5.262617821343096303e-01
6.351351351351351981e-01 2.600000000000000000e+01 3.596810616552829742e+02 5.067799216659109041e-01
6.351351351351351981e-01 2.700000000000000000e+01 3.597694508731365204e+02 5.105238703972543313e-01
6.351351351351351981e-01 2.800000000000000000e+01 3.597694508731365204e+02 5.105238703972543313e-01
6.351351351351351981e-01 2.900000000000000000e+01 3.597996138036251068e+02 5.076442105383340841e-01
6.351351351351351981e-01 3.000000000000000000e+01 3.600515998899936676e+02 5.202225415793731989e-01
6.351351351351351981e-01 3.100000000000000000e+01 3.596810616552829742e+02 5.067799216659109041e-01
6.351351351351351981e-01 3.200000000000000000e+01 3.597452886402606964e+02 5.080296968502050481e-01
6.351351351351351981e-01 3.300000000000000000e+01 3.597694508731365204e+02 5.105238703972543313e-01
6.351351351351351981e-01 3.400000000000000000e+01 3.599856831133365631e+02 5.253322509973546994e-01
6.351351351351351981e-01 3.500000000000000000e+01 3.596905566751956940e+02 5.089196119802646967e-01
6.351351351351351981e-01 3.600000000000000000e+01 3.600515998899936676e+02 5.202225415793731989e-01
6.351351351351351981e-01 3.700000000000000000e+01 3.597694508731365204e+02 5.105238703972543313e-01
6.351351351351351981e-01 3.800000000000000000e+01 3.598105497658252716e+02 5.096743814747883849e-01
6.351351351351351981e-01 3.900000000000000000e+01 3.601125963032245636e+02 5.210159257571819191e-01
6.351351351351351981e-01 4.000000000000000000e+01 3.597996138036251068e+02 5.076442105383340841e-01
6.351351351351351981e-01 4.100000000000000000e+01 3.596810616552829742e+02 5.067799216659109041e-01
6.351351351351351981e-01 4.200000000000000000e+01 3.597068957984447479e+02 5.087330759079015108e-01
6.351351351351351981e-01 4.300000000000000000e+01 3.597694508731365204e+02 5.105238703972543313e-01
6.351351351351351981e-01 4.400000000000000000e+01 3.600515998899936676e+02 5.202225415793731989e-01
6.351351351351351981e-01 4.500000000000000000e+01 3.597068957984447479e+02 5.087330759079015108e-01
6.351351351351351981e-01 4.600000000000000000e+01 3.601125963032245636e+02 5.210159257571819191e-01
6.351351351351351981e-01 4.700000000000000000e+01 3.599856831133365631e+02 5.253322509973546994e-01
6.351351351351351981e-01 4.800000000000000000e+01 3.597068957984447479e+02 5.087330759079015108e-01
6.351351351351351981e-01 4.900000000000000000e+01 3.598105497658252716e+02 5.096743814747883849e-01
6.486486486486486847e-01 0.000000000000000000e+00 3.597778834402561188e+02 5.240922226697846131e-01
6.486486486486486847e-01 1.000000000000000000e+00 3.602425403892993927e+02 5.278259541342277261e-01
6.486486486486486847e-01 2.000000000000000000e+00 3.598242528736591339e+02 5.153490090434528215e-01
6.486486486486486847e-01 3.000000000000000000e+00 3.598634071648120880e+02 5.130745633030998620e-01
6.486486486486486847e-01 4.000000000000000000e+00 3.598667092621326447e+02 5.145928113054182296e-01
6.486486486486486847e-01 5.000000000000000000e+00 3.598634071648120880e+02 5.130745633030998620e-01
6.486486486486486847e-01 6.000000000000000000e+00 3.597444303333759308e+02 5.136467156102884069e-01
6.486486486486486847e-01 7.000000000000000000e+00 3.597364000976085663e+02 5.115653749715521892e-01
6.486486486486486847e-01 8.000000000000000000e+00 3.597364000976085663e+02 5.115653749715521892e-01
6.486486486486486847e-01 9.000000000000000000e+00 3.597778834402561188e+02 5.240922226697846131e-01
6.486486486486486847e-01 1.000000000000000000e+01 3.596943579614162445e+02 5.185542579776295513e-01
6.486486486486486847e-01 1.100000000000000000e+01 3.598004452884197235e+02 5.128544445593925527e-01
6.486486486486486847e-01 1.200000000000000000e+01 3.598004452884197235e+02 5.128544445593925527e-01
6.486486486486486847e-01 1.300000000000000000e+01 3.601200304925441742e+02 5.265200055217786890e-01
6.486486486486486847e-01 1.400000000000000000e+01 3.598667092621326447e+02 5.145928113054182296e-01
6.486486486486486847e-01 1.500000000000000000e+01 3.601200304925441742e+02 5.265200055217786890e-01
6.486486486486486847e-01 1.600000000000000000e+01 3.597656972706317902e+02 5.137918687699136733e-01
6.486486486486486847e-01 1.700000000000000000e+01 3.597656972706317902e+02 5.137918687699136733e-01
6.486486486486486847e-01 1.800000000000000000e+01 3.600459523499011993e+02 5.312021425638052685e-01
6.486486486486486847e-01 1.900000000000000000e+01 3.597656972706317902e+02 5.137918687699136733e-01
6.486486486486486847e-01 2.000000000000000000e+01 3.598004452884197235e+02 5.128544445593925527e-01
6.486486486486486847e-01 2.100000000000000000e+01 3.596943579614162445e+02 5.185542579776295513e-01
6.486486486486486847e-01 2.200000000000000000e+01 3.598242528736591339e+02 5.153490090434528215e-01
6.486486486486486847e-01 2.300000000000000000e+01 3.597656972706317902e+02 5.137918687699136733e-01
6.486486486486486847e-01 2.400000000000000000e+01 3.601200304925441742e+02 5.265200055217786890e-01
6.486486486486486847e-01 2.500000000000000000e+01 3.601864166557788849e+02 5.323697651782225426e-01
6.486486486486486847e-01 2.600000000000000000e+01 3.597364000976085663e+02 5.115653749715521892e-01
6.486486486486486847e-01 2.700000000000000000e+01 3.598242528736591339e+02 5.153490090434528215e-01
6.486486486486486847e-01 2.800000000000000000e+01 3.598242528736591339e+02 5.153490090434528215e-01
6.486486486486486847e-01 2.900000000000000000e+01 3.598634071648120880e+02 5.130745633030998620e-01
6.486486486486486847e-01 3.000000000000000000e+01 3.601200304925441742e+02 5.265200055217786890e-01
6.486486486486486847e-01 3.100000000000000000e+01 3.597364000976085663e+02 5.115653749715521892e-01
6.486486486486486847e-01 3.200000000000000000e+01 3.598004452884197235e+02 5.128544445593925527e-01
6.486486486486486847e-01 3.300000000000000000e+01 3.598242528736591339e+02 5.153490090434528215e-01
6.486486486486486847e-01 3.400000000000000000e+01 3.600459523499011993e+02 5.312021425638052685e-01
6.486486486486486847e-01 3.500000000000000000e+01 3.597444303333759308e+02 5.136467156102884069e-01
6.486486486486486847e-01 3.600000000000000000e+01 3.601200304925441742e+02 5.265200055217786890e-01
6.486486486486486847e-01 3.700000000000000000e+01 3.598242528736591339e+02 5.153490090434528215e-01
6.486486486486486847e-01 3.800000000000000000e+01 3.598667092621326447e+02 5.145928113054182296e-01
6.486486486486486847e-01 3.900000000000000000e+01 3.601820401847362518e+02 5.274173772034287389e-01
6.486486486486486847e-01 4.000000000000000000e+01 3.598634071648120880e+02 5.130745633030998620e-01
6.486486486486486847e-01 4.100000000000000000e+01 3.597364000976085663e+02 5.115653749715521892e-01
6.486486486486486847e-01 4.200000000000000000e+01 3.597656972706317902e+02 5.137918687699136733e-01
6.486486486486486847e-01 4.300000000000000000e+01 3.598242528736591339e+02 5.153490090434528215e-01
6.486486486486486847e-01 4.400000000000000000e+01 3.601200304925441742e+02 5.265200055217786890e-01
6.486486486486486847e-01 4.500000000000000000e+01 3.597656972706317902e+02 5.137918687699136733e-01
6.486486486486486847e-01 4.600000000000000000e+01 3.601820401847362518e+02 5.274173772034287389e-01
6.486486486486486847e-01 4.700000000000000000e+01 3.600459523499011993e+02 5.312021425638052685e-01
6.486486486486486847e-01 4.800000000000000000e+01 3.597656972706317902e+02 5.137918687699136733e-01
6.486486486486486847e-01 4.900000000000000000e+01 3.598667092621326447e+02 5.145928113054182296e-01
6.621621621621621712e-01 0.000000000000000000e+00 3.598369248211383820e+02 5.291739738818405092e-01
6.621621621621621712e-01 1.000000000000000000e+00 3.603204004466533661e+02 5.345580309108176609e-01
6.621621621621621712e-01 2.000000000000000000e+00 3.598876334726810455e+02 5.205080030144635383e-01
6.621621621621621712e-01 3.000000000000000000e+00 3.599361397325992584e+02 5.188446493593681375e-01
6.621621621621621712e-01 4.000000000000000000e+00 3.599316217005252838e+02 5.198564232565469068e-01
6.621621621621621712e-01 5.000000000000000000e+00 3.599361397325992584e+02 5.188446493593681375e-01
6.621621621621621712e-01 6.000000000000000000e+00 3.598069302737712860e+02 5.187078044879578353e-01
6.621621621621621712e-01 7.000000000000000000e+00 3.598006881773471832e+02 5.167013299381073566e-01
6.621621621621621712e-01 8.000000000000000000e+00 3.598006881773471832e+02 5.167013299381073566e-01
6.621621621621621712e-01 9.000000000000000000e+00 3.598369248211383820e+02 5.291739738818405092e-01
6.621621621621621712e-01 1.000000000000000000e+01 3.597531564533710480e+02 5.234718059857830230e-01
6.621621621621621712e-01 1.100000000000000000e+01 3.598644025623798370e+02 5.180238965655531436e-01
6.621621621621621712e-01 1.200000000000000000e+01 3.598644025623798370e+02 5.180238965655531436e-01
6.621621621621621712e-01 1.300000000000000000e+01 3.601960651576519012e+02 5.330625187584259184e-01
6.621621621621621712e-01 1.400000000000000000e+01 3.599316217005252838e+02 5.198564232565469068e-01
6.621621621621621712e-01 1.500000000000000000e+01 3.601960651576519012e+02 5.330625187584259184e-01
6.621621621621621712e-01 1.600000000000000000e+01 3.598327688872814178e+02 5.191501373259175267e-01
6.621621621621621712e-01 1.700000000000000000e+01 3.598327688872814178e+02 5.191501373259175267e-01
6.621621621621621712e-01 1.800000000000000000e+01 3.601130716502666473e+02 5.372704005280959372e-01
6.621621621621621712e-01 1.900000000000000000e+01 3.598327688872814178e+02 5.191501373259175267e-01
6.621621621621621712e-01 2.000000000000000000e+01 3.598644025623798370e+02 5.180238965655531436e-01
6.621621621621621712e-01 2.100000000000000000e+01 3.597531564533710480e+02 5.234718059857830230e-01
6.621621621621621712e-01 2.200000000000000000e+01 3.598876334726810455e+02 5.205080030144635383e-01
6.621621621621621712e-01 2.300000000000000000e+01 3.598327688872814178e+02 5.191501373259175267e-01
6.621621621621621712e-01 2.400000000000000000e+01 3.601960651576519012e+02 5.330625187584259184e-01
6.621621621621621712e-01 2.500000000000000000e+01 3.602562315762042999e+02 5.386819919143530644e-01
6.621621621621621712e-01 2.600000000000000000e+01 3.598006881773471832e+02 5.167013299381073566e-01
6.621621621621621712e-01 2.700000000000000000e+01 3.598876334726810455e+02 5.205080030144635383e-01
6.621621621621621712e-01 2.800000000000000000e+01 3.598876334726810455e+02 5.205080030144635383e-01
6.621621621621621712e-01 2.900000000000000000e+01 3.599361397325992584e+02 5.188446493593681375e-01
6.621621621621621712e-01 3.000000000000000000e+01 3.601960651576519012e+02 5.330625187584259184e-01
6.621621621621621712e-01 3.100000000000000000e+01 3.598006881773471832e+02 5.167013299381073566e-01
6.621621621621621712e-01 3.200000000000000000e+01 3.598644025623798370e+02 5.180238965655531436e-01
6.621621621621621712e-01 3.300000000000000000e+01 3.598876334726810455e+02 5.205080030144635383e-01
6.621621621621621712e-01 3.400000000000000000e+01 3.601130716502666473e+02 5.372704005280959372e-01
6.621621621621621712e-01 3.500000000000000000e+01 3.598069302737712860e+02 5.187078044879578353e-01
6.621621621621621712e-01 3.600000000000000000e+01 3.601960651576519012e+02 5.330625187584259184e-01
6.621621621621621712e-01 3.700000000000000000e+01 3.598876334726810455e+02 5.205080030144635383e-01
6.621621621621621712e-01 3.800000000000000000e+01 3.599316217005252838e+02 5.198564232565469068e-01
6.621621621621621712e-01 3.900000000000000000e+01 3.602591060101985931e+02 5.340647309659668496e-01
6.621621621621621712e-01 4.000000000000000000e+01 3.599361397325992584e+02 5.188446493593681375e-01
6.621621621621621712e-01 4.100000000000000000e+01 3.598006881773471832e+02 5.167013299381073566e-01
6.621621621621621712e-01 4.200000000000000000e+01 3.598327688872814178e+02 5.191501373259175267e-01
6.621621621621621712e-01 4.300000000000000000e+01 3.598876334726810455e+02 5.205080030144635383e-01
6.621621621621621712e-01 4.400000000000000000e+01 3.601960651576519012e+02 5.330625187584259184e-01
6.621621621621621712e-01 4.500000000000000000e+01 3.598327688872814178e+02 5.191501373259175267e-01
6.621621621621621712e-01 4.600000000000000000e+01 3.602591060101985931e+02 5.340647309659668496e-01
6.621621621621621712e-01 4.700000000000000000e+01 3.601130716502666473e+02 5.372704005280959372e-01
6.621621621621621712e-01 4.800000000000000000e+01 3.598327688872814178e+02 5.191501373259175267e-01
6.621621621621621712e-01 4.900000000000000000e+01 3.599316217005252838e+02 5.198564232565469068e-01
6.756756756756756577e-01 0.000000000000000000e+00 3.599038027226924896e+02 5.345207958652127278e-01
6.756756756756756577e-01 1.000000000000000000e+00 3.604062415659427643e+02 5.415473107761709093e-01
6.756756756756756577e-01 2.000000000000000000e+00 3.599603287875652313e+02 5.260235415996432629e-01
6.756756756756756577e-01 3.000000000000000000e+00 3.600184224545955658e+02 5.249719787953446293e-01
6.756756756756756577e-01 4.000000000000000000e+00 3.600060172379016876e+02 5.254873136757433061e-01
6.756756756756756577e-01 5.000000000000000000e+00 3.600184224545955658e+02 5.249719787953446293e-01
6.756756756756756577e-01 6.000000000000000000e+00 3.598788104951381683e+02 5.241260864774150985e-01
6.756756756756756577e-01 7.000000000000000000e+00 3.598747007548809052e+02 5.222110743986920767e-01
6.756756756756756577e-01 8.000000000000000000e+00 3.598747007548809052e+02 5.222110743986920767e-01
6.756756756756756577e-01 9.000000000000000000e+00 3.599038027226924896e+02 5.345207958652127278e-01
6.756756756756756577e-01 1.000000000000000000e+01 3.598204068839550018e+02 5.286930823885289676e-01
6.756756756756756577e-01 1.100000000000000000e+01 3.599379114806652069e+02 5.235608925560959470e-01
6.756756756756756577e-01 1.200000000000000000e+01 3.599379114806652069e+02 5.235608925560959470e-01
6.756756756756756577e-01 1.300000000000000000e+01 3.602800913155078888e+02 5.398630144135903031e-01
6.756756756756756577e-01 1.400000000000000000e+01 3.600060172379016876e+02 5.254873136757433061e-01
6.756756756756756577e-01 1.500000000000000000e+01 3.602800913155078888e+02 5.398630144135903031e-01
6.756756756756756577e-01 1.600000000000000000e+01 3.599088184535503387e+02 5.248322928631958817e-01
6.756756756756756577e-01 1.700000000000000000e+01 3.599088184535503387e+02 5.248322928631958817e-01
6.756756756756756577e-01 1.800000000000000000e+01 3.601874031126499176e+02 5.435495958288911744e-01
6.756756756756756577e-01 1.900000000000000000e+01 3.599088184535503387e+02 5.248322928631958817e-01
6.756756756756756577e-01 2.000000000000000000e+01 3.599379114806652069e+02 5.235608925560959470e-01
6.756756756756756577e-01 2.100000000000000000e+01 3.598204068839550018e+02 5.286930823885289676e-01
6.756756756756756577e-01 2.200000000000000000e+01 3.599603287875652313e+02 5.260235415996432629e-01
6.756756756756756577e-01 2.300000000000000000e+01 3.599088184535503387e+02 5.248322928631958817e-01
6.756756756756756577e-01 2.400000000000000000e+01 3.602800913155078888e+02 5.398630144135903031e-01
6.756756756756756577e-01 2.500000000000000000e+01 3.603333465754985809e+02 5.452113857878375658e-01
6.756756756756756577e-01 2.600000000000000000e+01 3.598747007548809052e+02 5.222110743986920767e-01
6.756756756756756577e-01 2.700000000000000000e+01 3.599603287875652313e+02 5.260235415996432629e-01
6.756756756756756577e-01 2.800000000000000000e+01 3.599603287875652313e+02 5.260235415996432629e-01
6.756756756756756577e-01 2.900000000000000000e+01 3.600184224545955658e+02 5.249719787953446293e-01
6.756756756756756577e-01 3.000000000000000000e+01 3.602800913155078888e+02 5.398630144135903031e-01
6.756756756756756577e-01 3.100000000000000000e+01 3.598747007548809052e+02 5.222110743986920767e-01
6.756756756756756577e-01 3.200000000000000000e+01 3.599379114806652069e+02 5.235608925560959470e-01
6.756756756756756577e-01 3.300000000000000000e+01 3.599603287875652313e+02 5.260235415996432629e-01
6.756756756756756577e-01 3.400000000000000000e+01 3.601874031126499176e+02 5.435495958288911744e-01
6.756756756756756577e-01 3.500000000000000000e+01 3.598788104951381683e+02 5.241260864774150985e-01
6.756756756756756577e-01 3.600000000000000000e+01 3.602800913155078888e+02 5.398630144135903031e-01
6.756756756756756577e-01 3.700000000000000000e+01 3.599603287875652313e+02 5.260235415996432629e-01
6.756756756756756577e-01 3.800000000000000000e+01 3.600060172379016876e+02 5.254873136757433061e-01
6.756756756756756577e-01 3.900000000000000000e+01 3.603441782295703888e+02 5.409708688594636605e-01
6.756756756756756577e-01 4.000000000000000000e+01 3.600184224545955658e+02 5.249719787953446293e-01
6.756756756756756577e-01 4.100000000000000000e+01 3.598747007548809052e+02 5.222110743986920767e-01
6.756756756756756577e-01 4.200000000000000000e+01 3.599088184535503387e+02 5.248322928631958817e-01
6.756756756756756577e-01 4.300000000000000000e+01 3.599603287875652313e+02 5.260235415996432629e-01
6.756756756756756577e-01 4.400000000000000000e+01 3.602800913155078888e+02 5.398630144135903031e-01
6.756756756756756577e-01 4.500000000000000000e+01 3.599088184535503387e+02 5.248322928631958817e-01
6.756756756756756577e-01 4.600000000000000000e+01 3.603441782295703888e+02 5.409708688594636605e-01
6.756756756756756577e-01 4.700000000000000000e+01 3.601874031126499176e+02 5.435495958288911744e-01
6.756756756756756577e-01 4.800000000000000000e+01 3.599088184535503387e+02 5.248322928631958817e-01
6.756756756756756577e-01 4.900000000000000000e+01 3.600060172379016876e+02 5.254873136757433061e-01
6.891891891891892552e-01 0.000000000000000000e+00 3.599791638553142548e+02 5.401552641659382870e-01
6.891891891891892552e-01 1.000000000000000000e+00 3.605004675686359406e+02 5.488078659873892873e-01
6.891891891891892552e-01 2.000000000000000000e+00 3.600431136786937714e+02 5.319198870193467821e-01
6.891891891891892552e-01 3.000000000000000000e+00 3.601109035313129425e+02 5.314760957639322880e-01
6.891891891891892552e-01 4.000000000000000000e+00 3.600906617939472198e+02 5.315091429445671922e-01
6.891891891891892552e-01 5.000000000000000000e+00 3.601109035313129425e+02 5.314760957639322880e-01
6.891891891891892552e-01 6.000000000000000000e+00 3.599608756601810455e+02 5.299266340883648230e-01
6.891891891891892552e-01 7.000000000000000000e+00 3.599592529237270355e+02 5.281196466159656655e-01
6.891891891891892552e-01 8.000000000000000000e+00 3.599592529237270355e+02 5.281196466159656655e-01
6.891891891891892552e-01 9.000000000000000000e+00 3.599791638553142548e+02 5.401552641659382870e-01
6.891891891891892552e-01 1.000000000000000000e+01 3.598968543112277985e+02 5.342425281434255435e-01
6.891891891891892552e-01 1.100000000000000000e+01 3.600217662751674652e+02 5.294900292523486707e-01
6.891891891891892552e-01 1.200000000000000000e+01 3.600217662751674652e+02 5.294900292523486707e-01
6.891891891891892552e-01 1.300000000000000000e+01 3.603725247085094452e+02 5.469359332993086742e-01
6.891891891891892552e-01 1.400000000000000000e+01 3.600906617939472198e+02 5.315091429445671922e-01
6.891891891891892552e-01 1.500000000000000000e+01 3.603725247085094452e+02 5.469359332993086742e-01
6.891891891891892552e-01 1.600000000000000000e+01 3.599946163594722748e+02 5.308651373049476652e-01
6.891891891891892552e-01 1.700000000000000000e+01 3.599946163594722748e+02 5.308651373049476652e-01
6.891891891891892552e-01 1.800000000000000000e+01 3.602693386375904083e+02 5.500536707635104161e-01
6.891891891891892552e-01 1.900000000000000000e+01 3.599946163594722748e+02 5.308651373049476652e-01
6.891891891891892552e-01 2.000000000000000000e+01 3.600217662751674652e+02 5.294900292523486707e-01
6.891891891891892552e-01 2.100000000000000000e+01 3.598968543112277985e+02 5.342425281434255435e-01
6.891891891891892552e-01 2.200000000000000000e+01 3.600431136786937714e+02 5.319198870193467821e-01
6.891891891891892552e-01 2.300000000000000000e+01 3.599946163594722748e+02 5.308651373049476652e-01
6.891891891891892552e-01 2.400000000000000000e+01 3.603725247085094452e+02 5.469359332993086742e-01
6.891891891891892552e-01 2.500000000000000000e+01 3.604181580245494843e+02 5.519724200522923008e-01
6.891891891891892552e-01 2.600000000000000000e+01 3.599592529237270355e+02 5.281196466159656655e-01
6.891891891891892552e-01 2.700000000000000000e+01 3.600431136786937714e+02 5.319198870193467821e-01
6.891891891891892552e-01 2.800000000000000000e+01 3.600431136786937714e+02 5.319198870193467821e-01
6.891891891891892552e-01 2.900000000000000000e+01 3.601109035313129425e+02 5.314760957639322880e-01
6.891891891891892552e-01 3.000000000000000000e+01 3.603725247085094452e+02 5.469359332993086742e-01
6.891891891891892552e-01 3.100000000000000000e+01 3.599592529237270355e+02 5.281196466159656655e-01
6.891891891891892552e-01 3.200000000000000000e+01 3.600217662751674652e+02 5.294900292523486707e-01
6.891891891891892552e-01 3.300000000000000000e+01 3.600431136786937714e+02 5.319198870193467821e-01
6.891891891891892552e-01 3.400000000000000000e+01 3.602693386375904083e+02 5.500536707635104161e-01
6.891891891891892552e-01 3.500000000000000000e+01 3.599608756601810455e+02 5.299266340883648230e-01
6.891891891891892552e-01 3.600000000000000000e+01 3.603725247085094452e+02 5.469359332993086742e-01
6.891891891891892552e-01 3.700000000000000000e+01 3.600431136786937714e+02 5.319198870193467821e-01
6.891891891891892552e-01 3.800000000000000000e+01 3.600906617939472198e+02 5.315091429445671922e-01
6.891891891891892552e-01 3.900000000000000000e+01 3.604376651346683502e+02 5.481500804906836999e-01
6.891891891891892552e-01 4.000000000000000000e+01 3.601109035313129425e+02 5.314760957639322880e-01
6.891891891891892552e-01 4.100000000000000000e+01 3.599592529237270355e+02 5.281196466159656655e-01
6.891891891891892552e-01 4.200000000000000000e+01 3.599946163594722748e+02 5.308651373049476652e-01
6.891891891891892552e-01 4.300000000000000000e+01 3.600431136786937714e+02 5.319198870193467821e-01
6.891891891891892552e-01 4.400000000000000000e+01 3.603725247085094452e+02 5.469359332993086742e-01
6.891891891891892552e-01 4.500000000000000000e+01 3.599946163594722748e+02 5.308651373049476652e-01
6.891891891891892552e-01 4.600000000000000000e+01 3.604376651346683502e+02 5.481500804906836999e-01
6.891891891891892552e-01 4.700000000000000000e+01 3.602693386375904083e+02 5.500536707635104161e-01
6.891891891891892552e-01 4.800000000000000000e+01 3.599946163594722748e+02 5.308651373049476652e-01
6.891891891891892552e-01 4.900000000000000000e+01 3.600906617939472198e+02 5.315091429445671922e-01
7.027027027027027417e-01 0.000000000000000000e+00 3.600637219846248627e+02 5.461021035258374345e-01
7.027027027027027417e-01 1.000000000000000000e+00 3.606035225093364716e+02 5.563556026631779616e-01
7.027027027027027417e-01 2.000000000000000000e+00 3.601368151605129242e+02 5.382233847017241501e-01
7.027027027027027417e-01 3.000000000000000000e+00 3.602142699062824249e+02 5.383787563692594702e-01
7.027027027027027417e-01 4.000000000000000000e+00 3.601863630115985870e+02 5.379474813308833259e-01
7.027027027027027417e-01 5.000000000000000000e+00 3.602142699062824249e+02 5.383787563692594702e-01
7.027027027027027417e-01 6.000000000000000000e+00 3.600539796054363251e+02 5.361365836356319914e-01
7.027027027027027417e-01 7.000000000000000000e+00 3.600552119314670563e+02 5.344543198267117656e-01
7.027027027027027417e-01 8.000000000000000000e+00 3.600552119314670563e+02 5.344543198267117656e-01
7.027027027027027417e-01 9.000000000000000000e+00 3.600637219846248627e+02 5.461021035258374345e-01
7.027027027027027417e-01 1.000000000000000000e+01 3.599832974374294281e+02 5.401465541433302375e-01
7.027027027027027417e-01 1.100000000000000000e+01 3.601168029010295868e+02 5.358378505022153293e-01
7.027027027027027417e-01 1.200000000000000000e+01 3.601168029010295868e+02 5.358378505022153293e-01
7.027027027027027417e-01 1.300000000000000000e+01 3.604738213121891022e+02 5.542975714592264236e-01
7.027027027027027417e-01 1.400000000000000000e+01 3.601863630115985870e+02 5.379474813308833259e-01
7.027027027027027417e-01 1.500000000000000000e+01 3.604738213121891022e+02 5.542975714592264236e-01
7.027027027027027417e-01 1.600000000000000000e+01 3.600909985601902008e+02 5.372780718702284686e-01
7.027027027027027417e-01 1.700000000000000000e+01 3.600909985601902008e+02 5.372780718702284686e-01
7.027027027027027417e-01 1.800000000000000000e+01 3.603593133389949799e+02 5.567983088951147241e-01
7.027027027027027417e-01 1.900000000000000000e+01 3.600909985601902008e+02 5.372780718702284686e-01
7.027027027027027417e-01 2.000000000000000000e+01 3.601168029010295868e+02 5.358378505022153293e-01
7.027027027027027417e-01 2.100000000000000000e+01 3.599832974374294281e+02 5.401465541433302375e-01
7.027027027027027417e-01 2.200000000000000000e+01 3.601368151605129242e+02 5.382233847017241501e-01
7.027027027027027417e-01 2.300000000000000000e+01 3.600909985601902008e+02 5.372780718702284686e-01
7.027027027027027417e-01 2.400000000000000000e+01 3.604738213121891022e+02 5.542975714592264236e-01
7.027027027027027417e-01 2.500000000000000000e+01 3.605111025273799896e+02 5.589812578451679448e-01
7.027027027027027417e-01 2.600000000000000000e+01 3.600552119314670563e+02 5.344543198267117656e-01
7.027027027027027417e-01 2.700000000000000000e+01 3.601368151605129242e+02 5.382233847017241501e-01
7.027027027027027417e-01 2.800000000000000000e+01 3.601368151605129242e+02 5.382233847017241501e-01
7.027027027027027417e-01 2.900000000000000000e+01 3.602142699062824249e+02 5.383787563692594702e-01
7.027027027027027417e-01 3.000000000000000000e+01 3.604738213121891022e+02 5.542975714592264236e-01
7.027027027027027417e-01 3.100000000000000000e+01 3.600552119314670563e+02 5.344543198267117656e-01
7.027027027027027417e-01 3.200000000000000000e+01 3.601168029010295868e+02 5.358378505022153293e-01
7.027027027027027417e-01 3.300000000000000000e+01 3.601368151605129242e+02 5.382233847017241501e-01
7.027027027027027417e-01 3.400000000000000000e+01 3.603593133389949799e+02 5.567983088951147241e-01
7.027027027027027417e-01 3.500000000000000000e+01 3.600539796054363251e+02 5.361365836356319914e-01
7.027027027027027417e-01 3.600000000000000000e+01 3.604738213121891022e+02 5.542975714592264236e-01
7.027027027027027417e-01 3.700000000000000000e+01 3.601368151605129242e+02 5.382233847017241501e-01
7.027027027027027417e-01 3.800000000000000000e+01 3.601863630115985870e+02 5.379474813308833259e-01
7.027027027027027417e-01 3.900000000000000000e+01 3.605400182306766510e+02 5.556185686874179908e-01
7.027027027027027417e-01 4.000000000000000000e+01 3.602142699062824249e+02 5.383787563692594702e-01
7.027027027027027417e-01 4.100000000000000000e+01 3.600552119314670563e+02 5.344543198267117656e-01
7.027027027027027417e-01 4.200000000000000000e+01 3.600909985601902008e+02 5.372780718702284686e-01
7.027027027027027417e-01 4.300000000000000000e+01 3.601368151605129242e+02 5.382233847017241501e-01
7.027027027027027417e-01 4.400000000000000000e+01 3.604738213121891022e+02 5.542975714592264236e-01
7.027027027027027417e-01 4.500000000000000000e+01 3.600909985601902008e+02 5.372780718702284686e-01
7.027027027027027417e-01 4.600000000000000000e+01 3.605400182306766510e+02 5.556185686874179908e-01
7.027027027027027417e-01 4.700000000000000000e+01 3.603593133389949799e+02 5.567983088951147241e-01
7.027027027027027417e-01 4.800000000000000000e+01 3.600909985601902008e+02 5.372780718702284686e-01
7.027027027027027417e-01 4.900000000000000000e+01 3.601863630115985870e+02 5.379474813308833259e-01
7.162162162162162282e-01 0.000000000000000000e+00 3.601582519710063934e+02 5.523882537952411464e-01
7.162162162162162282e-01 1.000000000000000000e+00 3.607158951461315155e+02 5.642084606004611480e-01
7.162162162162162282e-01 2.000000000000000000e+00 3.602423094213008881e+02 5.449626432232546058e-01
7.162162162162162282e-01 3.000000000000000000e+00 3.603292576968669891e+02 5.457043195363874277e-01
7.162162162162162282e-01 4.000000000000000000e+00 3.602939791977405548e+02 5.448302397459406921e-01
7.162162162162162282e-01 5.000000000000000000e+00 3.603292576968669891e+02 5.457043195363874277e-01
7.162162162162162282e-01 6.000000000000000000e+00 3.601590342819690704e+02 5.427855768115343871e-01
7.162162162162162282e-01 7.000000000000000000e+00 3.601634941995143890e+02 5.412447919836969046e-01
7.162162162162162282e-01 8.000000000000000000e+00 3.601634941995143890e+02 5.412447919836969046e-01
7.162162162162162282e-01 9.000000000000000000e+00 3.601582519710063934e+02 5.523882537952411464e-01
7.162162162162162282e-01 1.000000000000000000e+01 3.600806094706058502e+02 5.464342212873527505e-01
7.162162162162162282e-01 1.100000000000000000e+01 3.602239124476909637e+02 5.426333762887819434e-01
7.162162162162162282e-01 1.200000000000000000e+01 3.602239124476909637e+02 5.426333762887819434e-01
7.162162162162162282e-01 1.300000000000000000e+01 3.605844803154468536e+02 5.619662540221237457e-01
7.162162162162162282e-01 1.400000000000000000e+01 3.602939791977405548e+02 5.448302397459406921e-01
7.162162162162162282e-01 1.500000000000000000e+01 3.605844803154468536e+02 5.619662540221237457e-01
7.162162162162162282e-01 1.600000000000000000e+01 3.601988770067691803e+02 5.441035085231409330e-01
7.162162162162162282e-01 1.700000000000000000e+01 3.601988770067691803e+02 5.441035085231409330e-01
7.162162162162162282e-01 1.800000000000000000e+01 3.604578085243701935e+02 5.638010964093482791e-01
7.162162162162162282e-01 1.900000000000000000e+01 3.601988770067691803e+02 5.441035085231409330e-01
7.162162162162162282e-01 2.000000000000000000e+01 3.602239124476909637e+02 5.426333762887819434e-01
7.162162162162162282e-01 2.100000000000000000e+01 3.600806094706058502e+02 5.464342212873527505e-01
7.162162162162162282e-01 2.200000000000000000e+01 3.602423094213008881e+02 5.449626432232546058e-01
7.162162162162162282e-01 2.300000000000000000e+01 3.601988770067691803e+02 5.441035085231409330e-01
7.162162162162162282e-01 2.400000000000000000e+01 3.605844803154468536e+02 5.619662540221237457e-01
7.162162162162162282e-01 2.500000000000000000e+01 3.606126643717288971e+02 5.662560101454336969e-01
7.162162162162162282e-01 2.600000000000000000e+01 3.601634941995143890e+02 5.412447919836969046e-01
7.162162162162162282e-01 2.700000000000000000e+01 3.602423094213008881e+02 5.449626432232546058e-01
7.162162162162162282e-01 2.800000000000000000e+01 3.602423094213008881e+02 5.449626432232546058e-01
7.162162162162162282e-01 2.900000000000000000e+01 3.603292576968669891e+02 5.457043195363874277e-01
7.162162162162162282e-01 3.000000000000000000e+01 3.605844803154468536e+02 5.619662540221237457e-01
7.162162162162162282e-01 3.100000000000000000e+01 3.601634941995143890e+02 5.412447919836969046e-01
7.162162162162162282e-01 3.200000000000000000e+01 3.602239124476909637e+02 5.426333762887819434e-01
7.162162162162162282e-01 3.300000000000000000e+01 3.602423094213008881e+02 5.449626432232546058e-01
7.162162162162162282e-01 3.400000000000000000e+01 3.604578085243701935e+02 5.638010964093482791e-01
7.162162162162162282e-01 3.500000000000000000e+01 3.601590342819690704e+02 5.427855768115343871e-01
7.162162162162162282e-01 3.600000000000000000e+01 3.605844803154468536e+02 5.619662540221237457e-01
7.162162162162162282e-01 3.700000000000000000e+01 3.602423094213008881e+02 5.449626432232546058e-01
7.162162162162162282e-01 3.800000000000000000e+01 3.602939791977405548e+02 5.448302397459406921e-01
7.162162162162162282e-01 3.900000000000000000e+01 3.606517307460308075e+02 5.633945217461560073e-01
7.162162162162162282e-01 4.000000000000000000e+01 3.603292576968669891e+02 5.457043195363874277e-01
7.162162162162162282e-01 4.100000000000000000e+01 3.601634941995143890e+02 5.412447919836969046e-01
7.162162162162162282e-01 4.200000000000000000e+01 3.601988770067691803e+02 5.441035085231409330e-01
7.162162162162162282e-01 4.300000000000000000e+01 3.602423094213008881e+02 5.449626432232546058e-01
7.162162162162162282e-01 4.400000000000000000e+01 3.605844803154468536e+02 5.619662540221237457e-01
7.162162162162162282e-01 4.500000000000000000e+01 3.601988770067691803e+02 5.441035085231409330e-01
7.162162162162162282e-01 4.600000000000000000e+01 3.606517307460308075e+02 5.633945217461560073e-01
7.162162162162162282e-01 4.700000000000000000e+01 3.604578085243701935e+02 5.638010964093482791e-01
7.162162162162162282e-01 4.800000000000000000e+01 3.601988770067691803e+02 5.441035085231409330e-01
7.162162162162162282e-01 4.900000000000000000e+01 3.602939791977405548e+02 5.448302397459406921e-01
7.297297297297298257e-01 0.000000000000000000e+00 3.602636046707630157e+02 5.590434194119552336e-01
7.297297297297298257e-01 1.000000000000000000e+00 3.608381204307079315e+02 5.723865646973052002e-01
7.297297297297298257e-01 2.000000000000000000e+00 3.603605367243289948e+02 5.521691267192295749e-01
7.297297297297298257e-01 3.000000000000000000e+00 3.604566641151905060e+02 5.534802056856256147e-01
7.297297297297298257e-01 4.000000000000000000e+00 3.604144252836704254e+02 5.521880625626692796e-01
7.297297297297298257e-01 5.000000000000000000e+00 3.604566641151905060e+02 5.534802056856256147e-01
7.297297297297298257e-01 6.000000000000000000e+00 3.602770142257213593e+02 5.499061356294981939e-01
7.297297297297298257e-01 7.000000000000000000e+00 3.602850817143917084e+02 5.485238207044553782e-01
7.297297297297298257e-01 8.000000000000000000e+00 3.602850817143917084e+02 5.485238207044553782e-01
7.297297297297298257e-01 9.000000000000000000e+00 3.602636046707630157e+02 5.590434194119552336e-01
7.297297297297298257e-01 1.000000000000000000e+01 3.601897366344928741e+02 5.531374729986099359e-01
7.297297297297298257e-01 1.100000000000000000e+01 3.603440456092357635e+02 5.499084706196571970e-01
7.297297297297298257e-01 1.200000000000000000e+01 3.603440456092357635e+02 5.499084706196571970e-01
7.297297297297298257e-01 1.300000000000000000e+01 3.607050456106662750e+02 5.699624926502837585e-01
7.297297297297298257e-01 1.400000000000000000e+01 3.604144252836704254e+02 5.521880625626692796e-01
7.297297297297298257e-01 1.500000000000000000e+01 3.607050456106662750e+02 5.699624926502837585e-01
7.297297297297298257e-01 1.600000000000000000e+01 3.603192441165447235e+02 5.513772017788511892e-01
7.297297297297298257e-01 1.700000000000000000e+01 3.603192441165447235e+02 5.513772017788511892e-01
7.297297297297298257e-01 1.800000000000000000e+01 3.605653561651706696e+02 5.710817350164367756e-01
7.297297297297298257e-01 1.900000000000000000e+01 3.603192441165447235e+02 5.513772017788511892e-01
7.297297297297298257e-01 2.000000000000000000e+01 3.603440456092357635e+02 5.499084706196571970e-01
7.297297297297298257e-01 2.100000000000000000e+01 3.601897366344928741e+02 5.531374729986099359e-01
7.297297297297298257e-01 2.200000000000000000e+01 3.603605367243289948e+02 5.521691267192295749e-01
7.297297297297298257e-01 2.300000000000000000e+01 3.603192441165447235e+02 5.513772017788511892e-01
7.297297297297298257e-01 2.400000000000000000e+01 3.607050456106662750e+02 5.699624926502837585e-01
7.297297297297298257e-01 2.500000000000000000e+01 3.607233799993991852e+02 5.738169491222108176e-01
7.297297297297298257e-01 2.600000000000000000e+01 3.602850817143917084e+02 5.485238207044553782e-01
7.297297297297298257e-01 2.700000000000000000e+01 3.603605367243289948e+02 5.521691267192295749e-01
7.297297297297298257e-01 2.800000000000000000e+01 3.603605367243289948e+02 5.521691267192295749e-01
7.297297297297298257e-01 2.900000000000000000e+01 3.604566641151905060e+02 5.534802056856256147e-01
7.297297297297298257e-01 3.000000000000000000e+01 3.607050456106662750e+02 5.699624926502837585e-01
7.297297297297298257e-01 3.100000000000000000e+01 3.602850817143917084e+02 5.485238207044553782e-01
7.297297297297298257e-01 3.200000000000000000e+01 3.603440456092357635e+02 5.499084706196571970e-01
7.297297297297298257e-01 3.300000000000000000e+01 3.603605367243289948e+02 5.521691267192295749e-01
7.297297297297298257e-01 3.400000000000000000e+01 3.605653561651706696e+02 5.710817350164367756e-01
7.297297297297298257e-01 3.500000000000000000e+01 3.602770142257213593e+02 5.499061356294981939e-01
7.297297297297298257e-01 3.600000000000000000e+01 3.607050456106662750e+02 5.699624926502837585e-01
7.297297297297298257e-01 3.700000000000000000e+01 3.603605367243289948e+02 5.521691267192295749e-01
7.297297297297298257e-01 3.800000000000000000e+01 3.604144252836704254e+02 5.521880625626692796e-01
7.297297297297298257e-01 3.900000000000000000e+01 3.607733435928821564e+02 5.714983686916406125e-01
7.297297297297298257e-01 4.000000000000000000e+01 3.604566641151905060e+02 5.534802056856256147e-01
7.297297297297298257e-01 4.100000000000000000e+01 3.602850817143917084e+02 5.485238207044553782e-01
7.297297297297298257e-01 4.200000000000000000e+01 3.603192441165447235e+02 5.513772017788511892e-01
7.297297297297298257e-01 4.300000000000000000e+01 3.603605367243289948e+02 5.521691267192295749e-01
7.297297297297298257e-01 4.400000000000000000e+01 3.607050456106662750e+02 5.699624926502837585e-01
7.297297297297298257e-01 4.500000000000000000e+01 3.603192441165447235e+02 5.513772017788511892e-01
7.297297297297298257e-01 4.600000000000000000e+01 3.607733435928821564e+02 5.714983686916406125e-01
7.297297297297298257e-01 4.700000000000000000e+01 3.605653561651706696e+02 5.710817350164367756e-01
7.297297297297298257e-01 4.800000000000000000e+01 3.603192441165447235e+02 5.513772017788511892e-01
7.297297297297298257e-01 4.900000000000000000e+01 3.604144252836704254e+02 5.521880625626692796e-01
7.432432432432433123e-01 0.000000000000000000e+00 3.603807173669338226e+02 5.661005640818751461e-01
7.432432432432433123e-01 1.000000000000000000e+00 3.609707884490489960e+02 5.809125678903229728e-01
7.432432432432433123e-01 2.000000000000000000e+00 3.604925028979778290e+02 5.598774892469288167e-01
7.432432432432433123e-01 3.000000000000000000e+00 3.605973444879055023e+02 5.617370584638565756e-01
7.432432432432433123e-01 4.000000000000000000e+00 3.605486758053302765e+02 5.600546826750063545e-01
7.432432432432433123e-01 5.000000000000000000e+00 3.605973444879055023e+02 5.617370584638565756e-01
7.432432432432433123e-01 6.000000000000000000e+00 3.604089684784412384e+02 5.575342376979272041e-01
7.432432432432433123e-01 7.000000000000000000e+00 3.604210250079631805e+02 5.563276080786424549e-01
7.432432432432433123e-01 8.000000000000000000e+00 3.604210250079631805e+02 5.563276080786424549e-01
7.432432432432433123e-01 9.000000000000000000e+00 3.603807173669338226e+02 5.661005640818751461e-01
7.432432432432433123e-01 1.000000000000000000e+01 3.603117056190967560e+02 5.602915956032825662e-01
7.432432432432433123e-01 1.100000000000000000e+01 3.604782186448574066e+02 5.576982735569870897e-01
7.432432432432433123e-01 1.200000000000000000e+01 3.604782186448574066e+02 5.576982735569870897e-01
7.432432432432433123e-01 1.300000000000000000e+01 3.608361236751079559e+02 5.783095489625227348e-01
7.432432432432433123e-01 1.400000000000000000e+01 3.605486758053302765e+02 5.600546826750063545e-01
7.432432432432433123e-01 1.500000000000000000e+01 3.608361236751079559e+02 5.783095489625227348e-01
7.432432432432433123e-01 1.600000000000000000e+01 3.604531802237033844e+02 5.591386975294012629e-01
7.432432432432433123e-01 1.700000000000000000e+01 3.604531802237033844e+02 5.591386975294012629e-01
7.432432432432433123e-01 1.800000000000000000e+01 3.606825478374958038e+02 5.786623820441543220e-01
7.432432432432433123e-01 1.900000000000000000e+01 3.604531802237033844e+02 5.591386975294012629e-01
7.432432432432433123e-01 2.000000000000000000e+01 3.604782186448574066e+02 5.576982735569870897e-01
7.432432432432433123e-01 2.100000000000000000e+01 3.603117056190967560e+02 5.602915956032825662e-01
7.432432432432433123e-01 2.200000000000000000e+01 3.604925028979778290e+02 5.598774892469288167e-01
7.432432432432433123e-01 2.300000000000000000e+01 3.604531802237033844e+02 5.591386975294012629e-01
7.432432432432433123e-01 2.400000000000000000e+01 3.608361236751079559e+02 5.783095489625227348e-01
7.432432432432433123e-01 2.500000000000000000e+01 3.608438439667224884e+02 5.816867784550632248e-01
7.432432432432433123e-01 2.600000000000000000e+01 3.604210250079631805e+02 5.563276080786424549e-01
7.432432432432433123e-01 2.700000000000000000e+01 3.604925028979778290e+02 5.598774892469288167e-01
7.432432432432433123e-01 2.800000000000000000e+01 3.604925028979778290e+02 5.598774892469288167e-01
7.432432432432433123e-01 2.900000000000000000e+01 3.605973444879055023e+02 5.617370584638565756e-01
7.432432432432433123e-01 3.000000000000000000e+01 3.608361236751079559e+02 5.783095489625227348e-01
7.432432432432433123e-01 3.100000000000000000e+01 3.604210250079631805e+02 5.563276080786424549e-01
7.432432432432433123e-01 3.200000000000000000e+01 3.604782186448574066e+02 5.576982735569870897e-01
7.432432432432433123e-01 3.300000000000000000e+01 3.604925028979778290e+02 5.598774892469288167e-01
7.432432432432433123e-01 3.400000000000000000e+01 3.606825478374958038e+02 5.786623820441543220e-01
7.432432432432433123e-01 3.500000000000000000e+01 3.604089684784412384e+02 5.575342376979272041e-01
7.432432432432433123e-01 3.600000000000000000e+01 3.608361236751079559e+02 5.783095489625227348e-01
7.432432432432433123e-01 3.700000000000000000e+01 3.604925028979778290e+02 5.598774892469288167e-01
7.432432432432433123e-01 3.800000000000000000e+01 3.605486758053302765e+02 5.600546826750063545e-01
7.432432432432433123e-01 3.900000000000000000e+01 3.609054513275623322e+02 5.799530603819142982e-01
7.432432432432433123e-01 4.000000000000000000e+01 3.605973444879055023e+02 5.617370584638565756e-01
7.432432432432433123e-01 4.100000000000000000e+01 3.604210250079631805e+02 5.563276080786424549e-01
7.432432432432433123e-01 4.200000000000000000e+01 3.604531802237033844e+02 5.591386975294012629e-01
7.432432432432433123e-01 4.300000000000000000e+01 3.604925028979778290e+02 5.598774892469288167e-01
7.432432432432433123e-01 4.400000000000000000e+01 3.608361236751079559e+02 5.783095489625227348e-01
7.432432432432433123e-01 4.500000000000000000e+01 3.604531802237033844e+02 5.591386975294012629e-01
7.432432432432433123e-01 4.600000000000000000e+01 3.609054513275623322e+02 5.799530603819142982e-01
7.432432432432433123e-01 4.700000000000000000e+01 3.606825478374958038e+02 5.786623820441543220e-01
7.432432432432433123e-01 4.800000000000000000e+01 3.604531802237033844e+02 5.591386975294012629e-01
7.432432432432433123e-01 4.900000000000000000e+01 3.605486758053302765e+02 5.600546826750063545e-01
7.567567567567567988e-01 0.000000000000000000e+00 3.605106212198734283e+02 5.735963840595721397e-01
7.567567567567567988e-01 1.000000000000000000e+00 3.611145578324794769e+02 5.898121348489420157e-01
7.567567567567567988e-01 2.000000000000000000e+00 3.606392957270145416e+02 5.681262828501515427e-01
7.567567567567567988e-01 3.000000000000000000e+00 3.607522360980510712e+02 5.705095496503432839e-01
7.567567567567567988e-01 4.000000000000000000e+00 3.606977842748165131e+02 5.684676851543907228e-01
7.567567567567567988e-01 5.000000000000000000e+00 3.607522360980510712e+02 5.705095496503432839e-01
7.567567567567567988e-01 6.000000000000000000e+00 3.605560310184955597e+02 5.657099096652493664e-01
7.567567567567567988e-01 7.000000000000000000e+00 3.605724550783634186e+02 5.646964272681063157e-01
7.567567567567567988e-01 8.000000000000000000e+00 3.605724550783634186e+02 5.646964272681063157e-01
7.567567567567567988e-01 9.000000000000000000e+00 3.605106212198734283e+02 5.735963840595721397e-01
7.567567567567567988e-01 1.000000000000000000e+01 3.604476489126682281e+02 5.679361356675991512e-01
7.567567567567567988e-01 1.100000000000000000e+01 3.606275267899036407e+02 5.660418435561959116e-01
7.567567567567567988e-01 1.200000000000000000e+01 3.606275267899036407e+02 5.660418435561959116e-01
7.567567567567567988e-01 1.300000000000000000e+01 3.609783820807933807e+02 5.870335865549224375e-01
7.567567567567567988e-01 1.400000000000000000e+01 3.606977842748165131e+02 5.684676851543907228e-01
7.567567567567567988e-01 1.500000000000000000e+01 3.609783820807933807e+02 5.870335865549224375e-01
7.567567567567567988e-01 1.600000000000000000e+01 3.606018684804439545e+02 5.674320145600140197e-01
7.567567567567567988e-01 1.700000000000000000e+01 3.606018684804439545e+02 5.674320145600140197e-01
7.567567567567567988e-01 1.800000000000000000e+01 3.608100436627864838e+02 5.865680231666878797e-01
7.567567567567567988e-01 1.900000000000000000e+01 3.606018684804439545e+02 5.674320145600140197e-01
7.567567567567567988e-01 2.000000000000000000e+01 3.606275267899036407e+02 5.660418435561959116e-01
7.567567567567567988e-01 2.100000000000000000e+01 3.604476489126682281e+02 5.679361356675991512e-01
7.567567567567567988e-01 2.200000000000000000e+01 3.606392957270145416e+02 5.681262828501515427e-01
7.567567567567567988e-01 2.300000000000000000e+01 3.606018684804439545e+02 5.674320145600140197e-01
7.567567567567567988e-01 2.400000000000000000e+01 3.609783820807933807e+02 5.870335865549224375e-01
7.567567567567567988e-01 2.500000000000000000e+01 3.609747208654880524e+02 5.898910733961244546e-01
7.567567567567567988e-01 2.600000000000000000e+01 3.605724550783634186e+02 5.646964272681063157e-01
7.567567567567567988e-01 2.700000000000000000e+01 3.606392957270145416e+02 5.681262828501515427e-01
7.567567567567567988e-01 2.800000000000000000e+01 3.606392957270145416e+02 5.681262828501515427e-01
7.567567567567567988e-01 2.900000000000000000e+01 3.607522360980510712e+02 5.705095496503432839e-01
7.567567567567567988e-01 3.000000000000000000e+01 3.609783820807933807e+02 5.870335865549224375e-01
7.567567567567567988e-01 3.100000000000000000e+01 3.605724550783634186e+02 5.646964272681063157e-01
7.567567567567567988e-01 3.200000000000000000e+01 3.606275267899036407e+02 5.660418435561959116e-01
7.567567567567567988e-01 3.300000000000000000e+01 3.606392957270145416e+02 5.681262828501515427e-01
7.567567567567567988e-01 3.400000000000000000e+01 3.608100436627864838e+02 5.865680231666878797e-01
7.567567567567567988e-01 3.500000000000000000e+01 3.605560310184955597e+02 5.657099096652493664e-01
7.567567567567567988e-01 3.600000000000000000e+01 3.609783820807933807e+02 5.870335865549224375e-01
7.567567567567567988e-01 3.700000000000000000e+01 3.606392957270145416e+02 5.681262828501515427e-01
7.567567567567567988e-01 3.800000000000000000e+01 3.606977842748165131e+02 5.684676851543907228e-01
7.567567567567567988e-01 3.900000000000000000e+01 3.610487185418605804e+02 5.887846296585259598e-01
7.567567567567567988e-01 4.000000000000000000e+01 3.607522360980510712e+02 5.705095496503432839e-01
7.567567567567567988e-01 4.100000000000000000e+01 3.605724550783634186e+02 5.646964272681063157e-01
7.567567567567567988e-01 4.200000000000000000e+01 3.606018684804439545e+02 5.674320145600140197e-01
7.567567567567567988e-01 4.300000000000000000e+01 3.606392957270145416e+02 5.681262828501515427e-01
7.567567567567567988e-01 4.400000000000000000e+01 3.609783820807933807e+02 5.870335865549224375e-01
7.567567567567567988e-01 4.500000000000000000e+01 3.606018684804439545e+02 5.674320145600140197e-01
7.567567567567567988e-01 4.600000000000000000e+01 3.610487185418605804e+02 5.887846296585259598e-01
7.567567567567567988e-01 4.700000000000000000e+01 3.608100436627864838e+02 5.865680231666878797e-01
7.567567567567567988e-01 4.800000000000000000e+01 3.606018684804439545e+02 5.674320145600140197e-01
7.567567567567567988e-01 4.900000000000000000e+01 3.606977842748165131e+02 5.684676851543907228e-01
7.702702702702702853e-01 0.000000000000000000e+00 3.606544546782970428e+02 5.815719723364310978e-01
7.702702702702702853e-01 1.000000000000000000e+00 3.612701572477817535e+02 5.991141859450677121e-01
7.702702702702702853e-01 2.000000000000000000e+00 3.608020938932895660e+02 5.769585580286022974e-01
7.702702702702702853e-01 3.000000000000000000e+00 3.609223611652851105e+02 5.798367747582602316e-01
7.702702702702702853e-01 4.000000000000000000e+00 3.608628891408443451e+02 5.774690272643808742e-01
7.702702702702702853e-01 5.000000000000000000e+00 3.609223611652851105e+02 5.798367747582602316e-01
7.702702702702702853e-01 6.000000000000000000e+00 3.607194326817989349e+02 5.744779149188077305e-01
7.702702702702702853e-01 7.000000000000000000e+00 3.607405968010425568e+02 5.736753463899649796e-01
7.702702702702702853e-01 8.000000000000000000e+00 3.607405968010425568e+02 5.736753463899649796e-01
7.702702702702702853e-01 9.000000000000000000e+00 3.606544546782970428e+02 5.815719723364310978e-01
7.702702702702702853e-01 1.000000000000000000e+01 3.605988033115863800e+02 5.761152797820933147e-01
7.702702702702702853e-01 1.100000000000000000e+01 3.607931546866893768e+02 5.749827924231710741e-01
7.702702702702702853e-01 1.200000000000000000e+01 3.607931546866893768e+02 5.749827924231710741e-01
7.702702702702702853e-01 1.300000000000000000e+01 3.611325614154338837e+02 5.961641696432833371e-01
7.702702702702702853e-01 1.400000000000000000e+01 3.608628891408443451e+02 5.774690272643808742e-01
7.702702702702702853e-01 1.500000000000000000e+01 3.611325614154338837e+02 5.961641696432833371e-01
7.702702702702702853e-01 1.600000000000000000e+01 3.607665948569774628e+02 5.763060610001761175e-01
7.702702702702702853e-01 1.700000000000000000e+01 3.607665948569774628e+02 5.763060610001761175e-01
7.702702702702702853e-01 1.800000000000000000e+01 3.609485767781734467e+02 5.948267733821642755e-01
7.702702702702702853e-01 1.900000000000000000e+01 3.607665948569774628e+02 5.763060610001761175e-01
7.702702702702702853e-01 2.000000000000000000e+01 3.607931546866893768e+02 5.749827924231710741e-01
7.702702702702702853e-01 2.100000000000000000e+01 3.605988033115863800e+02 5.761152797820933147e-01
7.702702702702702853e-01 2.200000000000000000e+01 3.608020938932895660e+02 5.769585580286022974e-01
7.702702702702702853e-01 2.300000000000000000e+01 3.607665948569774628e+02 5.763060610001761175e-01
7.702702702702702853e-01 2.400000000000000000e+01 3.611325614154338837e+02 5.961641696432833371e-01
7.702702702702702853e-01 2.500000000000000000e+01 3.611167512834072113e+02 5.984586189731482264e-01
7.702702702702702853e-01 2.600000000000000000e+01 3.607405968010425568e+02 5.736753463899649796e-01
7.702702702702702853e-01 2.700000000000000000e+01 3.608020938932895660e+02 5.769585580286022974e-01
7.702702702702702853e-01 2.800000000000000000e+01 3.608020938932895660e+02 5.769585580286022974e-01
7.702702702702702853e-01 2.900000000000000000e+01 3.609223611652851105e+02 5.798367747582602316e-01
7.702702702702702853e-01 3.000000000000000000e+01 3.611325614154338837e+02 5.961641696432833371e-01
7.702702702702702853e-01 3.100000000000000000e+01 3.607405968010425568e+02 5.736753463899649796e-01
7.702702702702702853e-01 3.200000000000000000e+01 3.607931546866893768e+02 5.749827924231710741e-01
7.702702702702702853e-01 3.300000000000000000e+01 3.608020938932895660e+02 5.769585580286022974e-01
7.702702702702702853e-01 3.400000000000000000e+01 3.609485767781734467e+02 5.948267733821642755e-01
7.702702702702702853e-01 3.500000000000000000e+01 3.607194326817989349e+02 5.744779149188077305e-01
7.702702702702702853e-01 3.600000000000000000e+01 3.611325614154338837e+02 5.961641696432833371e-01
7.702702702702702853e-01 3.700000000000000000e+01 3.608020938932895660e+02 5.769585580286022974e-01
7.702702702702702853e-01 3.800000000000000000e+01 3.608628891408443451e+02 5.774690272643808742e-01
7.702702702702702853e-01 3.900000000000000000e+01 3.612038798630237579e+02 5.980224082906515637e-01
7.702702702702702853e-01 4.000000000000000000e+01 3.609223611652851105e+02 5.798367747582602316e-01
7.702702702702702853e-01 4.100000000000000000e+01 3.607405968010425568e+02 5.736753463899649796e-01
7.702702702702702853e-01 4.200000000000000000e+01 3.607665948569774628e+02 5.763060610001761175e-01
7.702702702702702853e-01 4.300000000000000000e+01 3.608020938932895660e+02 5.769585580286022974e-01
7.702702702702702853e-01 4.400000000000000000e+01 3.611325614154338837e+02 5.961641696432833371e-01
7.702702702702702853e-01 4.500000000000000000e+01 3.607665948569774628e+02 5.763060610001761175e-01
7.702702702702702853e-01 4.600000000000000000e+01 3.612038798630237579e+02 5.980224082906515637e-01
7.702702702702702853e-01 4.700000000000000000e+01 3.609485767781734467e+02 5.948267733821642755e-01
7.702702702702702853e-01 4.800000000000000000e+01 3.607665948569774628e+02 5.763060610001761175e-01
7.702702702702702853e-01 4.900000000000000000e+01 3.608628891408443451e+02 5.774690272643808742e-01
7.837837837837837718e-01 0.000000000000000000e+00 3.608134843409061432e+02 5.900737322028362097e-01
7.837837837837837718e-01 1.000000000000000000e+00 3.614384047687053680e+02 6.088516080647505824e-01
7.837837837837837718e-01 2.000000000000000000e+00 3.609821818768978119e+02 5.864226692691235643e-01
7.837837837837837718e-01 3.000000000000000000e+00 3.611088462173938751e+02 5.897630903891329934e-01
7.837837837837837718e-01 4.000000000000000000e+00 3.610452286899089813e+02 5.871058260709238752e-01
7.837837837837837718e-01 5.000000000000000000e+00 3.611088462173938751e+02 5.897630903891329934e-01
7.837837837837837718e-01 6.000000000000000000e+00 3.609005130827426910e+02 5.838885154578370429e-01
7.837837837837837718e-01 7.000000000000000000e+00 3.609267808496952057e+02 5.833149952413426709e-01
7.837837837837837718e-01 8.000000000000000000e+00 3.609267808496952057e+02 5.833149952413426709e-01
7.837837837837837718e-01 9.000000000000000000e+00 3.608134843409061432e+02 5.900737322028362097e-01
7.837837837837837718e-01 1.000000000000000000e+01 3.607665322721004486e+02 5.848788494153682738e-01
7.837837837837837718e-01 1.100000000000000000e+01 3.609763927757740021e+02 5.845701289350555552e-01
7.837837837837837718e-01 1.200000000000000000e+01 3.609763927757740021e+02 5.845701289350555552e-01
7.837837837837837718e-01 1.300000000000000000e+01 3.612994886934757233e+02 6.057348512960648579e-01
7.837837837837837718e-01 1.400000000000000000e+01 3.610452286899089813e+02 5.871058260709238752e-01
7.837837837837837718e-01 1.500000000000000000e+01 3.612994886934757233e+02 6.057348512960648579e-01
7.837837837837837718e-01 1.600000000000000000e+01 3.609487734735012054e+02 5.858157181152219284e-01
7.837837837837837718e-01 1.700000000000000000e+01 3.609487734735012054e+02 5.858157181152219284e-01
7.837837837837837718e-01 1.800000000000000000e+01 3.610989712178707123e+02 6.034705414625851638e-01
7.837837837837837718e-01 1.900000000000000000e+01 3.609487734735012054e+02 5.858157181152219284e-01
7.837837837837837718e-01 2.000000000000000000e+01 3.609763927757740021e+02 5.845701289350555552e-01
7.837837837837837718e-01 2.100000000000000000e+01 3.607665322721004486e+02 5.848788494153682738e-01
7.837837837837837718e-01 2.200000000000000000e+01 3.609821818768978119e+02 5.864226692691235643e-01
7.837837837837837718e-01 2.300000000000000000e+01 3.609487734735012054e+02 5.858157181152219284e-01
7.837837837837837718e-01 2.400000000000000000e+01 3.612994886934757233e+02 6.057348512960648579e-01
7.837837837837837718e-01 2.500000000000000000e+01 3.612707637250423431e+02 6.074219306160418830e-01
7.837837837837837718e-01 2.600000000000000000e+01 3.609267808496952057e+02 5.833149952413426709e-01
7.837837837837837718e-01 2.700000000000000000e+01 3.609821818768978119e+02 5.864226692691235643e-01
7.837837837837837718e-01 2.800000000000000000e+01 3.609821818768978119e+02 5.864226692691235643e-01
7.837837837837837718e-01 2.900000000000000000e+01 3.611088462173938751e+02 5.897630903891329934e-01
7.837837837837837718e-01 3.000000000000000000e+01 3.612994886934757233e+02 6.057348512960648579e-01
7.837837837837837718e-01 3.100000000000000000e+01 3.609267808496952057e+02 5.833149952413426709e-01
7.837837837837837718e-01 3.200000000000000000e+01 3.609763927757740021e+02 5.845701289350555552e-01
7.837837837837837718e-01 3.300000000000000000e+01 3.609821818768978119e+02 5.864226692691235643e-01
7.837837837837837718e-01 3.400000000000000000e+01 3.610989712178707123e+02 6.034705414625851638e-01
7.837837837837837718e-01 3.500000000000000000e+01 3.609005130827426910e+02 5.838885154578370429e-01
7.837837837837837718e-01 3.600000000000000000e+01 3.612994886934757233e+02 6.057348512960648579e-01
7.837837837837837718e-01 3.700000000000000000e+01 3.609821818768978119e+02 5.864226692691235643e-01
7.837837837837837718e-01 3.800000000000000000e+01 3.610452286899089813e+02 5.871058260709238752e-01
7.837837837837837718e-01 3.900000000000000000e+01 3.613717548549175262e+02 6.076996380618886473e-01
7.837837837837837718e-01 4.000000000000000000e+01 3.611088462173938751e+02 5.897630903891329934e-01
7.837837837837837718e-01 4.100000000000000000e+01 3.609267808496952057e+02 5.833149952413426709e-01
7.837837837837837718e-01 4.200000000000000000e+01 3.609487734735012054e+02 5.858157181152219284e-01
7.837837837837837718e-01 4.300000000000000000e+01 3.609821818768978119e+02 5.864226692691235643e-01
7.837837837837837718e-01 4.400000000000000000e+01 3.612994886934757233e+02 6.057348512960648579e-01
7.837837837837837718e-01 4.500000000000000000e+01 3.609487734735012054e+02 5.858157181152219284e-01
7.837837837837837718e-01 4.600000000000000000e+01 3.613717548549175262e+02 6.076996380618886473e-01
7.837837837837837718e-01 4.700000000000000000e+01 3.610989712178707123e+02 6.034705414625851638e-01
7.837837837837837718e-01 4.800000000000000000e+01 3.609487734735012054e+02 5.858157181152219284e-01
7.837837837837837718e-01 4.900000000000000000e+01 3.610452286899089813e+02 5.871058260709238752e-01
7.972972972972973693e-01 0.000000000000000000e+00 3.609891109168529510e+02 5.991540297832085304e-01
7.972972972972973693e-01 1.000000000000000000e+00 3.616202108561992645e+02 6.190616305035069322e-01
7.972972972972973693e-01 2.000000000000000000e+00 3.611809678375720978e+02 5.965732417875482252e-01
7.972972972972973693e-01 3.000000000000000000e+00 3.613129310309886932e+02 6.003387943933837789e-01
7.972972972972973693e-01 4.000000000000000000e+00 3.612461559474468231e+02 5.974312320440028357e-01
7.972972972972973693e-01 5.000000000000000000e+00 3.613129310309886932e+02 6.003387943933837789e-01
7.972972972972973693e-01 6.000000000000000000e+00 3.611007444560527802e+02 5.939986086083105521e-01
7.972972972972973693e-01 7.000000000000000000e+00 3.611324660480022430e+02 5.936726721726776068e-01
7.972972972972973693e-01 8.000000000000000000e+00 3.611324660480022430e+02 5.936726721726776068e-01
7.972972972972973693e-01 9.000000000000000000e+00 3.609891109168529510e+02 5.991540297832085304e-01
7.972972972972973693e-01 1.000000000000000000e+01 3.609523467719554901e+02 5.942833715772023462e-01
7.972972972972973693e-01 1.100000000000000000e+01 3.611786492168903351e+02 5.948590890185005975e-01
7.972972972972973693e-01 1.200000000000000000e+01 3.611786492168903351e+02 5.948590890185005975e-01
7.972972972972973693e-01 1.300000000000000000e+01 3.614800848066806793e+02 6.157836753752603531e-01
7.972972972972973693e-01 1.400000000000000000e+01 3.612461559474468231e+02 5.974312320440028357e-01
7.972972972972973693e-01 1.500000000000000000e+01 3.614800848066806793e+02 6.157836753752603531e-01
7.972972972972973693e-01 1.600000000000000000e+01 3.611499555408954620e+02 5.960226600881248782e-01
7.972972972972973693e-01 1.700000000000000000e+01 3.611499555408954620e+02 5.960226600881248782e-01
7.972972972972973693e-01 1.800000000000000000e+01 3.612621434032917023e+02 6.125353509701212396e-01
7.972972972972973693e-01 1.900000000000000000e+01 3.611499555408954620e+02 5.960226600881248782e-01
7.972972972972973693e-01 2.000000000000000000e+01 3.611786492168903351e+02 5.948590890185005975e-01
7.972972972972973693e-01 2.100000000000000000e+01 3.609523467719554901e+02 5.942833715772023462e-01
7.972972972972973693e-01 2.200000000000000000e+01 3.611809678375720978e+02 5.965732417875482252e-01
7.972972972972973693e-01 2.300000000000000000e+01 3.611499555408954620e+02 5.960226600881248782e-01
7.972972972972973693e-01 2.400000000000000000e+01 3.614800848066806793e+02 6.157836753752603531e-01
7.972972972972973693e-01 2.500000000000000000e+01 3.614376865327358246e+02 6.168178286916435882e-01
7.972972972972973693e-01 2.600000000000000000e+01 3.611324660480022430e+02 5.936726721726776068e-01
7.972972972972973693e-01 2.700000000000000000e+01 3.611809678375720978e+02 5.965732417875482252e-01
7.972972972972973693e-01 2.800000000000000000e+01 3.611809678375720978e+02 5.965732417875482252e-01
7.972972972972973693e-01 2.900000000000000000e+01 3.613129310309886932e+02 6.003387943933837789e-01
7.972972972972973693e-01 3.000000000000000000e+01 3.614800848066806793e+02 6.157836753752603531e-01
7.972972972972973693e-01 3.100000000000000000e+01 3.611324660480022430e+02 5.936726721726776068e-01
7.972972972972973693e-01 3.200000000000000000e+01 3.611786492168903351e+02 5.948590890185005975e-01
7.972972972972973693e-01 3.300000000000000000e+01 3.611809678375720978e+02 5.965732417875482252e-01
7.972972972972973693e-01 3.400000000000000000e+01 3.612621434032917023e+02 6.125353509701212396e-01
7.972972972972973693e-01 3.500000000000000000e+01 3.611007444560527802e+02 5.939986086083105521e-01
7.972972972972973693e-01 3.600000000000000000e+01 3.614800848066806793e+02 6.157836753752603531e-01
7.972972972972973693e-01 3.700000000000000000e+01 3.611809678375720978e+02 5.965732417875482252e-01
7.972972972972973693e-01 3.800000000000000000e+01 3.612461559474468231e+02 5.974312320440028357e-01
7.972972972972973693e-01 3.900000000000000000e+01 3.615532584488391876e+02 6.178540346046528242e-01
7.972972972972973693e-01 4.000000000000000000e+01 3.613129310309886932e+02 6.003387943933837789e-01
7.972972972972973693e-01 4.100000000000000000e+01 3.611324660480022430e+02 5.936726721726776068e-01
7.972972972972973693e-01 4.200000000000000000e+01 3.611499555408954620e+02 5.960226600881248782e-01
7.972972972972973693e-01 4.300000000000000000e+01 3.611809678375720978e+02 5.965732417875482252e-01
7.972972972972973693e-01 4.400000000000000000e+01 3.614800848066806793e+02 6.157836753752603531e-01
7.972972972972973693e-01 4.500000000000000000e+01 3.611499555408954620e+02 5.960226600881248782e-01
7.972972972972973693e-01 4.600000000000000000e+01 3.615532584488391876e+02 6.178540346046528242e-01
7.972972972972973693e-01 4.700000000000000000e+01 3.612621434032917023e+02 6.125353509701212396e-01
7.972972972972973693e-01 4.800000000000000000e+01 3.611499555408954620e+02 5.960226600881248782e-01
7.972972972972973693e-01 4.900000000000000000e+01 3.612461559474468231e+02 5.974312320440028357e-01
8.108108108108108558e-01 0.000000000000000000e+00 3.611829034984111786e+02 6.088726299264480835e-01
8.108108108108108558e-01 1.000000000000000000e+00 3.618166022002696991e+02 6.297867742717717654e-01
8.108108108108108558e-01 2.000000000000000000e+00 3.614000014960765839e+02 6.074722521390083507e-01
8.108108108108108558e-01 3.000000000000000000e+00 3.615359954535961151e+02 6.116213367102935061e-01
8.108108108108108558e-01 4.000000000000000000e+00 3.614671654999256134e+02 6.085056983355202620e-01
8.108108108108108558e-01 5.000000000000000000e+00 3.615359954535961151e+02 6.116213367102935061e-01
8.108108108108108558e-01 6.000000000000000000e+00 3.613217435777187347e+02 6.048727070161679098e-01
8.108108108108108558e-01 7.000000000000000000e+00 3.613592512905597687e+02 6.048133288498223070e-01
8.108108108108108558e-01 8.000000000000000000e+00 3.613592512905597687e+02 6.048133288498223070e-01
8.108108108108108558e-01 9.000000000000000000e+00 3.611829034984111786e+02 6.088726299264480835e-01
8.108108108108108558e-01 1.000000000000000000e+01 3.611579202115535736e+02 6.043931341058678131e-01
8.108108108108108558e-01 1.100000000000000000e+01 3.614014782011508942e+02 6.059124684432227737e-01
8.108108108108108558e-01 1.200000000000000000e+01 3.614014782011508942e+02 6.059124684432227737e-01
8.108108108108108558e-01 1.300000000000000000e+01 3.616753809154033661e+02 6.263539664193349399e-01
8.108108108108108558e-01 1.400000000000000000e+01 3.614671654999256134e+02 6.085056983355202620e-01
8.108108108108108558e-01 1.500000000000000000e+01 3.616753809154033661e+02 6.263539664193349399e-01
8.108108108108108558e-01 1.600000000000000000e+01 3.613718472421169281e+02 6.069965094320566301e-01
8.108108108108108558e-01 1.700000000000000000e+01 3.613718472421169281e+02 6.069965094320566301e-01
8.108108108108108558e-01 1.800000000000000000e+01 3.614391215145587921e+02 6.220621552036865731e-01
8.108108108108108558e-01 1.900000000000000000e+01 3.613718472421169281e+02 6.069965094320566301e-01
8.108108108108108558e-01 2.000000000000000000e+01 3.614014782011508942e+02 6.059124684432227737e-01
8.108108108108108558e-01 2.100000000000000000e+01 3.611579202115535736e+02 6.043931341058678131e-01
8.108108108108108558e-01 2.200000000000000000e+01 3.614000014960765839e+02 6.074722521390083507e-01
8.108108108108108558e-01 2.300000000000000000e+01 3.613718472421169281e+02 6.069965094320566301e-01
8.108108108108108558e-01 2.400000000000000000e+01 3.616753809154033661e+02 6.263539664193349399e-01
8.108108108108108558e-01 2.500000000000000000e+01 3.616185583174228668e+02 6.266880371959299145e-01
8.108108108108108558e-01 2.600000000000000000e+01 3.613592512905597687e+02 6.048133288498223070e-01
8.108108108108108558e-01 2.700000000000000000e+01 3.614000014960765839e+02 6.074722521390083507e-01
8.108108108108108558e-01 2.800000000000000000e+01 3.614000014960765839e+02 6.074722521390083507e-01
8.108108108108108558e-01 2.900000000000000000e+01 3.615359954535961151e+02 6.116213367102935061e-01
8.108108108108108558e-01 3.000000000000000000e+01 3.616753809154033661e+02 6.263539664193349399e-01
8.108108108108108558e-01 3.100000000000000000e+01 3.613592512905597687e+02 6.048133288498223070e-01
8.108108108108108558e-01 3.200000000000000000e+01 3.614014782011508942e+02 6.059124684432227737e-01
8.108108108108108558e-01 3.300000000000000000e+01 3.614000014960765839e+02 6.074722521390083507e-01
8.108108108108108558e-01 3.400000000000000000e+01 3.614391215145587921e+02 6.220621552036865731e-01
8.108108108108108558e-01 3.500000000000000000e+01 3.613217435777187347e+02 6.048727070161679098e-01
8.108108108108108558e-01 3.600000000000000000e+01 3.616753809154033661e+02 6.263539664193349399e-01
8.108108108108108558e-01 3.700000000000000000e+01 3.614000014960765839e+02 6.074722521390083507e-01
8.108108108108108558e-01 3.800000000000000000e+01 3.614671654999256134e+02 6.085056983355202620e-01
8.108108108108108558e-01 3.900000000000000000e+01 3.617494188249111176e+02 6.285286051300279508e-01
8.108108108108108558e-01 4.000000000000000000e+01 3.615359954535961151e+02 6.116213367102935061e-01
8.108108108108108558e-01 4.100000000000000000e+01 3.613592512905597687e+02 6.048133288498223070e-01
8.108108108108108558e-01 4.200000000000000000e+01 3.613718472421169281e+02 6.069965094320566301e-01
8.108108108108108558e-01 4.300000000000000000e+01 3.614000014960765839e+02 6.074722521390083507e-01
8.108108108108108558e-01 4.400000000000000000e+01 3.616753809154033661e+02 6.263539664193349399e-01
8.108108108108108558e-01 4.500000000000000000e+01 3.613718472421169281e+02 6.069965094320566301e-01
8.108108108108108558e-01 4.600000000000000000e+01 3.617494188249111176e+02 6.285286051300279508e-01
8.108108108108108558e-01 4.700000000000000000e+01 3.614391215145587921e+02 6.220621552036865731e-01
8.108108108108108558e-01 4.800000000000000000e+01 3.613718472421169281e+02 6.069965094320566301e-01
8.108108108108108558e-01 4.900000000000000000e+01 3.614671654999256134e+02 6.085056983355202620e-01
8.243243243243243423e-01 0.000000000000000000e+00 3.613966099917888641e+02 6.192977056867832175e-01
8.243243243243243423e-01 1.000000000000000000e+00 3.620287291705608368e+02 6.410754837009435825e-01
8.243243243243243423e-01 2.000000000000000000e+00 3.616409979760646820e+02 6.191903938611424962e-01
8.243243243243243423e-01 3.000000000000000000e+00 3.617795728147029877e+02 6.236763428950236055e-01
8.243243243243243423e-01 4.000000000000000000e+00 3.617099083960056305e+02 6.203981053958039782e-01
8.243243243243243423e-01 5.000000000000000000e+00 3.617795728147029877e+02 6.236763428950236055e-01
8.243243243243243423e-01 6.000000000000000000e+00 3.615653015673160553e+02 6.165844939755875664e-01
8.243243243243243423e-01 7.000000000000000000e+00 3.616089023649692535e+02 6.168110572915185275e-01
8.243243243243243423e-01 8.000000000000000000e+00 3.616089023649692535e+02 6.168110572915185275e-01
8.243243243243243423e-01 9.000000000000000000e+00 3.613966099917888641e+02 6.192977056867832175e-01
8.243243243243243423e-01 1.000000000000000000e+01 3.613851182162761688e+02 6.152817534674150934e-01
8.243243243243243423e-01 1.100000000000000000e+01 3.616465933620929718e+02 6.178017478229741455e-01
8.243243243243243423e-01 1.200000000000000000e+01 3.616465933620929718e+02 6.178017478229741455e-01
8.243243243243243423e-01 1.300000000000000000e+01 3.618865303695201874e+02 6.374950947975625004e-01
8.243243243243243423e-01 1.400000000000000000e+01 3.617099083960056305e+02 6.203981053958039782e-01
8.243243243243243423e-01 1.500000000000000000e+01 3.618865303695201874e+02 6.374950947975625004e-01
8.243243243243243423e-01 1.600000000000000000e+01 3.616163305938243866e+02 6.188162265562083819e-01
8.243243243243243423e-01 1.700000000000000000e+01 3.616163305938243866e+02 6.188162265562083819e-01
8.243243243243243423e-01 1.800000000000000000e+01 3.616310499608516693e+02 6.320973564720240301e-01
8.243243243243243423e-01 1.900000000000000000e+01 3.616163305938243866e+02 6.188162265562083819e-01
8.243243243243243423e-01 2.000000000000000000e+01 3.616465933620929718e+02 6.178017478229741455e-01
8.243243243243243423e-01 2.100000000000000000e+01 3.613851182162761688e+02 6.152817534674150934e-01
8.243243243243243423e-01 2.200000000000000000e+01 3.616409979760646820e+02 6.191903938611424962e-01
8.243243243243243423e-01 2.300000000000000000e+01 3.616163305938243866e+02 6.188162265562083819e-01
8.243243243243243423e-01 2.400000000000000000e+01 3.618865303695201874e+02 6.374950947975625004e-01
8.243243243243243423e-01 2.500000000000000000e+01 3.618145443499088287e+02 6.370800038861967884e-01
8.243243243243243423e-01 2.600000000000000000e+01 3.616089023649692535e+02 6.168110572915185275e-01
8.243243243243243423e-01 2.700000000000000000e+01 3.616409979760646820e+02 6.191903938611424962e-01
8.243243243243243423e-01 2.800000000000000000e+01 3.616409979760646820e+02 6.191903938611424962e-01
8.243243243243243423e-01 2.900000000000000000e+01 3.617795728147029877e+02 6.236763428950236055e-01
8.243243243243243423e-01 3.000000000000000000e+01 3.618865303695201874e+02 6.374950947975625004e-01
8.243243243243243423e-01 3.100000000000000000e+01 3.616089023649692535e+02 6.168110572915185275e-01
8.243243243243243423e-01 3.200000000000000000e+01 3.616465933620929718e+02 6.178017478229741455e-01
8.243243243243243423e-01 3.300000000000000000e+01 3.616409979760646820e+02 6.191903938611424962e-01
8.243243243243243423e-01 3.400000000000000000e+01 3.616310499608516693e+02 6.320973564720240301e-01
8.243243243243243423e-01 3.500000000000000000e+01 3.615653015673160553e+02 6.165844939755875664e-01
8.243243243243243423e-01 3.600000000000000000e+01 3.618865303695201874e+02 6.374950947975625004e-01
8.243243243243243423e-01 3.700000000000000000e+01 3.616409979760646820e+02 6.191903938611424962e-01
8.243243243243243423e-01 3.800000000000000000e+01 3.617099083960056305e+02 6.203981053958039782e-01
8.243243243243243423e-01 3.900000000000000000e+01 3.619613818824291229e+02 6.397722107741442565e-01
8.243243243243243423e-01 4.000000000000000000e+01 3.617795728147029877e+02 6.236763428950236055e-01
8.243243243243243423e-01 4.100000000000000000e+01 3.616089023649692535e+02 6.168110572915185275e-01
8.243243243243243423e-01 4.200000000000000000e+01 3.616163305938243866e+02 6.188162265562083819e-01
8.243243243243243423e-01 4.300000000000000000e+01 3.616409979760646820e+02 6.191903938611424962e-01
8.243243243243243423e-01 4.400000000000000000e+01 3.618865303695201874e+02 6.374950947975625004e-01
8.243243243243243423e-01 4.500000000000000000e+01 3.616163305938243866e+02 6.188162265562083819e-01
8.243243243243243423e-01 4.600000000000000000e+01 3.619613818824291229e+02 6.397722107741442565e-01
8.243243243243243423e-01 4.700000000000000000e+01 3.616310499608516693e+02 6.320973564720240301e-01
8.243243243243243423e-01 4.800000000000000000e+01 3.616163305938243866e+02 6.188162265562083819e-01
8.243243243243243423e-01 4.900000000000000000e+01 3.617099083960056305e+02 6.203981053958039782e-01
8.378378378378379399e-01 0.000000000000000000e+00 3.616321824491024017e+02 6.305073716806112172e-01
8.378378378378379399e-01 1.000000000000000000e+00 3.622578836977481842e+02 6.529831093485588545e-01
8.378378378378379399e-01 2.000000000000000000e+00 3.619058631360530853e+02 6.318086607310663405e-01
8.378378378378379399e-01 3.000000000000000000e+00 3.620453812181949615e+02 6.365792387944689823e-01
8.378378378378379399e-01 4.000000000000000000e+00 3.619762204587459564e+02 6.331873784935329041e-01
8.378378378378379399e-01 5.000000000000000000e+00 3.620453812181949615e+02 6.365792387944689823e-01
8.378378378378379399e-01 6.000000000000000000e+00 3.618334032595157623e+02 6.292183202067623826e-01
8.378378378378379399e-01 7.000000000000000000e+00 3.618833743035793304e+02 6.297506628855540356e-01
8.378378378378379399e-01 8.000000000000000000e+00 3.618833743035793304e+02 6.297506628855540356e-01
8.378378378378379399e-01 9.000000000000000000e+00 3.616321824491024017e+02 6.305073716806112172e-01
8.378378378378379399e-01 1.000000000000000000e+01 3.616360150277614594e+02 6.270336132543462559e-01
8.378378378378379399e-01 1.100000000000000000e+01 3.619158975780010223e+02 6.306087886517616203e-01
8.378378378378379399e-01 1.200000000000000000e+01 3.619158975780010223e+02 6.306087886517616203e-01
8.378378378378379399e-01 1.300000000000000000e+01 3.621148146688938141e+02 6.492631784778163384e-01
8.378378378378379399e-01 1.400000000000000000e+01 3.619762204587459564e+02 6.331873784935329041e-01
8.378378378378379399e-01 1.500000000000000000e+01 3.621148146688938141e+02 6.492631784778163384e-01
8.378378378378379399e-01 1.600000000000000000e+01 3.618854828178882599e+02 6.315716590215940673e-01
8.378378378378379399e-01 1.700000000000000000e+01 3.618854828178882599e+02 6.315716590215940673e-01
8.378378378378379399e-01 1.800000000000000000e+01 3.618391968309879303e+02 6.426934699338714418e-01
8.378378378378379399e-01 1.900000000000000000e+01 3.618854828178882599e+02 6.315716590215940673e-01
8.378378378378379399e-01 2.000000000000000000e+01 3.619158975780010223e+02 6.306087886517616203e-01
8.378378378378379399e-01 2.100000000000000000e+01 3.616360150277614594e+02 6.270336132543462559e-01
8.378378378378379399e-01 2.200000000000000000e+01 3.619058631360530853e+02 6.318086607310663405e-01
8.378378378378379399e-01 2.300000000000000000e+01 3.618854828178882599e+02 6.315716590215940673e-01
8.378378378378379399e-01 2.400000000000000000e+01 3.621148146688938141e+02 6.492631784778163384e-01
8.378378378378379399e-01 2.500000000000000000e+01 3.620269410312175751e+02 6.480475026494489921e-01
8.378378378378379399e-01 2.600000000000000000e+01 3.618833743035793304e+02 6.297506628855540356e-01
8.378378378378379399e-01 2.700000000000000000e+01 3.619058631360530853e+02 6.318086607310663405e-01
8.378378378378379399e-01 2.800000000000000000e+01 3.619058631360530853e+02 6.318086607310663405e-01
8.378378378378379399e-01 2.900000000000000000e+01 3.620453812181949615e+02 6.365792387944689823e-01
8.378378378378379399e-01 3.000000000000000000e+01 3.621148146688938141e+02 6.492631784778163384e-01
8.378378378378379399e-01 3.100000000000000000e+01 3.618833743035793304e+02 6.297506628855540356e-01
8.378378378378379399e-01 3.200000000000000000e+01 3.619158975780010223e+02 6.306087886517616203e-01
8.378378378378379399e-01 3.300000000000000000e+01 3.619058631360530853e+02 6.318086607310663405e-01
8.378378378378379399e-01 3.400000000000000000e+01 3.618391968309879303e+02 6.426934699338714418e-01
8.378378378378379399e-01 3.500000000000000000e+01 3.618334032595157623e+02 6.292183202067623826e-01
8.378378378378379399e-01 3.600000000000000000e+01 3.621148146688938141e+02 6.492631784778163384e-01
8.378378378378379399e-01 3.700000000000000000e+01 3.619058631360530853e+02 6.318086607310663405e-01
8.378378378378379399e-01 3.800000000000000000e+01 3.619762204587459564e+02 6.331873784935329041e-01
8.378378378378379399e-01 3.900000000000000000e+01 3.621904350817203522e+02 6.516407124714023169e-01
8.378378378378379399e-01 4.000000000000000000e+01 3.620453812181949615e+02 6.365792387944689823e-01
8.378378378378379399e-01 4.100000000000000000e+01 3.618833743035793304e+02 6.297506628855540356e-01
8.378378378378379399e-01 4.200000000000000000e+01 3.618854828178882599e+02 6.315716590215940673e-01
8.378378378378379399e-01 4.300000000000000000e+01 3.619058631360530853e+02 6.318086607310663405e-01
8.378378378378379399e-01 4.400000000000000000e+01 3.621148146688938141e+02 6.492631784778163384e-01
8.378378378378379399e-01 4.500000000000000000e+01 3.618854828178882599e+02 6.315716590215940673e-01
8.378378378378379399e-01 4.600000000000000000e+01 3.621904350817203522e+02 6.516407124714023169e-01
8.378378378378379399e-01 4.700000000000000000e+01 3.618391968309879303e+02 6.426934699338714418e-01
8.378378378378379399e-01 4.800000000000000000e+01 3.618854828178882599e+02 6.315716590215940673e-01
8.378378378378379399e-01 4.900000000000000000e+01 3.619762204587459564e+02 6.331873784935329041e-01
8.513513513513514264e-01 0.000000000000000000e+00 3.618917904794216156e+02 6.425911226803355802e-01
8.513513513513514264e-01 1.000000000000000000e+00 3.625055052340030670e+02 6.655726925125653448e-01
8.513513513513514264e-01 2.000000000000000000e+00 3.621967174112796783e+02 6.454201118926314873e-01
8.513513513513514264e-01 3.000000000000000000e+00 3.623353384435176849e+02 6.504166670165333342e-01
8.513513513513514264e-01 4.000000000000000000e+00 3.622681491076946259e+02 6.469642871902910874e-01
8.513513513513514264e-01 5.000000000000000000e+00 3.623353384435176849e+02 6.504166670165333342e-01
8.513513513513514264e-01 6.000000000000000000e+00 3.621282584965229034e+02 6.428712264365501472e-01
8.513513513513514264e-01 7.000000000000000000e+00 3.621848441660404205e+02 6.437297344172742131e-01
8.513513513513514264e-01 8.000000000000000000e+00 3.621848441660404205e+02 6.437297344172742131e-01
8.513513513513514264e-01 9.000000000000000000e+00 3.618917904794216156e+02 6.425911226803355802e-01
8.513513513513514264e-01 1.000000000000000000e+01 3.619129203259944916e+02 6.397457884970899622e-01
8.513513513513514264e-01 1.100000000000000000e+01 3.622115172445774078e+02 6.444278798564918587e-01
8.513513513513514264e-01 1.200000000000000000e+01 3.622115172445774078e+02 6.444278798564918587e-01
8.513513513513514264e-01 1.300000000000000000e+01 3.623616598546504974e+02 6.617221603920532269e-01
8.513513513513514264e-01 1.400000000000000000e+01 3.622681491076946259e+02 6.469642871902910874e-01
8.513513513513514264e-01 1.500000000000000000e+01 3.623616598546504974e+02 6.617221603920532269e-01
8.513513513513514264e-01 1.600000000000000000e+01 3.621815986931324005e+02 6.453654004461263360e-01
8.513513513513514264e-01 1.700000000000000000e+01 3.621815986931324005e+02 6.453654004461263360e-01
8.513513513513514264e-01 1.800000000000000000e+01 3.620649479329586029e+02 6.539095158561512022e-01
8.513513513513514264e-01 1.900000000000000000e+01 3.621815986931324005e+02 6.453654004461263360e-01
8.513513513513514264e-01 2.000000000000000000e+01 3.622115172445774078e+02 6.444278798564918587e-01
8.513513513513514264e-01 2.100000000000000000e+01 3.619129203259944916e+02 6.397457884970899622e-01
8.513513513513514264e-01 2.200000000000000000e+01 3.621967174112796783e+02 6.454201118926314873e-01
8.513513513513514264e-01 2.300000000000000000e+01 3.621815986931324005e+02 6.453654004461263360e-01
8.513513513513514264e-01 2.400000000000000000e+01 3.623616598546504974e+02 6.617221603920532269e-01
8.513513513513514264e-01 2.500000000000000000e+01 3.622571863234043121e+02 6.596514730500505630e-01
8.513513513513514264e-01 2.600000000000000000e+01 3.621848441660404205e+02 6.437297344172742131e-01
8.513513513513514264e-01 2.700000000000000000e+01 3.621967174112796783e+02 6.454201118926314873e-01
8.513513513513514264e-01 2.800000000000000000e+01 3.621967174112796783e+02 6.454201118926314873e-01
8.513513513513514264e-01 2.900000000000000000e+01 3.623353384435176849e+02 6.504166670165333342e-01
8.513513513513514264e-01 3.000000000000000000e+01 3.623616598546504974e+02 6.617221603920532269e-01
8.513513513513514264e-01 3.100000000000000000e+01 3.621848441660404205e+02 6.437297344172742131e-01
8.513513513513514264e-01 3.200000000000000000e+01 3.622115172445774078e+02 6.444278798564918587e-01
8.513513513513514264e-01 3.300000000000000000e+01 3.621967174112796783e+02 6.454201118926314873e-01
8.513513513513514264e-01 3.400000000000000000e+01 3.620649479329586029e+02 6.539095158561512022e-01
8.513513513513514264e-01 3.500000000000000000e+01 3.621282584965229034e+02 6.428712264365501472e-01
8.513513513513514264e-01 3.600000000000000000e+01 3.623616598546504974e+02 6.617221603920532269e-01
8.513513513513514264e-01 3.700000000000000000e+01 3.621967174112796783e+02 6.454201118926314873e-01
8.513513513513514264e-01 3.800000000000000000e+01 3.622681491076946259e+02 6.469642871902910874e-01
8.513513513513514264e-01 3.900000000000000000e+01 3.624380044639110565e+02 6.641975340263666094e-01
8.513513513513514264e-01 4.000000000000000000e+01 3.623353384435176849e+02 6.504166670165333342e-01
8.513513513513514264e-01 4.100000000000000000e+01 3.621848441660404205e+02 6.437297344172742131e-01
8.513513513513514264e-01 4.200000000000000000e+01 3.621815986931324005e+02 6.453654004461263360e-01
8.513513513513514264e-01 4.300000000000000000e+01 3.621967174112796783e+02 6.454201118926314873e-01
8.513513513513514264e-01 4.400000000000000000e+01 3.623616598546504974e+02 6.617221603920532269e-01
8.513513513513514264e-01 4.500000000000000000e+01 3.621815986931324005e+02 6.453654004461263360e-01
8.513513513513514264e-01 4.600000000000000000e+01 3.624380044639110565e+02 6.641975340263666094e-01
8.513513513513514264e-01 4.700000000000000000e+01 3.620649479329586029e+02 6.539095158561512022e-01
8.513513513513514264e-01 4.800000000000000000e+01 3.621815986931324005e+02 6.453654004461263360e-01
8.513513513513514264e-01 4.900000000000000000e+01 3.622681491076946259e+02 6.469642871902910874e-01
8.648648648648649129e-01 0.000000000000000000e+00 3.621778346598148346e+02 6.556514966350240892e-01
8.648648648648649129e-01 1.000000000000000000e+00 3.627731852233409882e+02 6.789158144168330189e-01
8.648648648648649129e-01 2.000000000000000000e+00 3.625159211456775665e+02 6.601319376676527684e-01
8.648648648648649129e-01 3.000000000000000000e+00 3.626515872776508331e+02 6.652883952447796734e-01
8.648648648648649129e-01 4.000000000000000000e+00 3.625879831612110138e+02 6.618335852249227491e-01
8.648648648648649129e-01 5.000000000000000000e+00 3.626515872776508331e+02 6.652883952447796734e-01
8.648648648648649129e-01 6.000000000000000000e+00 3.624523200094699860e+02 6.576549120405454918e-01
8.648648648648649129e-01 7.000000000000000000e+00 3.625157259404659271e+02 6.588605481663075691e-01
8.648648648648649129e-01 8.000000000000000000e+00 3.625157259404659271e+02 6.588605481663075691e-01
8.648648648648649129e-01 9.000000000000000000e+00 3.621778346598148346e+02 6.556514966350240892e-01
8.648648648648649129e-01 1.000000000000000000e+01 3.622183941304683685e+02 6.535299500247607751e-01
8.648648648648649129e-01 1.100000000000000000e+01 3.625358186662197113e+02 6.593676085842206103e-01
8.648648648648649129e-01 1.200000000000000000e+01 3.625358186662197113e+02 6.593676085842206103e-01
8.648648648648649129e-01 1.300000000000000000e+01 3.626286141574382782e+02 6.749439611952462448e-01
8.648648648648649129e-01 1.400000000000000000e+01 3.625879831612110138e+02 6.618335852249227491e-01
8.648648648648649129e-01 1.500000000000000000e+01 3.626286141574382782e+02 6.749439611952462448e-01
8.648648648648649129e-01 1.600000000000000000e+01 3.625072069466114044e+02 6.603147783560430195e-01
8.648648648648649129e-01 1.700000000000000000e+01 3.625072069466114044e+02 6.603147783560430195e-01
8.648648648648649129e-01 1.800000000000000000e+01 3.623097784817218781e+02 6.658108697029712086e-01
8.648648648648649129e-01 1.900000000000000000e+01 3.625072069466114044e+02 6.603147783560430195e-01
8.648648648648649129e-01 2.000000000000000000e+01 3.625358186662197113e+02 6.593676085842206103e-01
8.648648648648649129e-01 2.100000000000000000e+01 3.622183941304683685e+02 6.535299500247607751e-01
8.648648648648649129e-01 2.200000000000000000e+01 3.625159211456775665e+02 6.601319376676527684e-01
8.648648648648649129e-01 2.300000000000000000e+01 3.625072069466114044e+02 6.603147783560430195e-01
8.648648648648649129e-01 2.400000000000000000e+01 3.626286141574382782e+02 6.749439611952462448e-01
8.648648648648649129e-01 2.500000000000000000e+01 3.625068314373493195e+02 6.719599202557275941e-01
8.648648648648649129e-01 2.600000000000000000e+01 3.625157259404659271e+02 6.588605481663075691e-01
8.648648648648649129e-01 2.700000000000000000e+01 3.625159211456775665e+02 6.601319376676527684e-01
8.648648648648649129e-01 2.800000000000000000e+01 3.625159211456775665e+02 6.601319376676527684e-01
8.648648648648649129e-01 2.900000000000000000e+01 3.626515872776508331e+02 6.652883952447796734e-01
8.648648648648649129e-01 3.000000000000000000e+01 3.626286141574382782e+02 6.749439611952462448e-01
8.648648648648649129e-01 3.100000000000000000e+01 3.625157259404659271e+02 6.588605481663075691e-01
8.648648648648649129e-01 3.200000000000000000e+01 3.625358186662197113e+02 6.593676085842206103e-01
8.648648648648649129e-01 3.300000000000000000e+01 3.625159211456775665e+02 6.601319376676527684e-01
8.648648648648649129e-01 3.400000000000000000e+01 3.623097784817218781e+02 6.658108697029712086e-01
8.648648648648649129e-01 3.500000000000000000e+01 3.624523200094699860e+02 6.576549120405454918e-01
8.648648648648649129e-01 3.600000000000000000e+01 3.626286141574382782e+02 6.749439611952462448e-01
8.648648648648649129e-01 3.700000000000000000e+01 3.625159211456775665e+02 6.601319376676527684e-01
8.648648648648649129e-01 3.800000000000000000e+01 3.625879831612110138e+02 6.618335852249227491e-01
8.648648648648649129e-01 3.900000000000000000e+01 3.627056576311588287e+02 6.775144708224517531e-01
8.648648648648649129e-01 4.000000000000000000e+01 3.626515872776508331e+02 6.652883952447796734e-01
8.648648648648649129e-01 4.100000000000000000e+01 3.625157259404659271e+02 6.588605481663075691e-01
8.648648648648649129e-01 4.200000000000000000e+01 3.625072069466114044e+02 6.603147783560430195e-01
8.648648648648649129e-01 4.300000000000000000e+01 3.625159211456775665e+02 6.601319376676527684e-01
8.648648648648649129e-01 4.400000000000000000e+01 3.626286141574382782e+02 6.749439611952462448e-01
8.648648648648649129e-01 4.500000000000000000e+01 3.625072069466114044e+02 6.603147783560430195e-01
8.648648648648649129e-01 4.600000000000000000e+01 3.627056576311588287e+02 6.775144708224517531e-01
8.648648648648649129e-01 4.700000000000000000e+01 3.623097784817218781e+02 6.658108697029712086e-01
8.648648648648649129e-01 4.800000000000000000e+01 3.625072069466114044e+02 6.603147783560430195e-01
8.648648648648649129e-01 4.900000000000000000e+01 3.625879831612110138e+02 6.618335852249227491e-01
8.783783783783783994e-01 0.000000000000000000e+00 3.624929137527942657e+02 6.698047621206754121e-01
8.783783783783783994e-01 1.000000000000000000e+00 3.630626343190670013e+02 6.930925304657769015e-01
8.783783783783783994e-01 2.000000000000000000e+00 3.628660894930362701e+02 6.760675633181512101e-01
8.783783783783783994e-01 3.000000000000000000e+00 3.629965089261531830e+02 6.813091880681289014e-01
8.783783783783783994e-01 4.000000000000000000e+00 3.629382662475109100e+02 6.779160307901258564e-01
8.783783783783783994e-01 5.000000000000000000e+00 3.629965089261531830e+02 6.813091880681289014e-01
8.783783783783783994e-01 6.000000000000000000e+00 3.628083012998104095e+02 6.736980212171986837e-01
8.783783783783783994e-01 7.000000000000000000e+00 3.628786928951740265e+02 6.752724827471908720e-01
8.783783783783783994e-01 8.000000000000000000e+00 3.628786928951740265e+02 6.752724827471908720e-01
8.783783783783783994e-01 9.000000000000000000e+00 3.624929137527942657e+02 6.698047621206754121e-01
8.783783783783783994e-01 1.000000000000000000e+01 3.625552318990230560e+02 6.685137836727718108e-01
8.783783783783783994e-01 1.100000000000000000e+01 3.628914393484592438e+02 6.755534324936255386e-01
8.783783783783783994e-01 1.200000000000000000e+01 3.628914393484592438e+02 6.755534324936255386e-01
8.783783783783783994e-01 1.300000000000000000e+01 3.629173167049884796e+02 6.890084224779575717e-01
8.783783783783783994e-01 1.400000000000000000e+01 3.629382662475109100e+02 6.779160307901258564e-01
8.783783783783783994e-01 1.500000000000000000e+01 3.629173167049884796e+02 6.890084224779575717e-01
8.783783783783783994e-01 1.600000000000000000e+01 3.628650762140750885e+02 6.765538828186696829e-01
8.783783783783783994e-01 1.700000000000000000e+01 3.628650762140750885e+02 6.765538828186696829e-01
8.783783783783783994e-01 1.800000000000000000e+01 3.625751741230487823e+02 6.784677226954010099e-01
8.783783783783783994e-01 1.900000000000000000e+01 3.628650762140750885e+02 6.765538828186696829e-01
8.783783783783783994e-01 2.000000000000000000e+01 3.628914393484592438e+02 6.755534324936255386e-01
8.783783783783783994e-01 2.100000000000000000e+01 3.625552318990230560e+02 6.685137836727718108e-01
8.783783783783783994e-01 2.200000000000000000e+01 3.628660894930362701e+02 6.760675633181512101e-01
8.783783783783783994e-01 2.300000000000000000e+01 3.628650762140750885e+02 6.765538828186696829e-01
8.783783783783783994e-01 2.400000000000000000e+01 3.629173167049884796e+02 6.890084224779575717e-01
8.783783783783783994e-01 2.500000000000000000e+01 3.627774961292743683e+02 6.850473776355308075e-01
8.783783783783783994e-01 2.600000000000000000e+01 3.628786928951740265e+02 6.752724827471908720e-01
8.783783783783783994e-01 2.700000000000000000e+01 3.628660894930362701e+02 6.760675633181512101e-01
8.783783783783783994e-01 2.800000000000000000e+01 3.628660894930362701e+02 6.760675633181512101e-01
8.783783783783783994e-01 2.900000000000000000e+01 3.629965089261531830e+02 6.813091880681289014e-01
8.783783783783783994e-01 3.000000000000000000e+01 3.629173167049884796e+02 6.890084224779575717e-01
8.783783783783783994e-01 3.100000000000000000e+01 3.628786928951740265e+02 6.752724827471908720e-01
8.783783783783783994e-01 3.200000000000000000e+01 3.628914393484592438e+02 6.755534324936255386e-01
8.783783783783783994e-01 3.300000000000000000e+01 3.628660894930362701e+02 6.760675633181512101e-01
8.783783783783783994e-01 3.400000000000000000e+01 3.625751741230487823e+02 6.784677226954010099e-01
8.783783783783783994e-01 3.500000000000000000e+01 3.628083012998104095e+02 6.736980212171986837e-01
8.783783783783783994e-01 3.600000000000000000e+01 3.629173167049884796e+02 6.890084224779575717e-01
8.783783783783783994e-01 3.700000000000000000e+01 3.628660894930362701e+02 6.760675633181512101e-01
8.783783783783783994e-01 3.800000000000000000e+01 3.629382662475109100e+02 6.779160307901258564e-01
8.783783783783783994e-01 3.900000000000000000e+01 3.629950635135173798e+02 6.916714051510161054e-01
8.783783783783783994e-01 4.000000000000000000e+01 3.629965089261531830e+02 6.813091880681289014e-01
8.783783783783783994e-01 4.100000000000000000e+01 3.628786928951740265e+02 6.752724827471908720e-01
8.783783783783783994e-01 4.200000000000000000e+01 3.628650762140750885e+02 6.765538828186696829e-01
8.783783783783783994e-01 4.300000000000000000e+01 3.628660894930362701e+02 6.760675633181512101e-01
8.783783783783783994e-01 4.400000000000000000e+01 3.629173167049884796e+02 6.890084224779575717e-01
8.783783783783783994e-01 4.500000000000000000e+01 3.628650762140750885e+02 6.765538828186696829e-01
8.783783783783783994e-01 4.600000000000000000e+01 3.629950635135173798e+02 6.916714051510161054e-01
8.783783783783783994e-01 4.700000000000000000e+01 3.625751741230487823e+02 6.784677226954010099e-01
8.783783783783783994e-01 4.800000000000000000e+01 3.628650762140750885e+02 6.765538828186696829e-01
8.783783783783783994e-01 4.900000000000000000e+01 3.629382662475109100e+02 6.779160307901258564e-01
8.918918918918918859e-01 0.000000000000000000e+00 3.628397248685359955e+02 6.851799229014865489e-01
8.918918918918918859e-01 1.000000000000000000e+00 3.633755855262279510e+02 7.081895050237151379e-01
8.918918918918918859e-01 2.000000000000000000e+00 3.632500730454921722e+02 6.933681508420707074e-01
8.918918918918918859e-01 3.000000000000000000e+00 3.633727006614208221e+02 6.986099794803519725e-01
8.918918918918918859e-01 4.000000000000000000e+00 3.633217982947826385e+02 6.953504078656451703e-01
8.918918918918918859e-01 5.000000000000000000e+00 3.633727006614208221e+02 6.986099794803519725e-01
8.918918918918918859e-01 6.000000000000000000e+00 3.631991587579250336e+02 6.911478224807503512e-01
8.918918918918918859e-01 7.000000000000000000e+00 3.632766686379909515e+02 6.931139659748142279e-01
8.918918918918918859e-01 8.000000000000000000e+00 3.632766686379909515e+02 6.931139659748142279e-01
8.918918918918918859e-01 9.000000000000000000e+00 3.628397248685359955e+02 6.851799229014865489e-01
8.918918918918918859e-01 1.000000000000000000e+01 3.629264093935489655e+02 6.848415750275083091e-01
8.918918918918918859e-01 1.100000000000000000e+01 3.632812790572643280e+02 6.931295522541638388e-01
8.918918918918918859e-01 1.200000000000000000e+01 3.632812790572643280e+02 6.931295522541638388e-01
8.918918918918918859e-01 1.300000000000000000e+01 3.632293708622455597e+02 7.040005308795425076e-01
8.918918918918918859e-01 1.400000000000000000e+01 3.633217982947826385e+02 6.953504078656451703e-01
8.918918918918918859e-01 1.500000000000000000e+01 3.632293708622455597e+02 7.040005308795425076e-01
8.918918918918918859e-01 1.600000000000000000e+01 3.632581792771816254e+02 6.942347792985662513e-01
8.918918918918918859e-01 1.700000000000000000e+01 3.632581792771816254e+02 6.942347792985662513e-01
8.918918918918918859e-01 1.800000000000000000e+01 3.628624223172664642e+02 6.919497461125576621e-01
8.918918918918918859e-01 1.900000000000000000e+01 3.632581792771816254e+02 6.942347792985662513e-01
8.918918918918918859e-01 2.000000000000000000e+01 3.632812790572643280e+02 6.931295522541638388e-01
8.918918918918918859e-01 2.100000000000000000e+01 3.629264093935489655e+02 6.848415750275083091e-01
8.918918918918918859e-01 2.200000000000000000e+01 3.632500730454921722e+02 6.933681508420707074e-01
8.918918918918918859e-01 2.300000000000000000e+01 3.632581792771816254e+02 6.942347792985662513e-01
8.918918918918918859e-01 2.400000000000000000e+01 3.632293708622455597e+02 7.040005308795425076e-01
8.918918918918918859e-01 2.500000000000000000e+01 3.630707077682018280e+02 6.989910694567279537e-01
8.918918918918918859e-01 2.600000000000000000e+01 3.632766686379909515e+02 6.931139659748142279e-01
8.918918918918918859e-01 2.700000000000000000e+01 3.632500730454921722e+02 6.933681508420707074e-01
8.918918918918918859e-01 2.800000000000000000e+01 3.632500730454921722e+02 6.933681508420707074e-01
8.918918918918918859e-01 2.900000000000000000e+01 3.633727006614208221e+02 6.986099794803519725e-01
8.918918918918918859e-01 3.000000000000000000e+01 3.632293708622455597e+02 7.040005308795425076e-01
8.918918918918918859e-01 3.100000000000000000e+01 3.632766686379909515e+02 6.931139659748142279e-01
8.918918918918918859e-01 3.200000000000000000e+01 3.632812790572643280e+02 6.931295522541638388e-01
8.918918918918918859e-01 3.300000000000000000e+01 3.632500730454921722e+02 6.933681508420707074e-01
8.918918918918918859e-01 3.400000000000000000e+01 3.628624223172664642e+02 6.919497461125576621e-01
8.918918918918918859e-01 3.500000000000000000e+01 3.631991587579250336e+02 6.911478224807503512e-01
8.918918918918918859e-01 3.600000000000000000e+01 3.632293708622455597e+02 7.040005308795425076e-01
8.918918918918918859e-01 3.700000000000000000e+01 3.632500730454921722e+02 6.933681508420707074e-01
8.918918918918918859e-01 3.800000000000000000e+01 3.633217982947826385e+02 6.953504078656451703e-01
8.918918918918918859e-01 3.900000000000000000e+01 3.633078865706920624e+02 7.067541378378725536e-01
8.918918918918918859e-01 4.000000000000000000e+01 3.633727006614208221e+02 6.986099794803519725e-01
8.918918918918918859e-01 4.100000000000000000e+01 3.632766686379909515e+02 6.931139659748142279e-01
8.918918918918918859e-01 4.200000000000000000e+01 3.632581792771816254e+02 6.942347792985662513e-01
8.918918918918918859e-01 4.300000000000000000e+01 3.632500730454921722e+02 6.933681508420707074e-01
8.918918918918918859e-01 4.400000000000000000e+01 3.632293708622455597e+02 7.040005308795425076e-01
8.918918918918918859e-01 4.500000000000000000e+01 3.632581792771816254e+02 6.942347792985662513e-01
8.918918918918918859e-01 4.600000000000000000e+01 3.633078865706920624e+02 7.067541378378725536e-01
8.918918918918918859e-01 4.700000000000000000e+01 3.628624223172664642e+02 6.919497461125576621e-01
8.918918918918918859e-01 4.800000000000000000e+01 3.632581792771816254e+02 6.942347792985662513e-01
8.918918918918918859e-01 4.900000000000000000e+01 3.633217982947826385e+02 6.953504078656451703e-01
9.054054054054054834e-01 0.000000000000000000e+00 3.632208012044429779e+02 7.019130736516866476e-01
9.054054054054054834e-01 1.000000000000000000e+00 3.637135423719882965e+02 7.242934505808947820e-01
9.054054054054054834e-01 2.000000000000000000e+00 3.636708624660968781e+02 7.121922198131360737e-01
9.054054054054054834e-01 3.000000000000000000e+00 3.637828759849071503e+02 7.173370356131575365e-01
9.054054054054054834e-01 4.000000000000000000e+00 3.637415461242198944e+02 7.142933079702474819e-01
9.054054054054054834e-01 5.000000000000000000e+00 3.637828759849071503e+02 7.173370356131575365e-01
9.054054054054054834e-01 6.000000000000000000e+00 3.636279873549938202e+02 7.101697485808454724e-01
9.054054054054054834e-01 7.000000000000000000e+00 3.637127451598644257e+02 7.125526935660178030e-01
9.054054054054054834e-01 8.000000000000000000e+00 3.637127451598644257e+02 7.125526935660178030e-01
9.054054054054054834e-01 9.000000000000000000e+00 3.632208012044429779e+02 7.019130736516866476e-01
9.054054054054054834e-01 1.000000000000000000e+01 3.633348785340785980e+02 7.026707465046539980e-01
9.054054054054054834e-01 1.100000000000000000e+01 3.637084282934665680e+02 7.122593432889620102e-01
9.054054054054054834e-01 1.200000000000000000e+01 3.637084282934665680e+02 7.122593432889620102e-01
9.054054054054054834e-01 1.300000000000000000e+01 3.635660447180271149e+02 7.200022384410608156e-01
9.054054054054054834e-01 1.400000000000000000e+01 3.637415461242198944e+02 7.142933079702474819e-01
9.054054054054054834e-01 1.500000000000000000e+01 3.635660447180271149e+02 7.200022384410608156e-01
9.054054054054054834e-01 1.600000000000000000e+01 3.636895917356014252e+02 7.135270823138996077e-01
9.054054054054054834e-01 1.700000000000000000e+01 3.636895917356014252e+02 7.135270823138996077e-01
9.054054054054054834e-01 1.800000000000000000e+01 3.631721489131450653e+02 7.063128318382406734e-01
9.054054054054054834e-01 1.900000000000000000e+01 3.636895917356014252e+02 7.135270823138996077e-01
9.054054054054054834e-01 2.000000000000000000e+01 3.637084282934665680e+02 7.122593432889620102e-01
9.054054054054054834e-01 2.100000000000000000e+01 3.633348785340785980e+02 7.026707465046539980e-01
9.054054054054054834e-01 2.200000000000000000e+01 3.636708624660968781e+02 7.121922198131360737e-01
9.054054054054054834e-01 2.300000000000000000e+01 3.636895917356014252e+02 7.135270823138996077e-01
9.054054054054054834e-01 2.400000000000000000e+01 3.635660447180271149e+02 7.200022384410608156e-01
9.054054054054054834e-01 2.500000000000000000e+01 3.633875317871570587e+02 7.138606676047758448e-01
9.054054054054054834e-01 2.600000000000000000e+01 3.637127451598644257e+02 7.125526935660178030e-01
9.054054054054054834e-01 2.700000000000000000e+01 3.636708624660968781e+02 7.121922198131360737e-01
9.054054054054054834e-01 2.800000000000000000e+01 3.636708624660968781e+02 7.121922198131360737e-01
9.054054054054054834e-01 2.900000000000000000e+01 3.637828759849071503e+02 7.173370356131575365e-01
9.054054054054054834e-01 3.000000000000000000e+01 3.635660447180271149e+02 7.200022384410608156e-01
9.054054054054054834e-01 3.100000000000000000e+01 3.637127451598644257e+02 7.125526935660178030e-01
9.054054054054054834e-01 3.200000000000000000e+01 3.637084282934665680e+02 7.122593432889620102e-01
9.054054054054054834e-01 3.300000000000000000e+01 3.636708624660968781e+02 7.121922198131360737e-01
9.054054054054054834e-01 3.400000000000000000e+01 3.631721489131450653e+02 7.063128318382406734e-01
9.054054054054054834e-01 3.500000000000000000e+01 3.636279873549938202e+02 7.101697485808454724e-01
9.054054054054054834e-01 3.600000000000000000e+01 3.635660447180271149e+02 7.200022384410608156e-01
9.054054054054054834e-01 3.700000000000000000e+01 3.636708624660968781e+02 7.121922198131360737e-01
9.054054054054054834e-01 3.800000000000000000e+01 3.637415461242198944e+02 7.142933079702474819e-01
9.054054054054054834e-01 3.900000000000000000e+01 3.636455126106739044e+02 7.228470529858782578e-01
9.054054054054054834e-01 4.000000000000000000e+01 3.637828759849071503e+02 7.173370356131575365e-01
9.054054054054054834e-01 4.100000000000000000e+01 3.637127451598644257e+02 7.125526935660178030e-01
9.054054054054054834e-01 4.200000000000000000e+01 3.636895917356014252e+02 7.135270823138996077e-01
9.054054054054054834e-01 4.300000000000000000e+01 3.636708624660968781e+02 7.121922198131360737e-01
9.054054054054054834e-01 4.400000000000000000e+01 3.635660447180271149e+02 7.200022384410608156e-01
9.054054054054054834e-01 4.500000000000000000e+01 3.636895917356014252e+02 7.135270823138996077e-01
9.054054054054054834e-01 4.600000000000000000e+01 3.636455126106739044e+02 7.228470529858782578e-01
9.054054054054054834e-01 4.700000000000000000e+01 3.631721489131450653e+02 7.063128318382406734e-01
9.054054054054054834e-01 4.800000000000000000e+01 3.636895917356014252e+02 7.135270823138996077e-01
9.054054054054054834e-01 4.900000000000000000e+01 3.637415461242198944e+02 7.142933079702474819e-01
9.189189189189189699e-01 0.000000000000000000e+00 3.636377938091754913e+02 7.201277868692658179e-01
9.189189189189189699e-01 1.000000000000000000e+00 3.640771113336086273e+02 7.414714293136773771e-01
9.189189189189189699e-01 2.000000000000000000e+00 3.641312740743160248e+02 7.327088628194970976e-01
9.189189189189189699e-01 3.000000000000000000e+00 3.642295442521572113e+02 7.376445211366740029e-01
9.189189189189189699e-01 4.000000000000000000e+00 3.642003886401653290e+02 7.349140880450549806e-01
9.189189189189189699e-01 5.000000000000000000e+00 3.642295442521572113e+02 7.376445211366740029e-01
9.189189189189189699e-01 6.000000000000000000e+00 3.640977166593074799e+02 7.309410887836648163e-01
9.189189189189189699e-01 7.000000000000000000e+00 3.641899280250072479e+02 7.337708650575607283e-01
9.189189189189189699e-01 8.000000000000000000e+00 3.641899280250072479e+02 7.337708650575607283e-01
9.189189189189189699e-01 9.000000000000000000e+00 3.636377938091754913e+02 7.201277868692658179e-01
9.189189189189189699e-01 1.000000000000000000e+01 3.637830398976802826e+02 7.221585342887315573e-01
9.189189189189189699e-01 1.100000000000000000e+01 3.641759179532527924e+02 7.331206858133700877e-01
9.189189189189189699e-01 1.200000000000000000e+01 3.641759179532527924e+02 7.331206858133700877e-01
9.189189189189189699e-01 1.300000000000000000e+01 3.639275170862674713e+02 7.370695654611391090e-01
9.189189189189189699e-01 1.400000000000000000e+01 3.642003886401653290e+02 7.349140880450549806e-01
9.189189189189189699e-01 1.500000000000000000e+01 3.639275170862674713e+02 7.370695654611391090e-01
9.189189189189189699e-01 1.600000000000000000e+01 3.641621761023998260e+02 7.346111722671677668e-01
9.189189189189189699e-01 1.700000000000000000e+01 3.641621761023998260e+02 7.346111722671677668e-01
9.189189189189189699e-01 1.800000000000000000e+01 3.635031707584857941e+02 7.215641716613081513e-01
9.189189189189189699e-01 1.900000000000000000e+01 3.641621761023998260e+02 7.346111722671677668e-01
9.189189189189189699e-01 2.000000000000000000e+01 3.641759179532527924e+02 7.331206858133700877e-01
9.189189189189189699e-01 2.100000000000000000e+01 3.637830398976802826e+02 7.221585342887315573e-01
9.189189189189189699e-01 2.200000000000000000e+01 3.641312740743160248e+02 7.327088628194970976e-01
9.189189189189189699e-01 2.300000000000000000e+01 3.641621761023998260e+02 7.346111722671677668e-01
9.189189189189189699e-01 2.400000000000000000e+01 3.639275170862674713e+02 7.370695654611391090e-01
9.189189189189189699e-01 2.500000000000000000e+01 3.637276314198970795e+02 7.296901116936646003e-01
9.189189189189189699e-01 2.600000000000000000e+01 3.641899280250072479e+02 7.337708650575607283e-01
9.189189189189189699e-01 2.700000000000000000e+01 3.641312740743160248e+02 7.327088628194970976e-01
9.189189189189189699e-01 2.800000000000000000e+01 3.641312740743160248e+02 7.327088628194970976e-01
9.189189189189189699e-01 2.900000000000000000e+01 3.642295442521572113e+02 7.376445211366740029e-01
9.189189189189189699e-01 3.000000000000000000e+01 3.639275170862674713e+02 7.370695654611391090e-01
9.189189189189189699e-01 3.100000000000000000e+01 3.641899280250072479e+02 7.337708650575607283e-01
9.189189189189189699e-01 3.200000000000000000e+01 3.641759179532527924e+02 7.331206858133700877e-01
9.189189189189189699e-01 3.300000000000000000e+01 3.641312740743160248e+02 7.327088628194970976e-01
9.189189189189189699e-01 3.400000000000000000e+01 3.635031707584857941e+02 7.215641716613081513e-01
9.189189189189189699e-01 3.500000000000000000e+01 3.640977166593074799e+02 7.309410887836648163e-01
9.189189189189189699e-01 3.600000000000000000e+01 3.639275170862674713e+02 7.370695654611391090e-01
9.189189189189189699e-01 3.700000000000000000e+01 3.641312740743160248e+02 7.327088628194970976e-01
9.189189189189189699e-01 3.800000000000000000e+01 3.642003886401653290e+02 7.349140880450549806e-01
9.189189189189189699e-01 3.900000000000000000e+01 3.640083439648151398e+02 7.400119791411822190e-01
9.189189189189189699e-01 4.000000000000000000e+01 3.642295442521572113e+02 7.376445211366740029e-01
9.189189189189189699e-01 4.100000000000000000e+01 3.641899280250072479e+02 7.337708650575607283e-01
9.189189189189189699e-01 4.200000000000000000e+01 3.641621761023998260e+02 7.346111722671677668e-01
9.189189189189189699e-01 4.300000000000000000e+01 3.641312740743160248e+02 7.327088628194970976e-01
9.189189189189189699e-01 4.400000000000000000e+01 3.639275170862674713e+02 7.370695654611391090e-01
9.189189189189189699e-01 4.500000000000000000e+01 3.641621761023998260e+02 7.346111722671677668e-01
9.189189189189189699e-01 4.600000000000000000e+01 3.640083439648151398e+02 7.400119791411822190e-01
9.189189189189189699e-01 4.700000000000000000e+01 3.635031707584857941e+02 7.215641716613081513e-01
9.189189189189189699e-01 4.800000000000000000e+01 3.641621761023998260e+02 7.346111722671677668e-01
9.189189189189189699e-01 4.900000000000000000e+01 3.642003886401653290e+02 7.349140880450549806e-01
9.324324324324324564e-01 0.000000000000000000e+00 3.646147258579730988e+02 7.555834692459718616e-01
9.324324324324324564e-01 1.000000000000000000e+00 3.649079926311969757e+02 7.732186624749048942e-01
9.324324324324324564e-01 2.000000000000000000e+00 3.650169111788272858e+02 7.666601315089353053e-01
9.324324324324324564e-01 3.000000000000000000e+00 3.650854073464870453e+02 7.709853616631069384e-01
9.324324324324324564e-01 4.000000000000000000e+00 3.650652773678302765e+02 7.684099514841773448e-01
9.324324324324324564e-01 5.000000000000000000e+00 3.650854073464870453e+02 7.709853616631069384e-01
9.324324324324324564e-01 6.000000000000000000e+00 3.649978078901767731e+02 7.653256326035449142e-01
9.324324324324324564e-01 7.000000000000000000e+00 3.650744892656803131e+02 7.679804888778765104e-01
9.324324324324324564e-01 8.000000000000000000e+00 3.650744892656803131e+02 7.679804888778765104e-01
9.324324324324324564e-01 9.000000000000000000e+00 3.646147258579730988e+02 7.555834692459718616e-01
9.324324324324324564e-01 1.000000000000000000e+01 3.647461943328380585e+02 7.576765007034723665e-01
9.324324324324324564e-01 1.100000000000000000e+01 3.650512106716632843e+02 7.669155145224642034e-01
9.324324324324324564e-01 1.200000000000000000e+01 3.650512106716632843e+02 7.669155145224642034e-01
9.324324324324324564e-01 1.300000000000000000e+01 3.647839225828647614e+02 7.697818146455416288e-01
9.324324324324324564e-01 1.400000000000000000e+01 3.650652773678302765e+02 7.684099514841773448e-01
9.324324324324324564e-01 1.500000000000000000e+01 3.647839225828647614e+02 7.697818146455416288e-01
9.324324324324324564e-01 1.600000000000000000e+01 3.650570489466190338e+02 7.692247279907082902e-01
9.324324324324324564e-01 1.700000000000000000e+01 3.650570489466190338e+02 7.692247279907082902e-01
9.324324324324324564e-01 1.800000000000000000e+01 3.644323550164699554e+02 7.551480457748870334e-01
9.324324324324324564e-01 1.900000000000000000e+01 3.650570489466190338e+02 7.692247279907082902e-01
9.324324324324324564e-01 2.000000000000000000e+01 3.650512106716632843e+02 7.669155145224642034e-01
9.324324324324324564e-01 2.100000000000000000e+01 3.647461943328380585e+02 7.576765007034723665e-01
9.324324324324324564e-01 2.200000000000000000e+01 3.650169111788272858e+02 7.666601315089353053e-01
9.324324324324324564e-01 2.300000000000000000e+01 3.650570489466190338e+02 7.692247279907082902e-01
9.324324324324324564e-01 2.400000000000000000e+01 3.647839225828647614e+02 7.697818146455416288e-01
9.324324324324324564e-01 2.500000000000000000e+01 3.646109260618686676e+02 7.621662304931391407e-01
9.324324324324324564e-01 2.600000000000000000e+01 3.650744892656803131e+02 7.679804888778765104e-01
9.324324324324324564e-01 2.700000000000000000e+01 3.650169111788272858e+02 7.666601315089353053e-01
9.324324324324324564e-01 2.800000000000000000e+01 3.650169111788272858e+02 7.666601315089353053e-01
9.324324324324324564e-01 2.900000000000000000e+01 3.650854073464870453e+02 7.709853616631069384e-01
9.324324324324324564e-01 3.000000000000000000e+01 3.647839225828647614e+02 7.697818146455416288e-01
9.324324324324324564e-01 3.100000000000000000e+01 3.650744892656803131e+02 7.679804888778765104e-01
9.324324324324324564e-01 3.200000000000000000e+01 3.650512106716632843e+02 7.669155145224642034e-01
9.324324324324324564e-01 3.300000000000000000e+01 3.650169111788272858e+02 7.666601315089353053e-01
9.324324324324324564e-01 3.400000000000000000e+01 3.644323550164699554e+02 7.551480457748870334e-01
9.324324324324324564e-01 3.500000000000000000e+01 3.649978078901767731e+02 7.653256326035449142e-01
9.324324324324324564e-01 3.600000000000000000e+01 3.647839225828647614e+02 7.697818146455416288e-01
9.324324324324324564e-01 3.700000000000000000e+01 3.650169111788272858e+02 7.666601315089353053e-01
9.324324324324324564e-01 3.800000000000000000e+01 3.650652773678302765e+02 7.684099514841773448e-01
9.324324324324324564e-01 3.900000000000000000e+01 3.648503758013248444e+02 7.722452158275072698e-01
9.324324324324324564e-01 4.000000000000000000e+01 3.650854073464870453e+02 7.709853616631069384e-01
9.324324324324324564e-01 4.100000000000000000e+01 3.650744892656803131e+02 7.679804888778765104e-01
9.324324324324324564e-01 4.200000000000000000e+01 3.650570489466190338e+02 7.692247279907082902e-01
9.324324324324324564e-01 4.300000000000000000e+01 3.650169111788272858e+02 7.666601315089353053e-01
9.324324324324324564e-01 4.400000000000000000e+01 3.647839225828647614e+02 7.697818146455416288e-01
9.324324324324324564e-01 4.500000000000000000e+01 3.650570489466190338e+02 7.692247279907082902e-01
9.324324324324324564e-01 4.600000000000000000e+01 3.648503758013248444e+02 7.722452158275072698e-01
9.324324324324324564e-01 4.700000000000000000e+01 3.644323550164699554e+02 7.551480457748870334e-01
9.324324324324324564e-01 4.800000000000000000e+01 3.650570489466190338e+02 7.692247279907082902e-01
9.324324324324324564e-01 4.900000000000000000e+01 3.650652773678302765e+02 7.684099514841773448e-01
9.459459459459460540e-01 0.000000000000000000e+00 3.656552486121654510e+02 7.947138848500023833e-01
9.459459459459460540e-01 1.000000000000000000e+00 3.657987348735332489e+02 8.080743580204142740e-01
9.459459459459460540e-01 2.000000000000000000e+00 3.659598551690578461e+02 8.039063593664574903e-01
9.459459459459460540e-01 3.000000000000000000e+00 3.659958146512508392e+02 8.074659116272426829e-01
9.459459459459460540e-01 4.000000000000000000e+00 3.659878619015216827e+02 8.051616107106818188e-01
9.459459459459460540e-01 5.000000000000000000e+00 3.659958146512508392e+02 8.074659116272426829e-01
9.459459459459460540e-01 6.000000000000000000e+00 3.659540273249149323e+02 8.030246835154840612e-01
9.459459459459460540e-01 7.000000000000000000e+00 3.660126082599163055e+02 8.054080430674814828e-01
9.459459459459460540e-01 8.000000000000000000e+00 3.660126082599163055e+02 8.054080430674814828e-01
9.459459459459460540e-01 9.000000000000000000e+00 3.656552486121654510e+02 7.947138848500023833e-01
9.459459459459460540e-01 1.000000000000000000e+01 3.657686956226825714e+02 7.967567227170733180e-01
9.459459459459460540e-01 1.100000000000000000e+01 3.659840039908885956e+02 8.039972638425878504e-01
9.459459459459460540e-01 1.200000000000000000e+01 3.659840039908885956e+02 8.039972638425878504e-01
9.459459459459460540e-01 1.300000000000000000e+01 3.656969361007213593e+02 8.056534981957682584e-01
9.459459459459460540e-01 1.400000000000000000e+01 3.659878619015216827e+02 8.051616107106818188e-01
9.459459459459460540e-01 1.500000000000000000e+01 3.656969361007213593e+02 8.056534981957682584e-01
9.459459459459460540e-01 1.600000000000000000e+01 3.660014174878597260e+02 8.069861812832956893e-01
9.459459459459460540e-01 1.700000000000000000e+01 3.660014174878597260e+02 8.069861812832956893e-01
9.459459459459460540e-01 1.800000000000000000e+01 3.654333822429180145e+02 7.924332300343684965e-01
9.459459459459460540e-01 1.900000000000000000e+01 3.660014174878597260e+02 8.069861812832956893e-01
9.459459459459460540e-01 2.000000000000000000e+01 3.659840039908885956e+02 8.039972638425878504e-01
9.459459459459460540e-01 2.100000000000000000e+01 3.657686956226825714e+02 7.967567227170733180e-01
9.459459459459460540e-01 2.200000000000000000e+01 3.659598551690578461e+02 8.039063593664574903e-01
9.459459459459460540e-01 2.300000000000000000e+01 3.660014174878597260e+02 8.069861812832956893e-01
9.459459459459460540e-01 2.400000000000000000e+01 3.656969361007213593e+02 8.056534981957682584e-01
9.459459459459460540e-01 2.500000000000000000e+01 3.655641727149486542e+02 7.981349481626455189e-01
9.459459459459460540e-01 2.600000000000000000e+01 3.660126082599163055e+02 8.054080430674814828e-01
9.459459459459460540e-01 2.700000000000000000e+01 3.659598551690578461e+02 8.039063593664574903e-01
9.459459459459460540e-01 2.800000000000000000e+01 3.659598551690578461e+02 8.039063593664574903e-01
9.459459459459460540e-01 2.900000000000000000e+01 3.659958146512508392e+02 8.074659116272426829e-01
9.459459459459460540e-01 3.000000000000000000e+01 3.656969361007213593e+02 8.056534981957682584e-01
9.459459459459460540e-01 3.100000000000000000e+01 3.660126082599163055e+02 8.054080430674814828e-01
9.459459459459460540e-01 3.200000000000000000e+01 3.659840039908885956e+02 8.039972638425878504e-01
9.459459459459460540e-01 3.300000000000000000e+01 3.659598551690578461e+02 8.039063593664574903e-01
9.459459459459460540e-01 3.400000000000000000e+01 3.654333822429180145e+02 7.924332300343684965e-01
9.459459459459460540e-01 3.500000000000000000e+01 3.659540273249149323e+02 8.030246835154840612e-01
9.459459459459460540e-01 3.600000000000000000e+01 3.656969361007213593e+02 8.056534981957682584e-01
9.459459459459460540e-01 3.700000000000000000e+01 3.659598551690578461e+02 8.039063593664574903e-01
9.459459459459460540e-01 3.800000000000000000e+01 3.659878619015216827e+02 8.051616107106818188e-01
9.459459459459460540e-01 3.900000000000000000e+01 3.657496623694896698e+02 8.075754418077178975e-01
9.459459459459460540e-01 4.000000000000000000e+01 3.659958146512508392e+02 8.074659116272426829e-01
9.459459459459460540e-01 4.100000000000000000e+01 3.660126082599163055e+02 8.054080430674814828e-01
9.459459459459460540e-01 4.200000000000000000e+01 3.660014174878597260e+02 8.069861812832956893e-01
9.459459459459460540e-01 4.300000000000000000e+01 3.659598551690578461e+02 8.039063593664574903e-01
9.459459459459460540e-01 4.400000000000000000e+01 3.656969361007213593e+02 8.056534981957682584e-01
9.459459459459460540e-01 4.500000000000000000e+01 3.660014174878597260e+02 8.069861812832956893e-01
9.459459459459460540e-01 4.600000000000000000e+01 3.657496623694896698e+02 8.075754418077178975e-01
9.459459459459460540e-01 4.700000000000000000e+01 3.654333822429180145e+02 7.924332300343684965e-01
9.459459459459460540e-01 4.800000000000000000e+01 3.660014174878597260e+02 8.069861812832956893e-01
9.459459459459460540e-01 4.900000000000000000e+01 3.659878619015216827e+02 8.051616107106818188e-01
9.594594594594595405e-01 0.000000000000000000e+00 3.667060457170009613e+02 8.361144776245658106e-01
9.594594594594595405e-01 1.000000000000000000e+00 3.667106382548809052e+02 8.450197679266463480e-01
9.594594594594595405e-01 2.000000000000000000e+00 3.669247396290302277e+02 8.435672848974914428e-01
9.594594594594595405e-01 3.000000000000000000e+00 3.669270880520343781e+02 8.462325833686222820e-01
9.594594594594595405e-01 4.000000000000000000e+00 3.669357128441333771e+02 8.443784157095075571e-01
9.594594594594595405e-01 5.000000000000000000e+00 3.669270880520343781e+02 8.462325833686222820e-01
9.594594594594595405e-01 6.000000000000000000e+00 3.669299297034740448e+02 8.431246465955040126e-01
9.594594594594595405e-01 7.000000000000000000e+00 3.669702492654323578e+02 8.452021614449570786e-01
9.594594594594595405e-01 8.000000000000000000e+00 3.669702492654323578e+02 8.452021614449570786e-01
9.594594594594595405e-01 9.000000000000000000e+00 3.667060457170009613e+02 8.361144776245658106e-01
9.594594594594595405e-01 1.000000000000000000e+01 3.668026678264141083e+02 8.381496076508072601e-01
9.594594594594595405e-01 1.100000000000000000e+01 3.669418208301067352e+02 8.435787558306840905e-01
9.594594594594595405e-01 1.200000000000000000e+01 3.669418208301067352e+02 8.435787558306840905e-01
9.594594594594595405e-01 1.300000000000000000e+01 3.666228421032428741e+02 8.434858048863603797e-01
9.594594594594595405e-01 1.400000000000000000e+01 3.669357128441333771e+02 8.443784157095075571e-01
9.594594594594595405e-01 1.500000000000000000e+01 3.666228421032428741e+02 8.434858048863603797e-01
9.594594594594595405e-01 1.600000000000000000e+01 3.669575713574886322e+02 8.469041813414798225e-01
9.594594594594595405e-01 1.700000000000000000e+01 3.669575713574886322e+02 8.469041813414798225e-01
9.594594594594595405e-01 1.800000000000000000e+01 3.664530821144580841e+02 8.320110962578238789e-01
9.594594594594595405e-01 1.900000000000000000e+01 3.669575713574886322e+02 8.469041813414798225e-01
9.594594594594595405e-01 2.000000000000000000e+01 3.669418208301067352e+02 8.435787558306840905e-01
9.594594594594595405e-01 2.100000000000000000e+01 3.668026678264141083e+02 8.381496076508072601e-01
9.594594594594595405e-01 2.200000000000000000e+01 3.669247396290302277e+02 8.435672848974914428e-01
9.594594594594595405e-01 2.300000000000000000e+01 3.669575713574886322e+02 8.469041813414798225e-01
9.594594594594595405e-01 2.400000000000000000e+01 3.666228421032428741e+02 8.434858048863603797e-01
9.594594594594595405e-01 2.500000000000000000e+01 3.665417231619358063e+02 8.364106872696907002e-01
9.594594594594595405e-01 2.600000000000000000e+01 3.669702492654323578e+02 8.452021614449570786e-01
9.594594594594595405e-01 2.700000000000000000e+01 3.669247396290302277e+02 8.435672848974914428e-01
9.594594594594595405e-01 2.800000000000000000e+01 3.669247396290302277e+02 8.435672848974914428e-01
9.594594594594595405e-01 2.900000000000000000e+01 3.669270880520343781e+02 8.462325833686222820e-01
9.594594594594595405e-01 3.000000000000000000e+01 3.666228421032428741e+02 8.434858048863603797e-01
9.594594594594595405e-01 3.100000000000000000e+01 3.669702492654323578e+02 8.452021614449570786e-01
9.594594594594595405e-01 3.200000000000000000e+01 3.669418208301067352e+02 8.435787558306840905e-01
9.594594594594595405e-01 3.300000000000000000e+01 3.669247396290302277e+02 8.435672848974914428e-01
9.594594594594595405e-01 3.400000000000000000e+01 3.664530821144580841e+02 8.320110962578238789e-01
9.594594594594595405e-01 3.500000000000000000e+01 3.669299297034740448e+02 8.431246465955040126e-01
9.594594594594595405e-01 3.600000000000000000e+01 3.666228421032428741e+02 8.434858048863603797e-01
9.594594594594595405e-01 3.700000000000000000e+01 3.669247396290302277e+02 8.435672848974914428e-01
9.594594594594595405e-01 3.800000000000000000e+01 3.669357128441333771e+02 8.443784157095075571e-01
9.594594594594595405e-01 3.900000000000000000e+01 3.666651017963886261e+02 8.448911179936443583e-01
9.594594594594595405e-01 4.000000000000000000e+01 3.669270880520343781e+02 8.462325833686222820e-01
9.594594594594595405e-01 4.100000000000000000e+01 3.669702492654323578e+02 8.452021614449570786e-01
9.594594594594595405e-01 4.200000000000000000e+01 3.669575713574886322e+02 8.469041813414798225e-01
9.594594594594595405e-01 4.300000000000000000e+01 3.669247396290302277e+02 8.435672848974914428e-01
9.594594594594595405e-01 4.400000000000000000e+01 3.666228421032428741e+02 8.434858048863603797e-01
9.594594594594595405e-01 4.500000000000000000e+01 3.669575713574886322e+02 8.469041813414798225e-01
9.594594594594595405e-01 4.600000000000000000e+01 3.666651017963886261e+02 8.448911179936443583e-01
9.594594594594595405e-01 4.700000000000000000e+01 3.664530821144580841e+02 8.320110962578238789e-01
9.594594594594595405e-01 4.800000000000000000e+01 3.669575713574886322e+02 8.469041813414798225e-01
9.594594594594595405e-01 4.900000000000000000e+01 3.669357128441333771e+02 8.443784157095075571e-01
9.729729729729730270e-01 0.000000000000000000e+00 3.677593894302845001e+02 8.796604640337766234e-01
9.729729729729730270e-01 1.000000000000000000e+00 3.676434852182865143e+02 8.841794200501195133e-01
9.729729729729730270e-01 2.000000000000000000e+00 3.679099060595035553e+02 8.857477095467320982e-01
9.729729729729730270e-01 3.000000000000000000e+00 3.678782202303409576e+02 8.873989914575196591e-01
9.729729729729730270e-01 4.000000000000000000e+00 3.679085798561573029e+02 8.862207977369233047e-01
9.729729729729730270e-01 5.000000000000000000e+00 3.678782202303409576e+02 8.873989914575196591e-01
9.729729729729730270e-01 6.000000000000000000e+00 3.679231770336627960e+02 8.857034213911679776e-01
9.729729729729730270e-01 7.000000000000000000e+00 3.679455675184726715e+02 8.874532858472286012e-01
9.729729729729730270e-01 8.000000000000000000e+00 3.679455675184726715e+02 8.874532858472286012e-01
9.729729729729730270e-01 9.000000000000000000e+00 3.677593894302845001e+02 8.796604640337766234e-01
9.729729729729730270e-01 1.000000000000000000e+01 3.678417704999446869e+02 8.817797285407866781e-01
9.729729729729730270e-01 1.100000000000000000e+01 3.679244883358478546e+02 8.858263384398036289e-01
9.729729729729730270e-01 1.200000000000000000e+01 3.679244883358478546e+02 8.858263384398036289e-01
9.729729729729730270e-01 1.300000000000000000e+01 3.675588883459568024e+02 8.832973943962562080e-01
9.729729729729730270e-01 1.400000000000000000e+01 3.679085798561573029e+02 8.862207977369233047e-01
9.729729729729730270e-01 1.500000000000000000e+01 3.675588883459568024e+02 8.832973943962562080e-01
9.729729729729730270e-01 1.600000000000000000e+01 3.679214306175708771e+02 8.889616522059000658e-01
9.729729729729730270e-01 1.700000000000000000e+01 3.679214306175708771e+02 8.889616522059000658e-01
9.729729729729730270e-01 1.800000000000000000e+01 3.674879930913448334e+02 8.739169188504654073e-01
9.729729729729730270e-01 1.900000000000000000e+01 3.679214306175708771e+02 8.889616522059000658e-01
9.729729729729730270e-01 2.000000000000000000e+01 3.679244883358478546e+02 8.858263384398036289e-01
9.729729729729730270e-01 2.100000000000000000e+01 3.678417704999446869e+02 8.817797285407866781e-01
9.729729729729730270e-01 2.200000000000000000e+01 3.679099060595035553e+02 8.857477095467320982e-01
9.729729729729730270e-01 2.300000000000000000e+01 3.679214306175708771e+02 8.889616522059000658e-01
9.729729729729730270e-01 2.400000000000000000e+01 3.675588883459568024e+02 8.832973943962562080e-01
9.729729729729730270e-01 2.500000000000000000e+01 3.675429083406925201e+02 8.771277710685041473e-01
9.729729729729730270e-01 2.600000000000000000e+01 3.679455675184726715e+02 8.874532858472286012e-01
9.729729729729730270e-01 2.700000000000000000e+01 3.679099060595035553e+02 8.857477095467320982e-01
9.729729729729730270e-01 2.800000000000000000e+01 3.679099060595035553e+02 8.857477095467320982e-01
9.729729729729730270e-01 2.900000000000000000e+01 3.678782202303409576e+02 8.873989914575196591e-01
9.729729729729730270e-01 3.000000000000000000e+01 3.675588883459568024e+02 8.832973943962562080e-01
9.729729729729730270e-01 3.100000000000000000e+01 3.679455675184726715e+02 8.874532858472286012e-01
9.729729729729730270e-01 3.200000000000000000e+01 3.679244883358478546e+02 8.858263384398036289e-01
9.729729729729730270e-01 3.300000000000000000e+01 3.679099060595035553e+02 8.857477095467320982e-01
9.729729729729730270e-01 3.400000000000000000e+01 3.674879930913448334e+02 8.739169188504654073e-01
9.729729729729730270e-01 3.500000000000000000e+01 3.679231770336627960e+02 8.857034213911679776e-01
9.729729729729730270e-01 3.600000000000000000e+01 3.675588883459568024e+02 8.832973943962562080e-01
9.729729729729730270e-01 3.700000000000000000e+01 3.679099060595035553e+02 8.857477095467320982e-01
9.729729729729730270e-01 3.800000000000000000e+01 3.679085798561573029e+02 8.862207977369233047e-01
9.729729729729730270e-01 3.900000000000000000e+01 3.675951518118381500e+02 8.842576492646473385e-01
9.729729729729730270e-01 4.000000000000000000e+01 3.678782202303409576e+02 8.873989914575196591e-01
9.729729729729730270e-01 4.100000000000000000e+01 3.679455675184726715e+02 8.874532858472286012e-01
9.729729729729730270e-01 4.200000000000000000e+01 3.679214306175708771e+02 8.889616522059000658e-01
9.729729729729730270e-01 4.300000000000000000e+01 3.679099060595035553e+02 8.857477095467320982e-01
9.729729729729730270e-01 4.400000000000000000e+01 3.675588883459568024e+02 8.832973943962562080e-01
9.729729729729730270e-01 4.500000000000000000e+01 3.679214306175708771e+02 8.889616522059000658e-01
9.729729729729730270e-01 4.600000000000000000e+01 3.675951518118381500e+02 8.842576492646473385e-01
9.729729729729730270e-01 4.700000000000000000e+01 3.674879930913448334e+02 8.739169188504654073e-01
9.729729729729730270e-01 4.800000000000000000e+01 3.679214306175708771e+02 8.889616522059000658e-01
9.729729729729730270e-01 4.900000000000000000e+01 3.679085798561573029e+02 8.862207977369233047e-01
9.864864864864865135e-01 0.000000000000000000e+00 3.688074849545955658e+02 9.251821563378345159e-01
9.864864864864865135e-01 1.000000000000000000e+00 3.685969047248363495e+02 9.256799787528614543e-01
9.864864864864865135e-01 2.000000000000000000e+00 3.689133264124393463e+02 9.305402445337244144e-01
9.864864864864865135e-01 3.000000000000000000e+00 3.688479401171207428e+02 9.310732304393911640e-01
9.864864864864865135e-01 4.000000000000000000e+00 3.689059831202030182e+02 9.308517684709011197e-01
9.864864864864865135e-01 5.000000000000000000e+00 3.688479401171207428e+02 9.310732304393911640e-01
9.864864864864865135e-01 6.000000000000000000e+00 3.689310438930988312e+02 9.308209771984328196e-01
9.864864864864865135e-01 7.000000000000000000e+00 3.689363904297351837e+02 9.322388198940588788e-01
9.864864864864865135e-01 8.000000000000000000e+00 3.689363904297351837e+02 9.322388198940588788e-01
9.864864864864865135e-01 9.000000000000000000e+00 3.688074849545955658e+02 9.251821563378345159e-01
9.864864864864865135e-01 1.000000000000000000e+01 3.688794769346714020e+02 9.275314155561592555e-01
9.864864864864865135e-01 1.100000000000000000e+01 3.689316265285015106e+02 9.309104273773339822e-01
9.864864864864865135e-01 1.200000000000000000e+01 3.689316265285015106e+02 9.309104273773339822e-01
9.864864864864865135e-01 1.300000000000000000e+01 3.685020856559276581e+02 9.250884497865269340e-01
9.864864864864865135e-01 1.400000000000000000e+01 3.689059831202030182e+02 9.308517684709011197e-01
9.864864864864865135e-01 1.500000000000000000e+01 3.685020856559276581e+02 9.250884497865269340e-01
9.864864864864865135e-01 1.600000000000000000e+01 3.688886724412441254e+02 9.331139666589771675e-01
9.864864864864865135e-01 1.700000000000000000e+01 3.688886724412441254e+02 9.331139666589771675e-01
9.864864864864865135e-01 1.800000000000000000e+01 3.685342215001583099e+02 9.181594395410406229e-01
9.864864864864865135e-01 1.900000000000000000e+01 3.688886724412441254e+02 9.331139666589771675e-01
9.864864864864865135e-01 2.000000000000000000e+01 3.689316265285015106e+02 9.309104273773339822e-01
9.864864864864865135e-01 2.100000000000000000e+01 3.688794769346714020e+02 9.275314155561592555e-01
9.864864864864865135e-01 2.200000000000000000e+01 3.689133264124393463e+02 9.305402445337244144e-01
9.864864864864865135e-01 2.300000000000000000e+01 3.688886724412441254e+02 9.331139666589771675e-01
9.864864864864865135e-01 2.400000000000000000e+01 3.685020856559276581e+02 9.250884497865269340e-01
9.864864864864865135e-01 2.500000000000000000e+01 3.685667924582958221e+02 9.204185244303491054e-01
9.864864864864865135e-01 2.600000000000000000e+01 3.689363904297351837e+02 9.322388198940588788e-01
9.864864864864865135e-01 2.700000000000000000e+01 3.689133264124393463e+02 9.305402445337244144e-01
9.864864864864865135e-01 2.800000000000000000e+01 3.689133264124393463e+02 9.305402445337244144e-01
9.864864864864865135e-01 2.900000000000000000e+01 3.688479401171207428e+02 9.310732304393911640e-01
9.864864864864865135e-01 3.000000000000000000e+01 3.685020856559276581e+02 9.250884497865269340e-01
9.864864864864865135e-01 3.100000000000000000e+01 3.689363904297351837e+02 9.322388198940588788e-01
9.864864864864865135e-01 3.200000000000000000e+01 3.689316265285015106e+02 9.309104273773339822e-01
9.864864864864865135e-01 3.300000000000000000e+01 3.689133264124393463e+02 9.305402445337244144e-01
9.864864864864865135e-01 3.400000000000000000e+01 3.685342215001583099e+02 9.181594395410406229e-01
9.864864864864865135e-01 3.500000000000000000e+01 3.689310438930988312e+02 9.308209771984328196e-01
9.864864864864865135e-01 3.600000000000000000e+01 3.685020856559276581e+02 9.250884497865269340e-01
9.864864864864865135e-01 3.700000000000000000e+01 3.689133264124393463e+02 9.305402445337244144e-01
9.864864864864865135e-01 3.800000000000000000e+01 3.689059831202030182e+02 9.308517684709011197e-01
9.864864864864865135e-01 3.900000000000000000e+01 3.685380361974239349e+02 9.257304901480163384e-01
9.864864864864865135e-01 4.000000000000000000e+01 3.688479401171207428e+02 9.310732304393911640e-01
9.864864864864865135e-01 4.100000000000000000e+01 3.689363904297351837e+02 9.322388198940588788e-01
9.864864864864865135e-01 4.200000000000000000e+01 3.688886724412441254e+02 9.331139666589771675e-01
9.864864864864865135e-01 4.300000000000000000e+01 3.689133264124393463e+02 9.305402445337244144e-01
9.864864864864865135e-01 4.400000000000000000e+01 3.685020856559276581e+02 9.250884497865269340e-01
9.864864864864865135e-01 4.500000000000000000e+01 3.688886724412441254e+02 9.331139666589771675e-01
9.864864864864865135e-01 4.600000000000000000e+01 3.685380361974239349e+02 9.257304901480163384e-01
9.864864864864865135e-01 4.700000000000000000e+01 3.685342215001583099e+02 9.181594395410406229e-01
9.864864864864865135e-01 4.800000000000000000e+01 3.688886724412441254e+02 9.331139666589771675e-01
9.864864864864865135e-01 4.900000000000000000e+01 3.689059831202030182e+02 9.308517684709011197e-01
1.000000000000000000e+00 0.000000000000000000e+00 3.703467078506946564e+02 9.999999818371919647e-01
1.000000000000000000e+00 1.000000000000000000e+00 3.703467078506946564e+02 9.999999818371919647e-01
1.000000000000000000e+00 2.000000000000000000e+00 3.703467078506946564e+02 9.999999818371919647e-01
1.000000000000000000e+00 3.000000000000000000e+00 3.703467078506946564e+02 9.999999818371919647e-01
1.000000000000000000e+00 4.000000000000000000e+00 3.703467078506946564e+02 9.999999818371919647e-01
1.000000000000000000e+00 5.000000000000000000e+00 3.703467078506946564e+02 9.999999818371919647e-01
1.000000000000000000e+00 6.000000000000000000e+00 3.703467078506946564e+02 9.999999818371919647e-01
1.000000000000000000e+00 7.000000000000000000e+00 3.703467078506946564e+02 9.999999818371919647e-01
1.000000000000000000e+00 8.000000000000000000e+00 3.703467078506946564e+02 9.999999818371919647e-01
1.000000000000000000e+00 9.000000000000000000e+00 3.703467078506946564e+02 9.999999818371919647e-01
1.000000000000000000e+00 1.000000000000000000e+01 3.703467078506946564e+02 9.999999818371919647e-01
1.000000000000000000e+00 1.100000000000000000e+01 3.703467078506946564e+02 9.999999818371919647e-01
1.000000000000000000e+00 1.200000000000000000e+01 3.703467078506946564e+02 9.999999818371919647e-01
1.000000000000000000e+00 1.300000000000000000e+01 3.703467078506946564e+02 9.999999818371919647e-01
1.000000000000000000e+00 1.400000000000000000e+01 3.703467078506946564e+02 9.999999818371919647e-01
1.000000000000000000e+00 1.500000000000000000e+01 3.703467078506946564e+02 9.999999818371919647e-01
1.000000000000000000e+00 1.600000000000000000e+01 3.703467078506946564e+02 9.999999818371919647e-01
1.000000000000000000e+00 1.700000000000000000e+01 3.703467078506946564e+02 9.999999818371919647e-01
1.000000000000000000e+00 1.800000000000000000e+01 3.703467078506946564e+02 9.999999818371919647e-01
1.000000000000000000e+00 1.900000000000000000e+01 3.703467078506946564e+02 9.999999818371919647e-01
1.000000000000000000e+00 2.000000000000000000e+01 3.703467078506946564e+02 9.999999818371919647e-01
1.000000000000000000e+00 2.100000000000000000e+01 3.703467078506946564e+02 9.999999818371919647e-01
1.000000000000000000e+00 2.200000000000000000e+01 3.703467078506946564e+02 9.999999818371919647e-01
1.000000000000000000e+00 2.300000000000000000e+01 3.703467078506946564e+02 9.999999818371919647e-01
1.000000000000000000e+00 2.400000000000000000e+01 3.703467078506946564e+02 9.999999818371919647e-01
1.000000000000000000e+00 2.500000000000000000e+01 3.703467078506946564e+02 9.999999818371919647e-01
1.000000000000000000e+00 2.600000000000000000e+01 3.703467078506946564e+02 9.999999818371919647e-01
1.000000000000000000e+00 2.700000000000000000e+01 3.703467078506946564e+02 9.999999818371919647e-01
1.000000000000000000e+00 2.800000000000000000e+01 3.703467078506946564e+02 9.999999818371919647e-01
1.000000000000000000e+00 2.900000000000000000e+01 3.703467078506946564e+02 9.999999818371919647e-01
1.000000000000000000e+00 3.000000000000000000e+01 3.703467078506946564e+02 9.999999818371919647e-01
1.000000000000000000e+00 3.100000000000000000e+01 3.703467078506946564e+02 9.999999818371919647e-01
1.000000000000000000e+00 3.200000000000000000e+01 3.703467078506946564e+02 9.999999818371919647e-01
1.000000000000000000e+00 3.300000000000000000e+01 3.703467078506946564e+02 9.999999818371919647e-01
1.000000000000000000e+00 3.400000000000000000e+01 3.703467078506946564e+02 9.999999818371919647e-01
1.000000000000000000e+00 3.500000000000000000e+01 3.703467078506946564e+02 9.999999818371919647e-01
1.000000000000000000e+00 3.600000000000000000e+01 3.703467078506946564e+02 9.999999818371919647e-01
1.000000000000000000e+00 3.700000000000000000e+01 3.703467078506946564e+02 9.999999818371919647e-01
1.000000000000000000e+00 3.800000000000000000e+01 3.703467078506946564e+02 9.999999818371919647e-01
1.000000000000000000e+00 3.900000000000000000e+01 3.703467078506946564e+02 9.999999818371919647e-01
1.000000000000000000e+00 4.000000000000000000e+01 3.703467078506946564e+02 9.999999818371919647e-01
1.000000000000000000e+00 4.100000000000000000e+01 3.703467078506946564e+02 9.999999818371919647e-01
1.000000000000000000e+00 4.200000000000000000e+01 3.703467078506946564e+02 9.999999818371919647e-01
1.000000000000000000e+00 4.300000000000000000e+01 3.703467078506946564e+02 9.999999818371919647e-01
1.000000000000000000e+00 4.400000000000000000e+01 3.703467078506946564e+02 9.999999818371919647e-01
1.000000000000000000e+00 4.500000000000000000e+01 3.703467078506946564e+02 9.999999818371919647e-01
1.000000000000000000e+00 4.600000000000000000e+01 3.703467078506946564e+02 9.999999818371919647e-01
1.000000000000000000e+00 4.700000000000000000e+01 3.703467078506946564e+02 9.999999818371919647e-01
1.000000000000000000e+00 4.800000000000000000e+01 3.703467078506946564e+02 9.999999818371919647e-01
1.000000000000000000e+00 4.900000000000000000e+01 3.703467078506946564e+02 9.999999818371919647e-01
