9.608996172992836371e-01 -2.958577780003564250e-02 4.837832223449618496e+00
1.084798085430539016e+00 6.988325155364153440e-01 5.137292411567097261e+00
1.299919617869910393e+00 8.630813190412788272e-01 4.795383579460295032e+00
7.058442790092639418e-01 7.661418566407123265e-01 4.945319054538037662e+00
9.276459131076437714e-01 1.083208546384547555e+00 4.770174418066281063e+00
1.315395356366819479e+00 1.370048760058673265e+00 4.761777553978194355e+00
1.863229435977078241e+00 7.728363715638791875e-01 4.280626197854970449e+00
2.125670263056663511e+00 4.355170239815286948e-01 3.976819954821125158e+00
9.972902605922181474e-01 1.238527926676114832e-01 3.737096207638207268e+00
7.216251268528105500e-01 2.454602062185423927e-01 3.268272206630335575e+00
5.763084922301321411e-01 4.993109279905461606e-01 2.511440237097746220e+00
6.441881746528935748e-01 1.944678451629564542e-01 2.385027985241256143e+00
1.326616441804719715e+00 5.478562200874725896e-03 2.496464811935021899e+00
1.219849780400980022e+00 4.067193678268543056e-01 2.493046536652878675e+00
1.508479839926786026e+00 3.280565901568002762e-01 2.178042830227918003e+00
2.029770563605566291e+00 2.276697127645429808e-01 2.467773881432599126e+00
2.162016983771383849e+00 -2.903633886865734232e-02 2.453492863347073172e+00
2.593205908175978625e+00 1.471752982792280395e-01 2.132880655337999087e+00
1.716361380187902741e+00 -2.968422871263485807e-01 1.608879838275387053e+00
1.904000326375591579e+00 4.118528283157844028e-01 1.541550148297349265e+00
2.022737678493426117e+00 7.076973133357362666e-01 1.200104794086091164e+00
1.302980216831880034e+00 5.733325316753031808e-01 1.629603803901107595e+00
1.126849738715828941e+00 1.668578667562090057e-01 2.288568446781019894e+00
6.319556976153871686e-01 3.376735941522083784e-01 2.516727868418013436e+00
4.796909809602175612e-01 4.762706794515865483e-02 2.252886358909180320e+00
8.528542582093077140e-01 9.731068193784367382e-02 2.912703882928398436e+00
1.075127041591233734e+00 5.287644726534208584e-01 3.035646565207665848e+00
9.494455139658386500e-01 5.556839510226310175e-01 3.056921428268275953e+00
9.285055240795542231e-01 -2.674480137853135764e-01 3.041453072061317542e+00
6.981918040570176398e-01 -5.672849875776736495e-03 3.125323716797956841e+00
9.416937100814234407e-01 1.230841519054189648e-01 3.012679641952214382e+00
5.571094707387929112e-01 7.654492928095419924e-01 2.685214612994623717e+00
1.426899783879323147e+00 4.547214402064735372e-01 2.876799086984509035e+00
1.336247209375573730e+00 5.041143934043945674e-01 2.472091542004945630e+00
1.267503694093370603e+00 1.157392266638145983e+00 1.708880122418604763e+00
2.132181285682152261e+00 7.594622119961461637e-01 1.998946658108613494e+00
2.070201561962452086e+00 5.364297051732155319e-01 2.100333299194198755e+00
1.771669558766942432e+00 7.421995750461989338e-01 2.267219366670328196e+00
1.526543799919147126e+00 8.362773392814633333e-02 2.578066486244982691e+00
3.436337013565166076e-01 2.059542707168787734e-01 2.699301415877648491e+00
1.612867156179463857e-01 -9.145180579984973912e-02 2.036065707190793717e+00
1.423571062444908275e-01 -9.488984303896598471e-02 1.975682844571520880e+00
2.979466541086821518e-01 1.306769229176582003e-01 2.231416011488171147e+00
7.212758714108019609e-01 1.561471108051147860e-01 2.234333629919844633e+00
4.409835835627182732e-01 1.655054249548378875e-01 2.141615150973307014e+00
6.976666222206379109e-01 -8.275653773772530253e-02 2.680800021696271962e+00
1.027893901676923072e+00 -8.062244213969255169e-02 3.090531651415810099e+00
8.161241631320329537e-01 -3.659046828247948802e-01 2.890203188725747996e+00
8.161241631320329537e-01 -3.659046828247948802e-01 2.890203188725747996e+00
6.363029615989269638e-01 -3.607373736107343243e-01 2.649728561544447469e+00
8.070108119468897279e-01 1.557972818091399314e-01 2.454073192537257420e+00
5.236509819748826899e-01 3.634491607272796743e-01 2.290668688235606432e+00
4.626520771517017572e-01 6.729734728102064745e-01 1.986867847580144453e+00
9.075571692199219109e-01 4.622001404807764557e-01 2.074312125407024254e+00
6.049347110887264289e-01 9.878661145471857863e-02 2.265330467817705529e+00
9.502095534174870295e-01 5.307145546505422917e-01 2.247192660110143070e+00
7.406290198515184109e-01 1.101559322538397945e-01 2.006303709377438960e+00
7.602863532211006081e-01 3.817713332789091085e-01 2.424732597863109795e+00
8.373520399118464796e-01 -1.334030218635939846e-01 2.915454291429570244e+00
7.632763951102747857e-01 -3.943173135924384898e-01 3.369496365313370490e+00
9.809001129331906821e-01 -1.649430059702182982e-01 3.725307157554837545e+00
1.028431387392321872e+00 -1.429407175243741501e-01 3.095178646223038843e+00
1.862877431301364073e+00 6.962953904416446793e-01 3.440403174506538875e+00
1.399176383823552250e+00 1.148501400590362431e+00 3.454992507663078527e+00
1.491581384855534598e+00 9.141331661750987658e-01 2.560380149544588591e+00
1.578136812373215125e+00 1.289058875283502381e+00 2.477170944126055208e+00
2.708228584092988278e+00 1.112903157785432029e+00 2.887472584890781402e+00
2.939084540899735920e+00 1.241137223384513932e+00 2.207950477670305389e+00
2.431342126170620066e+00 1.304760191268771852e+00 2.052206207125351956e+00
2.327785961901365663e+00 7.575672740931199689e-01 2.847309290744939325e+00
2.297540174170607852e+00 9.156348035279555653e-01 2.879368671907432731e+00
1.932298813482841826e+00 1.046037780594219369e+00 2.845239644971844228e+00
1.712915675628145173e+00 8.873509235434233755e-01 2.278153300822032712e+00
1.414608609281934326e+00 4.765026578768761789e-01 2.363630981547887533e+00
2.002006619224335537e+00 1.013397468332758455e+00 2.849278507659632087e+00
2.035787331372729714e+00 4.806571249866279927e-01 2.870913382227808786e+00
2.178469313529836082e+00 1.121807167930897631e+00 2.560413201183456611e+00
1.715910211244536132e+00 1.439576247703228784e+00 2.030613346487438520e+00
1.705852150437821901e+00 8.330332896295209455e-01 2.341453134279765980e+00
1.638105414061675535e+00 1.442324074827530778e+00 2.378491898660378467e+00
1.890792377885387676e+00 1.013250783512882558e+00 2.293058862503854378e+00
1.904397373651941949e+00 1.387295568373803301e+00 2.899333785958026599e+00
1.546837117295227326e+00 1.120673388687074556e+00 2.789075292045357202e+00
1.071205404629785418e+00 3.491237675172274013e-01 2.560106906570762675e+00
1.208696718358782451e+00 -1.896464593431514967e-01 2.591346270529998552e+00
1.146500894375066970e+00 4.014753289154672222e-01 3.239334185559918478e+00
5.041918315148570251e-01 6.884437179841479404e-01 3.540675970434227882e+00
6.351654636938903753e-01 1.216536233779138554e+00 3.405543304652895564e+00
8.667229818360094873e-01 1.262601918211525565e+00 3.580302367252958362e+00
1.386089886065681842e+00 8.798112361459626829e-01 3.355286162181606358e+00
9.958981460304117128e-01 6.599702768086556093e-01 3.308440575328222444e+00
1.256216774223735122e+00 4.997342878214215967e-01 3.198300655951408000e+00
5.966898975365858560e-01 3.431564842510974600e-01 3.556914618032000597e+00
-2.608977389261687291e-02 5.249966576857395539e-01 3.881304137912586327e+00
5.366791905261357742e-01 4.542649490779130939e-01 3.765151179108266799e+00
9.022398191998270978e-01 4.832913881784063337e-01 3.520701678023164582e+00
7.778598570605143037e-01 5.591932727134395487e-01 3.517940226943069515e+00
6.232500050200941999e-01 9.939213261632303675e-01 3.498544552034275501e+00
7.238851288064048761e-01 2.124825717342575526e-01 3.418913474488923576e+00
6.124540355972287742e-01 1.614754745125320246e-01 3.623961804109681051e+00
1.027938562519798760e+00 4.511330597073122117e-01 3.878259982370867665e+00
1.064344041013073117e+00 -2.362817417899166217e-01 3.634698999645598949e+00
1.116763731265309811e+00 6.116840154759020654e-02 3.615668134007747447e+00
1.295077807756977561e+00 -2.911395833240337239e-01 4.090234559532482272e+00
8.778367028193123645e-01 3.991075788875496633e-01 4.435205947667197002e+00
6.676082328530404952e-01 1.071849880036777197e-01 4.165970610532930607e+00
6.957410885650713306e-01 4.648172122331940548e-01 3.958883424868410827e+00
1.791107284036824732e-01 -1.885348165282213218e-01 4.346256128444339062e+00
5.453386775845247003e-01 -2.298751533739996078e-01 4.150592200957754052e+00
1.279979958286649344e+00 -5.123030806196576803e-01 4.016742186488091448e+00
1.052766480022779838e+00 6.034433979817160898e-01 4.309140689615428066e+00
7.828139120982873234e-01 5.199936715528598041e-01 5.079822446423253091e+00
1.204538478490567055e+00 4.697540472452174098e-01 5.763959373766292416e+00
9.732815607264636570e-01 3.934615512905844104e-01 6.319745774060622878e+00
8.663269651635950863e-01 2.838020623699347156e-01 6.725943203883127275e+00
6.752372523693842554e-01 -4.256844699362562490e-01 6.766439666901923111e+00
1.927198607572932765e-01 -5.446940629280494495e-01 6.558147612114266778e+00
7.651046110808448208e-01 -3.534999401898698546e-01 6.203744684157553202e+00
1.286637690068845430e+00 -6.394311077774782193e-02 6.479519799449463768e+00
1.599398461485664003e+00 3.262136671721218573e-01 6.211019195090602629e+00
1.175666093026294989e+00 -2.973421576901213448e-01 4.934768752923206492e+00
1.368372162571035000e+00 -1.094243132991387368e-01 4.810580895705361293e+00
8.328563039927852074e-01 -2.011002317014941587e-01 4.780650015811111153e+00
9.686902005508875035e-01 6.002194474443262040e-01 4.609674056105666828e+00
1.862084054492137097e+00 6.953744167843822765e-01 4.492515548777026524e+00
2.106523306892768233e+00 1.501087028676407753e+00 4.388281783744687914e+00
1.621966511485916085e+00 7.389406873900616901e-01 4.566215825692625074e+00
2.049955715021192226e+00 3.460081180946407708e-01 4.354603056187495547e+00
2.646927771995978063e+00 -7.314411425458400284e-02 4.298345160809399879e+00
2.629215418677796290e+00 -2.938330845419366566e-02 4.157247158281907495e+00
2.765325264103274616e+00 -6.763530399206697519e-01 4.785183698184435563e+00
3.615127848697331281e+00 -3.262583825506232271e-01 5.085150422754549204e+00
2.959132031403831853e+00 2.635353669672169108e-01 5.058112920794168410e+00
2.654603058714113839e+00 3.803105942342472345e-01 4.994807164152010870e+00
2.499667026353317834e+00 2.229005411556221894e-01 4.659462282018781210e+00
2.778191658861500990e+00 1.064327332276896687e+00 4.415161903864198045e+00
2.353951250121065542e+00 8.267417868527910940e-01 5.041609143860616093e+00
1.624012787791428769e+00 -2.671412702858708688e-01 5.658426910261468379e+00
6.457921710695009310e-01 4.330605507322208836e-01 5.167942111383087678e+00
9.775883613684318574e-01 5.148474448876593224e-01 4.566113063018181428e+00
8.753277724565691198e-01 5.513403866846593449e-01 4.473215815091969638e+00
9.503400831755391964e-01 7.306355094200689404e-01 4.390636870946305059e+00
8.291906865660971793e-01 7.251163153090895985e-01 4.431683252590776334e+00
8.112836857769802901e-01 1.445119228518524146e+00 3.608983809848862023e+00
1.118139513839649268e+00 1.423833162721435341e+00 3.154032316417754167e+00
1.270269354304751186e+00 1.139007137183328799e+00 2.518114665688139464e+00
6.314150721691408341e-01 9.782266097932825755e-01 2.653149564231219060e+00
7.926761799868649039e-01 8.233204151844685237e-01 2.322263728335842270e+00
1.482287620769008107e+00 6.340733695681131099e-01 1.937647911322564642e+00
9.979663648266648979e-01 -2.870616720728205729e-02 1.799774721885842865e+00
1.492609322805399374e+00 -3.729860993087710797e-01 1.526595892389292830e+00
1.697526885943921204e+00 3.261826009132846038e-01 1.176223457493126734e+00
1.823784641729733869e+00 4.864777643627993253e-01 9.144725202669038433e-01
1.175170179492858402e+00 8.360679255689513756e-01 1.094538430330024514e+00
1.847215934288761741e+00 1.023969204174235870e+00 1.771573701762976016e+00
1.913965434931993670e+00 1.135725632394110951e+00 1.913652768282710026e+00
1.222302985904285322e+00 7.513332888203206883e-01 2.773039497405763942e+00
8.807556584864201232e-01 5.287378064175635162e-01 3.094628532427434298e+00
1.302430430141853446e+00 4.082648522636437849e-01 3.998545936462498673e+00
1.265600510777721732e+00 3.907706004463987748e-01 4.417270959547368925e+00
2.269389047041072249e+00 6.541435261469796814e-01 3.735816960230490480e+00
2.026070302540097234e+00 8.102381949242699610e-01 4.158481626831379785e+00
2.104279702144309816e+00 4.666704791265222640e-01 3.894964888646523793e+00
1.020618614516376255e+00 2.976508918770028322e-01 3.468221992821089561e+00
1.274658382653719668e+00 5.137278875603762396e-01 4.353792074057811767e+00
7.826735519794558726e-01 4.668529317634471099e-01 4.392759764230607544e+00
7.344384383526132432e-01 -2.791981064292625714e-02 4.243996223419205016e+00
6.575435811591872071e-01 1.292067978157967478e-01 3.910162214645592105e+00
9.356507525285087112e-01 1.417588388784328524e-01 4.062368407495236866e+00
9.984325056911378393e-01 2.698081440099405204e-01 4.032421044185644732e+00
1.397077177042588048e+00 6.257569511317830901e-01 4.551033520025000279e+00
1.564990849527774008e+00 3.830735849492303835e-01 4.313016027544699149e+00
1.708656677683949576e+00 1.125771189078555723e-01 4.007382930596316228e+00
1.216730255912786385e+00 3.232760571408667682e-01 3.786007926331488083e+00
1.184810532772577307e+00 2.104638703390139809e-01 4.211656128708281877e+00
1.397566711144222706e+00 6.985596316158502322e-03 4.151409438492708937e+00
8.782452789325151388e-01 1.747794724111403353e-01 4.259302143225071724e+00
1.035251611508300584e+00 5.452251624632401539e-01 3.574109008196273862e+00
1.387820452903252066e+00 1.788064741694911086e-01 3.389497926706980024e+00
1.118434497328468114e+00 6.333931639065474295e-01 2.909095954270288775e+00
5.735404139748996322e-01 9.212188396580945904e-01 3.281211979864337991e+00
5.524511503676696744e-01 1.239822187723529368e+00 2.578567013861055024e+00
9.263115090486686576e-01 1.174138863989970583e+00 2.775055768802205058e+00
8.567398548854910922e-01 6.009802659063437913e-01 2.655021212328398938e+00
9.297334953035429894e-01 7.721613127533830667e-01 1.869983420626735615e+00
1.428718657632494171e+00 1.009794217457700150e+00 1.614897623863779108e+00
1.564825753175153933e+00 1.062508799037251705e+00 1.098770606689958962e+00
1.468706413136034339e+00 9.792287331461975164e-01 1.543412093829879650e+00
7.345828725085746802e-01 7.064022012888147017e-01 1.075514196955634993e+00
3.701325039211775803e-01 2.444394831227917897e-01 1.675590857047148940e+00
2.520466515370832772e-01 4.932545122468572352e-01 1.684357160908344975e+00
9.464200912265816612e-01 2.136815421607948240e-01 1.166781486246718957e+00
6.819190659683056488e-01 4.858671071216816295e-01 1.722776949446207073e+00
8.493605971574644808e-01 6.810684448620302200e-01 1.702444542578796405e+00
7.759642566361204530e-01 2.132944046402490135e-01 8.697864160460975214e-01
5.046224233473303178e-01 -1.662127857411189180e-01 1.616213301609472408e+00
4.458518086392281865e-01 -7.869426493375628051e-02 1.489934522394187999e+00
8.278408088686320943e-01 -3.299252837345343914e-01 2.231938835742402816e+00
4.379921956707226727e-01 -4.539235772383468093e-01 2.580680628864070680e+00
9.415833228928400800e-01 4.813239733296234557e-01 2.484670982493759173e+00
1.114732602266964134e+00 5.437639743542534987e-01 3.105309774012107393e+00
1.060167859611037100e+00 1.414606831005872145e+00 3.135524422145148371e+00
1.187660812664453225e+00 8.596793836247665910e-01 3.410980022034374226e+00
1.323739570461625714e+00 9.585421284412489751e-01 3.337013557349906456e+00
1.186009244923195149e+00 1.273378052691056972e+00 2.485073989684744689e+00
1.511016454631677775e+00 1.490469222334199761e+00 2.248105221371437867e+00
1.627662424060277058e+00 1.703655632038340473e+00 1.861753169805675512e+00
1.900437170927893993e+00 1.880634768136754564e+00 2.100799948631189018e+00
1.558183096272819812e+00 1.671512397293274166e+00 2.795683637698195501e+00
2.381817986770304429e+00 1.384304234560867375e+00 2.477406950491295223e+00
2.690090277697398502e+00 1.153937305368202271e+00 2.825586635364560006e+00
2.634187496100437897e+00 8.943118846728177473e-01 2.562786380964620303e+00
2.671087653712376664e+00 1.210833799248541620e+00 2.948483345959894919e+00
3.294974848626817998e+00 1.129849080519519822e+00 2.718172683224651554e+00
3.200887513553319685e+00 9.068511279259551250e-01 3.040750365328226845e+00
3.035841422328824368e+00 1.028538671302115182e+00 1.852410885942474605e+00
2.977086467571525397e+00 7.752811029313666502e-01 1.612615660722677591e+00
2.424431000032766459e+00 7.950151493080941378e-01 1.482701538995738533e+00
2.314533375392652914e+00 6.847949099503305437e-01 1.318399051611388817e+00
2.249233143410005908e+00 1.081987307661931297e+00 2.068147067896151103e+00
1.434455908115987333e+00 1.300337863422260209e+00 1.605736977834270496e+00
1.304250184026960691e+00 1.319502621213336946e+00 1.178728107506616052e+00
1.260415280861170828e+00 1.074065969251509545e+00 1.566993412567852406e+00
8.347822239883627704e-01 1.814228883429336525e+00 2.021286872945285307e+00
1.129795943004339387e+00 1.303968838502083560e+00 1.616617406468328744e+00
1.210173329794924424e+00 7.080186325656565582e-01 2.253960227759666868e+00
9.105520716802195658e-01 1.215275730825395861e+00 2.685536295383691652e+00
9.682679503943514288e-01 6.737680868482576191e-01 2.750148325182923514e+00
1.310906999952813567e+00 1.917103469009684980e-01 2.988256039551024923e+00
6.981778009504171489e-01 -9.365978479657215139e-02 2.866215043371531213e+00
7.018224540950295243e-01 -1.626898137725949489e-01 2.603735677128171222e+00
7.018224540950295243e-01 -1.626898137725949489e-01 2.603735677128171222e+00
4.573087869459657173e-01 3.184994936901921481e-01 2.383038605828864842e+00
1.099991798757030959e-01 -8.406219898864031315e-03 2.458079551818594499e+00
8.917017436332601577e-01 -2.425995686544568375e-01 2.539226040944482676e+00
8.728200947937343468e-01 -4.024272710324910962e-02 2.412044080355166376e+00
3.155264565614674943e-01 2.214610278842213398e-01 2.915440184099602927e+00
3.345060775403317366e-01 5.220157736794547171e-02 2.727010232348493268e+00
7.915443852533177171e-01 3.295843071257200108e-01 2.723588540977607053e+00
7.044886573922435336e-01 -1.082429628432373114e-01 2.764265337637634268e+00
3.557156081854200291e-01 -3.430056558635450892e-01 2.736124375013427645e+00
2.347415664626380238e-01 -1.885658566463465635e-01 2.389611380869014479e+00
1.268227439328846629e+00 -1.274359526880138732e-02 2.428049949375088445e+00
1.064927858462934696e+00 1.157342370172508711e-01 2.281040970014648561e+00
5.205552558258299545e-01 3.971083186644430718e-02 2.837333949873966699e+00
5.407059849336700585e-01 -3.109836137925673372e-01 2.921033806407560274e+00
1.419386890779414045e+00 -8.973731746183274405e-01 2.943418744039342450e+00
9.185987900912016002e-01 -6.504053838191657944e-01 2.959924293916165183e+00
8.131601140536779404e-01 -2.651372408830658944e-01 2.537592622913923623e+00
4.398054791582181045e-01 4.869276837287356274e-02 2.978324794661556751e+00
2.821644305014837650e-01 1.735845055830003147e-01 3.194480007522941367e+00
3.335224132508125550e-01 -3.950232858989835560e-03 2.612238774270665420e+00
6.526927597978114948e-01 -2.102216317422402059e-02 3.070928771159251003e+00
6.023434570324381898e-01 2.280343335972830066e-02 2.614137739777929070e+00
4.737672618185825857e-01 -1.312499026263417023e-01 2.505768026914295898e+00
6.520920360635225066e-01 4.828027116576664168e-01 2.524089555664861706e+00
5.451489704921536061e-01 -3.670567440508410995e-01 2.846330399386947541e+00
2.914921616700149598e-01 1.400793785628506316e-01 3.043860906474349814e+00
5.389719448886919340e-01 9.219364068419048930e-02 2.412012185419964538e+00
1.263751375067963201e+00 1.266329458930930685e-01 2.444109274758860639e+00
1.229700500511872852e+00 6.427639385954355689e-01 2.006157397292098299e+00
1.300550736323302647e+00 5.378073788905004537e-01 1.877496478992610518e+00
1.314946324935617916e+00 -1.353895681187683442e-02 1.648051124355401464e+00
7.770733328338044199e-01 -3.848230031431481013e-01 1.376669175281819646e+00
1.418552039111724561e-01 -6.501000260007575582e-01 1.985352411035098852e+00
4.725146028508220852e-01 -3.365090302079019602e-01 2.554815219780622204e+00
1.262557270606556425e+00 -6.210647416482811822e-01 2.653403958599026335e+00
1.230963590651896755e+00 -3.868691513864719322e-01 2.099539701957801707e+00
7.277250160650317046e-01 8.072079081034917725e-02 2.323660438453645227e+00
3.567585809571913180e-01 -1.260496922983824486e-01 2.449107895665397105e+00
4.362922881675575515e-01 -1.069041393669893925e-01 2.175056236065306958e+00
1.086918757993726059e+00 5.705911845886533218e-01 2.248954942167512350e+00
9.580498656209077701e-01 7.212325002271279262e-01 1.851018666355878972e+00
1.397751155755212249e+00 2.092845301713470441e-01 1.830590230628468484e+00
1.516381586650576319e+00 4.477169752464799091e-01 1.889683519799786326e+00
5.963650277173020431e-01 3.689155863584384076e-01 2.151545442890622883e+00
1.799859077966336207e-01 9.926912855542937564e-01 2.450227890519493634e+00
1.475035559639499561e-01 8.998766951707775075e-01 1.846089529126488937e+00
4.496668757688755402e-01 5.619881067086714976e-01 1.626766727315168026e+00
4.417012472278729618e-01 4.033698832409490231e-01 1.439254665914586395e+00
4.478249347904120214e-01 5.205474431111727363e-01 1.427171444757892704e+00
7.607044050752150843e-01 -2.707495087704683279e-01 1.934206184406940032e+00
9.867763032010445912e-01 5.619331577548287715e-01 1.744237942919002693e+00
5.392664976777640229e-01 4.207951673671802006e-01 1.960487149101005411e+00
5.655042292388603453e-01 2.057699951287093876e-01 2.590892364143556392e+00
8.440192150849730179e-01 2.691025439511732786e-01 2.526418039469985999e+00
8.897815782531661721e-01 -3.372077319664077422e-01 2.192882124128590071e+00
1.656764283495567369e+00 2.355738915049949977e-02 2.211042188059717528e+00
1.896322535897130734e+00 7.036293280542410544e-02 1.578239087435105992e+00
2.064206334558423173e+00 -1.513355570434068154e-01 1.932244050628883825e+00
1.697147277663878295e+00 -3.541083398952601380e-01 2.076544139103723818e+00
1.905943384675416130e+00 3.573563278068249138e-01 2.626377775789570546e+00
1.840100680635430308e+00 2.665668264372700325e-01 3.100750748100775667e+00
1.743268445014278134e+00 -2.985606235161154115e-02 3.062176122291272673e+00
1.464068616293358271e+00 -3.973600128897738504e-01 3.721540856439176537e+00
1.301381416034770977e+00 -7.504297200711243510e-02 3.866235869904890876e+00
1.398442600209557796e+00 1.690147604706986884e-01 3.784844591507791289e+00
1.243355627752634973e+00 2.591364984779779834e-01 3.648951117288702584e+00
1.356146793976047871e+00 2.978278373862223716e-01 3.645821096458236710e+00
1.094917151341452399e+00 5.892869899528023758e-01 3.735846072865934620e+00
1.171047342937395097e+00 1.106519141690734287e+00 3.771970666890486878e+00
1.235213356032168086e+00 6.343404629324295163e-01 3.438830149979700934e+00
1.759381096464831540e+00 2.900325976526739180e-01 3.552036993633804762e+00
1.825607512171534497e+00 -4.397871001123770940e-01 2.967165230936208431e+00
1.279689499226378979e+00 4.222705693242670977e-01 3.152100866127999890e+00
1.763763880966757958e+00 -3.157047585967409642e-01 3.084943274727056206e+00
1.140007205723777117e+00 3.338540571515216659e-02 3.084442056841125712e+00
1.395630667717914886e+00 6.328106826909797311e-01 3.336468672286162729e+00
1.033433503396185449e+00 -1.396370844947861511e-01 3.473511018016034679e+00
1.027382266697074886e+00 2.520833507868166512e-01 3.701308582536297909e+00
5.616555287947263553e-01 4.337167829768776572e-01 3.539024757343496308e+00
7.947846337379329551e-01 1.387120778018478551e-01 3.982774616481276286e+00
2.014437613475686673e-01 -6.275891472168870777e-01 4.174726864753185218e+00
6.111358580978696331e-01 -3.731800195392858122e-01 4.201130369934729103e+00
3.908047966567216869e-01 -4.614582811971710830e-01 4.435906458548945608e+00
1.487590693648025209e+00 -7.784307047078747877e-01 4.462103134547398042e+00
1.032460369037300429e+00 -2.115151666975548794e-01 4.318858810815896732e+00
5.547617037203046442e-01 5.082124863075300203e-01 4.241749056135390994e+00
1.076620247923578022e+00 -2.600946177373776314e-01 4.489454973962032192e+00
1.288651148464069029e+00 1.641104306076754671e-01 3.996507874514800385e+00
9.181667003814470984e-01 1.373441051795621648e-01 3.518111283718530213e+00
8.870961795027650920e-01 3.882243691340709901e-01 3.374994168545784046e+00
9.946993274602754509e-01 -3.361760131477354308e-01 3.581623086620540519e+00
6.718721410398237337e-01 2.698250756752181845e-01 3.462021017825143154e+00
3.690834624535195840e-01 4.319073467071380956e-01 4.010032742861394439e+00
1.004139867215490867e+00 -9.991792446367220304e-03 4.252576370281067497e+00
9.368047173923640392e-01 4.029007575114404993e-01 4.119881831129616145e+00
1.060265716924834845e+00 4.644610783208799609e-01 3.600610585593569724e+00
4.186997094599718139e-01 8.026945896655608426e-01 4.145706642043729850e+00
1.209902062961132785e+00 7.262589149578180248e-01 3.998029892621339787e+00
1.439753049880435176e+00 2.492094624701070293e-01 3.467598554123886068e+00
9.333014875678337097e-01 4.389976372799368476e-01 4.274846778429284733e+00
6.869366093006963325e-01 1.089658679169362321e+00 4.454029086764673906e+00
4.522319551370139745e-01 6.987678366387626294e-01 4.454712003316304347e+00
9.362391286967431947e-01 2.928220153813047566e-01 3.735754226263941824e+00
5.602970155213690129e-01 -3.254410360017510606e-01 4.069341536819857552e+00
4.578646824486268252e-01 -1.242041039598782148e-01 4.298131646343560597e+00
5.983983476862526629e-01 -3.807443243542915634e-01 4.543493260574967607e+00
5.710652945904483024e-01 -9.586630871413659438e-01 4.609936009397481271e+00
1.234661809682727318e+00 8.866163941080046351e-02 4.330023647950330457e+00
8.392750186939690327e-01 4.385030021704402481e-01 4.358390885497239076e+00
1.327253721693240518e+00 7.498632463504144585e-01 4.307116500527307323e+00
1.264656238886533668e+00 1.284979774210280867e+00 4.378286163976354395e+00
1.467634784877665188e+00 1.169688559395516858e+00 4.237378684847513455e+00
4.380299915827838841e-01 1.261518566221749404e+00 4.248976693320114961e+00
7.114790371169038563e-01 4.967461603489425892e-01 4.146209214615290684e+00
4.907379813068515340e-01 3.910837330802936496e-01 4.276544584196800614e+00
5.972179851046482968e-01 4.360540623398082571e-01 4.179002472908107002e+00
7.888479470896190282e-01 6.753807089541075115e-01 4.352544416105346592e+00
8.167024151916977281e-01 1.354477941103196414e+00 4.401611064195238399e+00
6.606755697698086793e-01 7.537223916756128350e-01 4.804986451963628724e+00
8.680258366669586501e-01 6.275133899221260192e-01 4.982896947296129753e+00
7.480455648771578980e-01 8.361281640302412610e-01 4.722750364347628960e+00
2.540752727528398647e-01 1.359017446171219556e-01 5.121653157029488312e+00
2.915636257886268234e-01 -2.023724827680080662e-01 4.903792939691072661e+00
6.243990993698597114e-01 -2.428902868024613582e-01 5.176321070923843415e+00
1.015889153537859801e+00 3.017249076101871652e-01 4.685614077410815703e+00
1.040229211257765574e+00 8.153347389706216974e-01 4.028064689174583712e+00
8.006954108360384570e-01 3.657682113852012695e-01 3.607991262929611587e+00
8.624897929311016176e-01 7.590948405861529524e-01 3.560940582476586957e+00
1.143897522436045922e+00 2.975964827720581907e-01 4.301016181268942695e+00
7.931083763071427040e-01 6.643055682209884072e-01 4.304907250544784958e+00
5.060035822280561923e-01 5.333980458444276262e-01 3.928297026809554282e+00
1.082272799706579303e+00 1.561755390665254539e-01 4.431625887189736268e+00
1.437961545066249514e+00 5.082049054489878870e-01 4.743494895917594434e+00
1.663844415501810392e+00 7.585293625965527919e-02 5.016885054787634246e+00
1.486457047666243980e+00 3.543079786334014658e-01 4.900578035304339330e+00
1.451930687261012487e+00 4.580921462100193131e-01 4.808854114384041090e+00
1.568627174451427742e+00 5.838752059187868326e-01 4.420259687738949950e+00
1.358470710118069968e+00 6.914828753595153588e-02 4.008041885718317765e+00
1.818256709419164396e+00 -2.263016121790514812e-01 3.560292359153694353e+00
2.031487689053840029e+00 2.057008059459905780e-01 3.149378837429616773e+00
1.582224717462307861e+00 5.149027822115098685e-01 3.423262685075076917e+00
1.412404704643692499e+00 4.527513953197839225e-01 3.345671009203022184e+00
1.463935841444158559e+00 -1.138254246758153704e-01 3.042589823280410943e+00
7.154366912779849264e-01 1.483017212756614911e-01 2.508554573989631997e+00
8.056256379655836186e-01 -1.352622511154977780e-01 2.633111813391391554e+00
7.524910662323385235e-01 -5.847715450465459375e-01 3.558553162563376393e+00
6.980649718755085331e-01 -2.656610464648307413e-01 3.037596896497153587e+00
1.092154738712999146e-01 -3.820745371608465502e-01 2.931993575503422100e+00
9.475571993495959244e-01 -3.293411737551871221e-01 3.462729381553641517e+00
1.026332649721278800e+00 -4.036905976530694162e-01 3.698958623222224240e+00
5.683764055023368122e-01 -3.878630435657398068e-01 5.096572834642925542e+00
4.533277343940059212e-01 -2.698825542796242649e-01 4.849068181767976604e+00
1.018234108767579471e+00 -8.078952755686766296e-02 5.707955445601101907e+00
9.458540942800635065e-01 7.044972328617145063e-01 5.308530647655894441e+00
1.354583016760162018e+00 2.164161261120468582e-01 6.025529406311641800e+00
1.576256828183241421e+00 -2.481370119744750330e-02 6.129615513247878233e+00
9.136008443613508057e-01 7.611029096862049759e-01 5.092215017350107509e+00
8.978775522565329847e-01 1.223827212264565034e+00 4.815529640103826559e+00
1.690942367091037957e+00 1.131119910536606099e+00 4.138784179037088506e+00
2.145839126311313905e+00 1.550166617022345372e+00 4.187786551743346131e+00
2.291272460345509909e+00 1.336415629678646910e+00 4.343194131816191295e+00
1.977039897789457656e+00 1.237158970244163436e+00 4.881958326783502500e+00
1.699954135154249313e+00 1.228734117587192420e+00 4.927555846624385616e+00
1.595000782351810642e+00 9.055486047908964942e-01 5.196789607120111398e+00
1.309331373543161758e+00 5.834835264160659341e-01 5.433524991266989623e+00
9.073978237879416486e-01 4.665217398462491727e-01 5.393060517723936798e+00
4.499217038631848631e-01 5.451696283790943287e-01 5.576317442115839462e+00
8.752727416904987345e-01 3.107877018580980089e-01 6.192339058558395948e+00
6.616005136612135296e-01 5.958964303484365344e-01 6.189879910318873080e+00
8.949443710014246545e-01 2.372049934308064212e-01 5.605442762180810057e+00
7.730441960265679313e-01 1.944098052062845638e-01 5.505971732541141250e+00
1.278018622515932234e+00 4.484651486408048338e-01 5.372799475064661934e+00
1.358545651276163557e+00 3.572194992538560987e-01 5.012575651604221250e+00
1.683587565662949537e+00 -4.291164712360734379e-01 5.177178483460845193e+00
1.237724470251650999e+00 -8.956418424147178925e-01 5.019923938909390593e+00
1.201092247396434276e+00 -3.085761149621878419e-01 4.588943183595070252e+00
1.316148564451193659e+00 2.940385175127429584e-01 3.811234232069930616e+00
2.196571340136487915e+00 2.002418818782209786e-01 4.613449601462822791e+00
2.311676361554146464e+00 7.962028443059121496e-02 4.970523444422905612e+00
2.070547622423636103e+00 -7.155771412629143846e-01 4.814024709177426864e+00
1.782416037964720923e+00 -9.659987179167621729e-01 4.450765746796200517e+00
1.597915438074314132e+00 -7.047623434100397377e-01 4.613974564010494994e+00
6.423627201819422927e-01 -7.425503557267573163e-01 4.080942914130088361e+00
5.991010999188984831e-01 -7.660902858098287416e-01 4.548001230375558812e+00
9.070085034374064659e-01 -6.694806064208270735e-01 4.860883489296925930e+00
9.401726375203180996e-01 -1.348296014627754780e-01 5.090814041678378032e+00
7.761261884293086943e-01 6.157617718995366252e-01 5.160713061503207300e+00
1.141150379320487573e+00 7.436969093842629164e-01 5.518617246078254546e+00
4.205683493036461718e-01 6.543005356001352357e-02 5.530249803730305835e+00
6.597174781516992326e-01 -2.089134428590688763e-01 5.281948385701888071e+00
1.210771942582922422e+00 2.348458403713035159e-01 5.166493322490017803e+00
1.861479890614571531e+00 -3.316459813888434915e-01 5.052506808226431723e+00
1.138197500282182251e+00 5.003463429594637857e-01 4.329415192706135507e+00
1.136251937528312883e+00 -4.993129264186744742e-01 4.882964976717167005e+00
1.799657812508497878e+00 -5.238951845617336733e-01 4.837640667940616090e+00
1.485173599017354906e+00 -5.751052014109206412e-02 4.669478674579419675e+00
1.313033237019530786e+00 3.638903047568818883e-01 4.280932773793800550e+00
9.622238853473239484e-01 7.121220768148479596e-01 5.095701363690390728e+00
5.112383270338523023e-01 5.327758781647908837e-01 4.907259847368832695e+00
7.387820949339961585e-01 1.772657446942734194e-01 4.767477748138026605e+00
7.823405822292400780e-01 1.845676392457086534e-01 4.880252629391228503e+00
5.094110514376318788e-01 -4.605184825640268875e-01 5.157169756454924148e+00
3.236024458131798731e-01 -1.517989734848301242e-01 5.560955841407502653e+00
4.908648403166773755e-01 -1.659147254603007549e-01 4.940251517025091132e+00
6.394244591274778067e-01 -6.318349465585364200e-02 5.469702185370207914e+00
5.606473098550244227e-01 -4.519853931581221396e-01 4.940362091955683432e+00
9.753356970750635124e-01 1.115224058838333587e-02 5.234550858279567898e+00
1.010545213920628793e+00 -5.358528267005422535e-02 5.082730496452178670e+00
8.440289330927818190e-01 1.901885774527128578e-02 5.058299907899133530e+00
1.250134168625265829e+00 -1.317153031397681473e-01 4.786064338727172185e+00
1.611353314048854068e+00 6.114003541344736892e-01 5.370721743685805016e+00
1.934214222297695018e+00 1.268573861421723459e-01 5.475286597762984542e+00
1.324906908961695384e+00 -6.043697355382601222e-01 4.865140417538940554e+00
1.756622625880580379e+00 -1.694783935036015265e-01 4.358812206829814961e+00
1.701310971900098057e+00 3.701262590494891480e-01 4.297928980169325008e+00
1.807781278890823184e+00 7.816048764764121914e-01 3.658713951048640833e+00
1.774976188072159955e+00 4.703965567420296812e-01 3.911207400383239552e+00
9.212429665901042952e-01 1.667355728337971688e-01 3.643848014909227384e+00
6.918584822504267873e-01 -6.894067562825420548e-02 3.929017895106248659e+00
8.349523837204503307e-01 -3.026376120250047208e-01 3.815518641226685048e+00
1.166180434555637024e+00 -4.438526408556307534e-01 3.915942509960139706e+00
1.430762804191316961e+00 2.118748105183454467e-02 3.495746315983580210e+00
7.230918622482951363e-01 8.564621750433691616e-02 3.947881990166944188e+00
3.981949605032564232e-01 -1.490575725909046301e-02 4.104766047789516037e+00
1.032956118540339974e+00 1.199707470390337996e-02 3.495202788958217788e+00
6.571444037066108690e-01 -1.293371072138009212e-02 2.704953657717650728e+00
6.552649874175928701e-01 6.968259695218401162e-02 2.526999915622520909e+00
5.321227545723852259e-01 -8.855297229842884477e-02 3.339740745090060248e+00
9.399840480240321261e-01 7.685544272862754323e-01 3.928496392711070317e+00
1.881619409013938427e+00 6.816108038020144422e-01 4.172820425136012368e+00
2.093955683738681905e+00 2.203508415376374541e-01 3.934408967708823646e+00
1.513141631613140525e+00 3.168871209434663272e-01 4.099350684824753621e+00
2.108061369873853064e+00 4.084088394884468620e-01 4.747419637307418228e+00
1.903989661288894686e+00 -5.423743344609487094e-02 4.584263720393988883e+00
1.830428416814139148e+00 4.900345808317044249e-02 4.033992749871500472e+00
1.343457716545920277e+00 6.378558227444749429e-01 3.475070004177114313e+00
1.521420032221814989e+00 1.730217420800442274e-01 3.816157717860084730e+00
1.750813867758077569e+00 1.889164478022025417e-01 4.249688779853090459e+00
1.014072495111609795e+00 5.752960764013864692e-01 4.272748469983191910e+00
6.875675375084833174e-01 1.022041432614908318e+00 4.203626303767681982e+00
6.407884550583493599e-01 9.250882361260811537e-01 3.579176322133199140e+00
4.822997575999700692e-01 6.306180926631266281e-04 3.430235909649636650e+00
7.991036385017619148e-02 3.509167102477572797e-01 3.146218778316237863e+00
1.028232311396076293e+00 2.565027967898173555e-01 3.236313773841612562e+00
5.859495666871544772e-01 3.500748683431769148e-01 3.666059916138725505e+00
7.092378118653281938e-01 -2.449401163054726327e-01 2.980738674862458470e+00
7.531806733284571731e-01 3.587653685084815081e-01 2.931395985968993312e+00
2.256023986036541917e-01 3.323026511454040821e-01 2.965593976100094231e+00
8.646775683864547091e-01 -3.653569452724810818e-01 2.788208534099640090e+00
1.401064672472337236e+00 -5.001609777791311551e-01 2.873890271948486674e+00
1.724274710067083216e+00 -2.379705693678923761e-01 2.624279493441300737e+00
1.571307494927494108e+00 2.466305646697554421e-02 2.537887273904515961e+00
9.310978923170947219e-01 1.722012446211275694e-01 2.742007498918912045e+00
1.015404003912370401e+00 -1.108021749688496357e-02 2.399063284026801579e+00
8.579867912963541343e-01 7.735176197724369374e-01 2.615908543643433060e+00
1.076514794640293093e+00 1.205196855558393176e+00 2.096633183142687429e+00
1.167749954047505589e+00 1.938725078162613968e+00 1.951024336240925416e+00
9.460235918313586456e-01 2.239088269501433359e+00 1.841031123929169233e+00
5.269862496957192777e-01 1.214931519752029176e+00 1.459127898378598909e+00
1.158842029309000932e+00 1.142281981538270097e+00 1.372519728548662998e+00
1.434058667842813994e+00 1.231955800346461238e+00 1.155597057643473757e+00
1.324850437657971947e+00 1.558862647485642849e+00 1.341865530628523651e+00
1.701044534872811820e+00 1.602285206917287930e+00 1.713955345178248546e+00
1.447513097315245467e+00 1.101374467652072475e+00 2.153530005514681100e+00
2.152986369477337458e+00 7.599234859511609930e-01 2.045305875950881536e+00
2.087622514247306160e+00 2.599358729442283189e-02 1.794855429669976354e+00
1.902200974896538055e+00 -2.198362614888724198e-02 1.629172250520746879e+00
2.108676852568132087e+00 5.125572577311311440e-01 1.496812864661103415e+00
1.081526663215696793e+00 1.189726095877126300e+00 1.761817055698653878e+00
1.012113742159192809e+00 1.267154720338153240e+00 1.224734743026625772e+00
1.364494906977719246e+00 8.235680798510567335e-01 1.463273761454354727e+00
1.101820284416044515e+00 3.024247629956254846e-01 1.413260453132835215e+00
9.017206218134186102e-01 -2.662367870333394171e-01 1.716302742575335882e+00
1.438070538574934387e+00 2.068142481765995466e-01 2.255213142061617937e+00
1.453640252974335079e+00 2.575587995895771698e-01 1.698189075357272815e+00
1.276629952800918177e+00 3.793215422612867815e-01 1.453867587946409801e+00
1.016847294442504657e+00 -1.237089632477411799e-01 1.102175623400615923e+00
5.823701438642752137e-01 8.715853300716671637e-01 1.813292918902692508e+00
8.733775677610918775e-01 9.818822120571164547e-01 1.809116807887012346e+00
1.182208987828062829e+00 7.767468367340433222e-01 1.737585477888212271e+00
9.060197823596551903e-01 1.182528924638249990e+00 1.342214371955243069e+00
8.846411584490118107e-01 6.399975196703235891e-01 1.209240445294619271e+00
6.702187977960391008e-01 5.861863889928989879e-01 1.428663171695190304e+00
2.553682782203325341e-01 4.491502758610081969e-01 1.433499192774486453e+00
5.305164493468568221e-01 -3.895668974552751185e-01 1.642585566379203277e+00
5.937831242385981367e-01 -4.894165624081431853e-01 2.926541098588608225e+00
1.131975373726370027e+00 3.484559100133386433e-01 3.097040938461268045e+00
8.112036652347260901e-01 8.021957526174805508e-01 3.199514855736606211e+00
1.006531666325833019e+00 2.647260259770349844e-01 2.446425727835448871e+00
8.824138979368093549e-01 2.451330789559488244e-01 2.266346343420999609e+00
7.528414749477799761e-01 7.865872328117742285e-01 2.454735331423791855e+00
1.376303051318674697e+00 6.208376852130570445e-01 2.557354917726153420e+00
1.571553715606752055e+00 7.714306659576968261e-01 2.270677666128353422e+00
9.066381179030384985e-01 4.241638545355215228e-01 1.519915393288642669e+00
7.206661336943169793e-01 3.102031554619287257e-01 1.759743360465363615e+00
4.579443687609826008e-01 4.029890635271710791e-02 1.583741168878167294e+00
6.633034836137424728e-01 -8.327859518312519249e-02 8.916410960330598545e-01
1.556959139788998137e+00 1.845236057827490395e-01 1.851449290471798292e+00
1.537211797891351539e+00 6.472878407382656185e-01 2.478075093506719728e+00
9.400275672622844247e-01 4.998359208223168704e-01 2.108316507998511113e+00
1.373863580311901256e+00 -7.310858066515314724e-02 2.347649107298727333e+00
1.226939401492453507e+00 3.686878144915773925e-01 2.094798100878942471e+00
9.836322729706539203e-01 5.714634822857047602e-01 2.056111925163439214e+00
1.659866084628766503e+00 6.419480710134488621e-01 1.716159039832051647e+00
1.747202627841929701e+00 -5.211380824082134655e-02 2.141319533356251359e+00
1.871632383129770982e+00 -1.378403303921001133e-02 2.472634142183162798e+00
1.575564705358160733e+00 -2.580044567638982156e-01 2.229473711812502756e+00
1.398743594513432331e+00 8.987622068392195351e-02 2.312896315947890802e+00
1.174191869063289984e+00 3.675312108506212372e-01 2.134649786484958511e+00
1.313097432333490300e+00 9.529392424915911208e-01 2.160160490553562074e+00
1.510301674889220180e+00 5.695134610079861659e-01 1.937709731766981802e+00
5.446572252504702227e-01 -1.768364413380550115e-01 1.762158650119078684e+00
1.056021561693620159e+00 -8.308781471241385996e-02 2.193807289302061037e+00
1.101826033250498327e+00 1.855327679948915592e-02 2.092614524999219849e+00
1.428609274004645213e+00 -3.567571106280270632e-02 2.073131544159867001e+00
1.244493933307952327e+00 -8.981046094902828125e-02 2.030078890122356317e+00
1.318897131253614630e+00 5.703315013470885431e-01 2.368367349905261321e+00
1.200798956041083887e+00 2.058645571539267638e-01 2.326058619581761189e+00
8.418097484937903108e-01 9.200288963300917722e-02 2.428641517547887929e+00
6.126698900736732289e-01 6.726812633454781754e-02 2.359393536407376590e+00
9.052320927829313746e-01 4.460814503786909579e-01 2.103650584040535065e+00
1.023873928030533120e+00 3.403215146996901308e-01 2.397345515413928929e+00
1.227147981902035001e+00 4.709715741541373735e-01 2.042596471897561994e+00
1.145496531084259528e+00 -8.407735677944690178e-02 1.663918697214584741e+00
3.258910136386496403e-01 3.969287119278058773e-01 1.903846742100863576e+00
5.533021621165514770e-01 -3.026033559780642868e-02 1.872847125031936066e+00
4.666699425801850154e-01 -3.819254517693659867e-02 1.590154324695096433e+00
6.780019015043853292e-01 3.377613863250468196e-01 1.502725637456453489e+00
4.404019342932144476e-01 1.726169376359033836e-02 2.052147229056031641e+00
1.154419332277689669e+00 1.218913232569273086e-01 1.709063245934949737e+00
7.596812097233116567e-01 -9.719383126991953947e-02 2.145637201619506218e+00
1.065934487566999822e+00 5.377600686971611976e-01 2.532048772793672686e+00
1.356154766316172378e+00 4.571248922529030922e-01 2.020276094877257123e+00
1.392666016374956905e+00 1.309186805086214322e+00 2.853005748540986097e+00
1.261691588376244288e+00 1.170782928352780417e+00 2.638366919095487706e+00
1.637966147491910274e+00 1.554250305910516605e+00 2.064919123502440446e+00
2.072742711273935168e+00 1.719319638166267206e+00 3.084187201901872566e+00
2.539216584938096766e+00 1.317146578958428016e+00 2.938169235623300679e+00
2.087694324647962674e+00 1.488515615903667877e+00 2.435949373132426210e+00
2.386620750720637840e+00 1.114047200692096062e+00 2.555277266149782012e+00
1.817685036014856204e+00 1.360099667273969803e+00 2.366317220312329717e+00
2.058420935553006981e+00 1.178601490527328099e+00 2.676565165226153287e+00
1.666785901847177120e+00 7.452904222096385922e-01 2.823081245789961891e+00
1.448393829214116968e+00 7.373864453275238429e-01 3.256305936263273360e+00
1.554776811417627247e+00 3.291700566508372061e-01 2.880296603012311163e+00
1.309681226438895729e+00 -1.895848741537027593e-01 2.389980107459450664e+00
9.536909027543191142e-01 -2.921736068561925914e-01 2.876636689155991355e+00
9.004251381002241761e-01 2.696987894155147281e-01 2.848336932360681750e+00
1.075321190133137761e-01 -6.773855702234075904e-02 3.104808387367507638e+00
3.696076408857233431e-01 3.479945716236331754e-01 3.130549771126485137e+00
9.256616123361116610e-01 2.795286345681446960e-01 3.100818458866200000e+00
6.937906536572916449e-01 4.475482529317308389e-01 2.986882666046783097e+00
9.319866509237703101e-01 2.933954411021068576e-01 3.503303960584025489e+00
9.032339779881904951e-01 -3.184731190889660279e-01 3.801751969730085889e+00
1.026270604679368814e+00 -1.108282815784397135e-01 3.194974944596661093e+00
9.676059552748574877e-01 -6.063153623340087339e-01 2.461572147091238172e+00
7.161195409421603486e-01 -3.272216872095458085e-01 1.845071592207825795e+00
1.095027422239203130e+00 1.966206417312406640e-01 2.103143311227058110e+00
6.983898361556529766e-01 3.253274062308075809e-01 2.408327579966329957e+00
2.096467723072615863e-01 -2.420051715632682565e-01 2.180675490355102664e+00
7.797237609467788655e-01 5.829478851507127191e-01 2.462362451666406660e+00
6.304226391117412343e-01 5.240486930068153359e-01 2.531817450110930512e+00
1.418684953201378329e+00 2.254063325826926312e-01 2.635786122526797115e+00
1.180037142312549081e+00 3.632627659655278674e-01 2.346552517984857200e+00
1.239911615481056772e+00 -4.797665281780462143e-01 1.712877229488117825e+00
1.109823363174711641e+00 -1.829497406848298313e-01 1.253365827375536812e+00
1.825038192515352042e+00 2.377915266216066303e-01 1.611280503314603374e+00
1.478027675783525563e+00 7.307131293328906763e-01 1.295006649079721406e+00
1.545799539054729888e+00 1.103248205328848819e+00 5.017859269774290754e-01
6.975319097797623158e-01 9.818359455226904897e-01 1.253801781311469465e+00
7.072991918324418315e-01 9.157444402663389438e-01 1.446681204207303395e+00
6.802552965978430066e-01 3.578008061872486878e-01 1.208960290952551198e+00
1.299820339574122352e+00 2.844832729384542125e-01 1.711420255003542668e+00
1.696228806925381916e+00 -3.937625047023577407e-01 1.506231366326165499e+00
1.602393619570659178e+00 4.070513655846705325e-01 1.757170827650293310e+00
1.790330372972856132e+00 7.919873989714493190e-01 1.981174487140329843e+00
1.852663287130708047e+00 1.477401456335828978e-01 2.016199626319773675e+00
1.518381288210514768e+00 1.310051558764976143e+00 1.990263365698159426e+00
1.874495277165960871e+00 1.095148949613557132e+00 1.970846862037281877e+00
1.739558049305787613e+00 1.077048832403969536e+00 1.981945804474597450e+00
1.366526466319424760e+00 4.047953193353915347e-01 2.640874126800536015e+00
1.933943473438579419e+00 7.202090762944413083e-01 2.049454095893905148e+00
1.158643869350311828e+00 2.999130770281123182e-01 2.744878521279105588e+00
7.416527677397887208e-01 -1.920739568169189948e-03 2.456898462420778806e+00
3.381886712056697553e-01 -8.869183222291708579e-02 2.541451885429459434e+00
9.590317244331210134e-01 -3.382372446862969562e-01 1.955729663677457930e+00
1.157541916048110187e+00 1.221358332797539553e-01 1.909894985935974399e+00
9.033524965632988568e-01 1.446803686568551572e-01 1.589246001939365494e+00
6.130188126268543147e-01 5.384980251599560397e-01 1.962173786088007743e+00
7.344708791398302239e-01 4.408592029984589322e-01 2.413832132281558795e+00
9.886128236098201683e-01 6.936858736007417425e-01 2.347941695450138422e+00
1.430569261249124979e+00 2.858952228466304368e-01 1.948422387132668243e+00
7.873204040405880066e-01 4.934226839168227574e-01 1.698070290621870981e+00
9.578762368639903713e-01 7.439767415309027632e-01 1.628993745300606921e+00
1.092224788612393471e+00 3.310008159365668279e-01 1.560525684967098314e+00
1.190190506658239888e+00 -1.296539649931819083e-01 1.900770140084230730e+00
9.341911360634705952e-01 -1.589277163311940688e-01 1.324002290627651623e+00
8.820651994055263012e-01 3.300500695321457734e-01 1.713291866164755817e+00
1.196939666285748327e+00 4.349473583707768598e-01 1.396799313243364260e+00
1.243836259316526416e+00 5.239351940328363932e-01 2.027221966767568606e+00
8.204395160857902436e-01 6.604962548553592327e-01 2.317790180463448202e+00
6.354743819033127350e-01 3.470141630790001819e-01 2.022802201172543057e+00
6.033225801745473182e-01 3.413519992000045300e-01 3.056683965663375968e+00
1.316310212015051162e+00 6.307245480024609163e-01 2.613546150397561441e+00
8.934312992260551312e-01 4.880766369604679356e-01 3.076169460571202663e+00
1.333510192209928835e+00 4.098564143984793628e-01 2.998664864439385624e+00
1.631652756691449824e+00 4.796727757876041442e-01 3.452787652497373294e+00
1.339094316156764108e+00 1.806764058554513330e-01 3.678578389101655688e+00
7.553024629000553158e-01 3.235628375720749350e-01 3.309709659151153005e+00
9.872637807287719669e-01 4.572109461852650325e-01 3.360883464942189924e+00
8.264827534198676551e-01 -2.945235633978395828e-01 3.491085965428106341e+00
7.141092677055908000e-01 1.981247621659895652e-01 3.861535024491418167e+00
7.500052784448947296e-01 5.333780173964282056e-01 4.028549985218774054e+00
1.117236972299030073e+00 4.530978583188400854e-01 3.835855922191661715e+00
1.124980909680193264e+00 -7.282981686727880988e-02 3.994377639636604638e+00
1.653711995435864557e+00 -2.875662645807069290e-02 4.309177689028373948e+00
1.542507478679021604e+00 3.552544586275738769e-01 3.928401787062763439e+00
1.682572437135326560e+00 1.138135250617418714e+00 3.633240130126664802e+00
1.471534972856124224e+00 1.486619748475056735e+00 4.082586228532869121e+00
7.953569004312945889e-01 1.390561214821362856e+00 4.177819371809969873e+00
7.799720975543940060e-01 9.892780773580004405e-01 3.920758811520376863e+00
1.705043541938591478e-01 8.466897679417734190e-01 3.937107254911290877e+00
2.363539474126534201e-01 3.055646289961491124e-01 3.703243579602315982e+00
4.356730009599744102e-01 3.896540141343582953e-01 3.358272746699179745e+00
1.077169272526279087e-01 7.801610239797268642e-01 3.206213112309544755e+00
1.730994844296142032e-01 5.196977142568635077e-01 2.970671618415573256e+00
1.017039256707090278e+00 -1.251781202246223246e-01 2.486267238282856340e+00
1.048600108086558347e+00 8.805918614414272316e-03 2.451635464229684924e+00
1.248059293790552360e+00 8.707037062722211562e-01 2.686137045729405148e+00
1.701118702125630211e+00 5.529754259423393936e-01 2.810384059437367466e+00
1.864092104636532854e+00 3.588413571290208770e-01 3.182767734313894703e+00
1.830773558207807072e+00 3.310593052102249745e-01 3.225207542934101834e+00
1.046278108712079158e+00 1.934636202026540075e-01 3.053878822061378617e+00
5.167406012642595803e-01 4.639081706163088459e-01 3.149318037009501747e+00
1.082298723590749745e+00 3.462403713429491603e-01 2.928278307597626640e+00
1.436435454714655613e+00 -4.176804057845141527e-01 2.608007940125963042e+00
1.321450810429792622e+00 -2.903532902905497926e-01 2.417858536895743260e+00
1.356179812137320306e+00 -6.956365825661378066e-01 2.170008858832066068e+00
1.871841231092561619e+00 6.131216981609499683e-02 2.128935284882749635e+00
1.308251213621180131e+00 -8.243873236417127714e-02 1.889322749595762074e+00
1.122984403944375487e+00 3.359488823218764741e-01 1.828159626939420912e+00
1.151791753534677332e+00 4.555455906605254679e-01 2.220354888841770347e+00
9.796981911879011351e-01 5.023081172225349889e-01 2.420475204636209021e+00
1.266990793860048647e+00 7.762596336473570613e-01 2.798110229733425491e+00
1.070875698815143329e+00 6.197788263113732099e-02 3.594785963197533185e+00
1.435046345790118583e+00 -3.153538469920430520e-01 3.351081249005622986e+00
9.185741163880287719e-01 -4.458958096766580947e-01 2.782604483925617878e+00
9.680577896621755940e-01 -1.081584921356210094e-03 2.995815405040879842e+00
1.113673329647163701e+00 1.265903940739112887e-01 3.019543453497551599e+00
9.511508830812325233e-01 -1.029622920751182419e-01 3.942142517299630278e+00
7.468661330217473138e-01 1.560906103640659348e-01 3.709760273607738412e+00
7.587174649977808105e-01 6.605648330941557012e-01 2.874213530971753805e+00
7.806654674729741616e-01 7.976010862412371560e-01 3.280280186586501667e+00
6.816157542078318254e-01 7.893836436823740144e-01 3.363473779955207466e+00
7.972065474933511808e-01 1.175276362472994940e+00 3.812585954797983234e+00
1.041893769859683072e+00 1.313932356732805395e+00 4.047670781125446204e+00
1.963378306237961057e+00 1.194893100765995309e+00 4.007138304841417309e+00
2.285382750131326191e+00 8.531444498399046727e-01 3.317159421027795485e+00
2.316341313673570657e+00 6.953852231916533011e-01 3.061142392701835746e+00
2.252227154663139608e+00 5.421834661887324769e-01 2.903166391346590380e+00
1.585245246887721837e+00 2.959820371287230634e-01 2.867758222138732549e+00
1.478115139844766945e+00 5.233099620223803372e-01 2.751267105473212737e+00
1.588727047884069377e+00 8.648708514149221482e-01 3.093960153715199723e+00
1.381211488514621388e+00 9.030173923911430922e-01 2.402201062909750551e+00
8.677846911999559376e-01 3.138723369006680697e-01 1.893482003006166536e+00
9.154214055772901260e-01 7.947998017204370713e-01 2.062882284178597203e+00
9.756116486349081240e-01 -1.806357945709617385e-01 2.272693751131088291e+00
7.449068711140318655e-01 1.091636655591053939e-01 2.424817612043354220e+00
7.198791939643273130e-01 -4.579302325676494478e-02 2.263064744914046411e+00
7.888149788187788225e-01 1.951264926539572897e-01 2.710731649088603756e+00
5.588442399113969783e-01 1.794010837749546727e-01 2.398158199111778188e+00
1.035805747878085326e+00 3.930674936148249587e-01 2.065413657388786017e+00
9.738229523242466490e-01 -4.166250140337520169e-01 2.281649405274353892e+00
9.796558641359405240e-01 -1.761694728811024069e-01 2.770745775016826062e+00
7.565704196340451437e-01 -5.062237476203375053e-01 2.900155089488535065e+00
8.653786205486617700e-01 -9.448482243196514307e-01 2.938457423893471532e+00
7.819665617451818651e-01 -1.165259110750388738e-01 2.697483916152117356e+00
2.927863271256535560e-01 -2.825045469258745112e-01 2.543943470065127777e+00
1.207776153021958981e-02 2.209998349559836872e-01 2.283102103392256943e+00
6.872672266219845283e-02 -3.915434021832275846e-01 2.108717263200987180e+00
6.778844709546647529e-01 -5.652230161771157890e-01 2.338667039688113736e+00
3.123838813631037992e-01 4.287473015552955014e-01 2.391121147031896488e+00
1.143530173842824516e+00 2.178371542342270040e-01 2.728297548935197270e+00
7.096066784240450120e-01 4.142141277165770630e-01 2.457005154926543700e+00
7.917556814783138774e-01 2.270580987771625425e-01 2.991759042938836544e+00
1.107790702330930133e+00 -1.523504315677635390e-01 2.873760611260411491e+00
8.877840432653342218e-01 -2.212808822370312400e-01 3.813223859967762586e+00
3.542375454370790822e-01 -5.454127334011643624e-01 3.792992785410724821e+00
3.087656333788557639e-01 -4.671441174259444717e-01 3.442552031514523048e+00
8.467790227747832299e-01 -3.338669772124239210e-02 3.913582508753865152e+00
-9.374503559855237866e-03 6.493711464639294606e-01 4.033492895659772870e+00
5.535945382267141168e-01 5.795582238837894140e-01 4.594461303804929564e+00
7.797667530918354073e-01 7.731707045443811377e-02 4.766795362854220564e+00
3.448283941857929191e-01 -2.419034041110707245e-01 4.175944892770566241e+00
2.572890024781088192e-01 -3.730522409927974348e-01 3.764276594427583333e+00
8.890024626030003096e-01 -1.939732812154779107e-01 4.256001774989922382e+00
7.469209287198954605e-01 3.142328675814758943e-01 4.520191768971065116e+00
1.015095752707773746e+00 6.123181199061858426e-02 5.037442356056155646e+00
9.691260130837863196e-01 -8.750774763425819835e-02 5.701024409622175604e+00
7.806856422084147429e-01 -4.807607051978518564e-01 5.430628192700013734e+00
1.195889946773374346e+00 -1.144196358192801632e-01 5.506709532586842926e+00
9.434163799013799423e-01 1.174879807737589238e-01 5.046607177728003713e+00
8.016391913233507083e-01 -9.669936417489982672e-02 5.025988564195218444e+00
4.092617133084597847e-01 -4.819454991676671574e-01 4.951342346407379580e+00
6.457289684693545695e-01 -3.370304698982652669e-02 5.613623351755506086e+00
8.074531723076647793e-01 2.154198602005577556e-01 6.713735476036154282e+00
9.540067844118683693e-01 -2.599403315020257232e-02 7.520182218615762970e+00
1.022713642497259601e+00 -1.038922836918311887e+00 7.383835181125464331e+00
1.055210591839338186e+00 -9.329156194572454375e-01 6.828954657759389590e+00
-1.978355630762063111e-02 3.504089438820157665e-01 6.670327470429567640e+00
6.590748521551612615e-01 1.623010173448047877e-01 6.379715248390107618e+00
4.913477549198609351e-01 -3.620164420259580074e-01 6.156539594632626233e+00
8.252934190228953248e-01 1.269770153047103112e-01 6.116765920672095902e+00
1.307244608586923151e+00 2.539606927694361693e-01 6.576038411553376761e+00
1.578054446674550082e+00 4.419562765288854167e-01 6.451619418077272350e+00
1.434436609267184970e+00 1.497974560723915882e-01 6.098933385896294190e+00
1.236749167593664378e+00 -5.964994916433968147e-03 6.504485618236199862e+00
1.865151378862771603e+00 3.915533933772949449e-01 6.480534187252592560e+00
1.018317278551722049e+00 -3.846566358273003639e-01 5.753237579499209886e+00
6.408885497979133206e-01 -8.778965990616462989e-01 5.203763465356773921e+00
5.944732836022547096e-01 -7.851227609770694560e-01 5.234772865609619963e+00
9.933232062472275858e-01 -3.744424887304970140e-02 5.178249751602242767e+00
7.710212253619882494e-01 -5.277221260146278681e-01 5.222210429595696368e+00
1.177468646755960080e+00 3.138868512997436411e-02 5.324503174725479404e+00
5.600361918973087993e-01 2.775710466677419053e-01 5.190090144993959598e+00
9.139867977927351728e-01 1.763825822373580599e-01 5.119905813824879637e+00
9.282335392883710457e-01 -1.116576545567291578e-01 5.269567109106928271e+00
8.708809930647856135e-01 2.497655354867709954e-01 5.534542107615911810e+00
3.133610915351952020e-01 7.932047312108878589e-01 5.068336256761269532e+00
1.038179655525930167e+00 9.221067915251652813e-01 4.707956552490969671e+00
1.005626817646533278e+00 7.090355594150343777e-01 4.712059831108974528e+00
1.458817791435524036e+00 4.272648271802453879e-01 5.033086851475405687e+00
1.355539033302175511e+00 6.615436955949463571e-02 5.690245988298362256e+00
1.139521686854559457e+00 9.281512182522260179e-01 5.318781480207623424e+00
9.853477430528074787e-01 1.137333636534717085e+00 5.560225184538738930e+00
9.360254341361354813e-01 6.343202802318371747e-01 4.754839921118130697e+00
6.533617189183252849e-01 8.350554807530214951e-01 4.920609584421058003e+00
7.916924459752966436e-01 -3.612747937407556620e-01 4.789960492114576418e+00
8.828768212417391625e-01 -3.261684306813037448e-01 4.336587542917442306e+00
8.517303733627218376e-01 -2.504935990194104845e-01 4.412272398290641995e+00
6.334239108974417665e-01 6.623508929530219635e-02 4.282532560957503343e+00
6.026590402022927728e-01 -1.378970128138198303e-01 4.490046485603395254e+00
9.507944798753134030e-01 3.791713617679798309e-01 4.354157146134339129e+00
1.087329516248000560e+00 -1.063319361303487615e-01 4.054811083885623724e+00
1.093733278118647734e+00 2.954809911080132079e-02 4.477278747040784879e+00
1.083432043120790667e+00 4.629869956908834461e-02 4.248353470406910581e+00
1.484085180116917480e+00 2.296370084331234018e-01 4.417558142833540202e+00
1.295598733822695303e+00 1.770572919653891075e-01 4.613168707855084705e+00
1.071383749220489401e+00 -1.815973111403281770e-01 4.751817291920753306e+00
1.643142207953874001e+00 -4.916456937004902161e-01 4.633794250871523523e+00
1.079810148499809719e+00 -5.665212296539888781e-01 4.595876651378994815e+00
1.070609400391097976e+00 -5.480776047358962844e-01 5.083008793490029653e+00
5.345285847372860388e-01 1.383465942021406547e-01 5.272401990614598688e+00
1.069960446526700748e+00 -4.108602956727080979e-01 4.778104674915915950e+00
1.363900221014870517e+00 -2.381061716196578304e-01 3.991938189334256482e+00
1.297068341708510930e+00 -2.008062131671177752e-01 3.896108954037599048e+00
1.277499000954627206e+00 -6.956735052661422447e-01 3.943917064945225981e+00
9.818357386769881456e-01 5.781712717071731955e-01 4.098012600780950976e+00
5.989131716151785412e-01 7.014217111430040008e-01 4.362186372637328446e+00
1.515391121432918542e+00 6.419290916752983245e-01 4.364434632229717614e+00
2.134458070839412525e+00 1.864994314892328142e-01 5.056160996833333421e+00
1.817933646777438517e+00 4.727357989578543918e-01 5.570294720404810107e+00
1.259930142087015481e+00 7.438205757122251516e-01 4.592800514824288527e+00
1.259930142087015481e+00 7.438205757122251516e-01 4.592800514824288527e+00
1.830676358621478927e+00 1.001544813542112333e+00 4.701301718247364647e+00
2.670271474220076158e+00 1.117298404120045108e+00 4.466327364584592452e+00
2.732337710222530358e+00 1.452242899563555678e+00 4.724321962508581052e+00
2.266636070668433867e+00 1.092994875334997840e+00 4.691091252935147615e+00
2.518172756907757215e+00 1.622477567215077077e+00 4.909297020280371626e+00
2.847757253043234904e+00 1.405927695871893812e+00 4.612610875015744405e+00
3.691732183079437402e+00 1.089687990443535481e+00 4.275586282984029651e+00
3.273475694958837945e+00 1.091648013394829420e+00 3.673562299800773090e+00
3.076693086010199529e+00 1.200482346520952870e+00 3.184968048380686145e+00
3.056175023583723949e+00 1.270332227957654769e+00 3.539585707230567202e+00
2.574273966519073031e+00 9.614870964755251048e-01 3.516045521041641919e+00
3.199160410757801554e+00 1.087847753740449619e+00 3.557520117277143790e+00
3.089751602853168855e+00 5.554092248975993629e-01 3.190582261964028721e+00
2.929420960293680487e+00 2.646677005442222286e-01 2.935225314737199831e+00
2.369403532647669230e+00 8.268903301715208043e-01 2.378993660812017907e+00
3.001095176800432807e+00 1.322139135636017482e+00 2.437785501004111399e+00
3.597647411261537975e+00 1.711371274737972348e+00 2.181233966779625000e+00
3.050062182142565526e+00 1.131651688738236183e+00 2.455458949968350790e+00
2.215505818144225092e+00 1.287068537742042995e+00 2.130955370922806402e+00
2.504104337259587254e+00 1.332881241953349338e+00 2.156551596215575017e+00
2.244536608904005526e+00 1.055365292227613105e+00 2.169479345833801531e+00
2.196422839439774233e+00 1.040835163978315103e+00 2.578695871887422442e+00
2.113499721499821238e+00 1.744424938084689014e+00 3.217864748689464260e+00
2.862391097022281450e+00 1.466965520431088965e+00 3.231904055962706135e+00
2.379024397003118185e+00 1.626894064408065610e+00 2.651031748972807467e+00
2.247533077240018162e+00 1.686069327500447912e+00 1.940149368055516632e+00
1.270221235249559211e+00 7.604278469796208473e-01 1.708963055676065990e+00
1.258445753432394065e+00 3.041030153236737865e-01 1.953053091640871486e+00
9.022624123997388113e-01 6.199200444525986287e-01 2.743278760928984816e+00
6.904475305044244227e-01 -6.646811208795408432e-02 2.832986910009443360e+00
6.488157950769403159e-01 -1.070304940673627858e-01 3.039209979019030339e+00
8.376552997334576478e-01 -2.924620169696570127e-01 2.843875710364239584e+00
8.376552997334576478e-01 -2.924620169696570127e-01 2.843875710364239584e+00
6.683358368248281112e-01 3.788463421241545781e-01 2.418068354497242556e+00
8.751856266191913036e-01 -4.283249239400602204e-01 2.237695216852312541e+00
1.253172221978024803e+00 -1.659920440116173790e-01 2.163654152451668811e+00
1.135188288472257501e+00 -4.558967081812385080e-01 2.326447054118801816e+00
6.223461914072697665e-01 -2.094787175311113581e-03 2.836875360878365449e+00
9.103225247079603788e-01 8.192297709322360344e-01 2.634373986813558499e+00
4.259290239289671431e-01 4.963597086576297390e-01 2.964568794517655537e+00
8.673310832737352039e-01 4.871117037653212023e-01 2.695673410917865276e+00
7.520381302668126544e-01 8.735963438496820166e-02 2.503915835774707332e+00
1.706879419396707953e-01 4.739906431139949694e-01 2.746481171889769257e+00
5.274519755953683831e-01 5.130526610757994987e-01 2.737597356809973181e+00
4.841491215868794495e-01 -1.553184746710597752e-01 2.859513133913140770e+00
8.912400207280847253e-01 -7.547297950299652891e-02 2.700590162216295997e+00
5.251052502896673690e-01 1.667467399438062881e-01 2.871529273429503704e+00
5.228817276494475141e-01 -1.856255087479777854e-01 2.528523295165235218e+00
7.006350593407435490e-01 1.513062340964831387e-01 2.176253627099941301e+00
5.940208272657379052e-01 -4.434817830131963790e-02 2.621938132842450919e+00
1.426389218816539017e+00 -6.824426863307982150e-02 2.780168255223568696e+00
1.142765292134612531e+00 -7.000450741377214903e-02 2.546514706369974235e+00
1.330409608836059299e+00 6.238033169390807403e-02 2.531740307274740420e+00
1.631250100872930320e+00 1.298177045543966179e-01 2.539860719847483850e+00
7.605099783625213217e-01 4.111322669039678690e-01 1.752605701613159983e+00
1.208629728100771850e+00 1.666151285092652146e-01 1.778123462187515935e+00
6.082387487095801681e-01 2.017059620449059357e-02 1.643263828132015991e+00
1.101872919764451675e+00 -5.313591190420339228e-01 1.892573804676634719e+00
1.017759065857835932e+00 -1.053347249170177191e+00 1.904510281972362273e+00
9.468215267664201740e-01 -1.488497952560804194e+00 1.457993251795500766e+00
1.385258781313369436e+00 -5.430639697391920206e-01 2.188666849464768305e+00
1.108541231227666346e+00 -3.184856099477255120e-01 2.207545461484550220e+00
1.476523437570313124e+00 8.140773672533786753e-02 2.614784049739110383e+00
1.400524685396556723e+00 3.785962809574637822e-01 2.526617682388434538e+00
1.192495591568088376e+00 5.311165212219632475e-02 3.186334436309692819e+00
8.079621497792314200e-01 6.090974133730598927e-01 3.253504034293364988e+00
1.542074893950434511e+00 6.525745526957117404e-01 2.730308197310989282e+00
1.118951331908805802e+00 1.376027603059774840e-02 2.243431076475274732e+00
8.222888567438091378e-01 8.584592440506899624e-02 2.332999147924673000e+00
1.500809663609441902e+00 1.684369326447645032e-01 2.346693649645241297e+00
1.825423239359227567e+00 -4.444136863267372783e-01 2.338005589261375139e+00
1.851805289836878421e+00 6.921982972259804745e-02 2.570973531811852730e+00
1.484819704754634762e+00 3.464977096358416997e-01 2.431989388768514893e+00
1.168304653094677681e+00 2.198902701045439001e-01 3.032868344299138208e+00
9.545793439207211906e-01 1.292967451378133070e-01 2.629786315771468708e+00
6.848741391807060541e-01 5.172969528072561829e-01 3.107191099185800276e+00
6.126589720849926479e-01 7.252792260042290051e-01 3.223555814276965137e+00
9.495349365721192925e-01 6.872762315420137824e-01 2.919449280531095425e+00
1.006740398626370325e+00 6.648365217711348363e-01 3.333668817609061197e+00
9.333466477833519681e-01 8.774517615318546682e-01 3.304521928924190277e+00
1.207985093330201209e+00 9.204497479032641705e-01 3.656156730394591658e+00
9.600020638108883730e-01 5.311242402075563307e-01 3.787996448069832489e+00
8.509664596048516216e-01 -3.482011661203712749e-01 4.089043157025735731e+00
4.850883541173096059e-01 -1.716975460808913834e-01 4.396418713751235607e+00
1.006802064932840413e+00 -4.023939980804763783e-02 4.450440879196550625e+00
1.312092853395879333e+00 7.892375629088255184e-02 4.690581303298377414e+00
5.440818599931149802e-01 -3.662797222704213818e-01 4.803159186574033512e+00
4.957926849690035831e-01 -1.562348295569382928e-01 4.632939342037169617e+00
9.336377404714438777e-01 -1.109776873324198887e-01 4.283336185237784477e+00
4.274925799916504676e-01 -4.588215374739847974e-01 3.790354779503643634e+00
1.783530035301052474e-01 -7.016303143580049362e-02 3.608365646077871691e+00
1.766702229368207755e-01 -1.391810013432092930e-01 3.754779050995598944e+00
6.717434989565769232e-01 -1.367143576618602419e-01 3.538835044391962725e+00
1.105783927633273267e+00 1.046480766600497159e-01 4.060697819341288373e+00
8.471749444789032912e-01 2.617307059575946226e-01 4.285656178877863098e+00
8.461625954962170848e-01 7.971455870785981723e-02 3.733286761945759036e+00
1.154303139464577743e+00 2.294164103877932570e-01 3.864816580579599314e+00
1.136564630780696694e+00 3.444104352479925302e-01 4.373661151496039956e+00
8.416965926290160827e-01 2.975745550372012327e-02 4.123860016364273129e+00
9.072743252262552849e-01 2.441673743915725170e-01 4.244888951845449121e+00
6.626817644983890032e-01 -1.205861748147843693e-01 4.176673631485685156e+00
6.399547697104680521e-01 -4.704466733805768852e-01 3.807093427589427481e+00
4.452352366277488871e-01 -7.106814588037936309e-01 3.519258967650684689e+00
7.984932297434492732e-01 -6.850861400223955400e-01 3.173755701401107299e+00
6.147843382343411989e-01 -6.563563525215543315e-02 3.172672497818576964e+00
5.349675942327591915e-01 -6.068277298720692325e-01 3.162394071637508741e+00
1.056834484331600432e+00 -2.008319135784024934e-01 3.225891061961303485e+00
1.232998965178979223e+00 -4.422303494048455130e-01 3.649788655200806975e+00
8.016999787963036139e-01 -6.724504805326257939e-01 3.738026722986657280e+00
1.109813542960450317e+00 -7.267206904532877432e-02 3.988443499975182327e+00
1.117902167613689768e+00 1.500564594704010823e-01 3.312119825695616360e+00
1.100200417706401756e+00 7.280949823311892999e-01 2.792246928565553343e+00
1.078959652964336380e+00 4.307550510140257249e-01 2.202854501804151877e+00
1.127602327568253404e+00 -9.926148578887318552e-02 2.051910562797632398e+00
1.230703836266251239e+00 1.015702415969325090e-01 1.985556055014817467e+00
7.806880733550275453e-01 3.427202373885541720e-01 2.265274350714570506e+00
5.495483271715526641e-01 -7.388962899806239548e-01 2.243867784035138424e+00
5.726914031519726445e-01 -2.186347104023030896e-01 2.719419432897844491e+00
1.179662461258720096e+00 2.161793875861273140e-01 2.071621161306476999e+00
7.830902026164356933e-01 5.087667964491375816e-01 2.195117913732300252e+00
3.487269045601666950e-01 5.046392414520564085e-01 2.240204426008725935e+00
5.408279128952715453e-01 3.945547588847806431e-01 2.373213112873841624e+00
5.963786259444300297e-01 1.155044242652170927e-01 2.013557481737985544e+00
1.134523778532100735e+00 2.515506446745005564e-01 2.318297021229780874e+00
1.293088031048533093e+00 1.429741930547692164e+00 2.090903558246324678e+00
1.545518567711928526e+00 1.240720599772832111e+00 2.153141899691617400e+00
1.172146310866452046e+00 1.251919081736581729e+00 2.000283231183790811e+00
8.181814908141639142e-01 1.519646802421425802e+00 1.974671130145461806e+00
9.433637700623909161e-01 1.478091008907181925e+00 2.199280491609290067e+00
1.144519317869716613e+00 1.254052756128406054e+00 2.096582712959684791e+00
1.599515756995920857e+00 6.094742754272346463e-01 1.905576649330475547e+00
1.874027030811389327e+00 5.358558890288963594e-01 1.750702562439945709e+00
1.719919700135979390e+00 1.286897683941737869e+00 1.723009347306425409e+00
1.319146972809803753e+00 8.891369918546828677e-01 1.764047232912509422e+00
1.524645667779080727e+00 4.253446928291040319e-01 2.006230333096894025e+00
1.320962043546591858e+00 -1.577192468617423515e-01 1.974639310979209084e+00
4.290601942973274463e-01 2.125652578629640826e-02 2.500408325888106909e+00
1.615867835115721574e-01 -3.141276515851790241e-02 1.838616149617345430e+00
7.749238326619511952e-01 4.628258905092388353e-01 2.353921930463472201e+00
7.749097596004701494e-01 5.637507229601858016e-01 2.642385133928560226e+00
5.047284109591386736e-01 3.963104453067979593e-02 2.420100116849663863e+00
1.502430935963903647e+00 5.874757044380346516e-01 2.273341200658294259e+00
1.348373590402549560e+00 5.368124097161334207e-01 2.748702047091517109e+00
1.500048265713834539e+00 5.145455052112934968e-01 2.972462692694554764e+00
1.370520734770896532e+00 -4.248091116848520810e-02 2.117955504471497719e+00
1.566723366755766955e+00 -1.274941005282788364e-01 2.154856319615833460e+00
6.767400801062656290e-01 8.742345281758710784e-02 2.736769124484749849e+00
6.767400801062656290e-01 8.742345281758710784e-02 2.736769124484749849e+00
8.770711993391601125e-01 3.298443873210979427e-01 3.527948117980577170e+00
1.396398263776556847e+00 2.515464016584479934e-01 2.529398277399918182e+00
1.634515210885887138e+00 5.747432694700514988e-01 1.496662717016758792e+00
1.360784687091397105e+00 7.266440155794307021e-01 1.738315755462871426e+00
1.311739951752764366e+00 2.706078834920765397e-01 2.188956216595425719e+00
8.929342392093834180e-01 -5.801607027276160788e-02 2.454350747378609032e+00
9.184605847999268713e-01 -1.089773698569723864e-01 2.318138444790594832e+00
8.444375242552543126e-01 5.054491966355147969e-01 2.547121254434026483e+00
7.093775938490400890e-01 -8.682187249770696724e-02 2.830867108861416348e+00
1.138432249684166120e+00 8.707749483618903996e-02 2.659911467273988084e+00
1.003222482947482952e+00 1.519176748058198856e-01 2.879054594663436273e+00
5.805019872069794307e-01 1.450677474999921834e-01 3.117442478315866516e+00
5.627674324294543728e-01 -2.649459134143566374e-01 3.199637493631406482e+00
6.132659364034199756e-01 -6.344260534298723497e-02 3.437961661676558478e+00
3.955876884481130951e-01 -5.438107888589210903e-01 3.323430347206849600e+00
6.624127497537530829e-01 -5.828103903814664255e-01 3.648541291543861753e+00
1.471586438345701797e+00 -5.989430505247801406e-01 3.488093378836690128e+00
7.439315134771181670e-01 -1.070396733760324848e-01 3.665767619290372092e+00
6.271294350180078858e-01 -4.300881566061033889e-01 3.362283916949134532e+00
6.488741240417515987e-01 2.882974920717784606e-01 3.542746867499338759e+00
5.703905960711762591e-01 1.373137472892228539e-01 3.968404216561078002e+00
1.042870555279479916e+00 2.999265016602729594e-01 3.511307360798342270e+00
7.994300555714282108e-01 3.215394734328207438e-01 3.060464042581852784e+00
9.828544554084858165e-01 1.430322412904957430e-01 2.682957035396038137e+00
1.401043461639882581e+00 1.891964525381797935e-01 3.480931400311336521e+00
1.349810339135842252e+00 -4.810546683907941656e-02 3.617298499704440395e+00
2.015748692211033255e+00 -2.983415942086968808e-01 2.970994191649673599e+00
1.382630130443145422e+00 3.489285247011582047e-01 2.894411533705847361e+00
1.272063000846556768e+00 5.760885750284521212e-01 3.524007389555265934e+00
9.672642041218871833e-01 1.376855587065280995e-01 3.046138951479345991e+00
5.845805820156361188e-01 2.597691187747029895e-01 3.125532162556571514e+00
8.097405506081394311e-01 -1.762152939506211324e-01 2.519606916742293201e+00
6.236842783556784120e-01 -2.169537832955825696e-02 3.043292623678152342e+00
3.900844048293451438e-01 -1.349801185940946446e-01 2.515621817697008211e+00
3.251590785645616655e-01 -5.688335752606842322e-01 3.085012105548929906e+00
1.226984828277161155e+00 -5.999322514249924021e-01 3.154726904927658726e+00
9.818993522866155121e-01 -1.423091332833514577e-01 2.887301918148287516e+00
7.181949731047991836e-01 -2.344695891537075250e-01 3.345297169160176498e+00
1.074862809045160184e+00 -2.864530758633204721e-02 2.977798516986480237e+00
1.204814985062871768e+00 2.237135567800823122e-01 2.995367008187029612e+00
1.957535804019745918e+00 -5.147582167087492305e-02 3.299282717460585435e+00
1.747771354987881942e+00 8.075428008664820023e-01 3.594644903376861933e+00
1.630556178794988931e+00 1.011148547509993056e+00 3.703025035468481274e+00
1.712008409947424425e+00 4.080565785969451076e-01 4.598152254512983816e+00
2.018971359949169653e+00 3.768716552997776192e-01 5.257113515438994078e+00
1.513603979197237770e+00 3.705698905554365985e-01 4.884730597059755652e+00
1.828616376422742995e+00 4.484829522328940277e-01 4.671891346397874401e+00
1.815076193191428322e+00 2.735070535979381989e-01 5.185395697228238454e+00
1.229123475654936737e+00 3.686044467354366860e-01 4.330449437830923287e+00
1.398510321207778739e+00 -1.246105698043041554e-01 4.112695953650804093e+00
1.226531699528773389e+00 1.761335042669169570e-01 3.842842819668413679e+00
8.247521511477418077e-02 -1.038596302011768197e-01 3.714466034842622388e+00
8.327260298135419347e-01 3.428418349839498225e-01 3.344302300229448299e+00
1.312533190824910267e+00 6.361577511813447661e-01 4.170007202149876413e+00
9.986495236756467442e-01 1.331495873027846444e-01 4.204724864359076442e+00
1.847677927296137224e+00 -1.155187394659139971e-02 4.225421045035976597e+00
1.717291789865587504e+00 -1.446132780627053804e-01 4.669743022206421124e+00
1.398581039835231188e+00 -3.757502509046856676e-01 5.117282911943090262e+00
1.225617129005808215e+00 1.309315554196683606e-01 4.411757029660051899e+00
7.852412775962652747e-01 -3.972416135140300897e-01 4.396600391219100956e+00
1.432077814236030422e+00 -5.114892953508083373e-01 4.789473840251849523e+00
1.154236575987693136e+00 -2.006216516049412757e-01 4.726943983648515868e+00
1.042558683982196088e+00 3.108844980159237714e-01 5.032310231368079201e+00
9.756928883598237068e-01 4.443694727454458593e-01 5.417666695507644903e+00
1.282076536739549244e+00 1.310800468768313021e+00 4.945492599712332904e+00
1.820475289199418256e+00 1.117641571143598522e+00 4.219275035921290495e+00
1.703787904988795399e+00 6.452948264399513967e-01 4.288680046235460175e+00
1.217276088372875487e+00 5.147975154984464341e-01 4.409315733123878367e+00
1.372906340671236514e+00 1.778535753166048949e-01 4.360733965539049350e+00
9.210638607009374867e-01 7.656884040910378886e-01 4.436321042983109919e+00
7.490605628215937228e-01 5.491777735134870664e-01 4.681391055186327144e+00
1.542766240505751396e+00 2.413481745090095831e-01 4.580635595969940965e+00
9.927952653208236278e-01 7.042396761083871137e-01 4.256134681833696476e+00
8.956429027427258438e-01 7.194477948388308119e-01 4.327218918704272888e+00
8.823518105888004115e-01 6.883032440600045376e-01 4.651088492811725317e+00
7.391693500113913906e-01 5.158897558434417663e-01 3.976067635732355665e+00
1.303703478357678192e+00 3.528370305548639840e-01 4.551522584716639841e+00
6.241262349329516068e-01 1.028612773912980893e+00 4.361689457428459704e+00
1.159339105329488140e+00 8.170569204968723964e-01 4.367926218125229632e+00
1.128267002600684465e+00 1.019907500970605341e+00 3.607226527459751253e+00
1.110177227022368651e+00 2.066318528243170638e-01 3.063054648137245373e+00
1.062762859890807432e+00 -2.803411209009517430e-02 2.578740334159691727e+00
1.535127780255240326e+00 5.089056277542111095e-01 3.271092120024494676e+00
9.390545511148384872e-01 1.538385970678852188e-01 4.471686648734148228e+00
1.143917120972489432e+00 -2.037697191929600804e-01 4.154754203183314232e+00
1.354309028357219225e+00 2.462659749748336568e-01 4.689652819887123236e+00
6.754847213749611834e-01 1.805206556026657805e-01 5.381558426398022732e+00
8.144338315981879406e-01 3.311159018808196297e-01 5.739187373731413189e+00
2.061108661816948018e-01 -7.188419733724048244e-02 5.215232924734670483e+00
5.169546949578752715e-01 1.393446554967014625e-03 5.318485074393215939e+00
3.968353263535276398e-01 -5.159000702342526612e-01 5.090424006428562187e+00
2.824421620891832685e-01 1.054965680908786507e-01 4.711153060866546838e+00
6.299754307572650314e-01 6.018045916874019685e-01 4.812250692847602984e+00
7.515965857576671905e-01 5.717575195093980156e-01 4.790073207268515709e+00
6.870361411250643924e-01 3.136399286888992832e-01 4.923262524791654826e+00
8.321618592610383613e-01 2.853161918123389706e-02 5.101904541861825848e+00
1.715581725171639205e+00 -1.866905626408342234e-01 4.448091029990306922e+00
1.273523024593179231e+00 -7.440956844609130094e-01 5.289712827206455081e+00
1.327258796963417975e+00 1.281240362875737393e-01 5.324225204034353176e+00
6.228196047684224634e-01 -1.224379651105609798e-02 4.506797516942330439e+00
2.837238000641077451e-01 1.478227418826159323e-01 4.761052731078335931e+00
9.771095466293860943e-01 2.162570200468113824e-01 4.452559777638461114e+00
1.308802236829842203e+00 2.515934714299183361e-01 4.059387266999507915e+00
5.439111864692935949e-01 -5.822804770615214870e-02 3.798583129377587131e+00
5.236560649345759488e-01 -5.020550530813363554e-01 3.870291754440602805e+00
2.316885137860488220e-01 1.729125238121711206e-01 4.117484692872515062e+00
3.728450037450687371e-01 -2.671003005988037415e-01 4.099935931269709677e+00
7.779269437870107717e-01 -3.073911408247488875e-01 3.944453321772176224e+00
1.087885858837050135e+00 -2.117048977934874454e-01 4.437692047887622948e+00
1.207186719632144190e+00 1.303201993413108384e-02 4.631516030906886350e+00
1.018064155218842082e+00 2.588632632327343974e-01 4.301321216022554239e+00
1.205388848895616594e+00 -3.271336908848545555e-01 4.074178206124009272e+00
1.467261734893335001e+00 8.722007277778538459e-01 3.329920568196020447e+00
9.834670952406973088e-01 2.070454119825733130e-01 2.971644537586442425e+00
5.529307545423017833e-01 4.720841718135279641e-02 2.694741711794483852e+00
8.659421293264714103e-01 -2.006430513856072850e-01 3.397460931796608463e+00
1.071742778108377037e+00 6.139159545087798930e-01 3.517233768447651787e+00
1.219727306504565290e+00 1.745239066712122589e-01 2.985415794410032575e+00
9.832947335431131419e-01 3.353907766152080527e-01 2.859312144542051737e+00
3.130462092040080524e-01 2.946590978219088552e-01 3.030214438999758286e+00
3.130462092040080524e-01 2.946590978219088552e-01 3.030214438999758286e+00
8.131613516573223954e-01 3.118689891982353024e-01 2.784954632410932440e+00
1.145492667037294243e+00 2.981809574405516750e-01 2.856676208658446736e+00
1.474187556265828647e+00 5.322143542812072248e-01 2.489567188373283724e+00
1.489792668930007169e+00 2.139272993447149940e-02 1.578448731423906182e+00
1.017904819474112710e+00 3.477311601610144631e-01 1.609151631222737855e+00
1.410824253328899713e+00 3.486484641201476053e-01 2.002080577259206073e+00
1.807125448723613026e+00 -2.114819021147059941e-01 2.465056873527923464e+00
1.238683188019537917e+00 -4.205642185482718065e-01 2.281944470112060142e+00
1.051101097508150728e+00 2.139453740041251384e-01 2.560154078951716095e+00
6.324588747268661271e-01 2.639661612618487418e-01 2.000944331074845817e+00
4.168635081338583070e-01 4.784112370527555669e-01 1.544721296756593976e+00
4.986725163099688385e-01 -2.847495891387823164e-02 2.154653665861915979e+00
4.841885405554270938e-01 -7.498977886101458878e-01 2.259397429049003758e+00
6.474803979134647891e-01 -6.012480354906257762e-02 2.267223222518722103e+00
2.323836857439424280e-02 -3.558204477517963871e-01 2.654668024537479187e+00
1.014644817351669781e+00 -1.586507595386218994e-01 2.589183700896749318e+00
9.510583715218565715e-01 4.186451315145223728e-01 3.204211546328667115e+00
9.020644509633741759e-01 -3.872255188173781559e-01 3.004274293489424430e+00
1.083758200304162367e+00 -2.558921012898450753e-01 2.277713183443394573e+00
5.751257078027907088e-01 -2.988125240770918012e-01 2.620635349541545533e+00
8.583943408781871121e-01 -2.518727341931026875e-01 2.495259270741968294e+00
9.337101652079128344e-01 1.403156328444173651e-01 2.063430786085565405e+00
-1.231607567873710396e-02 -2.727479144803251487e-01 2.007324267218776104e+00
1.479388167300086654e-01 4.928930735096161975e-01 2.754860286636091171e+00
4.455938486103850904e-01 9.296848347175631910e-03 1.837670734141536144e+00
1.073273536487276747e+00 2.159555529840433141e-01 2.393896711042137415e+00
1.134995025535465940e+00 4.661417859516673312e-01 2.100572756183816558e+00
1.588222498721972853e+00 7.445702961571848411e-01 2.572045164623541158e+00
1.585241737852469912e+00 6.423208627037295670e-01 2.815261880569684738e+00
1.459766932202686718e+00 9.885014968465527518e-04 2.742066545578323744e+00
8.986161341413885228e-01 7.279956946267500673e-01 2.764955610530629215e+00
9.299171914197768007e-01 7.727268610064979004e-01 3.283753852013715058e+00
1.142452409749820097e+00 1.215763619657259431e+00 3.258715735295011129e+00
1.510658245696206103e+00 1.308461586206282945e+00 3.252522770967623433e+00
1.545088640532912061e+00 1.446787977688257731e+00 3.457056063519852618e+00
3.531014677143178293e-01 1.024908113874264837e+00 3.416458758017706376e+00
2.334844885482402488e-01 3.079179769895619145e-01 2.580704628438588166e+00
7.940682284988977990e-01 2.020236808078330060e-01 3.048534934594111956e+00
7.694669471180188847e-01 4.262843291582856242e-01 3.115931309210885125e+00
5.812243382521193880e-01 -7.767413318949799306e-02 2.412832560422764061e+00
1.285006809799608130e+00 3.577671737029838872e-01 2.524121465135162889e+00
1.184902029601990758e+00 2.310789270162151854e-01 1.921408640404183688e+00
1.015261646520429828e+00 -1.638512196788191599e-01 1.927942587648959982e+00
1.153689599236866981e+00 -2.068245522355141031e-01 1.197752415334988552e+00
1.337472734047099765e+00 -4.536665202759847526e-01 1.423628928023462858e+00
1.124624286795527395e+00 -4.095566384384918823e-01 1.202270366350939756e+00
6.572397587312974743e-01 -1.364229678670926260e-01 1.441175445815558787e+00
4.213184576290687211e-01 2.645246656335319135e-02 1.740748951431893232e+00
1.050170652712151043e+00 4.353610869234363911e-01 1.336003597468929271e+00
7.971853064308349612e-01 6.112775405920062299e-01 1.479883923675330060e+00
8.591201063111927327e-01 9.919863471905848717e-01 1.881808816235062576e+00
7.465511341768057418e-01 1.076513759395274272e+00 2.246044071512394158e+00
5.792623135746693963e-01 8.172693949351309550e-01 2.560950753438574257e+00
1.513287282679726342e+00 1.402936495107889758e+00 2.721136759983342479e+00
1.626470175644405547e+00 1.107435462267387205e+00 2.321929880946749680e+00
1.583748295346636192e+00 1.031538083331246636e+00 2.702367985852015764e+00
1.684648918004890694e+00 5.066887741734247275e-01 1.903851391894033407e+00
1.970752536580133718e+00 3.936850696832260299e-01 2.129535859891638072e+00
1.972349927072200915e+00 1.668007452009006575e-01 1.805101239489032228e+00
1.741400823228759220e+00 2.959553262859699885e-01 2.061516891737715795e+00
1.343357208943670500e+00 4.045444177954248821e-01 2.384147381933203302e+00
1.232598494791553145e+00 8.100543028743184548e-01 2.169307255170979332e+00
1.826291207204955747e+00 1.344660205355674654e+00 2.519116728031783214e+00
1.791202371464588605e+00 6.681488799659599520e-01 2.253285884547103990e+00
1.989477770864928274e+00 5.111721767903411040e-01 2.188694363597534220e+00
1.503967796701762394e+00 2.261176746412416894e-01 1.498468665500956476e+00
1.236335915969484445e+00 3.354438698097066962e-01 1.671023200478498838e+00
1.119285744476300026e+00 4.531864471804690209e-01 1.506491870801280442e+00
1.196769396442577404e+00 9.417122660774107645e-01 1.166954077803243894e+00
1.085452141415172989e+00 6.351497215141792552e-01 1.302133423648404120e+00
1.549715155526373289e+00 5.606175464605755998e-01 2.545943489541382831e+00
9.695413953607536772e-01 9.189885973839647670e-01 2.654163951261055310e+00
6.216813747167411197e-01 7.708966643436168109e-01 2.464777129052030169e+00
9.005036020151018228e-01 7.199461027090999776e-01 2.450106657872705096e+00
6.027908013610363547e-01 6.459677432763865079e-01 2.376960949804950207e+00
5.762435226545666866e-01 1.606883193053879610e-01 2.393893530677107417e+00
5.762435226545666866e-01 1.606883193053879610e-01 2.393893530677107417e+00
1.183502425642686706e+00 9.945343107680471029e-01 2.226649139134741162e+00
1.339538299486652262e+00 6.295330709291016014e-01 2.460891982893204766e+00
1.545570790343061773e+00 6.816779424426544498e-01 2.555249636315348294e+00
9.414372725991717594e-01 3.483069109761693372e-01 2.073678855729331083e+00
1.039520322671556807e+00 3.464042961088465988e-01 2.764616261353368021e+00
9.326996776513679643e-01 4.328954583745095452e-01 2.373458662275444997e+00
1.148515284690314608e+00 8.324069327294046916e-01 1.696865931215614021e+00
1.039736175471504209e+00 1.474232302738420208e-01 2.023020630216039173e+00
8.591098511390414805e-01 3.776189740664963601e-01 1.638053056131049789e+00
9.480884114670823370e-01 6.293455614558076672e-01 1.779989371213930971e+00
1.074017455660632114e+00 1.088030524804038279e+00 2.160027585010796169e+00
8.848031249862201575e-01 6.218139811530645211e-01 2.293966361378420249e+00
1.401587580728110627e+00 3.701826369362811175e-01 2.703196298012602306e+00
1.197375772091967550e+00 6.185214399719777267e-01 2.553647219213472042e+00
1.168707928720750688e+00 3.094482720211845228e-01 2.785898408445962371e+00
6.392849115025320827e-01 -1.188312444943475238e-01 2.956279281694249139e+00
6.787327491654427947e-01 -1.479274734334878189e-02 2.727576565023217103e+00
8.447010765955157430e-01 1.261115348643134237e-01 3.193277992899676843e+00
5.102518610924767772e-01 -3.446488045488591556e-01 2.751509894513105348e+00
1.396193441973455629e-01 1.418297224572170334e-01 3.461566647598381508e+00
1.874848039801230160e-01 -7.706843249438523336e-02 3.237167302858911189e+00
1.547969874793100886e-01 -6.568655054207837851e-02 3.607172565714950707e+00
1.253318788952743623e-01 -2.883458482325206296e-01 4.112741438228629143e+00
4.536508497834940701e-01 -7.009756642845627050e-02 3.428508067452210373e+00
6.927351916046943225e-01 6.333005612422505370e-01 3.398466046017475151e+00
1.152156495344980547e+00 -1.904035084120273835e-01 3.283157883909053609e+00
1.380098672867274612e+00 4.631792353998687162e-01 3.444152983512903887e+00
1.335084561154835869e+00 5.135600735083136748e-01 2.989698406344173609e+00
1.149225113800200315e+00 7.287049752477620101e-01 3.004583706493385353e+00
1.216673794874114423e+00 1.431088456385430252e+00 3.039164227049059086e+00
1.244030731342643747e+00 1.890076005637747691e+00 2.838528827096034490e+00
1.112059242185213126e+00 1.741108385357727384e+00 2.357066640224714238e+00
1.472553859196819470e+00 1.455390136589449934e+00 1.714778788637049800e+00
1.615278689303670800e+00 2.154777286469676589e+00 1.529035345297169446e+00
1.436883883642672055e+00 1.577395291734912108e+00 1.725830418281767642e+00
1.101430603686695875e+00 1.193189001308487152e+00 2.113145126542012697e+00
1.548381381911028365e+00 1.163639663343684738e+00 2.625015778667133759e+00
1.797612139506781226e+00 1.459398173138925614e+00 2.565663675817007938e+00
1.636364364388919634e+00 1.615027864413259850e+00 2.100757615061116468e+00
1.647857324885321662e+00 1.470258277901374200e+00 2.300991700082055225e+00
1.924029247538846743e+00 1.253302647632528188e+00 2.316429047362494220e+00
1.713544747994562467e+00 1.384335354249411898e+00 2.418027737256882581e+00
1.808597301802326918e+00 5.917245186797555068e-01 2.381993270203770052e+00
1.511122400416628375e+00 1.240309034391888332e+00 2.395040220580192170e+00
1.762067509928167963e+00 1.134055172018268998e+00 2.800795386873895954e+00
1.485340735634147036e+00 1.220997261396673972e+00 2.565333640691401573e+00
1.267173260433983151e+00 8.663463458914967275e-01 2.280086815630451458e+00
9.080108276219155394e-01 4.775626687995515041e-01 2.190764554100364414e+00
1.529308418588028573e+00 1.070000808393671621e+00 2.258392980771532166e+00
1.860739644046571994e+00 1.524774370564694115e+00 1.946691101084649711e+00
1.836513953542241007e+00 1.457414943743265967e+00 1.627188689305845148e+00
1.468411984020900007e+00 1.130110834299093092e+00 2.128189532247755089e+00
8.854608175822443750e-01 9.831721373880623061e-01 1.907814153820688974e+00
1.073470303604868947e+00 6.582446264416688120e-01 2.133235806755310104e+00
1.105998908239572476e+00 3.898626740500866772e-01 2.320637900285420052e+00
6.313185437351360729e-01 3.407641154009222184e-01 2.710191239295181020e+00
2.619720232560322493e-01 2.827026201799398564e-01 2.897515441057063601e+00
1.063670389304852693e+00 -9.117941827482083095e-02 2.711489635790840236e+00
1.543944843775803655e+00 -3.569569022596936203e-01 3.020495560956842684e+00
9.662658580230247818e-01 3.677310727001550372e-01 3.220195081017729333e+00
1.693927903535112245e+00 3.775990148099435673e-01 2.585446629405720564e+00
1.995988722213563493e+00 1.242424480380424523e+00 2.267337008325998937e+00
1.528818108058668912e+00 1.038615606786164491e+00 2.780194586514711297e+00
1.096937812452778438e+00 8.486050032403468224e-01 3.317412425895112094e+00
1.029645404107989215e+00 6.095345626504209413e-01 3.322494180299357058e+00
7.539777167160828242e-01 1.070007198347143612e-01 3.786261810476356793e+00
1.218878215175250190e+00 -7.287650982489231044e-01 3.663883333733683134e+00
1.106042908014709836e+00 -4.874529199436788973e-01 4.070252249947786005e+00
1.673152454311097381e+00 5.399657451476713721e-02 4.847636230215634612e+00
1.820552680529293310e+00 2.389841153286237016e-02 4.484759274759151815e+00
1.354394526446050406e+00 1.041929591589656895e-01 3.932650066282489476e+00
5.918035553564383600e-01 3.403181803646082026e-01 4.362284810414980285e+00
4.622743527696273613e-01 1.789374517100191520e-01 4.907582534893170312e+00
5.222591349085150547e-01 2.631703744206801421e-01 3.855762896334082868e+00
2.550616282113202793e-01 2.100165332754284214e-02 3.396545498041804834e+00
7.967924315496059950e-01 3.804929716803465145e-01 2.557431262560338148e+00
9.589311876785597821e-01 3.939458639626677305e-01 2.219025856414289954e+00
1.105008695666341412e+00 8.363643913956437803e-01 2.866271399320028390e+00
1.116688417002843936e+00 4.677334395274875267e-01 2.346830510532722069e+00
9.101499513639849104e-01 3.946860115352291976e-01 2.467323307874773164e+00
5.855333883807484208e-01 1.724485836205193190e-02 2.249719301606444954e+00
7.614697286807436960e-02 1.634930701641916506e-01 1.936746763302720664e+00
4.254763561837809349e-01 -1.431488418053233902e-01 2.301518700460163380e+00
8.173944636950145615e-01 -2.713025715169231633e-02 2.313814170383649671e+00
3.611993905004105554e-01 -1.915167069837115377e-01 2.385267088022106297e+00
4.680131979426735422e-01 -3.744800553513949470e-01 2.764462216054198951e+00
2.561540021690897340e-02 1.239625600491721935e-01 2.750566108495843931e+00
3.024984207403607073e-01 -2.555141018186234403e-01 2.262410411063047189e+00
6.573040340522989800e-01 -3.420515691360068167e-01 1.778303438379315260e+00
4.815002450819980684e-01 -1.864017503445011825e-01 1.797576832015348902e+00
-8.182595071831712252e-02 -4.615233725848457702e-01 1.811176067468637907e+00
3.563523577283539967e-01 -5.140865105054145401e-01 2.628395701284525821e+00
5.435258294489309083e-01 -3.990424893815268659e-01 3.239331005832714716e+00
7.212726720127915492e-01 1.587198803084680365e-01 3.665728621629216644e+00
8.355213611420626574e-01 8.698117361552484272e-01 3.993832308457711200e+00
1.073795185761709625e+00 1.299956010623132263e+00 4.150575302701719593e+00
9.373981243528926033e-01 1.418502492459370545e+00 3.532119162335206841e+00
5.432230855761730481e-01 1.367556227169507865e+00 4.065485184736126634e+00
6.729978938385183795e-01 5.984221331102878016e-01 4.341948770263216240e+00
1.115540985561966680e+00 6.245030620972946700e-01 5.088791710656211720e+00
8.567520439083805561e-01 -5.112317342832520262e-02 5.641508842759950682e+00
8.886413597407679665e-01 3.630198708856053891e-01 5.742456569808892297e+00
3.563782988348284109e-01 6.543763496729643192e-01 5.330857856103380144e+00
4.383544600181707995e-01 5.293636896152270621e-01 4.864432475573626569e+00
1.363155328743946182e+00 2.633787166651780920e-01 5.550606014304181102e+00
1.631399975018462234e+00 4.906576605750017084e-01 5.587171761323011410e+00
1.313190599327588304e+00 4.430036354304504043e-01 5.351403373541006481e+00
1.492597554478301891e+00 8.399053087059669132e-01 5.833049753941210724e+00
1.559002917825746071e+00 6.659655056054977207e-01 6.334381455790683013e+00
1.519643356230236719e+00 7.948289451762179381e-01 5.723383567735640831e+00
1.378957866284418188e+00 6.850453219245956626e-01 6.486994884007683204e+00
1.386916689116247214e+00 8.432348181493046768e-01 6.707666560279561097e+00
1.666528137276781507e+00 9.685471017968068086e-01 6.962886942573910609e+00
1.905009600319327756e+00 7.727486595238627354e-01 6.875467624560359425e+00
1.221980729723167736e+00 5.597109928519514721e-01 6.705675025991198801e+00
1.067355328026924788e+00 8.995028286413666585e-01 6.788444831351865716e+00
1.206033346252739502e+00 9.583532081889156728e-01 6.974135639286851429e+00
7.039795584388373051e-01 9.283582153801673842e-01 6.391696500831858252e+00
7.515304340632660285e-01 7.706167075327339244e-01 5.788913800257776465e+00
5.986437610214424554e-01 3.545964659205768088e-01 5.481477269178331113e+00
1.023768990908212384e+00 7.877143498697845858e-02 5.283645788170179713e+00
5.766913674448338467e-01 -5.952535108406696585e-02 4.945932108342384836e+00
6.633281134142208213e-01 2.066663202086690132e-01 4.567096763969201056e+00
8.965729155672029771e-01 9.205136210290836007e-02 4.339619588714260345e+00
5.401876399104741377e-01 1.938952810326776133e-01 3.722151721305946737e+00
5.328430439270073204e-01 8.557541876693683380e-02 3.805779419727367330e+00
8.923208422326718292e-01 4.754056587183694838e-01 2.786533057174856332e+00
6.796917539228490845e-01 -5.166135377592253608e-01 2.545419511843242777e+00
1.214540988868592075e-01 1.093689654655474741e-01 2.884947509655514608e+00
5.533608091689989905e-01 -3.286452917941425911e-01 2.574020868047390387e+00
2.837408599482627025e-01 2.033361507635370602e-01 2.739642475707704694e+00
8.146255878421454488e-02 3.236396242466622053e-01 1.845857044992592844e+00
7.266726764734767752e-01 2.688992349997018083e-01 1.875662241129151253e+00
1.021502833451666259e-01 -5.742153366485271970e-01 1.579720396296385942e+00
6.516658944466617864e-01 -3.525507412815582775e-01 1.772758799651941386e+00
1.936473545011417052e-01 3.658285414919639766e-01 1.306705352650802787e+00
7.591451426102717726e-01 6.410186449908974460e-01 1.426325696505339025e+00
1.204278553580539146e+00 9.805651453126784656e-01 1.222018577999891997e+00
9.265326917948378815e-01 1.457184577143764592e+00 1.256607284469979824e+00
1.622466127016860327e+00 9.598044609510829606e-01 1.658825473370994619e+00
1.123691293682730796e+00 6.216609449750467586e-01 1.587834876700275233e+00
1.011586138378824717e+00 5.413901443437255656e-01 2.613510226136713133e+00
1.392136181652891547e-01 2.680594119024754529e-01 2.444911522895815814e+00
3.172350285146963711e-01 3.042868920415858769e-01 2.525484394370867136e+00
3.316079016293578263e-01 1.033176915272643992e+00 2.255046796509021068e+00
1.182364547609556782e+00 1.125475200657067409e+00 2.435730622433304848e+00
6.995051458976540015e-01 6.713082845552132971e-01 2.239509865474260231e+00
1.148192213427814634e+00 8.238112273588882317e-01 1.742726636005896390e+00
1.717476549839502376e+00 3.021525527687239920e-01 2.132170949650207703e+00
1.235347343674253029e+00 9.641019265806252125e-01 1.817409303284287514e+00
1.511570811230022127e+00 7.791579485764780211e-01 1.530569634675217783e+00
1.126939457114114695e+00 1.732371790505523867e-01 1.918894939289595758e+00
5.245204594668732012e-01 1.553355702638367919e-01 2.232584252509310474e+00
3.346860697545023799e-01 3.585034818246822241e-01 2.572353205865181458e+00
8.478272256066369250e-01 1.479708843734296730e-01 2.461066306097897449e+00
6.333648791515219534e-01 2.269804145503181991e-01 2.481705777839249283e+00
7.466364266408853645e-01 3.615100086716863115e-01 3.047643436065366807e+00
1.541589628148667623e+00 5.608795661508855224e-01 3.026316838026470002e+00
1.599948366430854030e+00 5.281249732802354435e-01 2.734020890182986552e+00
9.589478590590287954e-01 6.557806544431757922e-01 3.446646681140609125e+00
7.198828495106648351e-01 4.200434165094272254e-01 3.074399106347768917e+00
7.275268319677510309e-01 8.385382359848506106e-02 2.875556190851825900e+00
1.061195901413012566e+00 4.190525458497348921e-01 2.730815563147657610e+00
1.647570014716224218e+00 1.368074045440518249e+00 2.862425885553667282e+00
1.881303188805211857e+00 1.621347697797993259e+00 2.894893037864756380e+00
1.819704323778441823e+00 1.880342393794304456e+00 3.071848730502980462e+00
2.150001822620236425e+00 1.243951623752223679e+00 3.095561522336923499e+00
2.380319315532066327e+00 1.158898019477070829e+00 2.424617297003051064e+00
2.749821917665554061e+00 1.137734362805004285e+00 2.213391606318204197e+00
2.304448544991600123e+00 1.139480195437749144e+00 3.002733625070280965e+00
2.211278256334655357e+00 1.161350805935137620e+00 2.996828722565507253e+00
1.945316100773129886e+00 1.300001818597325887e+00 2.926742915760037977e+00
1.731538717258135351e+00 1.831650737556413278e+00 2.442185440765114457e+00
1.420933783189395117e+00 1.496661641198048676e+00 2.831923886267124324e+00
6.971781150416970219e-01 6.281937202641217910e-01 2.540735737086750934e+00
1.463073582382848903e+00 1.940100969502394912e-01 2.444656466200576528e+00
1.496909629235473105e+00 -5.874164314081394000e-02 2.953094288452401628e+00
1.275436675059538061e+00 5.182433468156855128e-01 2.999415100002777113e+00
1.073750697809591648e+00 3.208827709035674269e-01 2.986790307028888591e+00
1.266102929832725543e+00 4.241577293041615682e-01 3.051542729938105047e+00
1.124534996680193633e+00 4.650916883356683296e-01 3.263598185480778735e+00
7.968959647241953270e-01 6.703613093696014769e-01 3.365669167653633664e+00
6.611660753210223396e-01 8.011506594978995421e-01 3.924923911952948874e+00
6.968270480504804576e-01 5.742196689933821707e-01 3.503903634664438993e+00
9.216677946161543344e-01 1.072189309997693130e+00 3.180975299437486914e+00
9.622357439730248041e-01 8.701016158988423843e-01 3.282989807062279830e+00
1.161809598146316125e+00 3.207156850753520305e-02 3.249337865702274897e+00
5.635164952285696138e-01 4.754078191704251832e-01 3.559188398292018274e+00
1.084042352402585285e+00 -3.614316251549968273e-01 3.734590360142948651e+00
1.079243687070350566e+00 -8.504534628805558716e-02 2.975492239569949238e+00
5.482165662883524693e-01 1.957952690798842599e-01 2.614328340786534532e+00
9.700559063399378790e-01 6.412838579075950951e-02 2.040201847025060911e+00
2.193333903946087737e+00 1.795632341507444052e-01 2.067532065872790703e+00
1.865136633019799595e+00 7.731729233290712822e-01 2.127806608469263505e+00
1.798187137542283542e+00 5.700451875589473971e-01 2.262650627621622501e+00
1.487184176720535822e+00 7.461502080121230618e-01 2.131259465773476247e+00
2.388688893270288993e+00 7.802913031910906350e-01 2.427070166980870969e+00
2.298337579955106680e+00 1.217374859726973790e+00 2.168837664279612998e+00
2.029888417685925539e+00 1.335006196136208301e+00 2.104096690090904165e+00
2.249650371377400759e+00 7.704265751296102138e-01 2.165246128088913480e+00
1.842905508676184079e+00 1.309259211529407052e+00 2.040641791842606967e+00
1.519586961834425320e+00 8.712207334279543636e-01 2.143227717730962212e+00
1.441031028601561514e+00 9.541134354541970231e-01 2.030458991646053146e+00
1.466699063755688925e+00 1.125506415051485520e+00 1.653795632677999894e+00
1.030466579356063228e+00 6.943987566716411930e-01 1.535773457276372822e+00
1.464752381326562158e+00 6.717522767506755033e-01 1.787429942848105080e+00
2.462600084264208622e+00 -5.200414966667701866e-02 1.715226828799364611e+00
1.574401679069321824e+00 1.181455149155286877e-01 1.949941301752021072e+00
1.524374291266035186e+00 -1.266783153083010476e-02 1.500635122747749239e+00
1.191799828611199263e+00 3.437763831090769329e-01 2.302679495025756307e+00
1.538357596486823464e+00 2.149199691528380640e-01 2.491105032237061145e+00
7.468871620427993685e-01 9.499361797348916669e-02 2.670837561873213861e+00
3.206003326326369307e-01 -7.534485933981293071e-01 2.598782144530835669e+00
3.690717456044352307e-01 -2.748879287653588355e-01 2.903293183242100284e+00
2.624921791434737806e-01 3.666381569910358573e-01 3.372226635026384756e+00
4.429421178971130746e-01 5.611225679594399329e-01 2.808696275168632184e+00
4.324246245130687893e-01 4.270569817289180947e-01 3.080342268102574277e+00
9.091853798580170620e-01 2.171927622157834303e-01 2.331856844827782549e+00
-8.158341041207814448e-02 -1.821848003203258015e-01 2.266309092980087314e+00
5.231974925311497771e-01 -4.178044326613742365e-01 2.454556121533289392e+00
5.023010615812500967e-01 1.639858711095833199e-01 2.023163152415218491e+00
9.791928544514137966e-01 3.959568576246780824e-01 1.997661286913277712e+00
7.607582588384026456e-01 2.248598318837280730e-01 2.271527555278844979e+00
7.592377333544337858e-01 3.046335506315455133e-01 2.056514115665461162e+00
6.649768086815246448e-01 6.763844168927694023e-01 2.162315602195265196e+00
1.024922997480671061e+00 9.099392036407566442e-01 2.538624607881283968e+00
7.303932074725634216e-01 -5.201791597932166056e-01 1.984436341771617984e+00
8.426991603354804239e-01 -4.772109237242872504e-01 2.009552563198893971e+00
1.754563871241372475e-01 -5.772097308919512670e-01 2.320566356385692419e+00
6.363968292933324111e-01 -1.693964460932919636e-01 2.408282667735951676e+00
6.187237162009985303e-01 -3.336295404037094570e-01 2.528289834142087855e+00
7.301723432375677447e-01 7.593510891476382141e-02 2.390484162580583938e+00
6.963288867947831084e-01 2.026264651263743888e-01 2.407227864927368177e+00
9.402529762329434604e-01 3.006439867224608431e-01 2.167914055380226301e+00
1.040351677451681445e+00 2.612244026528531271e-01 2.879271876683676012e+00
6.828319891696941202e-01 2.939015208254230349e-01 2.284718460727125589e+00
3.791286088606210525e-01 -1.857525057736985619e-01 2.506533792494078483e+00
4.975354038618918229e-01 -3.541333170676091990e-01 2.735758898490033175e+00
3.750798233648061086e-01 8.047906459531681267e-02 2.538518500342373141e+00
5.843255686516456437e-01 -1.951753551230281658e-01 2.858230541256844059e+00
2.949741555300467999e-01 -1.966834299492481175e-01 2.846640357695330970e+00
3.809281834072663631e-01 9.380606519512960095e-04 3.320683466879382539e+00
8.595770743304529393e-01 1.380320925865876659e-02 2.716929274249508808e+00
8.086174626029076773e-01 -7.199647680963291441e-01 2.954367668787647006e+00
1.937788950726322956e-01 -3.950074549463383766e-01 2.837151881299118550e+00
6.972454091838086176e-01 -3.979651112639438493e-01 3.333859505734887652e+00
7.595775186430494541e-01 -5.585478960729144127e-02 3.211819338604976704e+00
1.100190837716758407e+00 -2.040957537226288365e-01 3.409783479563726516e+00
9.945481681821676245e-01 -1.498590219008354152e-01 2.575005245471799764e+00
9.454565298637608306e-01 -8.940711623503030947e-02 2.500200882859154650e+00
1.191577649095365565e+00 2.212144095131927390e-01 2.076470902337856916e+00
1.119823011842875360e+00 -6.022592574062630988e-02 1.775423969985608919e+00
1.237829792985794430e+00 3.995902017474329271e-01 1.865215411145463298e+00
1.044329190721410949e+00 5.685695843434778185e-01 1.604767602187904707e+00
6.885923283865413858e-01 4.544057004717606540e-01 8.022572222176663770e-01
2.549445451758914905e-01 3.806133169252624016e-01 1.717670037425874430e+00
5.435789340843756312e-01 9.484538156041787127e-02 2.158199466455006377e+00
7.104014817214219235e-01 1.636822736650757892e-01 2.498132087305728888e+00
5.120270207444183042e-01 -3.672275713243158130e-02 2.495524135907210450e+00
1.149728475684592244e+00 -2.660267005191237488e-01 2.595935801540848686e+00
3.713321840864491907e-01 -1.652203601719424986e-02 2.783040083499017214e+00
6.020361837946981431e-01 -3.834163307350100386e-02 3.045956413257638218e+00
9.488761123462399749e-02 -2.792575932467267208e-01 3.202593367413110403e+00
3.756022457131176218e-01 -4.076727253034845289e-01 3.128263236869573305e+00
8.094641361608365671e-01 -4.863804751089056411e-01 3.217954033188437979e+00
1.127158653078183193e+00 1.441902154686367510e-01 3.486186770860639772e+00
9.898354752557076974e-01 -5.935121610592233310e-01 3.611582417319377125e+00
4.934722272799266229e-01 -1.742792526527403019e-01 3.191723134816960794e+00
7.254110311447419246e-01 -2.074348637793235195e-01 3.252607076438140066e+00
2.686318533835623246e-01 -5.959774783592141079e-01 3.230808782983978666e+00
7.721183732700750979e-02 2.436022730537898140e-01 2.404269153753369359e+00
7.721183732700750979e-02 2.436022730537898140e-01 2.404269153753369359e+00
3.560741984223284584e-01 3.557051400452407863e-01 1.624397131500503244e+00
8.067126173931947752e-01 7.600400903355722937e-01 1.146879267754243648e+00
6.067786979021048133e-01 2.548890632637098586e-01 1.689888011377417953e+00
8.348293971420446269e-01 -1.363047778633816043e-01 1.015226969501389132e+00
3.952262801893730026e-02 -2.057336903219549318e-01 1.821305609506608691e+00
5.512127077507594786e-01 -1.687739199845337268e-01 1.664513763796495738e+00
5.419933637713921781e-01 1.751694507063360773e-01 2.041968555937275553e+00
7.709577803490176295e-01 -8.797843930830519243e-02 2.463235727799561570e+00
5.558465378707622140e-01 -2.094173047187879722e-01 2.666546364420793402e+00
9.348402543996137126e-01 -3.501749507804855499e-01 3.350703320319806888e+00
7.807032164467737623e-01 -6.820834564635340491e-02 2.818083185173986038e+00
5.593371667304940509e-01 -3.779455378651128128e-01 2.434737470442366991e+00
4.377549597874527132e-01 -3.131416413795550246e-01 2.465262995645004285e+00
9.209355868222843799e-01 9.760846138557785490e-02 3.306169567947505161e+00
5.284083835308341914e-01 2.159293934124212611e-01 3.243475342849852172e+00
5.104373094383599652e-01 -1.065646940770890033e-01 3.317704440569165580e+00
8.738993584710753604e-01 -8.472429831844324744e-02 3.348717000480264883e+00
1.067473503756791509e+00 5.759628432090017069e-01 2.745394335397459251e+00
1.771265444453871796e+00 1.088978301648307750e-01 3.108013859045731131e+00
1.832150431736598195e+00 4.038350535962807464e-01 2.677188372681225115e+00
1.365825586653658164e+00 7.263167931557731327e-01 3.480447645508494059e+00
6.783239925291153494e-01 2.360260815582306271e-01 3.707394321760249412e+00
1.730729563235309520e-01 1.558143307230218100e-01 2.778102448701440963e+00
2.706911470342078241e-01 3.951972578050057527e-01 2.836154640610118349e+00
2.431173058122750308e-01 4.847461312168494518e-01 2.500278065723660514e+00
1.550258610414140814e-01 8.087650648273456699e-01 2.286089007767633241e+00
9.913928357085095566e-01 2.978752494102410719e-01 2.376812353344361473e+00
1.540710967275600085e+00 9.516086848068791015e-01 3.155164817516319609e+00
1.414615543695164179e+00 1.040335436979887396e+00 2.839705149133444184e+00
1.073564078138820710e+00 8.857261988658001739e-01 3.145084399873575798e+00
1.097585167341763368e+00 4.303799221057203472e-01 2.876445758295408162e+00
9.310239347438460378e-01 1.855355439643832927e-01 3.177920671459450563e+00
7.844331764597458623e-01 7.432408644993425406e-02 3.349253894603147153e+00
6.949920100588179439e-01 1.960474150627314061e-01 4.196799887306760901e+00
7.355584370153712692e-01 8.034063660137333862e-01 4.246802323267979240e+00
1.042384912507198669e+00 1.135511684964783663e-01 3.924402911474091038e+00
1.060469774339388271e+00 7.270962697423660748e-01 3.583627909645058285e+00
1.278822389715733809e+00 2.760160556004411792e-01 3.053082810519388346e+00
9.592732202318643431e-01 9.261293483533479254e-01 3.087830984196614725e+00
6.940448278429265372e-01 2.696772217782287262e-01 3.187049025069007779e+00
1.125876914128012274e+00 -8.823496509617607952e-02 4.538758920320796086e+00
7.569222798700543375e-01 -5.986774011943641893e-01 4.503468475377982116e+00
6.858918008621295304e-01 8.481397349218688930e-02 3.876935090575226894e+00
9.606210267747703480e-01 3.306493448417013870e-01 4.201122678845819358e+00
1.039833628900285412e+00 8.529732535673779648e-01 3.865764102403703717e+00
1.804003475445365767e+00 4.819351276537277018e-01 3.429670266550033375e+00
1.477570244071126693e+00 9.374477686157383083e-01 3.829601009031850190e+00
1.728374039184261690e+00 1.072772910114620171e+00 3.409686214367757096e+00
1.308651157382648034e+00 7.594783159807713124e-01 3.376058420752447997e+00
1.663222702521834684e+00 6.111560379962450718e-01 2.758200677514938803e+00
1.856851933699495305e+00 5.186817980349938129e-01 2.761892008964107248e+00
2.335126685450485517e+00 5.133960768304813849e-01 3.483934008362066681e+00
2.467935054995913813e+00 1.171970271211810077e+00 3.140322669605150718e+00
2.660999605091667330e+00 7.100758949334227133e-01 3.576059482722271810e+00
2.503844437870585082e+00 1.192644533823913777e+00 4.068936423792034240e+00
2.538335174803231009e+00 1.210562591411891153e+00 4.337091967942740212e+00
2.567157849234436906e+00 1.282652693619639628e+00 4.087690484271218949e+00
1.933465937190975925e+00 1.096710354139144528e+00 3.222419304727570655e+00
1.771390514257979110e+00 1.217545226946105785e+00 3.457665754220596188e+00
1.931394483031691589e+00 1.032823448649528908e+00 2.773978444342127148e+00
1.525361885312758403e+00 1.365789242381703517e+00 3.270475202441478491e+00
1.112949619947031898e+00 1.143819245293226983e+00 3.056379657708278241e+00
1.450394168513126081e+00 1.378931773000967365e+00 3.406069889389570005e+00
1.547395969402424631e+00 8.042642366812328136e-01 3.507200449104340034e+00
1.314695495259991187e+00 9.885546651891961023e-01 3.595861921902269831e+00
1.716035363915638490e+00 6.704585166575254274e-01 3.468051552660023962e+00
1.135217737857061371e+00 7.128164066243117825e-01 3.520064323630745839e+00
1.103212587136088274e+00 1.217880582322592664e+00 3.423814128683239755e+00
7.616007467754223326e-01 6.443846459168032226e-01 3.504078420703150343e+00
1.294059847612452963e+00 5.127104309912788871e-01 3.909934688700905436e+00
9.372247313055418472e-01 7.366401088977019285e-01 4.039461874758836224e+00
1.011685288552405693e+00 6.174734586676711157e-02 3.869085385168292035e+00
3.325535768717059470e-01 1.323381817091874579e-02 4.030361116872055227e+00
4.470890183442441934e-01 -2.113792776485448610e-01 4.085746330559015149e+00
3.849358697820802755e-01 7.453538972151981801e-01 4.285903729109452165e+00
4.479774899522050990e-01 2.777305534038895796e-01 4.272123578895455687e+00
4.527197157994200527e-01 5.852024613225488281e-01 4.151569945557799457e+00
9.496597018600685391e-01 5.011831794189386402e-01 4.450276647577244837e+00
1.028939123507541575e+00 -8.608957480099266313e-02 4.312687520935333474e+00
9.493765555307768222e-01 1.098908605924148185e+00 4.343433558101797765e+00
5.442861343557744425e-01 5.021047574352281995e-01 4.748403947633867972e+00
3.357545055308555626e-01 6.782756053717455824e-01 4.469764994467629649e+00
2.367579811977700288e-01 1.436236441010081410e-01 4.553103337024455577e+00
2.966285946879569368e-01 -1.246869430420429192e-01 4.380464628972594809e+00
1.051793054423647122e+00 -1.956415963704132011e-02 4.555699702459726552e+00
1.221366276226233838e+00 1.124374281784391860e-01 4.561351243265539424e+00
7.815154772190295862e-01 -1.156872540481470799e-02 4.199716659765918791e+00
7.613961747994939522e-01 4.558940850284493029e-01 4.101840120834742365e+00
5.861092506922974676e-01 4.123894856586751700e-01 3.929388269812805312e+00
1.293254446620206055e+00 2.325603799050838250e-01 3.980653805437884607e+00
8.390785045631058425e-01 -1.727665777479201609e-02 3.230141462202508862e+00
6.612860848734559704e-01 -7.498084051053379717e-01 3.299202844826996994e+00
5.710455475895611643e-01 -9.858666139641944492e-02 2.850648192399556802e+00
3.259978991090636269e-01 3.435168197087054009e-01 2.999761409897711673e+00
7.664812047796214500e-01 7.277888112201028603e-01 3.051816917690438835e+00
2.271510178861948503e-01 7.396150464702953009e-01 3.404510435344938912e+00
7.161321834689640120e-01 6.887558861038023394e-01 2.942038372712072025e+00
8.866203004826734846e-01 1.023985183680503175e+00 3.277707356447034037e+00
5.162659623920720087e-01 4.391665175694405843e-01 3.000181424807222275e+00
6.678960646939947621e-01 4.483787778596260987e-01 2.594808545948127154e+00
1.103387746646075751e+00 5.377320369807828682e-01 2.160193625209862578e+00
9.725120225494900961e-01 3.436092020302229377e-01 2.259373273783047864e+00
9.900761664057545763e-01 1.081956500218232087e+00 2.714112467919413074e+00
1.460192579302805216e+00 1.184850858434686405e+00 3.492859957931649717e+00
1.171498337547393520e+00 1.071696840197622125e+00 2.595559235516591290e+00
1.166376329981875903e+00 4.658412408285553252e-01 3.108044622772463406e+00
1.112450922661708086e+00 -5.194143845267792936e-02 2.903279786684542341e+00
1.427387246964934020e+00 2.511878475188146220e-01 3.608153569925088178e+00
1.193614502060335480e+00 4.090023646851695949e-01 3.662659115101912999e+00
8.660411981493869593e-01 -2.483759537131290107e-02 3.827473952222709919e+00
1.080436305967579447e+00 -2.064003649677100261e-01 3.530196545475053238e+00
9.667805843469579052e-01 4.707535406967808256e-02 2.770790479587879940e+00
6.416468622705476799e-01 4.756447308259297707e-02 2.807967342868872507e+00
8.051261782309057091e-01 -3.680190446873948251e-01 2.618627097799357539e+00
1.091586781603113510e+00 -3.770505017778510992e-02 1.474314931054144795e+00
1.091179923029967025e+00 -1.300803710883520758e-01 1.950196113349602856e+00
4.673800958829323893e-01 -5.996895144090282903e-01 2.322787796855401599e+00
2.957661567799571012e-01 8.292514341901091601e-03 2.413274083449479246e+00
4.184688291801810234e-01 -6.402286528909613417e-02 2.415698046992761139e+00
6.076217961103909104e-01 -1.327604308472695727e-01 2.166274534491379633e+00
6.940205265549244107e-01 1.383919540062867326e-01 2.893155315364931646e+00
2.489506091578364555e-01 1.748827192248554041e-01 3.025019515336186959e+00
3.497592271387066631e-01 -3.218280171050724170e-01 2.515750419480347055e+00
1.131034096166496861e+00 -1.993832305810979422e-01 2.701978874263667674e+00
1.553829224989047519e+00 -2.490558948038417708e-01 2.964277975482065397e+00
1.218628401573790265e+00 9.661231491133162597e-02 3.090947758371415333e+00
1.086573603275152289e+00 -5.079574629630346783e-01 3.189137672404853685e+00
8.784063244518727220e-01 8.374350785475059844e-02 2.555697039929190950e+00
9.116798274714458250e-01 5.152285556858958726e-01 2.061974814503698461e+00
7.503530513942516800e-01 -5.833209593994649611e-02 2.043416510242953343e+00
1.170733109775154324e+00 2.127655685336719560e-01 2.191929062749282675e+00
6.963574786356963031e-01 3.556169202077251734e-01 2.084653077175225189e+00
1.147399281991627218e+00 -3.368340550057203342e-01 1.514133803556681368e+00
1.120972679034557329e+00 -2.919949003862465364e-01 9.973836519708049186e-01
1.662103386009662787e+00 4.558222192743358603e-01 1.333024002130532404e+00
1.736448409142407501e+00 -1.450539130781610120e-01 1.600100853415449942e+00
1.080582708838712325e+00 1.376097519545667613e-01 1.859601457575553951e+00
1.364560600112662003e-01 2.464075576718665617e-01 1.528831122593215408e+00
2.075977431018405928e-01 -1.660290071410275847e-01 1.664580017397272238e+00
1.888669935823292234e-01 -3.147486666904534269e-01 1.779216245713774347e+00
5.834832940445310312e-01 -2.969078298646751213e-01 1.586143251404882548e+00
3.362689376135370445e-01 3.023685352690996808e-01 1.948894465883647120e+00
9.854342239324453967e-01 3.090128510853660249e-01 1.713170700014096992e+00
4.878536321442484835e-01 4.318407298683378248e-01 1.638523729375162219e+00
4.878536321442484835e-01 4.318407298683378248e-01 1.638523729375162219e+00
7.056087755438920084e-01 3.177293722634918494e-01 2.187182299633898097e+00
2.537160094678147515e-01 4.199117364707481981e-01 2.140498528175863946e+00
5.143673340848995412e-01 -1.145801555177979464e-01 1.965622487106486238e+00
6.285285652114813715e-01 -6.812269603671130547e-01 2.236232432300681694e+00
4.849366118662572500e-01 -5.469027934728964979e-01 2.508014561934983622e+00
5.770906731816113355e-01 2.610047778423466580e-01 2.461881752608884089e+00
8.034049134747537346e-01 2.206243292691843216e-01 2.914682294464163270e+00
9.024598201515267037e-01 3.452393891102351065e-01 3.467795811183811860e+00
4.984397253083831525e-01 8.911705661784811161e-01 3.119535302343807714e+00
8.436805963868696523e-01 9.983900534631043877e-01 3.341191992083811790e+00
1.438871817999623826e+00 1.107157093030609385e+00 4.116744420428399387e+00
1.877966690715192843e+00 1.718453199324581737e+00 4.611924607245204477e+00
1.199286135783667717e+00 1.645238251305581656e+00 4.263411956437693995e+00
1.709581957159967747e+00 1.411006537649612369e+00 4.301752064162202238e+00
1.214288208806038272e+00 1.499774699292901525e+00 4.332892458843843997e+00
1.540643596731369858e+00 1.918044634742093191e+00 4.130229108385539583e+00
8.091109423105806719e-01 8.119938954856273927e-01 4.183353180065403798e+00
7.421675005886579912e-01 3.846115119282415007e-01 3.998172620612204575e+00
7.912848648234246385e-01 3.361353333385964648e-01 3.315448683205487690e+00
8.463181943884201530e-01 6.993916108827116229e-01 3.700008038589061243e+00
2.955007330228299200e-01 3.527219593550728338e-01 4.085290365668931223e+00
4.823556037805897256e-01 9.474573871453628726e-01 4.684920875387271089e+00
1.034813730631045203e+00 9.537634923508484519e-01 4.688078577108732325e+00
1.138091355514267322e+00 8.760048071598186548e-01 4.823130636961656670e+00
5.505846178293070103e-01 1.344679417689509160e+00 4.897871316458167534e+00
1.400582477466688403e+00 8.944061324904994947e-01 4.500134980483913694e+00
1.415724172678240800e+00 2.941092279207460081e-01 4.906044878848359048e+00
1.176242510600164159e+00 -2.150583471157090920e-01 4.547950050906425012e+00
7.442488173090842096e-01 3.137726236425399939e-01 4.848832500940426726e+00
1.501155454839340875e+00 5.171456269906078429e-01 4.258978682561185281e+00
1.116254273821980059e+00 9.705569484213557585e-01 4.351142467216972065e+00
1.092628806460544943e+00 7.967397933917773623e-01 3.842031305543372355e+00
1.371285551902303723e+00 -6.543582419170929088e-02 3.721902239148925151e+00
1.567199827643040999e+00 3.900304639042458943e-01 3.556348394345134167e+00
1.491223677436797290e+00 -7.611865234881838305e-01 3.808097297634598810e+00
7.267572230366254882e-01 -7.912463544230086132e-01 4.095729732656478994e+00
8.941582767474302029e-01 6.721633534592144632e-02 4.228987677655299038e+00
1.170851999927462250e+00 -6.464445673658870961e-02 4.056698525507872688e+00
1.355023919484191541e+00 7.635356268393852508e-01 4.446118288835751109e+00
1.410036467821407236e+00 8.315068759836939938e-01 4.672080530702912071e+00
1.367446353911417001e+00 1.058211734080556354e+00 4.014861059999572213e+00
1.276183144505677047e+00 4.778002853847217457e-01 3.163383081324617319e+00
8.256367119084486728e-01 -1.248747392617040458e-01 3.083548092721620115e+00
7.658339758326782043e-02 -8.604512350100892992e-02 2.726218321008956114e+00
7.007354385996443780e-01 -3.573643155275447736e-01 2.527798629706264233e+00
9.125055623712066133e-01 2.792364181415634139e-01 2.595761157028708688e+00
-1.543891898377113547e-01 -9.961842948077596904e-02 2.415131905738320928e+00
4.402833724755775835e-01 2.646927392355640785e-01 2.448849297251916912e+00
3.228457437672801467e-01 1.499774161604287281e-01 1.974921783118922969e+00
5.494385060994702030e-01 4.711318852967986137e-01 2.191696588297843640e+00
5.905835549669471440e-01 1.180881908053117713e-01 1.060191305111454430e+00
1.327520194462678882e+00 -3.935727756047510129e-01 1.828500283703756502e+00
1.739433230139824760e+00 -3.039493278075589000e-01 1.577884367408239008e+00
1.378727162733269118e+00 3.948196026213932064e-02 2.259302400890899953e+00
1.029806653650677140e+00 -1.465395045925735051e-01 2.260560172538805812e+00
8.641349792150377906e-01 5.107821610491084519e-01 2.183083202186832938e+00
5.942642252482838172e-01 3.493421048109323079e-01 1.894992568528819366e+00
2.832442241634921531e-01 6.210718668653364416e-01 2.471103626501054418e+00
5.834293342408789496e-01 5.780941103433410166e-01 2.660335565703786820e+00
9.088767746847890017e-01 3.241727101709816483e-01 2.618132311237549192e+00
7.196010922099694840e-01 -1.591760774747004170e-01 2.832306937097457844e+00
1.140339784894039088e+00 -2.928251183217677189e-01 2.853267062123173936e+00
6.996665577519800561e-01 -2.351278676994677519e-01 2.350966964412774640e+00
4.570957759954878408e-01 5.455468145719834239e-02 2.731833263492772890e+00
5.809538746444973256e-01 -4.449115124222462470e-01 3.182927725278403841e+00
9.089821035678378180e-01 2.646039289796465188e-01 3.400318147501648181e+00
8.445234265476060376e-01 -1.766331646964405810e-01 3.117827745076695134e+00
6.083141242206754340e-01 1.162114023581335281e-01 3.361319180799700490e+00
8.086014777670256226e-01 -2.692652506905243714e-01 3.288536570566302775e+00
9.787797372849725841e-01 -2.697263366090495995e-01 2.881016894293338737e+00
1.309515917787553718e+00 -3.098532869983594562e-01 3.226356362969907465e+00
1.379507859611268650e+00 1.837204558681203304e-01 3.594000619224606119e+00
1.327911552218198121e+00 3.743517474068114304e-01 3.637487294163078921e+00
9.795962425664659357e-01 9.818528846072939187e-01 3.486280349203836337e+00
8.431068908512522331e-01 4.703714470476889620e-01 3.772191837339847087e+00
7.228650432350277599e-01 -2.590528588590401693e-02 3.611930217709236057e+00
4.476684049149711186e-01 -3.098695811029009151e-01 3.408210357348494757e+00
2.401137139568974843e-01 -6.364311756596194858e-01 3.712520537930028119e+00
5.073407785407806347e-01 3.699848195567142506e-01 4.252632851446857210e+00
4.161804002990561746e-01 1.714707041644983887e-01 4.673304901867552985e+00
1.154035758177312854e+00 2.615331828667395997e-01 5.039026419304807547e+00
9.771463096376378221e-01 2.121071146807405605e-01 5.029823274668189015e+00
8.385797718096493769e-01 -2.988321490109888123e-01 4.187566759259072846e+00
8.243840753999458482e-01 -4.858103721132858710e-02 3.655246258374096779e+00
6.298830828293913164e-01 -2.160303790980568905e-01 3.589149043678585116e+00
5.568868713582732916e-02 -1.202317799555533973e-01 3.831702359935766466e+00
7.058114595913309586e-01 1.682232486857075937e-01 4.378611336681151656e+00
1.140321412124221112e+00 -1.371552338825761663e-01 3.212713190213366321e+00
1.380531382732406609e+00 6.554292749849374156e-01 2.917455420992843163e+00
9.860315639882257788e-01 1.067818691480182824e+00 2.926672461023632987e+00
1.117691627413511135e+00 1.282317551828754176e+00 2.763721105415163581e+00
4.433397236143427622e-01 7.953870386343731003e-01 3.376681538791697079e+00
1.187633246334068193e+00 1.110961471423239866e+00 3.309104273284527498e+00
1.322419254382221077e+00 7.307633585825722422e-01 3.342307699399375664e+00
1.347334701373097410e+00 1.182885449405429057e+00 3.654670124195593672e+00
1.154564515297030081e+00 9.955268345070118485e-01 3.213851358682307868e+00
1.647900515923765852e+00 8.905649545379329401e-01 3.553989535966906921e+00
1.163379776399059429e+00 1.140483927308961754e+00 3.826469599228342844e+00
1.395390570913469297e+00 1.878386988722327455e+00 3.172064353528037284e+00
8.975609079275106428e-01 9.209971677347549290e-01 2.995329526079191229e+00
8.956045995552180949e-01 4.379529085633305785e-01 2.712902000929229285e+00
8.979606348372068947e-01 3.373547995753267692e-02 2.249734128487488771e+00
9.975695846813794621e-01 3.254715121473515937e-01 2.731358418817614098e+00
8.227404085918067489e-01 -8.063227848479737059e-02 3.064206193487785335e+00
4.290031877479575928e-01 -3.452937785607473886e-01 2.727367196858796472e+00
5.542559758232434852e-01 -7.211553135388307223e-03 3.169057266593991340e+00
7.980628879122282637e-02 1.280586356096572731e-01 3.656861162085542905e+00
2.323830791292022802e-01 -1.695876394723511704e-01 3.303662529546279814e+00
4.929822282865166105e-01 -4.090852178296983804e-02 3.610466860310679760e+00
-3.995802856610217169e-02 -1.639330574369956828e-01 3.199010498347281573e+00
1.529858640665628655e-01 -1.069127939344286737e+00 2.943053167146703064e+00
5.222165189060993251e-01 -6.705396781686616681e-01 3.421059413797414628e+00
5.012332307057145719e-01 -1.547936561097411345e-01 3.178938111757419360e+00
3.082333444937212508e-01 2.835880828614240623e-01 3.153636646644221830e+00
1.358687498305903574e-01 2.981180428406278171e-01 3.055779543465421799e+00
6.809110781597732531e-01 8.615841885052796800e-02 2.896362813699393524e+00
6.264338687991241050e-01 5.483120837220854110e-02 3.855465401623140220e+00
7.364435520717022010e-01 -1.880923514035498512e-02 4.109084780381908608e+00
6.622285375246991235e-01 -1.225067895030098053e-01 4.503505979119993619e+00
6.174592492401920207e-01 -1.390655733196095589e-01 3.795654415052601927e+00
9.449399352661663753e-01 2.855995519518637060e-01 4.026403451000361677e+00
8.180649174396399381e-01 5.791739059543787871e-01 4.323820184508237574e+00
9.037631038769677883e-01 3.529027344685016776e-01 4.108586010175740100e+00
7.305140262769196369e-01 1.926016992322231169e-02 3.480206211663613658e+00
7.005681609282295996e-01 1.835793299561523650e-01 3.311692132538309075e+00
6.177023114223789690e-01 4.514995394791179728e-01 3.542867576209177027e+00
3.608536444269002663e-01 2.922522383085425779e-01 3.823640074086669838e+00
2.997824958081501401e-01 4.892039559863356479e-02 4.345641772196194630e+00
3.926157146605021575e-01 8.428091856319182285e-02 3.271141076178425422e+00
6.723886819504224510e-01 1.833948531510205815e-01 3.595727539915405391e+00
3.158065741413352279e-01 -1.044373654060462564e-02 3.580539146005377926e+00
8.768788878969420164e-01 -3.256750203051013148e-01 3.671403806285841842e+00
3.895135119069393914e-01 -2.543549231826478518e-01 3.801842849490420395e+00
1.561604162132269880e-01 1.479154175322425768e-01 3.526640528682367659e+00
5.766754243655107803e-01 -3.959877647899400638e-02 3.608934144548256118e+00
7.193115735375607001e-01 -2.223170364417108302e-02 4.608066891315799829e+00
1.228493801552199338e+00 -4.753990271988144389e-01 4.372592637066600396e+00
5.450530497126778728e-01 1.929647138006022888e-01 3.956590602030392922e+00
7.582869577611117684e-01 6.155833283224262376e-01 4.218227340226469835e+00
1.085249599131113740e+00 4.112859120493167486e-03 3.961730446909411008e+00
1.783564869963341737e+00 9.112948944028190223e-02 4.194199294400926981e+00
1.780052681826176819e+00 8.390001553627104425e-01 4.493066263901975610e+00
1.535285473908165388e+00 7.205839409968597398e-01 4.605315467775581872e+00
1.351630564531814516e+00 -6.403015113849816475e-02 4.733558281412388880e+00
1.573247274588744027e+00 1.882335951367671359e-02 4.753243153076355476e+00
1.305197774317542248e+00 2.553033311746674694e-01 4.753229418169431675e+00
7.793776956587988858e-01 1.291433020972774237e-01 4.249675384777446219e+00
1.056151235076500328e+00 1.475356570633003239e-02 4.388133828202988695e+00
4.681043170267544795e-01 -3.095932849306329282e-01 4.140610819292378508e+00
7.633008172937547631e-01 1.061656874502553832e-01 3.734220737825660663e+00
7.130958733943693062e-01 3.598656876377488989e-01 3.497428983537670177e+00
3.958992350962883822e-01 -2.590220883263925078e-01 3.581460996893315318e+00
4.670604253632445468e-01 2.201715797335677682e-01 2.977925034954402861e+00
6.388024722890368601e-01 -1.804830646399924743e-01 2.093703113436337748e+00
4.412098948715220126e-01 -2.047102262016286534e-01 2.499707057193238047e+00
9.219012969328396201e-01 1.685628546097602543e-01 2.432162803594177358e+00
9.747684874633113505e-01 -7.791926580341529407e-03 1.770542731013041715e+00
2.426580233088833638e-01 2.161069839263070613e-01 1.641360645715562505e+00
9.188879893960854028e-01 3.088078747973573290e-01 1.970732170270641959e+00
8.697985746242601346e-01 1.185072054249036277e+00 2.249281315899061440e+00
1.098044971255134117e+00 1.206354142458846201e+00 2.024392600741274251e+00
5.964524416536268747e-01 7.483888397769992151e-01 1.774539357444658183e+00
1.431784755708693790e-01 5.177929759782703978e-02 1.572403395052295316e+00
7.577314484351237445e-01 -1.715857186426994474e-02 1.376814670540789765e+00
8.469410387844193977e-01 -5.063348028070676632e-01 1.298404838981909615e+00
3.364534091694467155e-01 -2.898145942281837861e-02 1.351860407578479695e+00
8.134533889732055156e-01 2.240109038103287042e-01 1.949070187538857191e+00
1.270522623876912949e+00 1.165809581072179968e-01 1.507260599671701895e+00
1.251522684085001336e+00 -1.518502349949161501e-01 1.695982573743561650e+00
9.366024599933820971e-01 -3.346799556793250141e-01 1.282383655894794749e+00
6.791374512917438544e-01 -2.006108857325602512e-01 1.614059988861962669e+00
6.324450384719974005e-01 3.211106222707571511e-01 2.394596870942979905e+00
9.553843902246248465e-01 7.808659791480869472e-03 2.691294106084441751e+00
4.813148849483006586e-01 -1.600079420383000162e-01 2.774041265446864024e+00
1.089395837595791505e+00 -1.430778470016629556e-01 2.818874702978983127e+00
1.135974029684543085e+00 -6.480326067007452506e-01 2.784768043504572965e+00
7.588314730859779811e-01 3.063252107645254574e-01 3.160421304929283970e+00
7.420415515874628776e-01 -5.175074585314464182e-01 3.186836158919829298e+00
9.011727124535852118e-01 -5.423151161142926169e-01 2.935256059989244104e+00
9.183579754912535309e-02 -3.268886083494134676e-01 2.588758962656160012e+00
1.138171631001870576e+00 1.475719566085942347e-01 2.820928238078189487e+00
7.280795209993266015e-01 -1.561541071764906141e-03 2.909164951791651799e+00
3.250529434875832901e-01 -4.702888246359726021e-01 3.076685482411757988e+00
4.823740276760898338e-01 -4.876270258405255298e-01 2.860260569400755681e+00
8.779195640132133605e-01 -2.694678214720593323e-01 3.123933704379956655e+00
4.979893242038761492e-01 -1.512339111184563822e-01 2.914881469324178909e+00
5.239631463115567156e-01 2.829242877697225600e-01 2.687487399206641925e+00
6.541675877263594119e-01 -2.764595517216662524e-01 2.910841529584462961e+00
1.592551733659234026e-01 2.642806025291029315e-02 2.776297885587124981e+00
2.977027608099084288e-01 3.912566186960182435e-01 2.898439323774311127e+00
6.335253400380794764e-01 2.863194719499873031e-01 2.838687757380799148e+00
3.389143680815109860e-01 -3.775498261381705078e-01 3.503655131566585812e+00
5.112096369657886941e-01 -6.856551826889180079e-01 3.473421618074386430e+00
5.409222162468692030e-01 1.625543995482531812e-01 2.936828315663626565e+00
8.798571962678679581e-01 -1.293504886080520389e-01 3.264555218580744267e+00
1.156426220502671853e+00 -5.389058460550406604e-01 3.598188292185800385e+00
1.288148284198016968e+00 -3.459772660505278652e-01 3.799376070465644073e+00
1.658687695131650708e+00 -2.206218743835205998e-01 3.555845884830633796e+00
1.226745527299367922e+00 9.140265448573544615e-01 3.745871938966485626e+00
1.344982939237121311e+00 1.004667730920448587e+00 3.391753771991572464e+00
9.824434607825940358e-01 7.014829392724765134e-01 2.885371434871924379e+00
1.161726632054922215e+00 8.261760564032037957e-01 3.105786519501423371e+00
7.987151034190494991e-01 2.866444637507042925e-01 2.995192043509813384e+00
6.485736186499517775e-01 8.046349163329413745e-01 3.283636855812262834e+00
9.890099830708323214e-01 6.657053983836543898e-01 3.024051560313978371e+00
7.819768608839723356e-01 7.283721455646038345e-01 2.828299169720939865e+00
8.493059609631634643e-01 2.658019281339757400e-01 2.855052405079952393e+00
5.658111681005186799e-01 -1.612749531375068934e-01 2.814114128694109151e+00
1.214465866732196364e+00 1.115467358396527442e-01 3.639618916663917236e+00
1.162218024979908115e+00 4.056625339963022547e-01 4.371444196393433401e+00
1.245718989954032629e+00 1.134494441579302793e+00 4.504684695100525715e+00
1.170938589373885952e+00 6.094591714610406163e-02 5.133875577521271438e+00
1.053933321060975148e+00 -1.919392282384038417e-01 5.015880502374409744e+00
1.397892237993875852e+00 -1.323181783270433731e-01 4.590466697541924823e+00
1.444941096464474883e+00 1.411083401891344735e+00 4.332348549848132002e+00
8.748073350614378185e-01 1.165080554790231870e+00 4.588345745564406997e+00
1.275220075178750134e+00 1.149591395619054879e+00 4.989062711594707267e+00
1.126998349347091199e+00 6.644253576492855640e-01 5.190360318542522222e+00
1.260341883852061695e+00 2.178277406686338624e-01 4.997982425833240150e+00
1.428051688179283296e+00 -3.797909512891870509e-01 5.112793289157642640e+00
1.426296887178684969e+00 6.408636158093428126e-01 4.354234779423021173e+00
2.182819842128861598e+00 8.162359887142784931e-01 3.762036350184508215e+00
1.702402735012806367e+00 5.938966683742160635e-01 3.693272104275941992e+00
1.561207260135631936e+00 7.054831847401309419e-01 3.589881326110169191e+00
1.326387417293712012e+00 -4.876451184918748627e-01 2.650268119478972118e+00
1.149290657145814354e+00 -3.741078876470382841e-01 1.862406197443145839e+00
6.073928107473448579e-01 -3.338153540672360309e-02 1.986925515562456335e+00
9.948021760973801975e-01 2.056934421014784409e-01 2.530529064542907047e+00
1.084745056998259294e+00 9.242338398796794419e-01 1.979112435152072136e+00
8.877572668682399692e-01 4.788908349539632847e-01 2.150868643189038476e+00
1.324563072135525488e+00 5.355401587077353309e-02 2.567042365546510663e+00
1.430495296821416629e+00 -3.550257413952506713e-01 2.170422144176599399e+00
6.378742698963091318e-01 -7.420455894520473772e-02 2.489874575123833367e+00
8.270129675286682636e-01 1.582993028326394880e-01 2.806662043594973621e+00
7.030556110559798011e-01 -8.965883887440993100e-03 3.264112733964509072e+00
3.642514333326115072e-01 2.829166073596478190e-02 3.979392668469375671e+00
7.447031136024475639e-01 -5.421177780567010274e-02 3.848105936093976887e+00
7.491789983597069158e-01 -2.981200297012884248e-01 3.817645106791539789e+00
1.324656645976176161e+00 -2.039685335380674314e-01 3.549470384281676605e+00
1.059985951192951248e+00 2.492171072397986742e-01 3.520431753477597958e+00
1.152010797760371519e+00 4.273444662654733439e-01 3.577266077315594650e+00
7.221520707218267443e-01 2.835978771377449248e-01 3.143380132091449397e+00
1.329709276310301558e+00 6.563138060866932078e-01 3.096483063955151938e+00
1.531211628882247711e+00 1.891324932636309630e-01 2.511278410907600733e+00
1.313730777954754014e+00 2.404484466433874090e-01 2.606073428125135649e+00
1.001783976209101423e+00 6.030324906317265921e-01 2.995277339242436110e+00
6.273138092647059239e-01 4.678750620579517072e-01 2.825828127569425252e+00
6.273138092647059239e-01 4.678750620579517072e-01 2.825828127569425252e+00
1.202530428941054108e+00 8.533953420571642745e-01 3.161104928271279313e+00
1.479450531934047852e+00 9.721133591820056985e-01 3.120007023049096162e+00
1.760867668004269637e+00 4.663511187909079592e-01 2.610908070211846788e+00
1.400465657071380932e+00 6.307092524672825995e-01 2.920496898228333027e+00
1.393743541516188955e+00 7.352839782599028817e-01 3.076986550269946274e+00
1.404489105634971757e+00 5.992568601518264426e-01 3.718791895212468557e+00
7.801415254851317149e-01 4.310918052175106707e-01 4.378675712753277161e+00
1.076314258351044106e+00 3.804902646134254440e-01 4.294876136689636859e+00
1.155123375132298458e+00 4.466643964532708289e-01 3.989999923604745646e+00
8.892488568350255251e-01 2.014365093877727442e-01 3.818866945389328471e+00
1.126245298430957220e+00 1.360300584839988502e-01 4.626912763269753093e+00
1.074051867730431598e+00 5.390977361525330080e-02 4.803828172055877310e+00
5.891138879127817418e-01 1.786400585474531011e-01 4.912852513318047620e+00
8.689186958561411211e-01 2.418081774455043964e-01 4.958981468024728834e+00
7.366881465874334234e-01 -4.005966785247523920e-01 5.159738477517555211e+00
8.260110394255399946e-01 1.835935292188967949e-01 5.463759470877141311e+00
6.474744670069635388e-01 4.825025143434564373e-02 5.245901142984025434e+00
6.691132789595569674e-01 -6.376312392465943724e-01 4.661563977343305076e+00
8.896435125564096102e-01 -5.293096808122944585e-01 5.074415883444828523e+00
1.063423295529329904e+00 -1.662476249604845357e-01 5.617316600258130066e+00
1.351109165657207845e+00 -8.994271085979250735e-01 5.527204980686299507e+00
8.488823443494858401e-01 -2.703541588638632698e-01 5.207037893046057242e+00
5.739848040854461653e-01 -2.042769789023893279e-01 5.254585525140036850e+00
5.951500838206221777e-01 -1.832572624781645398e-01 4.627585149004795895e+00
4.524984559761774383e-02 1.575255475595467858e-01 4.752401164141423884e+00
4.073856133291548498e-01 8.117523558440248310e-01 3.965320612383012033e+00
6.603699135634257811e-01 3.328558089671161957e-01 3.709219627007648956e+00
6.986428109483772131e-01 -1.369055324943336260e-01 3.373871806408839547e+00
4.570624883538154659e-01 5.970704053852764204e-02 3.071255053965157522e+00
3.220673808164416507e-01 -3.278489059081806517e-02 3.081886758711550822e+00
1.996281454476509232e-01 2.840658162226690764e-01 2.778389775208697010e+00
1.445589253622026060e-01 2.647283979187286529e-01 3.178328996250441296e+00
7.808155128570750669e-01 -6.607801589781322482e-01 3.289665508497759294e+00
3.004542621303372130e-01 -6.216162695138840455e-01 3.130396964496234613e+00
6.117654764584121718e-01 2.602494855074154456e-01 3.272064833924565708e+00
5.238548246882867021e-01 2.102236178255580124e-01 3.590665980622530284e+00
1.238475292383938386e+00 8.491923212239006480e-01 3.777095420274198201e+00
1.114757775230748038e+00 3.570714713311735622e-01 3.658484341008766627e+00
1.777961993039556488e+00 2.453639404595529122e-02 3.636651610748279584e+00
1.087362404197203203e+00 -2.943783085227152374e-01 3.478522478870752721e+00
2.434246238189224365e-01 2.516620729830744696e-01 3.639183983649171950e+00
5.820532956901880439e-01 -3.028565600067523872e-02 3.543424127824888803e+00
1.336302709110012810e+00 2.938806537395101115e-01 3.217662650831364157e+00
8.411959940072809561e-01 3.840687582964203983e-01 2.915675266144610589e+00
1.256278454200593142e+00 5.374762402878996426e-01 2.205590718614652168e+00
1.945797834167816820e+00 2.595122916956689174e-01 2.671361653353182763e+00
1.850048421931924203e+00 2.234439119836085508e-01 2.247252440457851108e+00
2.015497799395278289e+00 4.830469423220921099e-01 2.705774412732284251e+00
1.396116208872118403e+00 5.021859659259285680e-01 3.135109274984883232e+00
1.117912008545155045e+00 1.582959443833990565e-01 3.253116399234687428e+00
2.630734451890500147e-01 1.816088099822075197e-01 3.081618436426798890e+00
1.136167077087567590e+00 -1.927825961032411661e-01 2.381573797533382386e+00
1.256330286543830388e+00 3.147584214906350430e-01 1.949810942554757398e+00
9.854287548548350539e-01 -1.600351288524894389e-01 2.142440889291650663e+00
9.478712171478580473e-01 -6.972168053153007250e-01 2.503109328025290292e+00
2.540861382870161500e-01 -7.999899795191860452e-01 2.586821058893039371e+00
7.163674706089762090e-01 -3.736857945239103751e-01 2.554472807864799577e+00
6.658004936348019820e-01 1.069358934730456345e-02 1.740388182831602348e+00
5.212638551797051933e-01 2.663749402871126715e-01 1.501235440618448713e+00
2.033020924145171882e-01 -3.830733512151306419e-01 1.431359173403120355e+00
5.495152419962270329e-01 3.148527353662580186e-01 1.734771078387856269e+00
8.802605367080563736e-01 5.800586504071982841e-01 1.318994720059897263e+00
1.482645527779917538e+00 3.496475968956251901e-01 1.678949115851120499e+00
9.699428721093865668e-01 1.133548577518082856e-01 1.724881135552362554e+00
1.451784658785650439e+00 8.484766171138956592e-01 1.635525489081875339e+00
1.293876125526940424e+00 9.259176901419529093e-01 1.339747362624201354e+00
9.951760976614203447e-01 1.341107562804232822e+00 6.207860931612886324e-01
1.311853000894611432e+00 1.154466302342547435e+00 1.714155518680129164e+00
1.528638350119830402e+00 9.280945323738942765e-01 1.747444392075585107e+00
1.422449203559010611e+00 9.297064864194295453e-01 1.940225351932550524e+00
1.667256938882059281e+00 7.088536140727633716e-01 2.023086307431081643e+00
8.963990380287945037e-01 5.202730263466245342e-01 1.429857611664359318e+00
6.851841074966663614e-01 5.980282536957617356e-01 1.499628964582564228e+00
3.133034645640073723e-01 6.504563007136234809e-01 1.826152129911656985e+00
7.483413518033152911e-01 1.294576815578352136e-01 2.201307689138281898e+00
5.305559362757025221e-01 3.440014843031315855e-02 1.896644744006430683e+00
8.103157638974027854e-01 4.133015837855635310e-01 1.808405900469526317e+00
7.227584536642460700e-01 9.516413411073035844e-01 1.634934294936201571e+00
2.497324126041648440e-01 8.038882512055343099e-01 2.073459197598330750e+00
3.472152379579987458e-01 6.251853493713517285e-01 1.853639306124029718e+00
6.189545880668905209e-01 6.543602811633348892e-01 1.820649212370319070e+00
2.589808319151830074e-01 3.184023982463173308e-01 1.295408574804072011e+00
4.372558871825101834e-01 4.333246796962459402e-01 1.640752406560894938e+00
4.849160854869796200e-01 5.095864631361058938e-01 1.392770970057140456e+00
3.897645944344744762e-01 1.340311708985719164e-01 1.706901606505567548e+00
4.862565774366252036e-01 -9.662687089808144614e-02 1.864438655106834153e+00
7.362819433519887102e-01 6.571978469582565596e-01 2.050322125283078112e+00
8.919740910493266783e-01 3.727577371484356861e-01 1.668420846095588939e+00
1.243286366189318759e+00 3.818721129832852723e-01 1.849045865960843305e+00
5.796908745564718357e-01 5.373210494947360250e-01 2.735391913262560148e+00
1.050408670012904944e+00 6.218021554596743217e-01 2.582144141753374811e+00
6.358530213160291655e-01 -7.469419594597670464e-02 2.309571256077151968e+00
1.269365667937025544e+00 9.426404915452573086e-01 2.453704519861984235e+00
7.056363363609425843e-01 4.932908017434264325e-01 2.136127550533399422e+00
5.832469761586660528e-01 3.608882446538441702e-01 2.160617355582407750e+00
5.392245925342653567e-01 3.590168331164184101e-03 2.142864220220116245e+00
8.814728902685815548e-01 -2.908344149841944892e-01 2.376146510183667182e+00
4.376422382238796538e-01 1.693707933595010595e-01 2.298104771218251852e+00
6.020818990578844510e-01 2.066385188623855451e-01 2.271347166959218900e+00
3.381618707687936709e-01 -4.165622210646144907e-01 2.396594339464404921e+00
4.440734536482710548e-01 -6.846413693801962630e-01 2.785894684557308043e+00
2.636311360143893667e-01 1.068099009137972177e-01 2.162070621861156283e+00
6.495763008230527324e-01 1.753461145934541165e-01 2.111231835364267617e+00
6.106753659758236141e-01 -3.684600741099510746e-01 2.393628594029560297e+00
2.567531559560515264e-01 9.136327882898799546e-02 2.111607905366811089e+00
8.255256761379148323e-01 1.414098088235416217e-01 1.616486208267229774e+00
7.456171266205801063e-01 4.187299380143140182e-01 2.104125465822032748e+00
7.399698713838820385e-01 2.530640289358163653e-01 3.237924326633713878e+00
6.203156853650918512e-01 2.623196080525211915e-01 3.211250890743324593e+00
5.157947752919960216e-01 3.464812965589696980e-01 3.326371111006896086e+00
9.135025799131704094e-01 -3.604766543138362422e-01 3.525580337958815758e+00
9.270237718416964867e-01 -2.656326397276932427e-01 2.748992465709778177e+00
6.623337187094235912e-01 -3.381326868638991345e-01 2.822606602258757924e+00
3.447061036741079776e-01 -4.211789830506534327e-01 3.274277677975088618e+00
9.371081256951589999e-01 -5.621105562037025383e-01 3.717818857378828223e+00
5.848589147463896243e-01 -4.609467266514266637e-01 3.759932094083543230e+00
5.451991418780829379e-01 2.051010818287149207e-01 4.075853471824572694e+00
2.838807678566506176e-01 2.567979012601627198e-01 4.205429983711869824e+00
7.427778418425888818e-01 -7.552768565924054822e-02 4.493843618660325667e+00
8.442502922973025292e-01 -1.785465717362298699e-01 4.324381859801973427e+00
8.741458150523142567e-01 -5.983663181434538680e-01 4.052971684696760946e+00
1.698444715627776547e-01 -5.767318390877270717e-01 3.944379412751325198e+00
2.880036408600452624e-01 -3.597862219275975715e-01 3.533387221286149238e+00
6.049561988432570203e-01 -5.960326045089586744e-01 3.788053240951380296e+00
5.974846984585409360e-02 -2.797920102453863578e-01 4.284231433186239890e+00
2.512422215217826604e-01 -1.183893389551551600e-01 3.461640663578486876e+00
1.191548917185334400e+00 -3.039848625647277869e-01 3.204282365956003353e+00
1.256257407572426876e+00 -1.533622107978048488e-01 2.955106044468930993e+00
1.354463547238773158e+00 7.901079173781500042e-01 3.238931371466225340e+00
7.273291157738916990e-01 7.627501323694891866e-01 3.618630092880182669e+00
4.755806189031883124e-01 3.174045010557167146e-01 3.712622816733768705e+00
1.005232350139309450e+00 7.870727294537021024e-01 3.798577442175055108e+00
9.548091745377785822e-01 9.354917845014019129e-01 4.075688527057097943e+00
1.096042840016449027e+00 3.777776426399407361e-01 3.461067288878544090e+00
8.104783897056772046e-01 -1.351051990869717168e-01 3.135924960745313683e+00
5.526680466196599584e-01 -7.184120964563861511e-03 3.623234602184708830e+00
9.361768680800330866e-01 1.860678069809335589e-01 3.467915115789562019e+00
1.389196955182009807e+00 7.213264153290365188e-01 3.689287649574295447e+00
1.403792371724513544e+00 2.138096524495916029e-01 3.128457461054754862e+00
1.306467573831648021e+00 7.552141162524336204e-01 3.071607895206629912e+00
5.751997833990496467e-01 6.158207183649160310e-01 2.951438256757802137e+00
1.162121827185218281e+00 6.945531481088188519e-01 3.358838552967639224e+00
5.758872349581913852e-01 4.346721360857607186e-01 3.185366462393403264e+00
8.690003747620845820e-01 -1.399377713646239862e-01 3.023459198068533471e+00
1.066599244734554919e+00 -1.245393410960762559e-01 2.522408888899873247e+00
9.158399990550912806e-01 5.997763825590189946e-01 1.682160798346637787e+00
5.348875389620362242e-01 4.286748807366369540e-01 1.721259557979278432e+00
4.972217080093584429e-01 6.843199410903714197e-01 1.377479953615778463e+00
1.539218253349479593e+00 6.719949952650656755e-01 2.523889032854729209e+00
1.280716583637759420e+00 5.158332478453407921e-01 2.579886666081800062e+00
1.390840024103692674e+00 3.143978094874333995e-01 2.542359760501666788e+00
1.045354412057411642e+00 3.488714955899364090e-01 2.049557121403719595e+00
1.043307297535303935e+00 -8.423217021671328131e-03 1.573621131381393701e+00
5.401942210354767626e-01 -4.738121788839315118e-01 2.072980034985847375e+00
4.226253800528454452e-01 -2.021293849518020769e-01 2.093243140989978990e+00
4.985003178683606873e-01 -2.291121615338526096e-01 2.342972872180153487e+00
9.209138699289236563e-01 5.931593652368740699e-01 2.789118164092358576e+00
7.212871593822659522e-01 -5.527977656564736497e-02 2.145417828044443809e+00
7.212871593822659522e-01 -5.527977656564736497e-02 2.145417828044443809e+00
4.516325040368307508e-01 -1.001124108254927564e-01 1.940321998277118043e+00
8.006011491254851897e-01 -3.813311923839939055e-02 1.720296253203363435e+00
4.696145751147798308e-01 9.622179448641432487e-02 1.804251809959260155e+00
5.732532989581325955e-01 -7.485204047771787383e-02 2.354554837813846557e+00
8.474474277579787662e-01 -7.369087133877904039e-01 3.222793559549505638e+00
2.754968757375736432e-01 -4.503618024111412654e-01 3.049235849977722346e+00
1.050380384129341316e+00 -4.837503295196269315e-01 3.058596918394681730e+00
7.844650269887529781e-01 -9.919808623374556933e-02 3.179067302113567361e+00
1.877038704821552551e-01 -3.256252690629232727e-01 3.114307073040985419e+00
7.033886225421319693e-01 -4.120720236679538129e-01 3.081700575417615884e+00
6.440632979079853604e-02 -4.957317504442593781e-01 2.395915942042949442e+00
8.290460046836913843e-01 -1.227973182612307756e-01 2.283513521758276266e+00
3.098789756605542789e-01 -5.736957598450243001e-02 2.369740689450693161e+00
6.256090663075941638e-01 -2.026537722717814960e-01 2.550701086400872342e+00
6.801359335794543437e-01 7.583576762777680114e-02 2.739376393446848024e+00
3.444514351660191154e-01 4.198854636937898038e-02 1.999707602157450914e+00
6.485607215032300754e-01 7.010566602058582175e-02 2.332700927587571194e+00
1.342726118059223372e+00 4.115092361002951615e-01 2.397916997723509969e+00
1.339914627839686290e+00 4.485446634044500946e-01 2.620337324777739507e+00
1.273704943876493134e+00 4.023664858640519926e-01 2.041433185841504905e+00
7.862096020985585021e-01 -2.480427152010297454e-01 2.595018901837221836e+00
3.309640189737626526e-01 -3.064531678044318808e-01 3.100762487682230173e+00
-3.804383869239534588e-02 -2.807810529614261363e-01 2.299500930408022281e+00
3.751710027817695137e-01 1.669066544706277466e-01 2.187017223324449589e+00
7.324470496753197057e-01 2.737267157201226930e-01 2.276594990229824145e+00
1.061352784707294550e+00 -2.083343407475187203e-01 2.266302710758449024e+00
5.895540127799517860e-01 3.079987869038593173e-02 2.748123221503000924e+00
6.897451949010058314e-01 -2.870782943098495674e-02 2.620929259381303833e+00
2.141392486746884205e-01 -5.776101278570576827e-03 2.103586011165208269e+00
7.255573347765099657e-01 3.253835459093194493e-01 2.329689404110807160e+00
4.107480164886659901e-01 -8.368409582741412334e-02 2.868882009039726011e+00
4.628189558890378752e-01 1.011867006545791453e-01 3.141373731968950089e+00
2.862468238727389758e-01 -6.409804998514291585e-02 3.077303120479121912e+00
6.121298397013490156e-02 4.909674951216890793e-01 2.748762155145953123e+00
2.040414343468189284e-01 2.214964167239784620e-01 2.858289011377249889e+00
7.674386651300341144e-02 1.851124847476878776e-01 2.982167039322755286e+00
7.243454169303651380e-01 2.782797782025760447e-01 3.047582094316716450e+00
3.899590081575576295e-01 7.574438875993776410e-01 3.188132675422746143e+00
6.308772803851138145e-01 -3.222740624485896932e-01 2.936677824424749339e+00
2.499460823266171916e-01 -1.933884967799602561e-02 3.080111929967851214e+00
5.142466251673057931e-01 -7.129286441545051867e-01 2.310544096371978995e+00
1.106026697765301325e-01 -2.888104290633169424e-01 2.443449211257642695e+00
3.671734134416228534e-01 -2.452148530404674454e-01 2.288697895117343339e+00
1.933875258354825766e-01 -6.964908000901198770e-02 2.158105314969296806e+00
5.507008668538854179e-01 -8.009637153505571039e-01 2.143972431020390257e+00
3.016526721704629876e-01 -9.752107331924555478e-01 2.703405495213573317e+00
6.812090787845926920e-01 -8.308430860183600997e-01 2.897361357321370789e+00
4.310669321225867878e-01 -5.249887825033111577e-01 2.573554915360547479e+00
5.496547506057762877e-01 -1.947089071831232809e-01 2.017838554079584235e+00
8.696230612976908469e-01 -3.668868047805878274e-01 2.360005198634496537e+00
8.386085460884674658e-01 7.468330482671250992e-02 2.194199070608182200e+00
4.868821570524199394e-01 8.108138325311119166e-02 2.224407978546579123e+00
6.440143705528347251e-01 -9.409127234790776173e-02 2.921661844170254874e+00
4.514841688914393858e-01 2.848358839825518851e-01 2.871191640114772348e+00
5.980752504653074064e-01 4.172808780781067095e-01 2.843690007658596475e+00
3.993317342775802303e-01 2.441466222813714892e-01 3.406900141593269815e+00
1.155816229803905859e+00 -1.642284652456831029e-01 3.344743060938604184e+00
1.596317996072602885e-01 3.786293614191531542e-01 3.357061816833909251e+00
2.239332187294579835e-01 1.962809078443896460e-01 2.664404889979844260e+00
8.317777533394028477e-01 -8.688025196907266101e-02 2.605730668393287708e+00
4.272134952795072493e-01 4.459102574381157980e-01 2.323071846993306711e+00
1.354452148990503979e-01 7.452635636728422996e-01 3.414130562928385348e+00
8.487320122261812205e-01 7.610141577784299560e-01 3.589025826674033137e+00
7.546703867466346694e-01 9.891854309177271487e-01 3.406106893084329901e+00
8.928440094320619913e-01 1.409728768418697431e+00 3.068705846213112487e+00
9.574711264261488441e-01 5.811005847185539697e-01 3.341867177617529716e+00
8.666599354691574275e-01 4.664916047161496437e-01 3.506653141794857209e+00
1.273183227343575030e+00 4.814300165890046945e-01 3.990682952163781660e+00
1.515671700575201397e+00 4.172961940392951319e-01 4.146589956547432898e+00
1.441416002519060324e+00 4.058979423138678322e-01 3.878969674374276089e+00
8.740269702472120983e-01 3.117623560055556298e-01 3.085017546317424308e+00
1.032086661233454911e-01 4.272285884417451607e-01 3.219153358287000000e+00
4.368441718745326163e-01 -2.266709451392312225e-01 3.071093352304994362e+00
3.959879752880416937e-01 -7.914419962417467147e-01 3.173235988990346534e+00
3.809647905340888263e-01 -7.080306404000861198e-01 3.086195475030482083e+00
1.014975000733528310e+00 -2.143984673349103032e-01 3.266206155129375066e+00
8.267485849464831782e-01 1.043325373581175802e-01 3.265345493185549675e+00
2.047169134707466087e-01 -5.111221394668770124e-01 4.016362146991308002e+00
1.179530030038818511e+00 -1.071658682800765011e-01 3.440240605920982908e+00
1.177186834718174202e+00 5.177915767650329570e-01 3.514754504605564822e+00
1.202201783663970902e+00 6.422784693122912669e-01 3.577748461715311912e+00
1.205289733224016668e+00 3.542443258914006465e-01 3.327514981684648987e+00
1.375428520849253822e+00 2.478276176362973482e-01 3.231407134111295321e+00
1.141606431014785761e+00 4.898326022265456769e-01 3.476144595997835207e+00
1.630882856542424930e+00 6.315085022894001421e-01 3.984700866489566451e+00
1.559854621258980112e+00 8.764215381796277571e-01 3.679859997793499371e+00
1.539957558588756825e+00 4.387598765056383021e-01 2.968041152494561796e+00
1.271351101571253750e+00 5.696907644123437864e-01 3.254529723774953087e+00
1.374829984449258191e+00 3.992253946979620882e-01 3.062103845111333378e+00
1.016278469961780173e+00 3.992141189986240235e-01 2.559640695892188678e+00
1.507439292535673880e+00 9.097505253861339902e-01 2.260579074344548633e+00
1.322871693847505359e+00 1.920840878080790182e+00 2.579559734108897828e+00
1.661987863558794354e+00 1.663953600542044331e+00 3.339387518251113462e+00
1.889735010395121817e+00 1.219883040100503635e+00 3.407731099812366438e+00
2.173900247428357524e+00 5.189059263150551660e-01 2.627945236810668383e+00
2.182530560647599316e+00 6.286796796361182604e-01 2.263591619892673545e+00
1.549001318489688472e+00 -1.751142257952924275e-02 2.836140156301221182e+00
9.113830367805891841e-01 7.744588995589023195e-02 2.403907128921959568e+00
3.868009696356629057e-01 -1.937774995819514512e-01 2.533933634734170326e+00
2.424492777369336993e-01 1.346179203124673596e-01 3.326740055668086171e+00
1.123944350360880362e+00 -1.704150221010874641e-02 2.847410310938892408e+00
1.323683722166733467e+00 2.924708803343989416e-01 2.228275702512731105e+00
1.116153692999719116e+00 -6.483627441782464640e-01 1.925376181870880998e+00
1.245887861447276590e+00 3.246677556724045233e-01 2.478649447693306751e+00
8.190200218433836277e-01 -2.674960571077690252e-01 2.531726906121549714e+00
5.090842621351273634e-01 -4.647891801703048498e-01 2.333915116231510378e+00
5.989781500247423063e-01 6.328212908107085088e-02 2.771382947739997604e+00
9.353127405263579330e-01 -3.799675808155762724e-02 2.790703038249477075e+00
5.156718677402254425e-01 -2.377978854163207978e-01 2.973251236722681323e+00
5.084372764487037344e-01 -1.857594169293696473e-01 3.171278999997966253e+00
-7.413919465062927122e-04 -5.161207778286787118e-01 2.240113527506858659e+00
4.440199700297926544e-01 -4.899235467288391432e-01 2.947005785299910752e+00
5.719875034037290584e-01 -3.696745938319450087e-01 3.143378584856161062e+00
2.340865897763517722e-01 -2.633857848160503501e-02 3.045670417672131869e+00
4.591470492621494426e-01 -9.970029760087047166e-02 3.421065480679480242e+00
4.994169394841592169e-01 3.525150525051798378e-02 3.892796719617631407e+00
7.596598688782252307e-01 2.169950002699101363e-02 3.614187002070967658e+00
5.729932206330983213e-01 -6.858779965018703129e-01 3.062168092195060698e+00
1.057126560938937532e+00 -9.856063265635677251e-01 3.501650628932725606e+00
5.927227935557216609e-01 -5.589044710255235415e-01 3.009604862491441768e+00
1.220669154160219039e+00 1.467606120713889906e-01 3.038111524554092391e+00
1.220669154160219039e+00 1.467606120713889906e-01 3.038111524554092391e+00
1.615354838336996002e+00 5.159688562221391717e-01 3.032109889661845692e+00
8.007854685999444833e-01 2.153767759752074351e-01 2.973828049365566883e+00
1.242273437590465157e+00 6.977130361490199162e-01 2.987711287843399788e+00
1.292008146822506642e+00 9.497760304883180460e-01 3.072783655964281824e+00
1.221846292364420883e+00 9.344538563331424852e-01 3.234084326459854886e+00
1.630036314919839358e+00 9.251738295105789156e-01 3.515036217145681707e+00
1.349411948516540338e+00 9.042504741460017925e-01 3.477342857561115608e+00
5.388023091745327564e-01 6.065467949481349041e-01 4.025053561470301133e+00
5.584069508707011353e-01 5.219539380514707227e-01 4.077888538407436592e+00
6.589686553035842831e-01 3.399129767196082952e-01 4.129900024975386330e+00
1.756615354258889428e-01 6.010935373668904180e-01 3.605496162590738685e+00
7.323215584519237042e-01 6.555934232789463190e-01 3.643127552854794171e+00
5.166477004533883699e-01 4.849745591422895963e-01 3.878792970565569931e+00
1.107385592646506378e+00 2.798713909104255104e-01 4.635909992546301872e+00
5.090394177577417523e-01 2.315935081577867871e-01 5.129259804987100324e+00
4.209231396747958875e-01 -6.763063837499305730e-02 5.682078179219458569e+00
1.183805506531689256e+00 -4.078494710322322359e-01 5.109046806168642263e+00
1.055971477779776846e+00 1.884294426616664186e-01 4.933264907883011752e+00
1.396811689339054308e+00 1.056588023947522409e-01 4.363349610157529312e+00
1.885359022636873050e+00 5.887429957426304483e-02 4.689986839387360718e+00
2.120386053980331642e+00 -1.334247662939316847e-01 4.459874578554845925e+00
1.855551203913336167e+00 3.456561446989499520e-01 4.515397280704786631e+00
2.600119838588396348e+00 3.764573813401355107e-01 4.908272925357497485e+00
2.694000948738744405e+00 3.772598430303756301e-01 5.045673065962851034e+00
2.848046548032307612e+00 2.059617371300251354e-01 5.252841897541651761e+00
2.297850799603624594e+00 6.696487365887631160e-01 4.542010029246879910e+00
1.784361522119329857e+00 8.619243482971586934e-01 4.335817886188610082e+00
2.277098229309872046e+00 8.801350163635625057e-01 3.740005772015111418e+00
1.992278170855412922e+00 4.325439485321053157e-01 2.985327222796962499e+00
1.685598651508096069e+00 -3.211000266117020052e-01 3.310813088866613185e+00
9.140909310744339544e-01 -5.258439491279203182e-01 2.739360665222809299e+00
1.840076970671380985e-01 -4.011708375215443656e-01 2.906570184724837080e+00
3.475976595076120668e-01 -3.200085722175978198e-01 2.796689908579533590e+00
5.316475232986963562e-01 -4.698781518075785535e-02 2.177521429772605988e+00
5.989263623084319921e-01 -4.032043367364527842e-01 2.806654232095848744e+00
1.021068928824991007e+00 8.411645450029123228e-02 2.990970918626163932e+00
1.725904979322389732e+00 8.823051402833545498e-02 3.569471460434264998e+00
1.451161406442167401e+00 -2.887492469901496994e-01 4.085931835879856422e+00
1.693840180411716245e+00 -2.622712537492562224e-02 3.795519696520308628e+00
1.707275699373888012e+00 -2.535789407241634263e-02 2.929901488414301980e+00
1.377816603063213963e+00 7.854160768244464186e-02 3.307781625398436010e+00
1.612761052916775961e+00 1.847555251795301168e-01 3.223234284410195993e+00
1.160209007585965679e+00 -5.617795329408291349e-02 3.278489482089914642e+00
1.333971205694030493e+00 3.796001837632858589e-01 2.727284646337016838e+00
7.913452292517485498e-01 -1.223257000344875334e-02 2.446306075981613759e+00
7.704732466520580747e-01 -7.698230353009266613e-02 2.752824345916792481e+00
4.709286381462472471e-01 5.845222206529186032e-02 3.216252948577314363e+00
5.455907177436672972e-01 3.724733847224810379e-01 2.824241595267077187e+00
6.162799504349518731e-01 5.163397522060741984e-01 3.223458613187934585e+00
6.569870203570823408e-01 9.841584462166259872e-02 2.625176870214097846e+00
3.156986262321016534e-01 -1.864515529886222045e-01 2.389529391164714411e+00
5.300998893442704363e-01 -1.804921690801628009e-02 2.982820222035564406e+00
6.832923934465147120e-01 -1.404110994759970310e-01 2.986101229107320343e+00
4.628634289058305429e-01 -4.670717468586067511e-01 3.540535763208541908e+00
2.699994323602478707e-01 -5.816311466238617278e-01 3.821614384378121176e+00
1.619211997335792408e-01 -2.871854117239366899e-01 4.074846982548506524e+00
6.924548564260880612e-01 1.065860589252974611e-02 4.345126621349366225e+00
8.430769887655711337e-01 -3.244490261095341332e-01 4.447298327646334037e+00
5.375631846162097771e-01 -3.025501832675211444e-01 4.353951000341466759e+00
3.211954626753983910e-01 9.583487890198257031e-02 3.857038222889851653e+00
5.810157574562290206e-01 2.003077553590900672e-01 3.700030512172052699e+00
1.120416130008588640e+00 7.261256004484964999e-01 3.694192665647892504e+00
1.434643469219403888e+00 4.998331452022894417e-02 2.948611857655445867e+00
1.394991844512083690e+00 5.602530300066421720e-02 3.285914941448933035e+00
1.059188300224482182e+00 9.281671406839965555e-02 3.596660581382443489e+00
6.350682790006419998e-01 4.408648300318287333e-02 3.234355248669842364e+00
8.627669417758451198e-01 3.611668441513654626e-01 3.743559848151702507e+00
1.315148026491390620e+00 7.781260102246932986e-01 3.279046947467064932e+00
6.132624746388237735e-01 4.589006672511207752e-01 2.967199684229023582e+00
4.786953782132358781e-01 1.923673630676566160e-01 2.926585195994483080e+00
3.336913279526853571e-01 -3.110082202095152959e-01 2.733451615688686331e+00
1.580328860771780253e+00 -5.950239244457493637e-01 2.425825635058601382e+00
7.988328156057024065e-01 3.658614564639780520e-01 2.476978444400188550e+00
4.991458805524796594e-01 -2.284456537486871941e-01 2.258195986221694262e+00
4.443171917965194617e-01 -1.026139522000548004e-01 2.583512988988520220e+00
9.817318091202941188e-01 4.722901277564147543e-02 2.551052014664273671e+00
7.772435091299163545e-01 -5.955732708630534500e-01 2.735849830071020783e+00
1.122928111027401199e+00 -5.235380122436132933e-01 2.524653277430939813e+00
9.156453251936732540e-01 4.185542997774481799e-01 2.663719653353749717e+00
7.517748621737994075e-01 1.088833451880536901e-01 2.255094784858239887e+00
9.882522377035543037e-01 1.574979688087591589e-01 2.948549402007775377e+00
7.905261757676200762e-01 -4.810913361141123945e-03 3.923988017332166400e+00
4.254589813623008143e-01 -5.671367040395725034e-01 3.060364855823429320e+00
5.624782509620249726e-01 -4.146173931116065581e-01 3.220407105491295052e+00
7.507385498502142651e-01 -4.128084585614660851e-01 2.406162595131196902e+00
6.450356530299868885e-01 5.865379895909456076e-01 2.813523903081160071e+00
8.280352502663878012e-01 3.209307994883848214e-01 2.784344842084604199e+00
1.260911706178209801e+00 3.989774895993226100e-01 3.403557643010299394e+00
5.868199738371261409e-01 6.964912909904588667e-02 3.431198328198119540e+00
3.328115908750371443e-01 5.109731970167810111e-01 3.307018076199079726e+00
1.007604847650839686e+00 6.928330358253558252e-01 2.733026441656687400e+00
1.207993191372040087e+00 -1.167453296723133804e-02 2.843913236108738918e+00
2.255408111180431163e+00 3.864236673287071433e-01 2.848708538692859893e+00
1.640350439475925182e+00 7.171329589166921537e-01 2.133575166790099065e+00
1.994675695090346590e+00 1.670348126767451813e+00 2.358062866459708751e+00
2.236515728893569310e+00 1.826323409696863909e+00 2.421910554660971826e+00
1.717638169302169837e+00 2.129922031124473758e+00 2.361097352670327165e+00
1.222275802570420122e+00 2.464106013772468629e+00 2.112108378653445140e+00
1.022215922447945013e+00 2.286047907586700401e+00 2.584327879689144680e+00
1.545704785495312983e+00 1.316081939940117795e+00 2.887551145698429078e+00
9.488142944899793374e-01 1.570528982477985114e+00 2.666260073707098055e+00
1.521270334158758120e+00 1.272826195552403172e+00 2.348235514749402952e+00
1.763428047998649051e+00 1.020725602104233909e+00 1.957973820828213363e+00
1.592863636374594272e+00 3.639115352453047292e-01 1.691040807434016191e+00
1.215530365459550177e+00 5.702834765048356847e-01 2.009693168817196618e+00
1.365031269660231583e+00 2.803129091985495092e-01 2.247891237320953639e+00
1.238302217674969841e+00 4.397741429807427438e-01 1.803012645510920553e+00
1.139000405792069959e+00 2.428110051615711695e-02 1.238799860315020096e+00
9.964511371002006124e-01 1.108091749926817665e-01 1.460851244957351636e+00
1.595210731336614618e+00 9.087622398199792784e-01 1.522694727868540099e+00
1.783526042526197175e+00 3.158131290919424794e-01 2.132743006167326261e+00
1.877430998651756999e+00 1.015892146477884173e-01 1.782379833673642944e+00
1.318088200454747172e+00 -1.717421921837244958e-01 1.696485491359621678e+00
1.832018066582128679e-01 -5.285748114738011427e-01 1.961254552012005270e+00
4.712333050213538543e-01 -3.707744238643869150e-01 2.095499773395158361e+00
8.607639831400948349e-01 1.211719309629144536e-01 3.155002584335247384e+00
1.037691830192066123e+00 -3.561979505503585219e-01 2.737051147372600468e+00
9.407904473414208102e-01 -4.084347331076948473e-01 2.954973515910908510e+00
8.632394890163535006e-01 6.761689251299443093e-01 2.945523801161275657e+00
8.411967255782843988e-01 5.421175923949849151e-01 2.792025743279859640e+00
6.868026788874883604e-01 2.586339617971947780e-01 3.334940334253988947e+00
9.720802198155780172e-01 2.706337245453180884e-01 3.210041491848991235e+00
9.104322450548639756e-01 9.043675557317373270e-01 3.248852711306063679e+00
1.253691147064866396e+00 6.079853596246987957e-01 2.866734045635896511e+00
1.125575453839478213e+00 6.993784315230161530e-01 3.029938647297714560e+00
8.867529771708120290e-01 5.644635643882235376e-01 2.817314509350633767e+00
1.235587893032554563e+00 7.805189203477376214e-01 2.920752173611667946e+00
1.286355057441032956e+00 8.324422619579592286e-01 2.200533407861799962e+00
7.245241271207798484e-01 3.046587882249214840e-01 2.189422178957940002e+00
-1.918991662406123455e-02 5.598473174453293399e-01 2.420113390883533278e+00
6.982402160101734978e-01 7.546921760367110155e-01 2.189546198453069081e+00
8.922546915666509371e-01 3.407645050145259868e-01 1.891411801587092212e+00
1.198567969227589236e+00 1.382359730174273493e-01 2.308364507529458542e+00
1.044860750891392742e+00 5.082754426099754808e-01 2.101481088637996208e+00
6.966516356078447103e-01 4.135838862165737151e-01 1.363385459685787726e+00
4.054990439365214194e-01 1.397986115422541475e-01 1.642881404444479942e+00
7.127133172372179803e-01 7.997677506945558568e-01 1.582235772118133932e+00
1.198236411074645291e+00 -7.749201884204440227e-02 1.335537887971660398e+00
7.575500275805435724e-01 -1.540318467414219794e-01 1.678673600945494560e+00
9.314148706388882815e-01 4.040252736850339366e-01 1.243671537489917656e+00
7.800721147914717601e-01 3.529113132366278049e-02 1.878239198258427667e+00
1.606818455653800659e-01 1.620219339225623945e-01 2.334807405893447818e+00
2.242141645202466171e-01 3.163582431738972689e-01 1.964004615369332241e+00
3.949668448353065298e-01 -4.285154023203608387e-01 2.465471696086574571e+00
3.352635973586277629e-01 -1.611958117793094725e-01 2.354946315542867374e+00
6.955399655592015007e-01 -1.927769335390538963e-02 1.732658442860422587e+00
9.674760951300017675e-01 -8.992899313884253898e-01 1.713418296690208953e+00
6.674841151800560146e-01 -5.283840641680807027e-01 1.895876288074282989e+00
5.343613671549761468e-02 1.511022124436196823e-01 2.224838879136364245e+00
9.142770050747106581e-01 -2.602041084243181812e-01 1.784798115415726416e+00
7.843260172827357657e-01 4.515839125200603044e-01 1.497848951352890534e+00
1.002562398693793044e+00 6.894872732602703724e-01 1.637999343382700257e+00
7.444672673457333190e-01 1.525045006731140296e+00 1.935253962914122328e+00
1.007288620311062699e+00 6.457039773258185233e-01 1.696037865490888752e+00
1.724208659515223396e-01 6.752483034031886433e-01 1.636986917893550775e+00
3.778155103262930692e-01 7.406019062992769131e-01 1.721895620260894155e+00
4.329758379306800076e-01 9.342506734395717993e-01 1.788119086007650127e+00
1.309250017864475701e+00 1.596413204908246231e+00 1.947260686988550260e+00
1.013929880355393109e+00 1.318871828600267193e+00 2.394437605271547476e+00
1.361106766522394595e+00 6.878735436492875444e-01 2.616703385413595484e+00
8.153161087578579824e-01 7.698985815166093927e-01 2.436772738935367943e+00
6.666524369540273165e-01 1.341002617227678551e+00 2.676458834232822159e+00
4.734168415140526109e-01 4.848165094097466321e-01 2.575751776668818049e+00
4.553122080509457437e-01 7.667988742430760229e-01 2.572535437170411665e+00
5.148442268916946229e-01 7.648489804270135473e-01 3.044933365670766445e+00
6.459121546546117143e-01 2.874165667901875110e-01 2.804180108516287184e+00
4.331640659826795359e-01 9.200208899393287343e-01 2.412948156574333591e+00
4.175771557177274662e-01 6.156094505251958893e-01 2.918759888793054369e+00
2.563294717528546429e-01 7.174126489078134217e-01 2.844653310107809752e+00
7.589255388599718266e-01 3.710937513110174057e-01 2.603395573967088428e+00
4.777821417342902333e-01 -2.130264230020296190e-01 1.976627442626287756e+00
4.305784316652325749e-01 -4.541081792271770556e-01 1.941382673085255473e+00
6.716858723937995101e-01 -2.726174705838520507e-01 2.176783035301295133e+00
4.673065990985214579e-01 8.814329543070932582e-02 2.104307271425293724e+00
7.219698542226039573e-01 4.466515126021601279e-01 2.852808988076473096e+00
2.965321034141836232e-01 -6.699879500638208918e-02 3.206244307823266748e+00
5.402829993565633204e-01 2.509440702247884292e-01 2.937667200394563860e+00
7.382924713781766624e-01 -2.914194883889611454e-01 3.183069132718944427e+00
5.075133835250408287e-01 3.679940021538471995e-03 3.402150159159537779e+00
4.758278130684463481e-01 4.804252534535695118e-01 3.611373515610563523e+00
6.231908586967948027e-01 -5.983454978654059730e-03 3.712454094201210086e+00
4.856173175587961688e-01 4.176326623723171094e-01 3.721562852943937294e+00
7.836355730471130654e-01 -5.598415523247166625e-01 3.549549910663563512e+00
7.805089378735975414e-01 2.325101321078593131e-02 3.012833094459211214e+00
7.954723613300104246e-01 6.362785049165084472e-02 2.831318893219178623e+00
9.457708473789582238e-01 3.835310278270770978e-01 3.737813619110459396e+00
4.457276052254260934e-01 1.362859014185997253e-01 3.559907421719139098e+00
8.946462386412862289e-01 5.671213283286045126e-01 3.005961482093050030e+00
8.321625885473221684e-01 3.856643402120165098e-01 2.476353778214158474e+00
8.871135838827131082e-01 3.320795514461892806e-01 2.675524718806162383e+00
5.892992164870247684e-01 3.203112409356086432e-01 2.699205102590453986e+00
5.816032456026750674e-01 6.268388045995120228e-01 2.682541552134103835e+00
1.872647918308187887e+00 5.697671169284972414e-01 2.666341428249827672e+00
2.022953960816032737e+00 1.058926740433341118e+00 1.758276513653516115e+00
1.890453446528309378e+00 1.933660869848507768e-01 1.677205868786516785e+00
1.414017859867645388e+00 2.640953621648421956e-01 1.821106175401400851e+00
7.959484015430748904e-01 2.083931093451253380e-01 2.419989743389466152e+00
1.423898388233578505e+00 8.595252191884433790e-02 2.956681550060481722e+00
1.223916308466948877e+00 7.571073141071822665e-02 3.335718088771318701e+00
1.270937197850329436e+00 4.486363530761078300e-01 3.625037264109989277e+00
8.817860683336935512e-01 9.219901226672125305e-02 3.018353734213368611e+00
1.361115861893150925e+00 -4.007905552484907624e-02 2.824298775021018226e+00
1.122585447986514051e+00 2.330887881960670982e-01 2.990982767299789291e+00
8.299367059437122718e-01 -6.645748785159631966e-01 2.836367061657196320e+00
5.625502428375945829e-01 -5.952327988686891835e-01 2.451790836425805420e+00
3.025289869822042066e-01 -5.590948012391484534e-01 2.810873357702189157e+00
8.448399939859977392e-01 4.749954538955311611e-01 2.635331978202777314e+00
7.025100944014943671e-01 2.480982901983963262e-01 3.440502042432605379e+00
8.327845082995487536e-01 -3.951105594470407101e-01 3.358010295559236802e+00
8.573437116583695339e-01 -4.019062831478357745e-01 3.720818582898104854e+00
4.059590266807409087e-01 -5.308725591111354003e-01 3.095049584030913792e+00
8.136734636797691156e-01 -1.528727800326369346e-01 2.897754261194748437e+00
9.332324337758955979e-01 1.943952410424003574e-01 2.772932703606180382e+00
1.633430265181927465e+00 6.240116590146881775e-02 3.030928335947092656e+00
1.575860217389549289e+00 5.798272383169632560e-01 2.448068667186410696e+00
2.114503049272925761e+00 3.843366518326242209e-01 2.746888614856636490e+00
1.739039970476766284e+00 2.077618839315214239e-01 2.039327801453485911e+00
1.015190642942002563e+00 -1.281734100418534528e-01 2.369819169240757528e+00
1.083034172659659733e+00 -2.610721320324615458e-01 2.636482333181671578e+00
1.192969622885106551e+00 -3.155927473693428964e-02 2.220418105672426812e+00
7.291603014231679003e-01 2.621769713337849250e-01 2.278184669691198927e+00
7.905392004341560419e-01 6.570770759740360845e-01 2.409774052418537149e+00
1.110867620410273648e+00 1.294692000177594560e+00 1.998191426737641274e+00
1.201936800032684438e+00 1.130776791162786621e+00 1.999112787203669805e+00
1.101534286927465356e+00 7.643495591679313472e-01 2.452870732601076575e+00
5.381775024166333132e-01 2.483476462383458205e-01 2.504861200684608491e+00
1.296396467301038857e+00 2.713636459282824376e-01 3.133548750062951971e+00
1.070122873267524977e+00 4.807397441880625344e-01 3.639803768348925495e+00
1.479841753285190631e+00 5.498092351010438472e-01 4.038837631113988635e+00
1.445799514610865533e+00 1.990956123030470648e-01 3.626983982579525367e+00
1.508491893179103371e+00 5.392681097938429868e-01 3.588802797607397288e+00
1.187350037224931709e+00 -1.071839103543227451e-01 3.337466928886453577e+00
1.456385350901777898e+00 1.965696217216870156e-01 2.907352185740220918e+00
1.578906906241873243e+00 8.445948861126583163e-01 2.984535307259954084e+00
1.718375862272162102e+00 4.239842709517629427e-01 3.317122656216989540e+00
2.063527512135212572e+00 8.502422553294588514e-01 2.651998340643909824e+00
1.339589657153257729e+00 8.226250054888202268e-01 2.819196995915564496e+00
1.327654393831032120e+00 1.222654177705721823e+00 2.854917835551611383e+00
1.178270107257057608e+00 1.157528370790567251e+00 2.884771929770886256e+00
1.344775172758168935e+00 1.317350205680141384e+00 3.079703965684184475e+00
1.510058151247613445e+00 7.866843964607601603e-01 2.180967860479142484e+00
3.851255774507161833e-01 5.252445396425022839e-01 2.007434233857844141e+00
2.864411547834012084e-01 9.526756597230230383e-01 2.655496063582410748e+00
5.673975077671598033e-01 9.283781659371532768e-01 2.990610607212186967e+00
7.950875121458834682e-01 8.675782145486545804e-01 2.540771543990415715e+00
1.123392506763006393e+00 5.363481742195226332e-01 2.080068916388117195e+00
5.499585307178738169e-01 3.281966961190829757e-01 2.068945893994786456e+00
7.944685406242808501e-01 3.513623860008489030e-01 2.050549596405403019e+00
3.991908382640519948e-01 7.606427869811965836e-02 1.444183034904771290e+00
1.289329667175471927e+00 -6.615456611916187279e-01 1.777001949018280680e+00
6.778474054363430312e-01 -2.188206448615254429e-01 1.450299805564039035e+00
3.757286591307396617e-01 -6.158326475284026102e-01 1.234507721827005744e+00
2.773973348380569526e-01 -4.425869593323209505e-01 1.764761163866132465e+00
4.638958769495822310e-01 -6.832733073198761220e-01 1.938891007105710163e+00
5.216892632620105941e-01 -6.666194367272576526e-01 2.554165520294018776e+00
6.216536990834001797e-01 1.562461881205343128e-02 2.683197705420944157e+00
7.502691414089190935e-01 -8.628149401392072593e-02 2.648163667988776115e+00
1.257142298736260599e+00 -1.774018153639099760e-01 1.853721580950356884e+00
7.984684874001299892e-01 -1.747542930298192076e-01 1.695395900711878401e+00
6.323410945301548569e-01 3.807854650818672249e-01 2.028134572528752955e+00
1.043658386448840902e+00 2.218601362769599683e-01 2.139142852983115795e+00
9.556370765364443631e-01 2.415800281312396880e-01 1.692876639314780940e+00
4.146374642902454499e-01 4.013225148673132958e-01 1.735866361304133632e+00
3.103446954470677754e-01 4.517659128817571035e-01 2.267280930207030476e+00
4.624305934622693903e-01 -2.477326775523971958e-01 1.620775817047993339e+00
1.360431455526151523e-01 1.612470122053233090e-01 2.121042892124298085e+00
8.731043862933075550e-01 4.516403978402803721e-01 2.765896362954143761e+00
1.258896330090822246e+00 9.008657031851312613e-01 2.055173111423554744e+00
1.200840435232161996e+00 1.082911994984130821e+00 1.985779111559486720e+00
1.411955761776892748e+00 9.631547713614598827e-01 2.193376480407719598e+00
1.546825620770912568e+00 1.267218551923296355e+00 2.399765841809521127e+00
1.259345462411926686e+00 9.073028876557124311e-01 2.306763871282198952e+00
8.880886430679889587e-01 7.612661773406534937e-01 2.853228904301868152e+00
1.230479713403006103e+00 9.272091742834700501e-01 3.033850230147919547e+00
7.773498777009983929e-01 4.274721398432654307e-01 3.154317076049980351e+00
7.133941487818042937e-01 2.295483605698359075e-01 3.339585630266436400e+00
6.063884894706649265e-01 6.700787417111653266e-01 2.545681419418603930e+00
8.508713425495284532e-01 5.532050489422766226e-01 2.202234545419522682e+00
6.545064066979283668e-01 4.633489930316677108e-01 2.295372421866249013e+00
1.816896469829768629e-02 4.314320705761790498e-01 2.095774365765339375e+00
7.069247601477055554e-01 3.977549458551604133e-01 2.348384775959937443e+00
1.233942933018606469e+00 4.568929417439549501e-01 2.024210531741684083e+00
7.789424491085180646e-01 2.640636189982687454e-01 2.088787692088105885e+00
3.632819568826108347e-01 3.277144073753691100e-01 1.826105975633773637e+00
2.291803429735001507e-01 7.204304006238043678e-01 2.128065129521644838e+00
4.748714584604163402e-01 6.564230525339778133e-01 1.804610851229832447e+00
4.293888891830641152e-01 3.274101981201201772e-01 2.106758715013092420e+00
5.719187875368267893e-01 2.489560340774155944e-01 1.994031215615731156e+00
5.083342339673675436e-01 -5.293020660692933088e-01 1.918030849802310867e+00
4.762811510338226251e-01 -4.530327156393259558e-01 2.283878503743657085e+00
3.545822626655490972e-01 -2.958764275139584565e-02 2.143616980076064493e+00
6.818813475247156308e-01 -2.765200626809981299e-02 2.069834668053744497e+00
3.194648765338128915e-01 1.902618863491688517e-01 2.397298280160494066e+00
5.399552418475719318e-01 7.212149781032294316e-01 1.856053853026941924e+00
6.469837628667514107e-01 4.347234876103645007e-01 2.603951517886274214e+00
9.174718173762623774e-01 5.196166557120444063e-01 2.550990392356988767e+00
1.967252811247541811e+00 8.805188491363161174e-02 2.216282894132184378e+00
1.070674786521446098e+00 -2.788994112985233031e-01 2.054376601413695269e+00
8.638187249741208218e-01 -2.037738453560038188e-01 1.515066700809642564e+00
1.024505140103935563e+00 2.855179286579622167e-01 2.084517597749864226e+00
5.645863005720260785e-01 -8.864939339327830570e-02 2.233292628913026157e+00
9.991776219857056995e-01 3.783978439225368917e-02 2.089944895681944637e+00
7.078700852362783680e-01 -6.848217657117202650e-01 2.248822030872136057e+00
2.282225098803291607e-01 -9.274540502984128798e-01 1.070444389727215562e+00
4.850836999431196728e-01 -4.212865725502479286e-02 1.616898887654165451e+00
1.018050090864456525e+00 -3.645425176199115214e-01 1.388083461463653023e+00
9.836871177057263660e-01 -1.559639513696242097e-01 1.909051867709873340e+00
1.225199833059169130e+00 -1.041785450278971265e-01 1.559351647045582823e+00
7.320385290928207445e-01 2.108193334649177131e-01 2.037424640038862478e+00
4.899316618801249912e-01 3.117800897930297355e-01 1.840105964415326589e+00
8.853905584009861274e-01 -6.088448326443544056e-01 2.402239253405176633e+00
7.342702540189287586e-01 -6.448897900484393819e-01 2.655112329354465395e+00
6.162608104390412400e-01 -3.629516715962157747e-01 2.093387031780638452e+00
1.445448125371062431e-01 1.606610855682231165e-01 2.956121728305921348e+00
1.112742908170770706e+00 5.988750809953935494e-01 2.902183329828000868e+00
1.215911843771014578e+00 8.842180275956467161e-01 3.132591893162715913e+00
1.579627108646677547e+00 1.220722087927190724e+00 3.496979726703275837e+00
1.311753102693090423e+00 -1.584833935444573405e-01 3.334722982856984430e+00
1.034371632257136797e+00 -9.579354594506039877e-02 3.516883189677593169e+00
1.076019734145337248e+00 5.804629983061968534e-01 3.081589289320361136e+00
1.547968652795466582e+00 3.597216664943139741e-01 3.678454244675618323e+00
1.647842970245536609e+00 1.133453437816170362e-02 3.745089053617627339e+00
1.382417827809950372e+00 -7.360582530954415392e-02 3.255407097951307893e+00
1.521345779729631920e+00 2.505988176119921529e-01 4.096573297033044625e+00
1.567665976995654908e+00 1.658519558704677765e-01 4.356902590084537508e+00
5.562518942626973883e-01 -2.146248711689581201e-01 4.140985446421907135e+00
5.194488926815349350e-01 -5.063040307465475065e-01 4.583661957563080591e+00
4.239016877462849497e-01 -1.151326387674643237e-01 5.890853700014556438e+00
2.746160500518360359e-01 6.945947775187769069e-02 6.008200840670402165e+00
7.698312327680039147e-01 -1.923829741442788788e-01 5.615266744006921051e+00
7.004925578429306299e-01 3.870620374572591449e-01 5.622251340552039345e+00
1.482786369630144652e+00 1.440467678066200130e-01 5.321566512939663873e+00
1.617357244801815197e+00 -1.478637209730709889e-05 5.219491062664911141e+00
1.511614729772837951e+00 -2.087911354847468703e-02 4.926341152168901338e+00
1.281721698197706427e+00 2.476673160570104504e-03 5.560859779702012951e+00
1.515160060376989470e+00 -9.684383879803250272e-02 5.186782811800240367e+00
2.280213665134150247e+00 3.265156030633044049e-01 5.957070749144408595e+00
2.068887616968317023e+00 5.943043663770050111e-01 5.984631250492856935e+00
2.606551809596433511e+00 4.698918479257017666e-01 5.348527407573639536e+00
2.815265680615545385e+00 6.932762363242009895e-01 6.262203473267652143e+00
1.900394279626430150e+00 1.165028912103870162e+00 5.942885871914317164e+00
1.705629410416997116e+00 1.697674719602899396e+00 6.217033691848860677e+00
1.714663716992649078e+00 1.226116054011611167e+00 5.731037252457138464e+00
1.341264057967120893e+00 1.059984581081066191e+00 4.402737531852474184e+00
1.581718665392860768e+00 8.775878887583900001e-01 3.941103341145808070e+00
1.651251660830427292e+00 9.394082760596605963e-01 3.458273867925254486e+00
1.353849834175291811e+00 2.365892670688773958e-01 3.390611418480167671e+00
1.376310994513550323e+00 5.397176062261527241e-01 2.707035131799797600e+00
1.775144949940419048e+00 2.790718537049620140e-01 1.982060648718654061e+00
9.961448190227045751e-01 -5.036040044374555380e-02 1.850923889124803878e+00
1.472792501831028611e+00 -1.577188850186711511e-01 1.732714612730361647e+00
9.886027139438134936e-01 2.312180462965977290e-01 1.943709572090792648e+00
1.168381699856293032e+00 -4.506386894028912571e-01 2.279888707456374064e+00
-1.439302950204261189e-01 -5.317263019545543923e-01 2.610748320012771462e+00
4.830949179905059676e-01 -5.725800426892020401e-01 2.820386395511769617e+00
7.109958281078264664e-01 -1.877944916641995921e-01 3.638307610203602049e+00
1.211018131982516177e+00 1.299681736153874834e-01 3.938299398346075453e+00
1.149556066338085047e+00 1.289468872310992331e-01 4.169724684166717488e+00
1.494818539970044879e+00 -9.567747590002539937e-02 3.817174392501121893e+00
1.591690959541492534e+00 -1.447327553076641349e-01 3.756777583447392210e+00
1.229426044112359895e+00 7.912591616041150799e-02 3.386195869116326751e+00
1.282978329113829252e+00 5.696699084534946333e-01 2.824180034441494680e+00
9.634846485071490996e-01 7.213186907145499038e-01 2.631707655793073641e+00
4.669559946469374889e-01 9.660973134178809651e-01 2.520854754753514282e+00
2.567096827358913425e-01 9.838248228098368520e-01 2.062775700497455844e+00
7.083334997931514110e-01 5.607135575197806920e-01 2.154304237503373631e+00
1.341926555294711831e-02 -1.838181904602214922e-01 2.299761586929944812e+00
4.225476599736591732e-01 -2.105392682066523358e-01 2.468966653612139073e+00
2.877997494262951039e-01 -7.594663874642499923e-01 2.694410854150406820e+00
1.358136227465881252e+00 -5.719287642855119813e-03 2.152479435515274986e+00
1.330718987214186022e+00 -1.660145131788454964e-01 2.610107199051205473e+00
1.357919545652058080e+00 1.134046740534168096e-01 2.777490608278699202e+00
1.310861965699727127e+00 4.192447536883029402e-01 2.397590093309954096e+00
9.723600092010330487e-01 8.730873735642670219e-01 2.599509241042073260e+00
1.655843730482408072e+00 4.901549767368331700e-01 2.618540415669709187e+00
1.235918972010307648e+00 6.506968676079195602e-01 3.349169524312620716e+00
1.505641511447152192e+00 2.668980387975193880e-01 2.643425582844145083e+00
1.059645510283157011e+00 5.605193873680427430e-01 2.563498342130615448e+00
1.078902884527225714e+00 1.318235297936589667e-01 2.993985711208739353e+00
9.788398083127742844e-01 4.303223585901604920e-01 3.188976085355379908e+00
8.452957221744934468e-01 5.176574254335826186e-01 3.548159442439483335e+00
8.581543193923450996e-01 6.760929329125497933e-01 3.443660473526189758e+00
4.127082234201498445e-01 6.232002867087867992e-01 2.673578331997038759e+00
6.779193095173705608e-01 -2.214572912618589795e-03 2.293625411927834978e+00
5.821651220615871036e-01 6.866941822159565723e-01 2.249078986246523471e+00
9.451773134674934518e-01 8.437415791346010163e-01 2.251033555576735345e+00
1.069545681911350909e+00 6.044275849756510777e-01 2.434302346836288322e+00
1.015635696888282924e+00 5.335796490208507548e-01 2.423238336320790332e+00
9.269627785535865527e-01 1.224020118964189274e+00 2.687427232687207734e+00
4.802738657312942694e-01 9.222767260081133900e-01 2.327042209548552343e+00
4.448004082772941681e-01 1.452520208408576985e-01 2.567469586158121153e+00
2.347622542519051669e-01 -3.139774585934524964e-01 2.501292386030228077e+00
1.173286656538756328e-01 -5.159829283930164046e-01 2.525781081450627852e+00
3.441556497694472916e-01 2.521003389860756450e-01 1.820639622974415506e+00
9.319400867918447018e-01 5.104784426261624874e-01 1.729235300566938527e+00
9.968495377216400888e-01 8.095885386641272774e-01 1.491567690172799443e+00
3.349640390745247664e-01 2.067023997500573862e-01 1.613835600920699997e+00
1.532669276547429793e-01 3.965918462069411565e-01 1.920492578744838141e+00
1.549156955671386338e-01 1.364710608100971612e-01 2.427138994351186518e+00
8.974431670642026848e-01 5.510160598232576729e-02 2.800523093243785233e+00
1.401625816987599693e+00 -3.476071469311817208e-01 2.622858524359295007e+00
1.219081645148215376e+00 -8.547521960815035458e-02 3.135799051629650780e+00
1.401245779668504943e+00 5.935267045052424750e-01 3.206906434745119050e+00
1.317855205724533851e+00 7.243422502293873633e-01 2.927058242674558386e+00
1.408924190713488400e+00 -1.552983224874927848e-01 3.480758663212636161e+00
1.307914994474636883e+00 2.725431543118870814e-01 4.090782379954292836e+00
6.537835598743371168e-01 3.005174136604565338e-01 3.508505306421553893e+00
8.272237263017874209e-01 -5.983167508832348824e-03 3.714998686841140429e+00
1.236228891218116965e+00 4.956171424618041055e-01 4.139891378459486404e+00
1.757265281254438705e+00 7.117136437881015354e-01 4.621741951137443571e+00
2.322805570241292195e+00 8.726183598395621521e-01 4.514712174636839492e+00
2.340823458990702211e+00 1.166197372639819596e+00 3.811423775646780143e+00
2.727469367883508244e+00 1.029413603278906741e+00 3.971030762915908507e+00
2.356837815701734229e+00 6.771815804831203822e-01 4.233023141357161734e+00
2.056798696526054293e+00 -1.758340353519016741e-03 4.019712616089702095e+00
1.841348989564956407e+00 9.227669869201665653e-02 4.799128504432446540e+00
1.346388618391922698e+00 4.018626972401797559e-01 4.805526264960220395e+00
2.389116380055782141e-01 1.093137449062900057e-01 4.460292205411101385e+00
3.593036016624716056e-01 -6.793939330103003493e-02 3.625800881261715958e+00
6.611856251109695659e-01 1.949050642246733245e-01 3.265926218959140925e+00
3.355492399636339496e-01 4.041313113211387198e-01 3.980013410049558775e+00
9.005200859529705060e-01 6.651761493319136020e-01 4.359165633800144768e+00
6.590815371006979451e-01 1.645077665010517554e-01 4.007074405824483598e+00
4.817759494982128410e-01 3.786278409387078270e-01 3.639007015293775016e+00
1.038341326235854734e+00 2.472786842560539822e-01 3.511822601976148039e+00
3.845255263702930248e-01 6.817323125217878976e-01 3.312083568203898043e+00
3.768741782168363308e-01 6.142667222885465073e-01 3.337599804689808547e+00
1.024471979792768384e+00 -5.025871542714774320e-02 3.220111297764142844e+00
1.108572641569941730e+00 -1.980359038032945274e-01 3.452175047474570047e+00
1.475661539771915498e+00 3.621870083093607917e-01 3.251192055946728665e+00
1.483187950700194158e+00 1.932937581495584034e-01 2.477532627627815565e+00
9.401557474191669650e-01 -7.070578425795948085e-01 3.138211306458172256e+00
6.060328089989222011e-01 -4.446883713787954107e-01 2.928818824839866775e+00
6.797099171050615674e-01 -1.332820370418071887e-01 3.062720809817726764e+00
8.885274443345361206e-01 -6.300625374560498981e-01 2.619243741902205436e+00
4.819532663210276957e-01 3.214911013609064727e-02 3.076923764353485247e+00
4.819532663210276957e-01 3.214911013609064727e-02 3.076923764353485247e+00
1.150649739724318055e+00 2.523189983605655939e-01 2.791723489572254469e+00
1.621493195066229465e+00 -2.888417128538036671e-01 3.296935189673859679e+00
1.047230933841068135e+00 -1.740539931119332306e-02 2.928093226829391327e+00
5.425586455267263908e-01 -3.359837342501660884e-01 2.385296375064778651e+00
3.144901855046932093e-01 -6.727885080185155853e-02 2.299352560511842558e+00
7.910508921372190472e-02 7.753486298938143742e-03 2.327030541857254775e+00
8.007520008027178005e-01 1.107443669478874043e-01 1.938363849933239402e+00
5.991633651443164510e-01 3.134755575639024405e-01 1.495977779625600856e+00
3.628311322655559112e-01 -2.491445121237356453e-01 2.037065202959976062e+00
4.905005567483070594e-01 -1.404218861352306558e-01 1.780221414310918737e+00
1.309112520123722478e-01 5.238900007913662726e-01 2.022136775036545320e+00
7.469168858691385138e-01 4.708125917533997895e-01 1.880533587492447589e+00
2.907706850556904254e-01 6.395283648893160811e-01 2.298169193253998710e+00
6.089023693570798645e-01 3.043846123654542213e-01 1.996624650708773707e+00
1.574387447623475378e-01 3.114304848473274934e-01 2.102104257473035975e+00
9.051884793250443151e-01 3.374023807501948524e-01 2.017136901047023034e+00
1.005877704632829772e+00 6.035545287443306872e-01 1.039098812358923096e+00
1.276472321857195835e+00 9.755664708581819333e-01 1.403079672184563531e+00
1.162985392571782572e+00 9.722280759721452226e-01 1.565966880243807369e+00
9.096517413298493837e-01 7.774147232118170381e-01 2.224217085700677998e+00
1.318176906365514878e+00 3.007475481211412394e-01 2.518195478807603749e+00
1.561110585156496811e+00 6.934625138243958320e-01 3.084805062475123538e+00
1.376270818547498331e+00 2.632637951791336750e-01 3.085250251139009414e+00
1.602195226025012520e+00 -1.155268745651320400e-01 3.124581889433307502e+00
1.527937298755775775e+00 2.035486908230012271e-02 2.825510255406091353e+00
1.405928207615514403e+00 2.362419779781018969e-01 3.354837805874383072e+00
1.699176538056938579e+00 3.354424533460464292e-02 3.893362718838862424e+00
1.473454515979996993e+00 -6.717512075474732502e-02 4.181738818611320241e+00
1.494309411990476066e+00 2.334805326431598771e-01 4.332833454200327949e+00
1.622591735722386685e+00 5.681118453722112660e-01 3.747088020730399816e+00
1.627737266933197979e+00 3.960458040926364554e-01 3.807717941445261545e+00
1.062682750187365244e+00 7.679731335589082830e-01 3.580476857644906197e+00
1.164582764833939077e+00 -1.742640733033562483e-01 3.194151411399657636e+00
1.585438256170971671e+00 -2.317357142662306024e-02 2.798335786113530954e+00
1.647624841598464229e+00 2.177107267224073217e-01 2.853891797132088293e+00
2.135134276752748139e+00 3.933776413549193163e-01 2.960807712260495439e+00
1.533638244268012096e+00 4.849232389877530247e-01 2.734649191820746061e+00
1.824331555022771445e+00 7.068861605283558447e-01 3.051977258591529907e+00
1.408308365081363700e+00 4.578383637057824029e-01 3.624903364691014040e+00
1.464703959099864061e+00 4.768810623997075115e-01 3.011034245761852191e+00
1.587344865845984332e+00 -1.827230869892227105e-01 3.084236939992093696e+00
9.472204384230719088e-01 -1.525172322184262519e-01 2.847757240760395714e+00
7.697096373671373781e-01 3.377303743940943820e-02 3.163720456961642835e+00
6.422928830193525007e-01 -2.312900469546609883e-01 2.915757514352290247e+00
8.497848628522561842e-01 -2.746062955525102045e-01 2.421310174245352886e+00
1.228800000144934179e+00 5.538561498324028332e-01 2.494149961871245047e+00
5.018288073241857772e-01 7.350133089429001787e-01 2.764148115341785061e+00
9.367338582688287119e-01 7.349304486560190863e-01 2.777197180782219998e+00
1.425775569283473487e+00 7.837964644168878836e-01 3.048403574379614955e+00
1.206241705658432473e+00 6.282282290601054475e-01 2.488428025404097799e+00
2.032061012257165178e+00 7.393326340124354301e-01 2.769204953153655779e+00
1.768374271712932266e+00 8.555524920079058404e-01 2.804336096507803244e+00
1.011979549435464865e+00 1.043005794213789583e+00 3.127101353081648050e+00
6.496984137811638860e-01 1.054092865877628737e+00 3.167574099066762905e+00
6.318366668452923829e-01 1.138802034069351876e+00 2.896211861300984403e+00
1.017435843515680505e+00 9.742338577322607884e-01 2.836215877493726722e+00
1.269047617186543242e+00 5.901360439076491771e-01 2.877924980694026136e+00
1.169002067769752573e+00 5.210535836073095783e-01 2.759368895061262261e+00
1.471532658323389864e+00 9.598167181574611406e-02 2.791492959349008540e+00
1.327342067492798927e+00 4.441628168230299378e-01 2.725337416529333812e+00
5.556099208295450786e-01 2.787497367718584362e-01 2.883957899209484310e+00
6.381881399633601015e-01 1.582157553547192952e-01 2.875340543708572838e+00
1.409935152621510257e+00 4.842461856127836528e-01 1.985214971145163210e+00
1.254906361152418715e+00 8.700054792694940087e-01 2.231490441427737892e+00
1.519291454941738895e+00 5.666947933398139847e-01 2.192588095957812566e+00
1.013926851128323481e+00 1.347427286806380131e+00 2.099895329943883837e+00
9.637799871942259733e-01 1.048422361784083989e+00 1.726240872296332496e+00
9.964243877283310846e-01 8.969215995182531209e-01 2.324511715029177861e+00
1.078025188711531301e+00 9.266550168735462334e-01 2.699438101341397278e+00
9.704103690330690979e-01 9.813003382938528807e-01 2.535743303324387909e+00
7.682574526760117539e-01 3.037871352672887326e-01 2.291723359225310119e+00
4.270315174666269864e-01 3.517972929392585435e-01 2.237988023527613723e+00
6.220942601674873673e-01 6.373835525645793476e-01 1.749596680710706176e+00
6.471342012582742553e-01 8.673711601809926952e-01 2.252815423316899768e+00
1.336139599966689850e+00 6.590101125196471399e-01 2.143864222060991587e+00
6.428045370541102255e-01 3.399543625023455085e-01 2.665762419541619632e+00
1.598045363610239855e+00 3.280908591350424619e-02 3.441035875684826717e+00
1.036092749502150134e+00 1.451049948267457979e-01 2.948925994410710238e+00
8.936167485811852274e-01 2.916987489461465022e-01 2.283003132319978867e+00
4.750781459503944371e-01 3.945046563628444858e-01 1.920358539476907156e+00
3.930762270143303150e-01 4.014407338257831026e-01 1.953918757633779535e+00
8.073906323673480934e-01 5.064334332620463730e-01 1.841790301626888171e+00
1.232904211985427434e+00 9.436395007457911710e-01 1.556043355031489384e+00
1.329888465711422940e+00 7.692915439419588663e-01 1.512125645488467507e+00
1.760123715014880963e+00 5.536245111156965493e-01 1.174952004480498857e+00
1.927477763699673829e+00 4.959749146330195702e-01 8.824937866003891296e-01
1.423257183616836619e+00 1.122448524719535934e-01 1.787173142625192224e+00
1.486538991956036559e+00 -3.222024684155014307e-02 2.537914804674067604e+00
1.195868947431436569e+00 9.282454886244806413e-02 2.969776795098474587e+00
8.626729265276312786e-01 4.116841851831309906e-01 2.635056015689543063e+00
7.738467450873229847e-01 9.799147005387893739e-01 2.475616335372165189e+00
1.367632466067067121e+00 4.544385067883608409e-01 2.800956242560795673e+00
1.229241919688895956e+00 2.017392952785469207e-01 2.684021991387066208e+00
1.238386225623022474e+00 -1.432245720356923324e-01 3.149981418312806536e+00
8.598429972009945521e-01 -1.988039813933355771e-01 2.773671816776178023e+00
6.736489098201269288e-01 -1.341757708035454244e-02 2.755327194265391633e+00
9.875473151581497522e-01 -2.628002946148197960e-01 2.625864648276253988e+00
1.150041321419152940e+00 2.113424814980151556e-01 2.190801640378495563e+00
6.485813867971814695e-01 4.283433109708156827e-02 1.817478165031291670e+00
7.980900858773568585e-01 1.631860381677055771e-01 1.644703678055792206e+00
4.026147501376774462e-01 3.228592062704621068e-01 1.907951464252706675e+00
6.282001920616011592e-01 5.630239693564326187e-01 2.115020987470848546e+00
7.213945221416504516e-01 5.593670810887788614e-01 2.480278147314399995e+00
7.843994905941632512e-01 4.304130384054510872e-01 2.393263730572254833e+00
1.142007847460090320e+00 4.792679299322472608e-01 2.282280527300491357e+00
1.027019617044473421e+00 4.525188424055585079e-01 1.567180280955582150e+00
1.036957155835474875e+00 4.950256023813207062e-01 1.684238862648421708e+00
1.535068139794692366e+00 9.333564024424627625e-01 2.060733346022279644e+00
1.788931100307633137e+00 9.012526330922606688e-01 2.529798833426116556e+00
1.059021196899143424e+00 3.480075840439944002e-01 2.487994439670597302e+00
1.491752856372064340e+00 -1.135915673507864598e-01 1.790710537475060704e+00
2.099484817646434465e+00 -2.653761980774346774e-02 1.513413984370123755e+00
2.246937652258725215e+00 4.262434013462680915e-01 2.308071078552801136e+00
2.654336360560181074e+00 9.586094909027507160e-01 2.691222526601382725e+00
1.812529703666257763e+00 6.267076760236744981e-01 3.072553741430502861e+00
1.225022229045930278e+00 7.198482047029830522e-01 3.798570969476938952e+00
1.974274461062557551e+00 1.023990119989207775e-01 3.724792668454114608e+00
1.695519004359414605e+00 5.952970556862740015e-01 3.311959371652722695e+00
2.142231500593847038e+00 8.112415797195208222e-01 3.342881090081000650e+00
2.036018767657699957e+00 4.219448122261507117e-01 3.431108777930611087e+00
2.046265091093903532e+00 2.231450563269523346e-01 3.485513854561443914e+00
1.914548827215019733e+00 7.252763692974633081e-01 3.977806476766526433e+00
8.735271046194030831e-01 4.884505020452656332e-01 3.849093686499772460e+00
5.727512911517762539e-01 2.094165803598841413e-01 3.502544210242021006e+00
3.890917883759876239e-01 -4.113288853482090224e-02 3.456742790767191931e+00
4.906653856659823898e-01 2.591052187464495393e-01 3.789835992606796822e+00
8.881448335850130604e-01 1.085675821971733956e+00 3.600159309127078711e+00
1.280043850202870148e+00 6.920965030582180155e-01 3.556976989261320554e+00
1.599730561315009902e+00 7.508343161417406764e-01 3.784284371343816122e+00
1.673999148371000611e+00 6.716454236939157774e-01 3.581140699709846942e+00
1.615225234546949995e+00 3.187832747312579484e-01 4.260855766980659709e+00
1.300494207152185222e+00 1.257046274825734111e-01 4.297485103242443927e+00
1.231354033226917721e+00 3.094310261730334188e-01 4.428750002576640199e+00
1.493215525739988836e+00 7.171170395444547152e-01 4.043015044051058382e+00
1.291290916380287035e+00 8.065584616687417885e-01 2.787607686253562367e+00
1.258909240359000092e+00 3.618668943239083946e-01 2.427159296042811221e+00
1.989741509799397345e+00 1.668079144498657296e-01 2.347755425872775525e+00
1.970091896722282243e+00 -2.172637086438216902e-01 1.756988948706405429e+00
1.369472252416130909e+00 1.504650466498290706e-01 1.349549603853438473e+00
1.368134238401147895e+00 6.836747624956963920e-02 1.647863451742740404e+00
1.160589615195902091e+00 8.392681612832353366e-01 1.626550580626817455e+00
1.260011498333784230e+00 9.730985738264366081e-01 1.926110346522666994e+00
1.553621831691432531e+00 5.423964540981340843e-01 1.675880078802722828e+00
6.625521672513212668e-01 3.165553740156323292e-01 2.557331252928919163e+00
9.980278289509620926e-01 -3.139732522853882490e-01 2.904329954897685084e+00
1.333849212675658480e+00 -1.516514524432319710e-01 3.086220606124574051e+00
1.519989291651337782e+00 2.547847553283102418e-01 3.832680446260588347e+00
2.032093635094866180e+00 4.260769506180397959e-01 3.517904318731171376e+00
1.486817765874099750e+00 -5.609101655981527101e-02 2.687020676981625833e+00
1.249402557281817483e+00 8.203195348576985957e-02 2.953675969054797346e+00
1.056423421840911425e+00 4.974598361280554992e-01 2.426767870021443230e+00
7.836100477560712374e-01 1.403094138828179793e-01 2.086041283533681678e+00
8.146865782479439932e-01 7.521334701585755678e-01 2.270047343183258182e+00
5.180361503456843986e-01 9.609261691979137376e-01 2.057137057593975360e+00
7.239477308217004969e-01 1.040339369508548106e+00 2.300412915097724387e+00
6.490999701542451428e-01 8.982509090901472648e-01 2.807896772206306846e+00
7.721238722486016837e-01 1.234837212830839581e+00 2.535604500853501531e+00
1.180066834606839921e+00 1.212956479022920808e+00 2.890665439917832646e+00
1.418360612200322945e+00 5.067854846244166378e-01 2.929073493491038072e+00
1.456874108493704023e+00 -1.979188247588262173e-02 2.863356146252260093e+00
1.348392758801783664e+00 -7.219234669165363050e-01 3.106419066059907141e+00
1.665471288517885284e+00 4.464789353393432414e-01 3.642308894831943089e+00
1.264757617926062450e+00 3.326821918520362908e-01 4.967235857742411831e+00
9.737099636433472760e-01 4.319879175217066769e-01 5.510914400133746227e+00
1.166764907881028268e+00 5.155838054712903462e-01 4.976314649853208039e+00
1.319022535715822064e+00 9.601018289691353180e-01 4.949444848938703068e+00
1.700254339677794935e+00 4.689439756405371917e-01 5.040479264650352675e+00
1.176113282124218840e+00 4.765276890806346977e-01 4.652769352192379415e+00
2.004606989369320580e+00 1.629876246941079354e-01 5.011048457530669964e+00
1.549381610368011364e+00 7.423390441776435145e-01 3.688556780839725047e+00
1.332271924190011614e+00 8.368407397292508820e-01 3.766849163397572031e+00
6.624536737158551736e-01 4.587390108172010317e-01 3.711206928429509055e+00
6.678561608371677005e-01 -1.401283797644216622e-01 3.870656360709950228e+00
6.719032930444728269e-01 5.552049871767212874e-01 3.738559669088739490e+00
2.170027325350249170e-01 -7.837521651065215700e-03 3.225221094118630116e+00
7.520938164092639822e-01 -1.354799261547545153e-01 3.249924704368578166e+00
5.810652579460103828e-01 -8.120409452288679386e-02 3.476918021730647457e+00
8.141780892959348259e-01 2.842917589263422445e-02 3.012803963940197782e+00
6.538863525411894306e-01 -3.097470179723156858e-01 2.911660192002762049e+00
1.265915944729816944e+00 -3.932352192558234427e-01 2.678224609874027440e+00
1.255710679698047061e+00 1.658435809944127093e-01 2.904901024990266922e+00
1.357632598435701166e+00 4.108637829489999449e-01 2.418000581075760547e+00
1.474025748435486616e+00 2.409560026296420632e-01 1.991658574411289351e+00
9.717092553939624677e-01 -2.019901491359716861e-01 2.499027450943804851e+00
1.071542062736800416e+00 -4.587425926255324082e-01 3.163577268653033236e+00
1.073157476129842136e+00 -1.277605062154099635e-01 2.701136593920030027e+00
9.795334746662158754e-01 1.864863714067573897e-01 2.634721908739611429e+00
1.498234111970387916e+00 -1.308984793010095626e-01 2.585212907303895413e+00
1.168476574579804472e+00 3.860502928423726887e-01 2.275435856244696797e+00
1.463298228977314652e+00 1.230142841710736512e+00 2.477548542456359471e+00
9.848335284824918379e-01 1.494159576928167699e+00 2.347324338039073588e+00
1.103805361636040594e+00 5.478642049339004227e-01 1.534892576487516980e+00
1.764420424062656645e+00 1.039265122925125517e+00 1.681258608280664424e+00
1.187432653768993873e+00 6.044163500483581419e-01 2.161219769735807983e+00
9.116589380383400831e-01 2.977084386679093586e-01 2.840447908246432895e+00
1.457365491874042629e+00 4.240773864086091471e-01 3.332956218278149141e+00
1.425831472275903122e+00 6.194574375005307276e-01 3.092738723402729040e+00
1.115440904161444591e+00 7.208461149126748069e-01 2.511234884797756806e+00
8.216262647304433120e-01 8.480793401611147475e-03 2.689524604827581378e+00
3.984776995657872689e-01 7.664736768460560512e-01 2.348284590463825872e+00
8.580851254085835045e-01 7.768513316476678421e-01 3.033245899384358069e+00
1.495078724401854409e+00 6.536133796349260505e-01 3.193393072983221170e+00
1.617561845965327594e+00 1.598167459949633162e-01 3.368922919716838660e+00
1.749391993824505942e+00 1.343655375239254657e-01 3.574704729661781322e+00
1.447454022214109459e+00 2.261231418853918568e-02 3.242505446628684229e+00
1.296675954345641202e+00 2.544646709563979092e-01 3.555246503304540617e+00
4.804961105395344489e-01 2.405988349681552896e-01 3.545876148664772742e+00
1.329846160873432714e-01 4.790020418752721776e-01 3.154810505673280918e+00
9.074925261241736929e-02 -1.584231553720880370e-01 2.892597258590331677e+00
4.699727870108076355e-01 -4.096555164754556722e-01 2.924817889010254746e+00
7.247845705024648089e-01 -1.638421006231425003e-01 2.961437245161695042e+00
1.162240809578086287e+00 -4.898645969029079561e-01 2.957220709562716099e+00
1.169508792030749866e+00 -4.447068016450506645e-01 3.577383006591580372e+00
6.074454400209494676e-01 4.313214579610566979e-01 3.161893858552585979e+00
6.472557009786275017e-01 -1.143667921420627870e-01 2.864919087000533438e+00
1.217400852153638802e+00 3.452763888653670454e-01 3.019648788025363295e+00
6.592091683876897257e-01 -1.402878529659233875e-01 2.819457963114809562e+00
6.687429219031675309e-01 -5.351361011930852452e-02 3.160781293580838813e+00
8.419664427433654064e-01 -4.632583567836220245e-02 2.954229594396887482e+00
1.018348756765391938e+00 -5.091053589261555767e-02 3.282872510144745348e+00
7.718891937096361566e-01 2.680104846968665161e-02 3.309129717006852989e+00
8.182954993746093253e-01 -1.964395322805752298e-01 3.784559785318175162e+00
1.290380517347858413e+00 -3.278539352476516067e-01 3.898694407971011966e+00
1.029039466983810325e+00 1.388989691125379067e-01 3.935546993168903551e+00
4.335481659357685036e-01 3.072083628407467071e-01 4.028252567011568530e+00
1.574663937665220947e+00 -7.018388966704687537e-02 4.155104128810935826e+00
1.207300093358646187e+00 1.111071453871384618e+00 4.338877817167000828e+00
1.449428153288583321e+00 1.970615734726493429e+00 3.610034013538109932e+00
1.341981047710959052e+00 1.234703901808729576e+00 3.057961759212732833e+00
1.466707042735661437e+00 1.309927021259868374e+00 2.710232680986004894e+00
9.402641059087860631e-01 1.507561934145229987e+00 3.084158558765300651e+00
9.549274249728361141e-01 7.153383117776093147e-01 3.405881849848340970e+00
9.983817047367339326e-01 -9.104809783971082315e-02 2.636894429316779309e+00
1.469486229422549473e+00 4.999201768266738344e-01 3.056292134383639336e+00
7.136977453774220326e-01 3.494359383251153806e-01 2.836178100249253209e+00
1.040914988434991084e+00 3.280900623166570496e-01 2.817131339567549020e+00
1.097480321571585149e+00 4.797755678659132994e-01 2.655587091574286518e+00
2.782613995637604476e-01 2.949484649856838336e-01 2.527587378253501882e+00
1.588955203137087935e-01 -2.075580852196766135e-01 2.416606624342673815e+00
6.132603461741674700e-01 -9.365171351769771557e-02 2.370104579128204492e+00
6.022232851105934204e-01 -1.323222988679885470e-01 2.960235714296960641e+00
9.880689117959057244e-02 -1.411100908851230795e-01 3.283296998507417630e+00
2.436072365349731261e-01 -6.892782717414550619e-01 3.229156907125107168e+00
1.071688111856002212e+00 -4.321932403967787550e-02 3.410155810911063679e+00
1.368038730508726708e+00 1.729831755674150484e-01 3.323165254085339804e+00
5.553961162116065609e-01 1.921951684034819974e-01 2.972539848339978086e+00
1.033696548639248869e+00 5.660875759630344950e-01 3.055537434169225186e+00
1.393157425704850239e+00 3.108085503298800290e-01 3.336380279333610144e+00
9.971120582667462040e-01 1.044096827195328592e+00 3.493684130675779542e+00
1.191846542377294149e+00 9.321597300172391742e-01 3.375462305553405429e+00
1.074673990818764135e+00 8.583776157841885857e-01 2.856484324505878192e+00
1.074673990818764135e+00 8.583776157841885857e-01 2.856484324505878192e+00
7.880013539518233578e-01 1.741112823287024880e-01 2.887282846478404164e+00
6.369943830675165453e-01 1.529259377622297633e-01 2.873402465721768717e+00
9.409230572913696022e-02 -1.356526555727042282e-01 3.185696883420579439e+00
9.600785351685954261e-01 2.149931050393393828e-01 3.037187140298982957e+00
1.312157416732799620e+00 -1.361764375053810538e-01 3.068533940357167644e+00
7.530038932237151927e-01 1.170831428613885450e-01 3.757226652073450968e+00
4.688014397748513917e-01 2.994435607736520844e-01 4.059882876888855741e+00
1.563762633833357674e-01 4.180914752012856450e-01 3.485439380400976894e+00
7.754481900434064823e-01 2.005796819317006152e-01 3.782265459122432283e+00
9.109388275104066679e-01 5.884400787267135557e-02 4.274557804247908877e+00
7.627805318790826794e-01 2.071284932656313749e-01 4.478823811514915043e+00
1.075477892355250153e+00 4.619728109270935801e-01 4.706551037791621539e+00
4.172697266149149598e-01 5.178990966164939147e-01 4.126725372727328534e+00
5.455538835040774082e-01 6.963567338246624550e-01 4.810132226745423623e+00
8.871702772795301284e-01 7.676847310412369119e-01 4.835363659348738352e+00
1.457370249491805714e+00 7.648349715969182672e-01 5.220384162540470996e+00
1.120882897280921275e+00 3.736848479101658738e-01 4.775870831670014915e+00
1.072001696005805638e+00 8.091344847636734450e-01 4.899549683213515472e+00
1.218203706027206845e+00 1.427075436156383548e+00 4.188154855654647513e+00
1.427247064799566534e+00 1.305466544538941731e+00 4.171628168960690886e+00
1.766409347411951547e+00 1.366827941963831838e+00 3.693557656478870577e+00
1.739447821142231954e+00 1.472796802424549467e+00 3.885391490502359879e+00
1.290951322138716995e+00 1.075981199366410346e+00 3.759805597410570854e+00
1.201173217866502885e+00 5.397268167441819919e-01 3.309538825292332564e+00
1.053849228287027762e+00 8.729369003136556726e-01 2.617073652162930308e+00
1.257799871963980243e+00 6.595146557982450863e-01 2.371135487748502690e+00
-2.273295239738379880e-01 7.657572363318196906e-01 2.560276207611272170e+00
1.074740503472722208e+00 4.035033752770894599e-01 2.601043368643095377e+00
7.824432290324040418e-01 4.511346272048319395e-01 2.828492170131630346e+00
9.123166778998661464e-01 2.899395128358868701e-01 2.599096865927763567e+00
5.836726787326906862e-01 1.077434158661390584e-01 2.895423910536961021e+00
1.151074173260009381e+00 4.876665840812166586e-01 3.382082802894516238e+00
1.185461950281722521e+00 3.618166469348619851e-01 3.078892508822633101e+00
1.325808374666166856e+00 6.343173680272400361e-01 3.055110087971802280e+00
6.941465960359322063e-01 1.214777081780213513e-01 2.279161639323966870e+00
3.861466181925733987e-01 -5.075378587891841153e-01 2.461987016784211502e+00
2.748944411633392759e-01 4.340249388873772263e-02 2.621021896077810887e+00
9.974562390354817509e-01 1.637882029813916562e-01 3.046469346735208639e+00
7.206657161920632104e-01 1.547808834434407921e-01 3.494858952246661765e+00
1.107385012558839810e+00 3.243412876844100068e-01 3.392129982959890544e+00
7.615508976743620151e-01 1.482377294247801680e-01 3.130795787332491198e+00
8.627708028059931644e-01 -1.641013222456954579e-01 3.342283725006171213e+00
3.986060897745287157e-01 -4.234177324436549927e-01 3.700243191598691084e+00
3.239288393672745126e-01 -2.423789281965398890e-01 3.808430205654449896e+00
5.107307290292790736e-01 2.592376858647580384e-01 3.239952080598751838e+00
7.650957898679539015e-01 7.347598219395939934e-01 2.774538955726408407e+00
1.127945297360577470e+00 2.677797360834930362e-01 2.829744355574533188e+00
8.411927342728844348e-01 -1.091802611779175702e-01 2.757568756700648827e+00
1.391720433664212386e+00 -3.765286575054714868e-01 2.535946127999276545e+00
1.045004996039523792e+00 -7.849982889472489900e-01 2.449459074886171983e+00
5.971524944831922976e-01 -2.716939090118447031e-01 2.732599292452406736e+00
1.040496320992121637e+00 -2.638856660311344471e-01 2.355543706844545948e+00
7.278223140382804601e-01 -6.555584818483287668e-01 1.735250863678025945e+00
1.771926640799793840e-01 -2.621531080271966019e-01 1.763587111261459395e+00
8.518968015913657155e-01 -2.383598207665845181e-01 1.689574100241858279e+00
7.802753529899777440e-01 2.100847413978597644e-01 1.949805396407545244e+00
1.051751649444637282e+00 -3.319401982133486362e-01 1.708622567632739342e+00
7.389039441652448525e-01 -5.839917143854768122e-01 1.708733133741889398e+00
5.534989150797902102e-01 -3.004693451134900495e-01 1.802438367398475183e+00
6.453338146130271902e-01 -1.301188351264679355e-01 1.800243159260528580e+00
5.142088650628529045e-01 9.475016015445121287e-01 1.741444911406913043e+00
7.184976718753546265e-01 1.205145641311664795e+00 1.598648111857164267e+00
9.789641995315548906e-01 9.325096607944964866e-01 1.845208221098084023e+00
7.620529052110182056e-01 7.165198530991582215e-01 1.724154069872290806e+00
1.115381697705936093e+00 3.767413383588956721e-01 1.962612332318375730e+00
9.568553456924923095e-01 2.818588096793517850e-01 1.609162961188357333e+00
9.531148384415153441e-01 9.707184079779789254e-01 1.579609930408379048e+00
5.754579426138148879e-01 6.644899773151017319e-01 1.414341019219690576e+00
8.861656262170425347e-01 2.976145707877388968e-01 1.603405967264000420e+00
7.527488738807356361e-01 -8.731512771246903448e-02 2.040898868436331171e+00
8.053635460743970853e-01 -2.970260104512181809e-01 2.598500878164582417e+00
3.107233110205620541e-01 -7.992743287312289446e-01 3.005429308261773791e+00
1.789892012037873070e-01 -2.949059816772888754e-01 3.057889142143622063e+00
7.107719864380599439e-01 -2.490145691594196631e-01 3.740633186107285013e+00
4.107689133652306368e-01 -6.809545566127130911e-01 4.230631413639061478e+00
1.095529563650373017e+00 -1.480526548580496371e-01 3.622908333995391583e+00
6.540133706269849467e-01 -5.110972628723234878e-01 3.487377552848995865e+00
8.276988985018562950e-01 4.818739742702274342e-02 4.144028701028554806e+00
1.223448774704606112e+00 -6.211931159821982851e-01 4.329438525371338997e+00
6.618434285612748713e-01 -3.368001729395369015e-01 4.635522945337449130e+00
2.346392573418951688e-01 -4.063928663486254256e-01 4.472136161112362451e+00
6.326940751079710434e-01 -7.151805771700786574e-01 5.236462039455775930e+00
1.478980103564452753e+00 -5.445222037895951495e-01 5.928008828358851900e+00
1.280732572281319204e+00 -4.341046854387831111e-01 5.682175308671004288e+00
1.858518077980597427e+00 -7.190432021724293410e-01 5.215563424510844648e+00
1.297553969436121113e+00 -4.164101028982675201e-01 5.960317850527449224e+00
6.987008060723949310e-01 9.617744960071891724e-02 6.258191752371766725e+00
9.354456874696588375e-01 1.542936218779410729e-01 6.742165931155269298e+00
1.258274475803844439e+00 -4.934795552465266744e-03 7.172668849080731768e+00
1.243304972984300427e+00 -2.705775325266451259e-01 7.196080611088215839e+00
9.723932390076198695e-01 7.947418224267446818e-02 7.214840351465036328e+00
1.449287241301072227e+00 -9.313129983653888055e-02 7.845481675145967060e+00
1.453660691051661402e+00 2.045274837973463100e-01 6.899251313127273022e+00
1.150631906663557080e+00 -2.666042419131866570e-01 6.838917492888858085e+00
1.464224676558990357e+00 1.859067211169336820e-01 6.899896547874329933e+00
1.429861092368102105e+00 1.928819892373857259e-01 7.018805924133076246e+00
4.150857452764832312e-01 5.574709402813067260e-01 7.657570329953057531e+00
6.626659249709471178e-01 5.480051840175577116e-01 6.746004252769315812e+00
8.167036119267568894e-01 3.468828984363451218e-01 6.854838667942156682e+00
1.031803060619242762e+00 4.699936608216402911e-01 7.956147099873956741e+00
4.974877753560832394e-01 3.202685485511447827e-01 7.422472818379473480e+00
1.136806823104817621e+00 3.822935807515308038e-01 7.467498816201906919e+00
7.556082293987614884e-01 3.100976279054430407e-01 7.127920485351906699e+00
2.847881670664930143e-01 9.665045235644864619e-01 7.472212023850019591e+00
6.393376047400678441e-01 -5.859011421551627019e-02 7.432595840186245972e+00
2.553236151315789182e-01 -1.096964729206056921e-02 7.324393180637995826e+00
9.441740366515684046e-01 2.210362149297164236e-01 6.967208702294401590e+00
1.383549195926417230e+00 3.476353092046431947e-01 6.939533870489966283e+00
1.698274588216194037e+00 -2.982481555971900344e-01 6.886969416998659277e+00
2.094855015750009208e+00 4.236065476894436133e-01 6.481919396918848442e+00
1.489109145655129085e+00 2.127201328956438986e-01 6.708147838296993903e+00
1.916865160335723628e+00 -5.830845718575580761e-02 6.954918318678422473e+00
2.023841725169870376e+00 3.718043754480916396e-01 6.432901260900306895e+00
1.950251111930096259e+00 6.603031527059882722e-01 6.107932583250142322e+00
2.220931617115447843e+00 5.463004976256499168e-01 6.176634091558323547e+00
1.934845729038644269e+00 7.377664097147327293e-01 6.326001323432993040e+00
1.154022288003647256e+00 1.558471977527275953e-01 6.064930946447479876e+00
1.004681851933282744e+00 -8.218532254421033467e-04 6.082027635660164577e+00
6.702262181146831921e-01 2.738574423973643146e-01 5.942215888703336724e+00
7.334125620769030851e-01 5.964315193345899324e-01 5.864290505768554596e+00
9.136948901636823273e-01 -2.590457321345339681e-01 5.631974267780764265e+00
6.287690831140837489e-01 -2.084540378666516758e-01 4.928651797834556980e+00
1.142301038500174865e-01 -1.403190854854426961e-01 4.447866877054955204e+00
3.616199903135451366e-01 2.553169256539898901e-01 4.211386079677167160e+00
4.377822905092910721e-01 -1.178174340749761628e-02 3.536444428939147233e+00
2.767319369340081603e-01 5.961182491417394980e-01 2.833987038292490546e+00
4.235457698342136590e-01 7.958336860045073236e-03 2.398608128652986782e+00
1.002356503710520208e+00 1.854015517520347656e-01 2.241704479036215503e+00
1.835866821208998578e+00 3.110452803844965253e-01 2.393241277844289527e+00
2.201100043989170363e+00 4.999287551350279912e-01 2.660377708634829474e+00
1.859365009816985603e+00 5.580049004801613810e-01 2.813455673640886001e+00
2.080798904104562475e+00 3.686817363997407782e-01 2.903243298826842178e+00
1.520410346723792161e+00 3.647302788427875253e-01 2.904087991584277439e+00
1.026995304306536294e+00 5.428076896005606944e-01 2.748593830013007722e+00
1.145446141511643257e+00 5.497733162651754490e-01 2.331281092594697846e+00
1.251044490739151804e+00 1.143781565963201574e+00 3.360453257356889711e+00
1.290771050284933219e+00 6.232561762255585114e-01 3.227913854300878072e+00
1.297607256651565066e+00 1.075331341693805731e+00 2.960280287646988029e+00
1.855191840907759904e+00 8.299999446918610024e-01 3.252453640359407760e+00
2.102081403507554125e+00 5.241813263770569442e-01 3.528552826490562566e+00
1.481286980104189466e+00 6.140541256589212571e-01 3.640538406601873334e+00
5.548698912668210692e-01 5.468507912160843754e-01 3.514477593849449022e+00
4.960691320987468123e-01 8.435972526486911205e-01 2.867106008131388162e+00
8.280577668925243051e-01 -8.310237632058867230e-02 2.947364617564458555e+00
5.863372563435121920e-01 -3.946198394783639318e-01 2.745766777453096275e+00
1.309584197429516150e+00 -4.718344119570290762e-01 2.853308572476026761e+00
3.436096643450332611e-01 -7.525413861293384077e-01 1.999131050781592700e+00
1.537070729773146183e-01 -2.091053948729393042e-01 2.014278101615352146e+00
5.731604688726437136e-01 -8.138686809767182728e-01 2.124631625880986530e+00
3.866394159453448998e-01 -1.759053190661193367e-01 2.396918023418208143e+00
8.275944180348179247e-01 -2.818124400811422570e-01 2.013954087620394962e+00
8.018059523724935245e-01 -3.569878910116131565e-01 2.501479244928702883e+00
8.324257434561654900e-01 -2.253805026334661232e-01 2.507057211044208422e+00
-1.424379047434025103e-01 -9.009547175421211973e-03 2.311253427518475068e+00
5.462584870330927656e-01 2.111541843245079708e-01 1.761840593849836267e+00
6.224154840807093192e-02 1.932139801500956378e-01 1.714674797781678084e+00
3.834085469028333804e-01 2.470529036738720596e-01 1.668805974817527238e+00
5.168583518327148907e-01 -2.911384108578231045e-01 1.294143868347136905e+00
8.862729609138766951e-02 -1.417224869237672102e-01 1.757953037691127429e+00
9.399828994808760996e-01 9.330013576647495921e-02 2.210067275610180904e+00
3.685587577620728084e-01 1.890773736362844071e-01 2.026053238645844079e+00
2.606721727283244361e-01 -2.292254375009015743e-01 1.834925835623134827e+00
1.942844518799619613e-01 -4.926173672169801843e-01 1.711376675186538243e+00
4.494747537003572213e-01 -5.271601382174311290e-01 2.612284667352152923e+00
7.371041803293056915e-01 -4.623452294439305832e-01 2.739043683418298070e+00
1.020085092001614013e+00 -1.389985959026626694e-01 2.668597069115104858e+00
9.718510835376691359e-01 -7.437952009825841149e-01 1.820516949523959038e+00
4.757908458362245518e-01 7.140812223608625775e-01 2.116275800166512955e+00
5.565793862989633078e-01 1.018618551947572781e+00 1.889078803177824950e+00
7.627764623164754454e-01 1.057699288333139531e+00 2.221225770666954702e+00
2.176052097393250673e-01 1.163500875790397071e+00 1.968956533158914279e+00
6.904511246791690260e-01 1.272194684774334172e+00 1.607524969787243352e+00
6.959878049253974686e-01 2.543315118154329535e-01 1.846003322775711109e+00
2.025065675980355362e-01 -5.484600698739102720e-01 2.454831480602291283e+00
6.174204804265022162e-01 -1.704111684003803973e-01 2.549793457060934632e+00
9.700327424757104744e-01 1.741124430798042244e-01 2.272909594757906770e+00
8.225759278531549201e-01 2.053626936851048190e-01 1.574067362162627326e+00
1.129568396992783663e+00 -7.009913546471603640e-02 2.251369370556827398e+00
1.107730049141811612e+00 1.074709263268152082e-01 1.425185224767128833e+00
1.387699841019713221e+00 2.404213050884912439e-01 1.255042781659975182e+00
1.185682999967272000e+00 -4.358620643117109422e-02 1.767496018321942808e+00
5.703945362104281269e-01 -3.301057461674325455e-01 1.918606376665917379e+00
9.404897104710236988e-01 4.413815292214447461e-01 1.897964232607552981e+00
9.770560976056628100e-01 -6.547161772031086235e-02 2.346922844103746186e+00
8.870448846359674233e-01 4.641120517037802123e-02 2.571073326400555636e+00
8.366626507966130610e-01 -4.293967155641111866e-01 3.012673125394641271e+00
6.475609417996878170e-01 -1.344073835439723308e-01 2.674410658261368923e+00
7.108858734961926995e-01 -4.038626306037959579e-01 1.981309437090585712e+00
1.401267033274716578e+00 -7.220525273859983162e-02 2.943137160915490824e+00
1.704733756774023279e+00 9.534129656174457068e-01 3.178932558133659381e+00
8.743750040202431517e-01 1.423221631463368775e+00 2.533416394874099531e+00
9.135399065004805585e-01 9.504807950343689971e-01 2.387101712650473662e+00
1.903571094314396417e+00 7.245075711170884114e-01 2.658878938477611698e+00
1.979844281803389006e+00 6.950310086613483707e-01 2.986426592333485175e+00
2.269658430200165888e+00 8.645923546162364026e-01 3.044080852950962424e+00
2.351493133247834599e+00 6.948416002009170089e-01 2.648714514649331164e+00
2.656109080709849746e+00 5.266528315112933845e-01 2.342277987409185691e+00
3.013119353349479557e+00 4.674879838545576982e-01 2.637404618008709623e+00
2.493561568496538428e+00 5.011340094545373436e-01 2.929181970453173189e+00
1.643718494680489695e+00 3.422620567947030623e-01 2.976797544372610460e+00
1.130018916910018989e+00 4.513012345589371699e-01 3.465681642701148757e+00
1.347996468526885927e+00 2.353439280720936444e-01 2.923383506050315717e+00
5.613501690550252166e-01 7.900141273985918922e-01 2.796549709275858664e+00
7.690584946529968047e-01 6.672785895609467666e-01 2.811610337935065207e+00
1.453200507703842348e+00 5.543116472971469921e-01 2.711671291465424627e+00
1.303343993562601666e+00 1.446382798725939667e+00 2.525367769855158873e+00
1.077131369133792038e+00 1.571586837967463346e+00 2.988417335176352552e+00
8.670495254491480397e-01 1.037731315965127576e+00 2.504069800544623359e+00
1.337629214529119981e+00 4.688960474862347017e-02 2.943037267591404493e+00
5.058345706041353917e-01 -1.186583863986205162e-01 3.404225220320369338e+00
7.880945036728935760e-01 4.409277193216221136e-01 3.737373665442170978e+00
4.611764084121951490e-01 6.221402676485037198e-01 3.542271104508045276e+00
1.081007908896232661e-01 1.768944592231631030e-01 2.732266228274227160e+00
7.214998767227140952e-01 -2.436541910151094337e-01 2.941109594027254026e+00
5.775960135294958553e-01 -3.144830026009568513e-01 2.687456455164085156e+00
5.111275244242672322e-01 -4.115477088377196835e-01 2.952134477688188596e+00
2.583673197261612264e-01 -7.075156689322901205e-01 3.718317161749134403e+00
2.748454730473539054e-01 -7.336510209336547517e-01 3.340914093483930092e+00
5.256445562994140064e-02 -9.379135520763249856e-01 2.584273829672937062e+00
1.985910719873573149e-01 -1.084975134524265861e-01 2.805650306157574825e+00
6.047608089538281106e-01 2.151025958942869298e-01 2.796482503745493897e+00
3.489412468405649337e-01 6.406287718534384723e-01 2.465126917750358526e+00
5.578437022833593328e-01 8.945471828506800227e-01 2.187630196412055028e+00
4.045907395671907159e-01 1.352686673407447193e-01 2.578689155078154549e+00
1.169402594884660029e+00 1.055402385653535502e-01 2.181481373479924102e+00
1.198193049683997202e+00 -5.040068490201923268e-01 1.876368480875220568e+00
8.072858005792797886e-01 -2.373707155892352261e-01 1.563491160808214708e+00
6.812110230521729592e-01 -7.249562127225550601e-01 1.311964733342097844e+00
4.382825625592725594e-01 -4.848114085010476471e-01 1.944471127289490564e+00
4.473101782693776896e-01 -5.886949722899844639e-01 2.141511396541934342e+00
1.985536602168830322e-01 -7.215191880353529763e-01 2.352751047791484584e+00
5.218295877248833037e-01 -3.485846561092966756e-01 2.976596064193520519e+00
6.759290939353975736e-01 -5.438886961866545855e-01 2.381010768744411532e+00
8.100364098946801761e-01 -2.857221088907283546e-01 2.095467144882093624e+00
1.164468385529848105e+00 -2.730927272843615139e-01 2.308467719909467419e+00
1.572260994835461556e+00 9.510888798216614315e-02 2.346410724305705742e+00
1.408137367760409653e+00 8.135586015102373725e-02 2.595999740201286876e+00
1.111414443009525854e+00 4.621664974644445478e-01 3.378158028256946110e+00
6.573866538223798184e-01 1.574015404152031006e-01 3.750091648781622489e+00
8.690644467809657270e-01 1.287579576045568275e-01 3.828468790017826695e+00
8.757343626985123475e-01 7.494522022403764250e-02 3.417350949257571990e+00
1.122420266264491540e+00 -2.020517135498277328e-01 2.697827291291601259e+00
8.563156863394206786e-01 -9.058717075256042528e-02 2.047818767922773731e+00
7.321377714525900693e-01 -4.694154407421760600e-01 2.530471924101552972e+00
8.738344292000722602e-01 -2.843654518444911350e-01 2.633202722809018681e+00
1.462818499962931895e+00 -2.169963666414112813e-01 2.566691494277553609e+00
8.264966545651687424e-01 3.366621673259942438e-02 2.366499100443311132e+00
9.852664938407594830e-01 -3.672716851773711877e-01 2.423512676600545923e+00
2.608618146984551522e-01 1.794858411786018904e-01 2.245424539321803081e+00
7.192933298938335440e-01 7.779749611573839596e-01 3.273002395275919518e+00
6.187439341959874994e-01 6.000035272036341460e-01 2.345237225800540948e+00
9.688082712213380576e-01 7.579276141897239860e-01 1.707589531356781487e+00
1.289684324250373493e+00 3.221999320147185264e-01 1.996509587624354598e+00
1.210443248758602763e+00 3.685855821596790705e-01 1.588830152150215724e+00
1.127353111992516865e+00 9.682871582936202204e-01 2.114990123475142703e+00
1.649188775353148451e+00 1.071723737196977222e+00 2.235688458211123386e+00
1.434898608875320392e+00 8.299482140455028967e-01 1.794001062563302273e+00
8.226102532085858288e-01 1.485243613800388385e+00 2.113293800562584313e+00
8.126114937811521610e-01 1.108384050555073941e+00 1.916315433510881405e+00
6.327287637391501018e-01 2.540420637056060027e-01 1.926554097314162606e+00
7.448578846641613627e-01 3.800146388537152531e-02 2.127765606073538152e+00
8.315989420796423559e-01 -4.279561596293468551e-02 2.128264446063845572e+00
5.375102392448138922e-01 -1.762453376741203726e-01 2.114459940812197125e+00
7.755517743529434238e-01 -3.792999525122895954e-01 2.032411507942852857e+00
8.829019587244520961e-01 3.291847940468420886e-01 1.929923332121420199e+00
-2.196530564903517724e-02 4.397066618491493606e-01 2.142368304314684391e+00
4.127787054335734229e-01 4.342006494130506988e-01 1.968061051535513917e+00
1.429753293097563160e+00 -1.595208058566101594e-01 1.530983242653894516e+00
9.603594284158687433e-01 -7.980962996537012133e-01 2.672490997430381210e+00
1.195145284717266554e+00 -3.123414830401313735e-02 2.761087297087433168e+00
1.094873274108220107e+00 6.635377179842705253e-02 3.217730507396492357e+00
1.140701446996351454e+00 1.784037841142486758e-01 3.374244752162602001e+00
5.887960898378391539e-01 -2.493068778916804340e-01 4.114256617240182656e+00
4.572248148101367149e-01 5.054971369629544797e-02 3.585828210850556363e+00
8.443728433228913088e-01 7.050130347480285109e-02 3.639726509983843616e+00
4.560006275189938951e-01 3.778591282019664321e-01 3.463073313195169867e+00
8.299109070388127618e-01 6.849484296096388647e-01 3.492514598881994559e+00
9.074290376776936728e-01 4.589527390197123413e-01 3.380617615286503064e+00
3.289620667678431754e-01 2.399359800562895495e-01 3.279199262795045478e+00
1.119085468269915395e+00 1.120833431586164830e-01 3.195156534385447777e+00
1.076124759110246742e+00 1.408496464139136206e-01 3.054611940008077120e+00
8.974537425100554966e-01 3.379386423388040517e-01 3.464634563000651202e+00
3.103941001212646156e-01 5.019994145835294796e-01 3.822674434666510468e+00
3.192820229737395460e-02 6.231083978343306962e-01 4.079969890497180174e+00
7.088046731298729419e-01 2.439678091361370260e-01 4.304616360776813977e+00
4.043367263408461088e-01 -2.847943686235194782e-01 4.668857258175886038e+00
8.808077696198993722e-01 -8.744563100433931924e-01 4.748090162741999798e+00
4.833185899786542894e-01 -4.171370428068473801e-01 4.512517532853200564e+00
1.197704772580064470e+00 -6.959241912228981697e-01 3.908132726355121100e+00
5.509334547574412655e-01 -1.468135691177654412e-01 4.628882927875982212e+00
1.341260452796044333e+00 4.312831862657443560e-01 5.204836984716105341e+00
1.540067907113269907e+00 1.009919476874484356e+00 5.273254064697133536e+00
1.373041482553977399e+00 8.767271144740546029e-02 5.637254737856966180e+00
2.256698534445671367e+00 9.929653094570890792e-02 5.356489718402464462e+00
2.267133861389444949e+00 -5.104047321090714462e-01 5.108909048076029080e+00
2.246998827720380287e+00 2.141475538258656997e-01 4.666899354789542542e+00
2.298812894147570951e+00 -1.634501433613315957e-01 5.141453283588186984e+00
1.876971634695104196e+00 1.415074731162613841e-01 5.522690755137053209e+00
1.394311009933544510e+00 3.821602534364955672e-01 4.889310813709658810e+00
1.450257061785917623e+00 3.908579535971412611e-01 4.862008182457022265e+00
9.323694068726461337e-01 4.872056650921035570e-01 5.059313663845053988e+00
1.373331000611832220e+00 4.569959505478393136e-01 4.744015178456228554e+00
1.552423589084638511e+00 4.371196702951578028e-01 4.707166804887819467e+00
1.334979347693653562e+00 8.021536025196221997e-01 4.251518961355803761e+00
1.780902742745087419e+00 3.227034539918877676e-01 3.638977550105139347e+00
1.859415500203927651e+00 6.044450234752951623e-01 3.602705793441968840e+00
1.184109604269876437e+00 5.437085639608025822e-01 3.673772330009327902e+00
8.257823744278812717e-01 6.887568290784011893e-01 3.342788762591065943e+00
9.159180488608168469e-01 8.081570884442909053e-01 3.395551939280089915e+00
1.466152714400764001e+00 6.609232016518221675e-01 2.399400665246321562e+00
1.241077959459454316e+00 9.219023762807535549e-01 2.486306486693171447e+00
1.218983697779361108e+00 6.976523397966590823e-01 2.616198724341425308e+00
1.320844752852774029e+00 2.215519339919843622e-01 2.767089841324832378e+00
1.022648789474375208e+00 2.238965659417122278e-01 3.049902383067350176e+00
1.528907979385451865e+00 1.045499679414670369e-01 2.692483541314350859e+00
1.432925174056822737e+00 8.396104007879465897e-03 2.912770715012936495e+00
9.224996487055985295e-01 4.822756611675276250e-01 3.193577830809104956e+00
9.013820688915913371e-01 4.649550957672208829e-01 3.212001886810088358e+00
5.457550943830389301e-01 7.466753868068576327e-01 3.057820054488281869e+00
3.287707604629472868e-01 5.818466591700508506e-01 2.912841165937444909e+00
3.716519615560061052e-01 5.224148024574828408e-01 2.920205850914521228e+00
8.075635328027659376e-01 8.856951261734913317e-02 3.308546593158921745e+00
1.560029704509879434e+00 -2.815085760426182943e-02 3.137135050088146748e+00
9.299230852332317498e-01 -9.880398578067586812e-02 3.066287624107792986e+00
6.188377630223736992e-01 -3.897790860858476036e-01 3.194124871905682728e+00
1.128474952891042049e+00 1.099714208237573543e-01 3.227140632508410434e+00
6.188042979240023778e-01 5.407477511842672530e-02 3.206566326815288637e+00
6.998466196909300940e-01 9.743467597604542618e-01 2.613817016431144946e+00
1.177785339717895008e+00 9.538862986503827690e-01 3.014280249550843394e+00
6.881685153779750763e-01 2.741909872227100697e-01 3.229907289578425544e+00
5.499603094768520384e-01 5.998717792980109431e-01 3.745937645265275506e+00
1.291481964531814519e+00 1.932906296468000218e-01 3.926516348441940085e+00
9.330036803980800153e-01 1.177041309157164650e-01 4.157185447897750130e+00
1.580115527018692401e+00 2.783866899196431599e-01 3.572940390621662132e+00
1.093582233009925853e+00 1.915041299945128284e-01 2.798374167241333144e+00
1.476319374343700641e+00 1.108711205368214103e-01 2.573696279573380430e+00
1.136186417531553250e+00 2.920027688611239944e-02 2.408049197010026621e+00
1.001856050043364865e+00 -8.042855049363254460e-01 2.529844962944966191e+00
2.939157105589131347e-01 -3.870197035252381790e-01 2.792675318362976000e+00
4.456306845705415021e-01 9.167979022278893719e-02 2.325969960877716236e+00
5.288293758817009804e-01 -1.356687964281443337e-01 2.456189482347594932e+00
4.628697681608609504e-01 -2.923875086029599224e-01 2.599633990952946228e+00
6.137204668156371473e-02 5.007948286981733776e-01 3.158760461902326178e+00
4.338879477020168851e-01 2.098922749461679671e-01 3.534601580700114987e+00
1.105677569462109266e+00 1.376467529514939780e-01 3.344363565383947190e+00
1.711574656412759576e-01 5.665909927395254009e-01 3.418215671390057331e+00
4.095631176981858745e-01 7.811127970205447579e-02 3.463337847588495499e+00
1.302462181483416526e+00 5.759533834979009281e-01 2.912682752571985834e+00
1.495219620655274362e+00 3.586112918063729116e-01 2.978132768933844599e+00
1.013546948970391659e+00 3.580301724401585561e-01 2.264969528633121953e+00
8.979650713426682307e-01 -5.754141610995987255e-02 2.475386890464407852e+00
1.065034366007172828e+00 -3.527529833044681928e-01 2.584260106718349270e+00
1.028599206212259753e+00 -2.409278650185789905e-01 2.770415467575298774e+00
7.992808706806275865e-01 -3.229037803852253252e-01 2.601474695154938122e+00
6.306426234855403434e-01 -3.350683905672106611e-01 2.592242353424111023e+00
7.651913008043895736e-01 2.559663988702989834e-02 2.409691941893002731e+00
4.795690622005785997e-01 -2.562621591363729162e-02 1.880155993091008559e+00
2.841993924197709354e-01 -1.953158350755813955e-01 2.134624379875006639e+00
6.548092570970476256e-01 4.077549916381239536e-01 1.642778200438725245e+00
2.641563895635339887e-01 2.651733751087286817e-01 1.603890448075182329e+00
2.127330038201032392e-01 4.139419956201036976e-01 1.815523879432782595e+00
7.601860024199942334e-01 5.025763069836847174e-01 1.395466587258550994e+00
9.614925716827396052e-01 1.221680448847644040e+00 1.298503998053922137e+00
8.812486308749235553e-01 1.096341748749860345e+00 1.475429004983292103e+00
8.534444986595701721e-01 6.623282409546686900e-01 1.714434165262602061e+00
8.915197184924882334e-01 9.432219293926663584e-01 1.959407542784583400e+00
9.703669191313260001e-01 5.697041759284754425e-01 1.788482191043720304e+00
1.082026101731690337e+00 7.684860631718548607e-01 1.615229299758440318e+00
7.612552734557413991e-01 9.914211135378172557e-01 2.000188323746101560e+00
1.592469475791483680e+00 6.698399893344622047e-01 1.476016570915572590e+00
2.129820561089168063e+00 6.110291724346602615e-01 2.462179600247718980e+00
1.771224315525127047e+00 8.348421561393165602e-01 2.371622799757358457e+00
1.713909561902899448e+00 6.539603185260873808e-01 2.579427441315550684e+00
1.883139823560043835e+00 5.975468874126105279e-01 2.460705091774871178e+00
1.607247943617588826e+00 2.888352929546573189e-01 2.156078261060397683e+00
1.207126208959286906e+00 1.056824507328056217e+00 2.340728284043248397e+00
1.309506754514849325e+00 3.809873554514782157e-01 2.940381150792950482e+00
1.025463690786795556e+00 4.475778393498461849e-01 2.643212269313598650e+00
5.617782979151859646e-01 4.414297594801115665e-02 2.832010185710629013e+00
9.980871680718200745e-01 -2.389502878596450330e-01 3.346792096083511581e+00
1.076403393926784080e+00 -5.049160414976633371e-02 3.561790043681988926e+00
5.775257379510597699e-01 -1.145776285661895599e+00 3.021305360651258987e+00
7.533741098977392303e-01 -2.401297285653985203e-01 3.827710999894766708e+00
6.383519015295837651e-01 2.172294203566863813e-01 4.195535730387187634e+00
4.908981547325916850e-01 -5.219145793351309681e-02 3.541182011811275565e+00
6.025068646134522643e-01 3.760112043822573247e-01 3.484793548132602670e+00
5.299463559921685496e-01 2.854318635606815091e-01 3.471124768706248531e+00
8.794796919472970265e-01 -2.785937106705834720e-01 2.786169205381829883e+00
5.402651327022474081e-01 7.465216516128911350e-02 2.968411253948143536e+00
6.917458039142457826e-01 1.790961800457298303e-02 4.178077080207248883e+00
8.668799959681008360e-01 4.929572836710426065e-02 4.446385028592594324e+00
7.691448102686817556e-01 4.054806211290941098e-01 4.987024927166017640e+00
5.128028546877428928e-01 3.453552018677451541e-01 5.232308649594525463e+00
8.801717432007264419e-01 6.325156780611753682e-01 4.546253721151906291e+00
1.201624379461085024e+00 8.264620620186796662e-01 4.990268152538413382e+00
1.375295421002727725e+00 7.588122265092075436e-01 5.030898995129530427e+00
1.090563981633458024e+00 3.616232465773467908e-01 5.227463440154821228e+00
1.445533576653420083e+00 9.901253119898161259e-01 4.791006297821008175e+00
1.229002429555368536e+00 5.815960628635491458e-01 4.572246623466964977e+00
8.592992417289847529e-01 7.676121387336645174e-01 4.316725502995205410e+00
6.790875556332032215e-01 7.814381848212218484e-01 3.876228557266793828e+00
7.727306560611014730e-01 3.404949355483073425e-01 4.480792187268797022e+00
5.957429468844976927e-01 7.695329283333495196e-01 4.383846473992034198e+00
1.223853745662234926e+00 1.925623351162854546e-01 4.192085135978548038e+00
1.805542929954954579e+00 4.782071423788522013e-01 4.626117325455942009e+00
1.370109201377064823e+00 3.141522064887837251e-01 4.071359392880027350e+00
8.527602585593740958e-01 6.580200072545634438e-01 3.468179691744913029e+00
1.097867190633190049e+00 9.790316025068042105e-01 3.506032269796671930e+00
7.585079822308369302e-01 1.217339830260195432e+00 3.455711398855730199e+00
6.835237511945295719e-01 9.849610191791441371e-01 3.361234872711780231e+00
1.539539935678800875e+00 7.876887386673657732e-01 3.486847211478792730e+00
1.676869774348758169e+00 5.166265096461145623e-01 3.915987631634954003e+00
1.272384892564423220e+00 5.922904314357888556e-01 4.309920653735582086e+00
1.573179694729511358e+00 6.470086402954973170e-01 4.158035834031410083e+00
8.438803552381997086e-01 2.812028348760569618e-01 4.206844898962534884e+00
6.114699374607586169e-01 -2.032693858079119842e-01 3.984619822992782723e+00
1.462204966493239944e+00 -4.794570882603925444e-03 4.291582683413395216e+00
1.758817972094285809e+00 3.942004762049917121e-01 3.884125749346211798e+00
1.088193610302315095e+00 -2.931103568904647738e-01 3.931433772746373734e+00
7.925286162679936464e-01 -4.108187903555092779e-01 4.137347616587823573e+00
1.229746055375761982e+00 1.780913339326338496e-02 4.008944353555059514e+00
1.068258146619260440e+00 1.513818113116613684e-01 3.830883456954286004e+00
1.037212639811970760e+00 -1.719175879368725277e-02 3.584004007672218606e+00
1.565815656650804577e+00 -5.640188340884934037e-01 3.267259913447502662e+00
9.999517304105709492e-01 -5.534814863893576797e-01 2.422183396633758257e+00
1.712827638745164083e-01 -3.530758913867423354e-01 2.634501593567203592e+00
7.172226814862674438e-01 -1.445871528758771452e-01 3.238096273426914085e+00
3.395107074338100106e-01 -4.464276279445104634e-01 3.414947746510675675e+00
6.398260492932890120e-01 -6.719766349991705967e-01 3.461543454100774131e+00
9.968537878397569774e-01 -6.308186748074489092e-01 3.263253331071813701e+00
5.973705150096471073e-01 -1.147682861840400248e+00 3.131474563590209481e+00
9.187976513529715339e-01 -2.628275061332615570e-01 3.217135522870701259e+00
7.702318024803933572e-01 -2.953048220337167740e-01 3.154347463596158807e+00
3.012576175933301958e-01 -1.467046754773600470e-01 2.663375706192173009e+00
6.618706244381842296e-01 1.056811945128573738e-01 2.548775110062895255e+00
6.426100365102659362e-01 3.591434260141895263e-01 2.511187499016892311e+00
7.508756354033011560e-01 4.688914308749172477e-01 2.082235708581842371e+00
1.151417526621630216e+00 1.406585653082337739e+00 2.112025366205565469e+00
1.423668820039364125e+00 9.387426502916216275e-01 2.083277675584940258e+00
1.042244056919039430e+00 1.147883887448760909e+00 2.731188333146097769e+00
8.444060591495947676e-01 9.782306283021843241e-01 2.640720517335693796e+00
9.570956595575988990e-01 8.687806396727824065e-01 2.680315768988769332e+00
2.795279653176362400e-01 5.986428875112567161e-01 1.906491843413596232e+00
5.256170018932903032e-01 9.786598712653847842e-01 1.902077644175626414e+00
5.565241470273815660e-02 5.566890591929687382e-01 2.314585896689736799e+00
4.604508770924217176e-01 2.019042250235815739e-01 2.544402189416240745e+00
4.053051288669212715e-01 2.981064264673420339e-01 3.051769383966462801e+00
6.044396066438355586e-01 4.897100732649030674e-01 2.775991892900672831e+00
5.065069812907165847e-01 3.972853737037875255e-01 2.585413218979405237e+00
5.876423995847405157e-01 5.211238811367497892e-01 2.061291290672421006e+00
1.284070374278185600e+00 9.896625457365432199e-01 2.431646847809552092e+00
1.615440377727532573e+00 6.718561865326628801e-01 2.874299083682997580e+00
1.063227493703036597e+00 -1.253589882225717711e-01 3.097919027870724928e+00
1.062391209313055418e+00 -4.115726542384990500e-02 3.276577108347690448e+00
1.691637391459760220e+00 -4.505341761491566954e-01 3.992300507081394834e+00
1.143281310477202162e+00 -9.613539638413930166e-02 3.690553915712359245e+00
1.044433521960253630e+00 8.069845319832174013e-01 3.753104593762223384e+00
7.936946391025033742e-01 4.528937948360565735e-01 4.401035322615247658e+00
7.889853334686316444e-01 5.182870265478107807e-01 4.285107008521232608e+00
8.968352529680245766e-01 2.688211325773432470e-01 4.106532780779606817e+00
9.336539468889788473e-01 -6.187012781979867732e-02 3.582050978050164147e+00
1.164516362065547872e+00 -3.021588222607666241e-01 3.419212945619759303e+00
1.244329572958418506e+00 -4.962616016674849251e-02 3.643269068101220753e+00
1.121815679700437274e+00 9.264645706818549487e-01 3.680840523153996902e+00
1.260054708258528056e+00 5.413681313364820946e-01 3.462208197021452882e+00
1.205588325504223013e+00 1.802655126786266715e-01 3.486411678864324681e+00
1.620741057634407900e+00 4.848193351795404005e-01 3.897818020509027814e+00
1.961571241509755037e+00 5.211977138431131973e-01 3.966519174583437835e+00
1.333090229314223940e+00 6.491897385840936785e-01 4.159394390589869595e+00
9.249764058399101430e-01 7.630522640954739977e-01 3.759259908551543461e+00
8.737060591065949344e-01 1.753127076611349366e-01 3.309025620550359204e+00
9.354969594190095661e-01 4.509743377880258419e-02 3.941231002213574364e+00
7.702804410010394287e-01 -3.254712781907191932e-01 3.656254420749395884e+00
1.029444701072766977e+00 3.419355487038089336e-01 3.484609743895187517e+00
6.760561736737209504e-01 -6.954928077003739995e-02 3.694842813802731385e+00
8.709298529325253391e-01 1.112561068066309222e-01 3.036380859005192612e+00
1.416588804674592472e+00 4.631023278448692104e-01 2.564812591109970175e+00
1.377809423548687295e+00 6.910225739411840484e-01 2.568064369687420800e+00
1.047633960948840981e+00 6.377268017339643436e-01 2.666999669100799331e+00
1.824317639341759556e-01 6.589007606594707855e-01 3.531866034222204132e+00
1.070541803240009804e+00 -4.247858652372764610e-01 3.244704176861726186e+00
1.150232459295588816e+00 -4.360312800079674256e-01 3.341850401760249056e+00
5.775227173231886058e-01 1.393655497759574424e-01 3.173281917527702500e+00
-1.876093913893958909e-01 -3.153360636350623775e-02 3.314601944900686714e+00
3.260115135040634882e-01 -3.156189351999368897e-01 3.730253509784771992e+00
7.034441600493301916e-01 -3.799037198885947264e-01 3.870049469145373511e+00
6.202259928285385193e-01 -2.276118591618180031e-01 3.793247300662157429e+00
6.338894337101482757e-01 -7.047896700180369955e-02 4.140504793068562783e+00
6.881148720596047541e-01 -2.529120915928149693e-01 4.333181607524189793e+00
6.825643405452578305e-01 -1.983794039761160310e-01 4.442232785797551209e+00
7.905302062896959470e-01 2.948529798510906019e-01 4.337600700798672548e+00
1.163731120834047728e+00 4.380648389261855291e-01 3.635413731744472798e+00
1.088482629624476949e+00 8.635915588163830536e-01 3.794517184369670559e+00
9.989817569238902406e-01 4.571049187672352465e-01 3.760378071286780699e+00
4.540002458903405480e-01 1.609522299144082458e-01 3.056743557457641813e+00
8.272405897951045084e-01 1.821886410287108238e-01 3.114893227028317391e+00
5.152168666362257898e-01 6.346558333917515782e-01 2.815616744003982319e+00
6.075480986213177559e-01 -1.883986895964467889e-02 2.994746684359586020e+00
1.201905441791497609e+00 2.189943981215125013e-01 3.160689523027629289e+00
1.390131925144157510e+00 1.589212180061244650e-01 2.989509250315973699e+00
1.199817772438081409e+00 -3.063784856127851897e-01 2.079803936070543369e+00
9.922166938350738263e-01 -5.079654936099922136e-01 2.379252916967586895e+00
1.295583611721884409e+00 -1.913260096808466759e-01 2.495111773585117376e+00
1.092391265483541485e+00 5.199242758604936121e-01 2.920796845068464709e+00
2.011202048847600121e+00 7.076724876859029623e-01 2.304201533831090831e+00
1.164590140668600338e+00 1.589484621567200384e-01 2.665797967522186340e+00
1.369342495235089885e+00 8.226382650689403331e-01 2.218589397848854006e+00
1.891351372862398295e+00 9.347241654322531179e-01 1.895430515687865247e+00
1.112049849755477604e+00 7.081708414427458909e-01 1.622557261772586967e+00
6.100009433275458415e-01 1.017514136027754201e+00 1.381113449173176466e+00
9.346635280094073295e-01 5.711068298315208347e-01 1.700743906649099468e+00
7.829658233016845159e-02 2.765789412348747534e-01 1.418490319662667920e+00
5.763301730409297052e-01 -2.201876254064497745e-02 8.674726739777807172e-01
9.505006489718689222e-01 3.635430658436856199e-01 1.474776905498870860e+00
1.047298715909470879e+00 3.908893688611160266e-01 2.060318692560708875e+00
3.697234357371855240e-01 5.242442462341554421e-01 2.729607806354982902e+00
4.887383664174101972e-01 -4.135306404092371491e-01 3.028715326212430448e+00
1.212603646390949530e+00 -5.164466095332397311e-01 2.565653176077590913e+00
1.059258626976233852e+00 -9.422962917344747114e-01 2.184687822846046235e+00
6.752821251089889953e-01 -5.274172041048523774e-01 2.148015787807463273e+00
7.215856563676210922e-02 -5.768178856670550525e-01 2.532214755048002530e+00
5.121989365271286676e-01 -2.711942568749919347e-01 2.312081541121937978e+00
9.662668015149522560e-01 -6.581333843116361493e-01 1.972849511964833269e+00
8.088145117417054886e-01 1.055675306117261347e-01 1.501488820834415483e+00
9.016295439241365228e-01 5.958238655306562492e-01 1.776836812029986667e+00
1.370117106108662330e+00 6.900952163217407564e-01 1.993832950721518005e+00
1.068067947979965737e+00 7.014008931116032519e-01 2.145331357378473136e+00
8.484788325542547138e-01 1.343737629537354650e+00 2.303380565384152590e+00
4.754704332650120935e-01 1.083324940835174610e+00 1.761067474080834749e+00
4.284276118287038693e-01 8.167671034708703370e-01 1.538336472626259832e+00
5.461932560914382062e-01 1.641285124911368021e-01 1.286818093365042159e+00
6.535692399916210871e-01 6.138968866441031347e-01 1.405502332215008865e+00
9.043935120911419934e-02 5.451281654545997446e-02 1.808920743815032095e+00
6.196343974989223513e-01 -7.334661942444349325e-01 1.510743899238199184e+00
1.033801277369926108e+00 -8.101602426290448467e-01 1.625710933405513314e+00
1.738676973214038579e+00 -7.803135221761359208e-01 1.799932432376766922e+00
8.802792706671667133e-01 -8.172124503421226982e-02 2.759115476396176714e+00
1.037762628290778366e+00 6.405436709868628231e-01 2.836233929356583694e+00
1.150903646218422338e+00 -1.663099689415438454e-01 3.204525543872404292e+00
8.738862588146173449e-01 5.511594247297306459e-02 3.705786726323040181e+00
5.031247871524858750e-01 8.095841450269402051e-01 4.009886893723763279e+00
2.471077989062419600e-01 5.357008351855985229e-01 3.781520826651560974e+00
6.492390535311752808e-01 8.177189769068612946e-02 3.824962924166414258e+00
1.508896218486986962e-01 -8.856729427664600252e-02 4.063161927864320511e+00
5.268088552367340416e-01 -9.875714390958076350e-02 4.453368189134759625e+00
3.379967661282815006e-01 -6.295551958426426342e-01 4.177256907596214930e+00
3.425891436755031938e-01 -4.001930782845303791e-01 3.828074788779885385e+00
9.367127995365981397e-01 -2.867210170224903654e-01 4.080524151897268581e+00
6.294184070433260780e-01 -2.879233717421378902e-01 4.144266580804376154e+00
7.420933894744324855e-01 -5.345011059668233200e-01 4.525587852340089867e+00
5.546926703589513119e-01 -1.569746805180048943e-01 3.962629976435378065e+00
5.936883999029204384e-01 -5.000222349268632627e-01 4.502066256731255933e+00
9.376653789014708362e-01 -6.742639526716599496e-01 4.765768026703900873e+00
1.009090905911815383e+00 -1.944540291236705187e-01 5.067774168247900946e+00
9.154795871912948524e-01 2.217544613586389102e-01 4.496250782099173726e+00
1.315147921775244422e+00 1.191834851124375094e-02 3.882256348102412602e+00
8.980054712202386602e-01 -1.078437448325345188e-01 3.764120119127902786e+00
1.176010505749065960e+00 -1.155464213206274515e-01 3.707122165300094530e+00
1.058231956596179302e+00 7.506203822268959769e-01 3.995877927283357334e+00
1.048910880443737481e+00 5.845609760397909582e-01 4.705025090556443246e+00
1.653918379905723324e+00 -6.991439833184724673e-02 4.204508218740592440e+00
1.348266894809694083e+00 -2.784801327516732428e-03 3.652426141855996899e+00
1.242993032893823457e+00 2.454375005006585453e-01 3.097662196640585730e+00
8.237722342836313327e-01 3.636859924444799108e-01 3.204098452794233332e+00
6.572660071888287714e-01 2.951063260364576724e-02 3.180881774056732780e+00
5.696604163334642035e-01 -7.292418577133018276e-02 3.819328069480915300e+00
5.541105191334509961e-01 -1.413580319697272103e-01 3.310548646403030926e+00
7.796574532432501980e-01 -1.976162741142247770e-01 3.376348339815200994e+00
7.141795733082962894e-01 -7.601328427829882051e-01 3.395138858259056924e+00
5.562643186249022209e-01 -2.633855896778047878e-02 2.775018547311765449e+00
9.367318481348523018e-02 -1.490270683937471863e-01 2.778548606366274765e+00
6.844273795650724912e-01 3.628826772457193206e-01 2.591125577339663977e+00
4.638163569206901760e-01 4.509636945973642397e-01 2.285181261951146237e+00
4.358559337394931621e-01 8.312647115072360204e-01 1.664836052025216562e+00
8.763682292420515996e-01 1.139435138881861764e+00 2.168564072128323694e+00
7.418614609992220110e-01 1.159917159526920871e+00 2.375958899848639838e+00
5.506097470505884051e-01 1.056413386145256483e+00 2.680953193491899533e+00
1.125097244459484891e+00 6.408902948875683236e-01 2.556082888227152239e+00
1.156932171068013826e+00 9.091140761860784236e-01 2.843267182188699227e+00
1.700573594644932518e+00 5.543238121151380371e-01 3.169704213553604877e+00
2.091228076545066372e+00 8.008703115165263231e-01 3.166804477465260614e+00
2.375159773749665248e+00 9.191163461242711774e-01 3.292737775360008001e+00
2.397056517329073877e+00 6.131989607452592583e-01 3.247318158653284659e+00
1.753293883088655081e+00 1.145456560553429259e+00 2.952653769488438051e+00
2.024676565945129347e+00 9.507057172396261580e-01 2.925253478275450902e+00
2.572120335542143366e+00 5.435774258209210563e-01 2.457907744292081365e+00
2.268591803515366934e+00 4.437045887135657174e-01 1.671389029098146350e+00
2.176926013197789445e+00 2.602769287123796182e-01 1.584397151164593565e+00
2.001133476037790349e+00 3.468830770991881973e-01 2.007060003082945965e+00
2.380430711850784586e+00 6.731181001033028632e-01 2.519808123454900795e+00
2.936880847299515374e+00 6.493190480270114584e-01 2.725243825942539111e+00
2.759000444869862623e+00 1.182262074092021997e+00 3.433629003432717042e+00
2.807958615065736740e+00 1.983725041609999407e+00 2.804757943117132779e+00
2.806707109607112116e+00 1.528846053341633704e+00 2.486239257090983035e+00
3.061142291791732806e+00 1.849463440008489945e+00 3.040591680164497657e+00
2.890772740151238640e+00 1.144998263030784225e+00 3.114686270834896575e+00
3.488339772868978006e+00 1.087187620939202404e+00 3.527402590673875071e+00
4.115039521138121437e+00 1.574408570605772439e+00 3.543423150872401894e+00
3.882058364736488354e+00 1.585287268186885257e+00 3.041139594059000029e+00
3.050889249824956462e+00 2.051344951438315967e+00 3.168503177308299446e+00
2.625331590121219527e+00 1.707331707553714883e+00 3.553017746541656141e+00
2.733606899432580839e+00 1.069763318839880073e+00 3.328683487781972872e+00
3.413763099720743988e+00 3.929027345465990750e-01 3.802045843499235911e+00
3.038122285602204098e+00 -3.261925310447955084e-02 3.957094107759007606e+00
2.551584615715924542e+00 1.280141978454328311e-01 3.758066888468888145e+00
2.341616961382197992e+00 3.029699789673954702e-01 3.858411511400715366e+00
2.606642475868807818e+00 3.368989275214153700e-01 4.301696705260314779e+00
2.679603249715677205e+00 4.739556987067921612e-01 3.688651481960254053e+00
4.149520633324841334e+00 3.776815969680148433e-01 3.527049170390779587e+00
4.160270538135628193e+00 7.199883922015875015e-01 3.375408622115597446e+00
3.560752811638233428e+00 9.133489053276823144e-01 3.335379389688309271e+00
2.357208656173664263e+00 8.353991451985441907e-01 3.608995407577223258e+00
2.232377682365417115e+00 8.810459456560575386e-01 3.548205801719475527e+00
2.248363340472558924e+00 6.777441766201166562e-01 3.623186920100155195e+00
1.966748584789278276e+00 1.040744981199153152e+00 3.545988664020560233e+00
2.331360018473347839e+00 9.113921874366128772e-01 2.932799039773984706e+00
2.272903670118870956e+00 1.208076142010649834e+00 3.055612399232016774e+00
2.251620686309848907e+00 9.218524957136517983e-01 3.364364732100197486e+00
2.035338325704850959e+00 1.039997708893452666e+00 3.813114286566628763e+00
1.877302342129922419e+00 6.423057737851011195e-01 3.298120531617916740e+00
1.923762589764617781e+00 1.798881604488934971e-01 3.110961107018147320e+00
2.531955097834492019e+00 2.524416754106312277e-01 2.983005849466918047e+00
1.519399897301192404e+00 2.563603555213097573e-01 3.071383861883995703e+00
1.204371151458307310e+00 1.175825207216901092e+00 3.107067452849742839e+00
8.692373355747016195e-01 4.423213846954384687e-01 2.665067924340428718e+00
3.976677725752403303e-01 1.050074454320601092e+00 2.797477223017252879e+00
4.203026389856540090e-01 1.255137921167826409e+00 2.696851523134554007e+00
6.644761827653676844e-01 1.067684905470159817e+00 1.886946486723897198e+00
8.055392331639498193e-01 1.104043241524639285e+00 2.853144952474276241e+00
3.542495743066296221e-01 1.300570612830421191e-01 2.421059512821369886e+00
5.910960675179770529e-01 2.000906094081262299e-01 3.045014300347812952e+00
5.815284581150576004e-01 1.431467347839829041e-01 3.167050015176062772e+00
7.788065742661832713e-01 1.887290107988617849e-02 3.030726101937291972e+00
1.215175811845092602e+00 -3.440188983829222114e-01 3.352398032014275220e+00
1.396210699421583712e+00 -7.655472208547293989e-02 3.176737649632514593e+00
1.237757476829856484e+00 5.247423464295256634e-01 3.189217296199026830e+00
1.352302114949914369e+00 1.645503465537582755e-01 3.530607450128726565e+00
1.484144635892429287e+00 -2.085377413442948136e-01 3.582155606014874039e+00
1.156142627550226232e+00 -1.769691721323492228e-02 3.476360144257743645e+00
1.716006066000028918e+00 5.808795010622717081e-01 3.603734185229409359e+00
1.033854356717286649e+00 6.350775183398454926e-01 3.393251015023706518e+00
1.385187061669288955e+00 8.328362117359764394e-01 3.754912116791657262e+00
1.287895680481710325e+00 3.533855049997014497e-01 3.555602096734320039e+00
1.530471940404406261e+00 -1.388113644691159609e-01 3.548046066491410411e+00
1.348046094102518300e+00 -4.056137709502115607e-01 3.518144091144797425e+00
9.109879020084555856e-01 -4.818133917168535008e-01 3.861350200174765934e+00
1.480252855599663464e+00 -7.197050533689043350e-01 3.550837198608622902e+00
7.854868325780376415e-01 -4.165258172411965276e-01 3.392615420522427705e+00
1.061748888454929096e+00 -2.711470555658364034e-01 2.986830725252333618e+00
1.443726341774357325e+00 -1.240346322580125227e+00 3.164889273763292987e+00
6.663493632632093711e-01 -5.526087568968416353e-01 2.954259309989609505e+00
9.343471076146354637e-01 -5.058191274996253206e-01 2.404021777801347071e+00
7.025424584627266711e-01 -4.205223464351473539e-01 2.611856242558030061e+00
3.678866076971943344e-01 -3.193988361273622512e-01 3.034908663999607015e+00
1.883247262209135187e+00 1.980370073556672050e-01 3.515762691225692294e+00
1.508701616269173096e+00 4.001389145729059571e-01 3.517306616872339475e+00
1.624923585914573865e+00 7.270916822849269323e-01 3.606950929808808937e+00
1.502803381570202212e+00 9.743239060204844648e-01 3.618021147899304513e+00
1.536330094440895966e+00 1.023103341600129168e+00 3.715236998615965458e+00
1.389960559300336795e+00 7.295186285576465979e-01 3.767691057704077640e+00
1.525214648809905205e+00 9.344910214958200845e-01 4.242300356541329975e+00
1.366168422164990348e+00 6.901166874441898580e-01 4.122144827101772435e+00
2.106272248127597280e+00 8.724935225754024692e-01 4.131840551367722547e+00
1.906557453201928709e+00 6.833950086574251959e-01 4.010983938039252905e+00
2.000443470961497550e+00 1.350102206295270113e+00 3.977306070735143972e+00
1.775511933451264124e+00 1.532738460529726732e+00 3.563539999595683128e+00
1.562262613503504705e+00 1.647632935752929351e+00 3.539490452384306707e+00
1.560109284816396213e+00 5.707517417535414861e-01 3.565354080294138583e+00
1.938134774399562721e+00 1.115706757193789311e+00 3.313912544844956010e+00
1.790750577920665387e+00 1.484601734970255604e+00 3.243974783083788616e+00
1.984620321423939071e+00 1.103765445724633310e+00 3.042101052648430226e+00
2.112213690015122936e+00 7.019809968789085808e-01 3.044412107745277041e+00
2.068325215910787218e+00 6.209451012456573826e-01 3.385245574312313099e+00
1.924152530962647933e+00 -2.624791241656601604e-02 3.546305810630463462e+00
1.317735152409292843e+00 2.480555473933214738e-01 3.516549717955423038e+00
1.145729848816383178e+00 3.956206007944302883e-01 4.052915993665240357e+00
1.046838187990231761e+00 9.991969760169373549e-01 3.755978273090610386e+00
5.231651142056167325e-01 2.183184219367677592e-01 3.746040548035256101e+00
8.128966861484782092e-01 4.159785674851179116e-01 3.332408611357351447e+00
4.697391761307491698e-01 -2.331478272890880610e-01 2.401711936182120866e+00
9.081492081060482668e-01 7.840180550866400477e-02 3.161291303753061221e+00
7.711583279158158444e-01 1.551958439366451781e-01 4.257089435800081922e+00
3.128418232623953465e-01 7.448075087326513910e-02 4.321374196982822546e+00
3.434387870769737283e-01 2.902544565500490004e-01 4.224560886434944429e+00
5.307538272746749053e-01 2.806977974440718615e-01 3.892037733048183679e+00
4.443734220642577837e-01 -1.985571028524128201e-01 3.825810493148516844e+00
5.058082204057328113e-01 2.730705664733735216e-01 3.916847431418822634e+00
3.087712538303729604e-01 8.557853290183551342e-01 4.320334743697908486e+00
6.524574430726521879e-01 3.440157494016320427e-01 4.234494860339087730e+00
3.868454171064770741e-01 1.381244262912402210e-01 3.328880472300967064e+00
1.065001114205645916e-01 6.902349296570201576e-01 3.692637784488483454e+00
9.503368737706451297e-01 8.773572955792396932e-03 3.747751884807213774e+00
1.261392854121278218e+00 7.842598350662670359e-02 3.777273488554478753e+00
1.178468379639137753e+00 2.732971699682626987e-01 3.910944578102252045e+00
1.460366204769359078e+00 3.338354961292031575e-01 4.137291091466358317e+00
1.620049183805613024e+00 4.639788601244965172e-01 4.402079987890105350e+00
1.591264343651328517e+00 -8.593985998401733328e-02 4.507567845503352544e+00
1.693409998823156792e+00 2.559254664136884072e-01 4.985043666882853053e+00
1.667644413614576493e+00 3.675802994838589521e-01 4.514535586187998994e+00
1.765902202758332207e+00 -4.593484361276849171e-02 4.006959916239511976e+00
1.796944250882842598e+00 -4.209524463436554315e-02 3.911730098994128824e+00
1.993458261136470622e+00 1.017956723204942016e+00 3.453611036893355912e+00
1.471228523373002250e+00 1.003253932322917263e+00 3.476582703199723401e+00
1.558817368218465393e+00 3.370614983138568999e-01 3.656430484612981147e+00
1.411950006581624617e+00 5.071848331220687456e-01 3.775094902889815529e+00
9.533051362587139366e-01 4.398768284178825594e-01 2.834385678809168141e+00
1.128909659464718107e+00 1.566066340911517474e-01 3.406881090820355062e+00
9.132873877292464471e-01 2.094864463857358805e-01 3.486219179492021869e+00
1.185687861327776815e+00 2.749329433554902891e-01 3.909943273661898644e+00
1.487884954009616845e+00 3.353474947438691012e-01 4.189074317892737653e+00
1.931341584719251436e+00 8.439721087060378935e-01 4.044276781416631827e+00
1.625427586416317682e+00 8.999817215846868113e-01 4.699437845715226381e+00
1.609285763513180756e+00 7.474827692456439410e-01 4.299534625623149253e+00
2.160729137805102784e+00 6.369618054402702567e-01 4.449415044916365858e+00
2.089662796664756517e+00 1.420716048326237324e+00 5.128929829670591189e+00
2.392690916510712640e+00 7.905671857040900141e-01 5.070833309792684318e+00
1.970590064942533859e+00 9.153797944953556698e-01 4.703820552952365119e+00
1.523342506944916686e+00 7.687026058385267868e-01 4.774739118883098321e+00
1.310961762828852795e+00 1.598927967171517750e+00 5.080597874255087909e+00
1.310939635728491037e+00 1.237779079330597609e+00 5.607973584709429637e+00
1.188493633478855394e+00 1.063516039759032084e-01 5.679021556492673817e+00
2.011910606575512794e+00 -2.661838100933061613e-02 5.948589663659437754e+00
1.464850175393014986e+00 -2.385051716370608366e-01 5.770442932799302760e+00
1.877702161933720637e+00 6.406048108733976010e-01 5.852116714768031969e+00
1.641750406934051831e+00 1.365253749671100636e-01 5.553467863428713791e+00
1.678156761527661356e+00 2.788736435618116016e-01 5.513777104214939939e+00
2.217193011131863400e+00 7.662564106765112903e-01 5.286273210353930274e+00
1.954673548328123456e+00 5.663730907711715945e-01 5.146312196738491274e+00
1.571586677944787125e+00 -1.769969794680227582e-01 4.838199638353286147e+00
1.070904325285158665e+00 -2.027013531198540441e-02 4.575502586540586947e+00
1.534019340638890450e+00 7.775433298346989819e-01 4.519539279239972451e+00
1.124961655237018521e+00 5.506263655544416658e-01 4.482684196369697283e+00
7.483312192498239312e-01 -2.411470499815778212e-01 4.436304557672274385e+00
3.595563293258333681e-01 -1.623734332425189053e-01 3.559127383407949097e+00
5.649141614959043434e-01 1.489447767653143129e-01 3.289430444920528718e+00
5.657344343821283511e-02 2.305115729007489178e-01 3.704891742770209273e+00
8.126965471239617766e-01 3.583928865217010651e-02 3.043469326313283485e+00
8.812708569057695618e-01 -6.238394890460412234e-02 3.148854332394809497e+00
1.058813109986500800e+00 5.749427774388889134e-02 3.467173206974127897e+00
1.305879962854779697e+00 3.158137184748640580e-01 3.204429761987384051e+00
1.137127475039590108e+00 6.670525341290123311e-01 3.298440777635846644e+00
4.771177186339977117e-01 5.956379183637124930e-01 3.647141543830520583e+00
7.924380444574918858e-01 -1.057862814127116524e-01 3.365011808583203923e+00
9.240730241549538482e-01 -2.820424632410062915e-01 3.470569546253914783e+00
5.652823348045524776e-01 -5.184840141769430089e-01 3.419259247788616118e+00
1.072776750424947467e+00 -4.708352145247318710e-02 3.060558738248870370e+00
9.031065543170341270e-01 7.328001154392068672e-01 3.000566583468126325e+00
1.275662027798892151e+00 9.309432722321487885e-01 3.267086839800912745e+00
1.268131064110208595e+00 1.231603193920952410e+00 3.376862155108196539e+00
9.645985548701362378e-01 8.724428270043368405e-01 3.498937805429020997e+00
1.087959172251391493e+00 5.052346790649813180e-01 3.182438993376769609e+00
7.519594943029493939e-01 1.152405218016918642e+00 2.697118101215260744e+00
6.226942635203303045e-01 7.133167933070422295e-01 2.922609757259210905e+00
8.981084063073661028e-01 5.253446520344515758e-01 3.881976174384120348e+00
6.596237824187605181e-01 1.883229658514932181e-01 3.386670432150014953e+00
5.725496251698742878e-01 2.177507405753859593e-01 3.026823817119864035e+00
4.779727318323064300e-01 1.905203507483841097e-01 3.012107289010660160e+00
4.381565414097361999e-01 -4.232045814344259638e-01 3.859963539808957567e+00
9.910734892212252900e-01 -2.404280708084895191e-02 3.577248431696877340e+00
7.993929783671943623e-01 -2.535910566387388626e-02 3.308569004319217743e+00
1.982956805362939834e-01 2.056416460675115354e-01 2.863770603598516207e+00
8.348144754909032628e-01 6.541686115369365062e-01 2.623163251240667737e+00
6.484806225950225933e-01 4.156285637686911727e-01 3.103501279619510278e+00
8.580487946964736601e-01 3.781373309362464630e-01 2.450315635771597833e+00
4.956251126338256374e-01 -2.250179245559409680e-02 2.647876349007412866e+00
5.168297759071458497e-01 -5.391248097164943465e-01 2.763444239622494525e+00
3.363153853994420572e-01 2.722229682470850287e-02 2.960216333433453695e+00
8.938816569144814039e-01 -4.594565984002499381e-01 3.040760731802587102e+00
7.300556146319998607e-01 -5.046663631311171239e-01 3.576972513791917052e+00
5.730890249703638473e-01 -2.438707871592122323e-01 3.455442461777461283e+00
7.752271511925815650e-01 -3.913473491376634472e-03 3.802533021359439491e+00
9.107787462049565796e-01 -2.451376464901082741e-01 3.746814414362372947e+00
1.061900351636100526e+00 -4.160215001605646612e-01 3.463229331998929794e+00
7.452712236436838111e-01 2.988034133640221635e-01 3.722158310375137447e+00
3.972125802342684753e-01 2.386412300945143228e-01 3.720247353343570484e+00
8.583358315237945568e-01 -2.415790389971679830e-01 3.889869743414044123e+00
7.518446199061988855e-01 2.865997127935219213e-01 3.873606095689248185e+00
3.048509762647916288e-01 2.215499241880243275e-01 3.539442529286811467e+00
6.306958922639352982e-01 -5.515444829507847313e-01 3.797057394669153929e+00
1.499991920038719062e-01 -6.010250524804890970e-01 3.405143733657205907e+00
6.309776368417732151e-01 -5.517873186340971348e-02 4.014036459813537405e+00
9.509188656058218392e-01 2.159131230149416714e-01 3.278418940783633051e+00
1.619552784474029394e+00 -1.046898188438666610e-01 3.230725676846799121e+00
1.493369286621149650e+00 6.937228723661279517e-01 2.678121559569122123e+00
6.518498856827066312e-01 2.235234378211136685e-01 2.743551122596771474e+00
6.478301629500700098e-01 -1.604439776210268287e-01 2.213838072843048455e+00
2.251478917184035478e-01 -4.701233535059259894e-01 2.040033248536019084e+00
8.205936502225028573e-01 1.762891474666232472e-02 1.803929033455726083e+00
5.628692792552245638e-01 -2.699778086605542637e-01 1.528097974578356499e+00
9.885936971089415159e-01 1.538179472827839178e-01 1.924594204769487948e+00
1.394762380156104875e+00 -3.261242123576050811e-01 2.040241964321768187e+00
1.671610479455914566e+00 -2.535356788789322469e-02 1.955368552633959922e+00
9.127266995939333771e-01 1.859965293965146205e-01 1.938903988167026915e+00
8.593999597450261430e-01 -1.817683976495912679e-01 2.062943633278094602e+00
6.310139070143990780e-01 -3.770953953089049154e-02 2.029523335205461798e+00
6.631188040049904586e-01 2.400050691875587477e-02 2.607076443427481571e+00
5.937687134070909201e-01 -1.542421385869835182e-01 2.716540349867525794e+00
5.006291371833702097e-01 -3.940931790999169793e-01 2.670646602764504163e+00
8.119268732819219236e-01 -3.469668931328202532e-01 2.668725499127439615e+00
9.547057746782625642e-01 -3.158088169873581874e-01 2.365099956907618761e+00
1.593633592209682925e+00 1.149427216591898393e-01 1.808369768680705425e+00
1.231391553677264161e+00 -1.140504539299961317e-01 1.720768873642367636e+00
1.670118864965638439e+00 1.313818398957189437e-01 1.915598589923303452e+00
1.224945154235161704e+00 7.050886380278147403e-01 1.957809371777640584e+00
1.018193083910760688e+00 -1.520919799360362645e-01 2.357259739026134948e+00
7.445698093719441690e-01 -2.677394546879919290e-01 2.053756169279713717e+00
-4.912587616246757993e-02 -1.421453250190746198e-01 2.274408426746227452e+00
6.400758072889484174e-01 6.915819930680303096e-02 2.834029790644279068e+00
6.430273537144955975e-01 1.034460440862348118e-01 2.604245519786772434e+00
7.521394523582205505e-01 -7.018165971711965989e-01 2.717412075087403345e+00
1.806315549616528127e-01 -6.252105097336592143e-01 2.612703551980041450e+00
8.167148780503331595e-01 -7.143363280630966594e-01 2.879094332277317481e+00
1.838857122637107322e+00 1.424306085237068698e-01 2.729244622078123239e+00
1.984221514985668122e+00 2.136186643021126819e-01 3.025092608549343698e+00
1.548906602928523224e+00 8.049933760781562142e-02 2.925088807818691627e+00
6.822220549289557123e-01 5.517777249789421190e-02 2.723181866911398519e+00
1.164516208549673637e+00 3.376655590299622034e-01 3.492051549838038227e+00
1.652256131307822340e+00 -2.841030773976623292e-01 3.304432185011432210e+00
1.249805209573124687e+00 -2.814000318597900119e-01 2.660286258246536306e+00
1.142024526450041266e+00 -1.419824309536310558e-02 2.646539319138819568e+00
1.090439687501014276e+00 -1.354749928967509676e-01 2.120417524915191088e+00
1.278297296951360629e+00 1.045046628042001075e-01 1.993719953224099228e+00
1.213674629117435178e+00 -4.355432245072536346e-01 1.871332870788890768e+00
9.404287680517636749e-01 -1.928466982740887625e-01 2.397116370917317330e+00
5.640524501586148265e-01 1.356009795848259203e-01 2.217655262640964242e+00
8.691090886878061195e-01 -2.024128279212376036e-01 2.220259619350033464e+00
8.168251457668619375e-01 -8.429183201438962547e-02 2.386849672476454298e+00
1.019505455171194841e+00 4.394042981046571844e-02 2.727572544535759924e+00
6.983387499784436958e-01 -7.649529669283111621e-01 2.837703895969447387e+00
5.647468844143319622e-01 -5.797515570497548953e-01 2.247252467068115322e+00
1.089778754878708122e+00 -3.737532562088675681e-01 2.585854379617513743e+00
1.088214057909395960e+00 -4.420279203050523908e-01 3.302852911748070941e+00
1.611118183986762098e+00 3.626381176198918699e-02 3.091293624613952407e+00
1.336327408531193583e+00 2.692901735783818640e-01 3.949911750110862485e+00
1.402622556324207848e+00 8.056164193289128139e-01 4.483059672167263976e+00
1.298311610563077867e+00 8.842943028699288277e-01 4.413518806380124282e+00
1.313816966334332648e+00 9.655534589728413941e-01 4.210995928826990031e+00
9.569673983579929377e-01 6.064859564183814333e-01 4.249634521184724179e+00
1.124564520817845192e+00 5.489157394732240292e-01 4.303769178588182420e+00
1.198431612793143808e+00 -3.596640757430039081e-01 4.101046449184286402e+00
8.712211860778666939e-01 -4.986550017811759994e-01 4.006178918847118631e+00
7.580179554215993321e-01 -4.115438775706730667e-01 3.316682404202099921e+00
5.832340951094010517e-01 -2.408324182202762620e-01 3.501837619224269282e+00
3.436580277784780368e-01 -4.408214754689165349e-01 2.329266427472535650e+00
6.493732219862324850e-01 -3.162701927423941517e-01 1.838622649527605679e+00
7.604440823123602700e-01 -2.156589845502700498e-01 1.946336112161745069e+00
6.097465479321222404e-01 2.445507682887772538e-01 1.860507482417229630e+00
1.078269410507588510e+00 4.342698894024965561e-01 2.712698696581950397e+00
1.826319696949586735e+00 3.519800247576988506e-01 2.486647130422176666e+00
1.229305399620558514e+00 3.262093406118669603e-01 2.070035762374318633e+00
9.913470656345831911e-01 2.905576379075328064e-01 2.073065672960892059e+00
7.808447608242112814e-01 9.047121629229005757e-01 2.309434092341704936e+00
5.991792181225269465e-01 2.712506505955991076e-01 2.389697875921585002e+00
1.235064698841556563e+00 -3.252880433423980810e-01 2.079273873041576071e+00
1.275010463488563950e+00 1.595896522476333845e-01 2.160086815998993881e+00
1.046847809666019646e+00 1.533617055516209582e-01 1.593788635957247068e+00
9.889819627103880739e-01 3.255385452987259454e-01 8.860034204998028518e-01
5.759361751785434524e-01 4.483459979445610366e-01 1.680288904896198199e+00
9.426952149774340262e-01 -6.619350107707605568e-02 1.770670684578723009e+00
9.253625571235158942e-01 5.583049420380545858e-01 1.608307049718224135e+00
8.590070440146690967e-01 2.362410809382730070e-01 1.167738991551785954e+00
7.066696843066975209e-01 1.733811393034224713e-01 1.989303078444535799e+00
-5.103328784310630362e-02 9.636568580564960351e-01 2.728662638261944107e+00
5.977948632815366370e-01 6.131717585308575913e-01 2.218370747606934312e+00
1.337932942070746201e+00 8.431729719705619575e-01 2.346362675293560240e+00
1.952246182312386891e+00 6.054350083187161058e-01 1.943955000462365579e+00
1.879192723465793913e+00 1.161791149695206860e-01 2.430835184319750653e+00
1.604522856059229285e+00 2.708591290702708765e-01 2.160673042485868667e+00
1.404814540635380915e+00 1.473006021922201592e-01 2.659405947886536392e+00
1.376353757914254405e+00 4.507102683103642593e-01 3.487299787328961731e+00
8.102548753662879299e-01 1.157193904716538602e-01 3.300373497828853253e+00
1.122327145685670491e+00 -1.503410050532913086e-03 2.332543338384847953e+00
1.563724482907105973e+00 5.549314473817503757e-01 1.977688113886141741e+00
1.330334280001761016e+00 4.393127944645175420e-01 2.226046300610305284e+00
1.101399124498273929e+00 9.173574651005332592e-02 1.892346065750092343e+00
9.221835339342404625e-01 5.207183478665109444e-01 1.731145626316965114e+00
1.072203414986127257e+00 6.268581886795136782e-02 1.669639910896341339e+00
1.007098157466236099e+00 7.283404656550509504e-01 2.182369745487100943e+00
6.695543348936245920e-01 9.063186829730427441e-01 2.216604210897447746e+00
4.602116302418466365e-01 2.623856760085673812e-01 1.332912478384290500e+00
5.973502752413367700e-01 3.636620370320415296e-01 1.849570462338401944e+00
9.471603294070912726e-01 3.969764774298489840e-01 2.361728888246483304e+00
6.248984274189293142e-01 2.923103737833746552e-01 1.662255516563638347e+00
1.381614763422709169e+00 6.910302649699948674e-01 1.315855746681961147e+00
1.902654726819803521e+00 1.218956788385000989e+00 1.866311517542899479e+00
2.379478538949511890e+00 7.058129850953959172e-01 2.402727670356235912e+00
2.113102467597035350e+00 6.213342465436151318e-01 2.603121569646294819e+00
2.398038722702341197e+00 2.636950811639053871e-01 2.902002443031278300e+00
2.611250944074027469e+00 -2.866312416668489460e-01 2.997025934947218140e+00
2.517148606710347902e+00 -2.397683503677746630e-01 3.249855406288349347e+00
2.877413039685620344e+00 7.777038522268864273e-01 2.810003359632759601e+00
2.788883881065417292e+00 5.158100571698619463e-01 2.801817289167954694e+00
2.805515930907347855e+00 5.296143414623043499e-01 3.165087627695721828e+00
2.646849120782091447e+00 9.613817681764731393e-01 3.168370975933692435e+00
2.204265264410814940e+00 6.487610872139828455e-01 3.341349631263746733e+00
1.684782537704827554e+00 2.444521688968629980e-01 3.494070197523439170e+00
1.662025807468239913e+00 2.519392890166062826e-01 2.643025801763539295e+00
7.071609308320636611e-01 3.810590901766577332e-01 2.653916651532450377e+00
7.664354261014492131e-01 6.862704755009769730e-01 3.098525013531346239e+00
1.760357744686160020e+00 3.660785396453800078e-01 2.690945954308763710e+00
1.420155332864924347e+00 4.419220027112227833e-01 3.219678617842448798e+00
1.205438828177931354e+00 2.212366145652083227e-01 3.930567314175476668e+00
1.004942304150378662e+00 3.519045221482688945e-01 4.391266360081440112e+00
9.954595271773477583e-01 4.379225275073307944e-01 4.824138932151177173e+00
8.892948278827362829e-01 5.997163950669077703e-01 5.126785930790803469e+00
1.354172709304413358e+00 5.770670805040337692e-01 4.764396660642044701e+00
1.431531132399457951e+00 9.649072136731737803e-01 5.096654510247092595e+00
1.215817110494281206e+00 7.975415379175789798e-01 4.712936080048949705e+00
1.504622152562427484e+00 3.367329874493166231e-01 5.190169523455973710e+00
9.296690159941392029e-01 4.622846478451000940e-02 5.266484186312851534e+00
1.107217055260210525e+00 1.165823347284880018e+00 5.373877774203015711e+00
1.409830597971079458e+00 5.478878305627968848e-01 5.245967696274029812e+00
1.455425007107222335e+00 3.228113252127119970e-01 6.116044967238861929e+00
1.026137347577438463e+00 6.667024376469545821e-01 5.597847315469999252e+00
1.394798670098638782e+00 5.383868775027748077e-01 5.476364398169560666e+00
1.662297270052886855e+00 9.554746662219304465e-02 6.068317093793273997e+00
1.500787054793016884e+00 9.845401435295013659e-01 5.951807060967543528e+00
1.128771805933915351e+00 4.069199921778472451e-01 5.729348933933096966e+00
9.778987751383370064e-01 4.462357685632080129e-01 5.241363130578574392e+00
8.851155859527980452e-01 7.108957185495724529e-01 5.731861928382762983e+00
1.430202586843046797e+00 5.225124706541941499e-01 5.657613473091437584e+00
8.014618566948414902e-01 7.321162131273943885e-01 5.578434502604666889e+00
1.037605300546088627e-01 3.264989735691821160e-01 5.303395100271281137e+00
8.202959253152248831e-01 -2.994280291155593798e-01 5.610350945091932218e+00
5.614133058710054636e-01 -4.756717001858039306e-02 5.785023546234786984e+00
8.695042100136116670e-01 -1.403253961585273213e-01 6.043272897121141796e+00
9.798015875685549547e-01 -1.202654241323170281e-01 6.894664040042139952e+00
1.018204523215323842e+00 6.101858038102505599e-01 6.762229073290956904e+00
1.358256722768017122e+00 3.117008924682571069e-01 6.888582450970544890e+00
4.955099735101645697e-01 -7.533981188858399070e-02 6.835578648274677427e+00
6.342417217650424544e-01 -1.776317068818417111e-01 6.205616302977201570e+00
6.148493901731006961e-01 1.884217197438775582e-01 5.744036072430472650e+00
9.148847911458750648e-01 1.489074380811774428e-02 5.640675581817908402e+00
5.812387748341098226e-02 -2.565264950067117078e-01 5.409886650106025208e+00
1.075171638716151179e+00 4.802855258956565399e-01 5.270104488555529265e+00
1.094512247305497787e+00 3.916373709554355487e-01 4.731037124198553379e+00
9.235154440707130652e-01 2.129959154679869349e-01 4.049868161464798888e+00
1.163162405360717466e+00 -3.384584257072117963e-02 4.310133572172539118e+00
1.504348675000132918e+00 -4.804830208035521522e-01 4.547577845822960541e+00
1.027850082369570650e+00 -2.915716322465985999e-01 5.026570945374565724e+00
7.413137275730448117e-01 2.571499920190136734e-01 5.003079612348445337e+00
6.990597769198910738e-01 -2.523684200276924416e-01 5.064085451874505317e+00
7.184982739690537468e-01 1.061789991556369162e-01 5.012726361334281400e+00
8.819399755093160209e-01 1.217959099174865806e-01 4.879358788142502235e+00
6.321252774980827827e-01 7.533028211931874774e-01 5.116272991267381443e+00
6.429952536119768469e-01 3.756961978820687054e-01 4.757039892950188253e+00
1.260046428463365231e+00 -1.483993198257859414e-01 4.909954379462225127e+00
9.836985668996941490e-01 1.358659448217658383e-01 4.886203257163995950e+00
9.267199296967595368e-01 3.190491197106377075e-01 4.248984381331430527e+00
5.332526307196560067e-01 2.438746031326284591e-01 3.834430054940954680e+00
3.138543255682814045e-03 -1.041608071688702314e-01 3.506198882679733675e+00
8.068968423566298398e-01 3.645563813454513746e-01 2.652432058742098420e+00
7.014695476952939046e-01 -3.328785842036629528e-01 2.611831315760648753e+00
6.005232670421682961e-01 -3.066385484819866836e-02 2.502943033570212084e+00
1.034765509841001130e+00 4.133716632222308451e-01 2.514514682570028636e+00
1.461237967958426198e+00 9.767181868784386989e-01 2.876425347895336326e+00
1.849840913994323266e+00 1.285754956945395211e+00 3.197607438238817323e+00
1.760346141272699505e+00 1.376292823605344440e+00 3.346920831567540500e+00
1.459833334932826965e+00 1.029620316266473878e+00 3.176081153511242761e+00
1.601500228640422518e+00 4.313733058089876948e-01 2.904845329563007006e+00
1.075580598103268226e+00 2.616518657913452506e-01 2.457843677829476103e+00
8.286452706781297639e-01 -8.256633260683646225e-02 2.024003183034110531e+00
5.381355872876052437e-01 -1.507491368578203761e-01 1.965216940555760683e+00
7.993863499481027035e-02 -3.928205461640464913e-01 1.949633302115480804e+00
9.426342660049418232e-01 6.494179867949350093e-01 1.503064761198693811e+00
1.702477967252398861e+00 8.595171660596707675e-01 1.897789736595213883e+00
2.413995220490179783e+00 4.722102015310325474e-01 2.321307875838169554e+00
2.330219752651318199e+00 1.896863777336875723e-01 2.194901515768535205e+00
1.632866439331261299e+00 1.925897325338710442e-01 2.217260868471388147e+00
1.500360283020924168e+00 1.030913601445093558e-01 2.002677161356717139e+00
1.618654966810543661e+00 1.166459916448192302e-01 1.752123446419894481e+00
1.655202211425394809e+00 3.544713291380073295e-01 2.087925584868382423e+00
1.097356750574670414e+00 4.656106288968459017e-01 1.925970316834940244e+00
7.348929843811042861e-01 5.775492931545003206e-01 1.972948586051247455e+00
6.108933994256091626e-01 7.233564115191288835e-01 2.040217970034130968e+00
7.230693608065249522e-01 1.259852089826243526e+00 2.617752610582707806e+00
7.711297142063070487e-01 7.332793990008141805e-01 2.276407632924925650e+00
7.120653386730220191e-01 6.606510747285539997e-01 1.623360710017195174e+00
8.570373709820668928e-01 7.269912267029857711e-01 2.126965558704509984e+00
7.785134173533474478e-01 5.737221363363765869e-01 2.286065786676399370e+00
6.448681044844686294e-01 5.243076643881979804e-01 2.373967944869398661e+00
5.044470728490253464e-01 3.850125479376607651e-01 3.119237074542827504e+00
1.130037104986088448e+00 3.261319934542540322e-01 2.941416209690919548e+00
1.574088238166127640e+00 5.819618569922299089e-01 3.073943533765828295e+00
6.645304275737924371e-01 3.448087410835457556e-01 3.302751794621488823e+00
4.010239412386775171e-01 -2.957615154636804577e-01 2.825914746784811804e+00
5.193810832460759030e-01 -4.319113495302415728e-01 3.323425862451744539e+00
9.780238160071297315e-01 -2.088368742883518481e-01 2.954760262467387655e+00
7.445822767014946830e-01 2.330734859535369408e-01 3.021840473234897573e+00
6.826158675069067261e-01 4.995293293873031559e-01 2.864305135980642181e+00
9.987704457566992655e-01 1.789862593720959738e-01 3.131731968810503641e+00
7.017853610404688469e-01 4.227501338184695007e-02 3.371214093414929724e+00
5.243198131235058401e-01 5.190800511420555485e-02 3.678918999431075587e+00
6.947068019456594801e-01 -3.125981981668734533e-01 4.531388534358715248e+00
4.383883196424452899e-01 -2.598226501013304879e-01 4.140947569193144773e+00
3.912403779419576511e-01 -7.789455416706334012e-02 4.439770626124407649e+00
5.569540159878467733e-01 -2.413028186187337332e-01 4.434885683390883848e+00
7.721376022880670487e-01 -5.095896339493459770e-01 4.357289814247531368e+00
7.721376022880670487e-01 -5.095896339493459770e-01 4.357289814247531368e+00
4.875434483326328561e-01 -3.255114232670249796e-01 4.598639346040619635e+00
1.070746871774993725e+00 -2.072842131251750319e-01 4.937278678345927041e+00
1.201740144564231727e+00 1.118651792124889660e-02 5.328203317260046035e+00
2.012777589745845752e+00 1.489961669630655017e-01 5.160663818398241176e+00
1.973954808735523425e+00 6.492213492298649635e-01 4.926025630832476132e+00
1.927347425256463742e+00 9.161662445611006289e-01 5.298813053077281232e+00
2.249447924343217498e+00 7.459345198862333826e-01 4.158888428547630411e+00
1.745415030519155142e+00 7.764711396736750926e-01 4.487041069800442372e+00
1.730495301447182666e+00 7.902563870435104221e-01 4.320594008506402517e+00
1.590228000598953306e+00 1.304621260027635010e+00 4.146079633439494039e+00
1.668655614397432929e+00 1.550132773974375100e+00 4.356224638867045584e+00
2.290174059945054630e+00 4.205013444916202436e-01 3.394821844105202491e+00
1.662709410085325468e+00 5.817348984901222764e-01 4.192265541614029978e+00
1.415125559215572926e+00 6.208132575784999219e-01 4.934616235041054289e+00
9.390158371763215328e-01 4.675879813289046116e-01 4.401808003268655511e+00
7.261021317506904937e-01 4.778707766077467389e-01 3.541139339163264843e+00
5.904646312743078163e-01 1.261516416339095170e-01 3.976731193603007419e+00
9.437003518286638526e-01 -4.937650504544185970e-02 4.234060740750082985e+00
5.955158766833322792e-01 -1.647338526186157004e-01 3.611812030824511410e+00
7.990922751426985382e-01 -2.204566250347603229e-01 4.249472421466849781e+00
7.256747215119800920e-01 -1.413771995304490270e-01 4.020854068473590281e+00
6.016826151524313770e-01 5.568705718304101104e-01 3.787218708389236355e+00
1.276018824452273215e+00 1.161745223271997807e+00 3.886902595932429261e+00
1.152022170335297302e+00 1.072754919822184627e+00 3.644125505495134476e+00
1.067067544596140616e+00 1.196105323532488107e+00 3.388610445814173477e+00
1.283279653119473673e+00 1.074702380387480671e+00 3.832947616813756397e+00
1.129547492429621158e+00 2.678338863345334220e-01 3.651174815359039982e+00
1.254178918587189884e+00 6.431416587011264951e-01 4.261181743878992734e+00
1.270554040735841328e+00 5.193244132513477052e-01 4.299114233883673641e+00
1.549901675878290641e+00 -1.015033925686747024e-01 3.942172712791846223e+00
1.642982438873404227e+00 -5.489114964834954091e-02 3.794425298653377965e+00
1.685477101355497220e+00 6.134744993093453891e-01 3.157686459295811598e+00
1.605338755964324182e+00 7.199694316886028345e-01 3.123778414095039757e+00
1.925250033311116438e+00 4.972295369831784551e-01 3.368393711727920348e+00
2.160898038053673531e+00 1.024635243183562361e+00 3.118419480243576292e+00
2.316515592407184521e+00 1.737490760042631255e+00 3.694971324141625324e+00
2.503800636904408350e+00 3.927983578241538987e-01 3.745655360039672033e+00
2.804329235246522778e+00 3.946284158348881688e-01 4.038576080983667715e+00
3.008091017081791385e+00 1.716521847708351312e-01 4.379388393749373165e+00
3.090733482990700054e+00 -2.403970998140199100e-01 4.505831517175382217e+00
2.781476090627192033e+00 3.519145477636248520e-02 4.552230618583138266e+00
2.671371054480756069e+00 4.957249382020569861e-01 4.374150919499640189e+00
1.681664641828412465e+00 -2.068375389246252527e-01 4.196925894101878107e+00
9.449725726803391845e-01 -1.939612379864850966e-02 4.566942172410742629e+00
5.518879560542034879e-01 1.117593124273642408e-01 4.659211920721573641e+00
1.401697455703861284e+00 -5.011890159216221274e-01 4.805623589544606666e+00
9.056755451296387704e-01 2.259787717129177753e-01 4.432376259196522561e+00
8.109772042895004862e-01 4.305521614666443786e-02 4.589280224306864220e+00
7.173285301493228516e-01 1.274842561703614929e-01 4.535799913271337580e+00
1.945534029259831654e-01 -7.191598647659827592e-02 4.472869003996490456e+00
4.968404494296265184e-01 4.279445445929846437e-01 4.633192050559000741e+00
8.462618272118394014e-01 9.643167526009918666e-02 4.578440572183309243e+00
8.437859121767073978e-01 1.263902458091259728e-01 4.325849849720976081e+00
4.843941159894408766e-01 -3.851759692206209174e-01 4.183863937130527511e+00
3.699183481098024528e-01 -4.181648103221372037e-01 4.579416108015426978e+00
8.880279146910012855e-01 -6.915718012266271197e-02 4.024578123459973789e+00
7.363588593397902837e-01 1.037805569493086777e+00 3.843140738961671854e+00
8.479246493763241688e-01 3.977974683377110132e-01 4.667942788757848405e+00
3.124690994079689643e-01 -3.745991923148699054e-02 4.875520227205717205e+00
6.944959552459252228e-01 -8.132320378240850967e-02 5.335049296764929672e+00
1.070807596125931571e+00 2.454123861205770307e-01 5.410981505377214340e+00
6.597834399062222355e-01 -3.210904316256939228e-02 5.108640018492712542e+00
4.337286131622475338e-01 -3.351916896728225348e-01 4.619239045056525939e+00
2.010492501196576298e-01 -1.156331037391598593e-01 4.888093404717477775e+00
5.311131683852010621e-01 -6.367671145965858592e-01 4.367377626500731580e+00
1.042097264649546773e+00 -1.568811622952961393e-01 4.818875369230137373e+00
8.158982332131854420e-01 4.885127189121527685e-02 5.453186389206672757e+00
7.600897462279375683e-01 1.255447097482083330e-01 6.007903156476569251e+00
8.950837640886594171e-01 2.725026068380935196e-01 5.797238349487502163e+00
1.128076833762207354e+00 -2.392300206598304280e-01 6.140210003525218063e+00
6.991848409759466865e-01 -3.941612016501728766e-01 5.483424284644536684e+00
6.150719989448903968e-01 4.485523820758701152e-01 5.472978291325834910e+00
8.384643405952899586e-01 -2.441974609156700449e-01 5.541192197992006463e+00
8.575170460810579431e-01 -4.851681866171033697e-01 4.989807854890404570e+00
8.734974057689939286e-01 1.271528456466462786e-01 4.943981300160667836e+00
8.465366376620133693e-01 6.483168863965006745e-02 4.594856665938131357e+00
8.004980989615329001e-01 -3.524277073920649705e-01 3.875725478807415136e+00
1.468885014662035360e+00 -4.782922146218974713e-01 4.749335264160159831e+00
1.045410140490000916e+00 3.508308325688044849e-02 5.128899086428749143e+00
7.951845751029910092e-01 2.235728209684745560e-01 5.455418114037979826e+00
5.397680435538705357e-01 1.672621605121809296e-01 5.099089264025263191e+00
6.852967811839653089e-01 -2.738434632811149183e-01 5.833960660269102760e+00
1.062731623679591619e+00 -1.095786146769312935e-01 5.530523567311218081e+00
6.961312917574576931e-01 -5.680301137100813857e-01 5.515666600547626253e+00
1.512280245761897568e+00 2.181399484465006422e-01 6.380619170804411766e+00
1.619531340132043029e+00 2.404686495048952433e-01 6.309908758367665627e+00
1.167097111775758478e+00 4.543530982607770774e-01 6.088389402393437955e+00
1.603579593826084837e+00 9.191518899357257188e-01 5.742809677779982636e+00
1.280878371734839982e+00 9.750572559696085717e-02 5.686289992968723617e+00
4.886891028477029497e-01 2.262217798227854348e-02 5.286154544562827517e+00
4.862244939377746711e-01 7.636647468967097674e-02 4.986566874796835691e+00
2.665397527781828702e-01 1.927271576101868555e-01 5.034176531369543461e+00
1.112627780856902282e+00 2.581923490627290874e-01 4.497875676165953074e+00
1.092636161717452925e+00 -3.209573036081236341e-01 4.325083867890315403e+00
4.190727557489981603e-01 -3.638722960024541875e-01 4.381111434610948763e+00
4.414964622920484194e-01 -2.785126272511610490e-01 4.139918154734548494e+00
4.443903628244335602e-01 -6.963488101914258044e-01 4.500367504624449566e+00
4.029489483729664645e-01 -5.473330265170933684e-01 4.176075253668114939e+00
4.400005377002687013e-01 -7.639625631634117120e-01 4.741300139801097657e+00
1.109376246839091529e+00 -1.937414063097669947e-01 4.968518663200905294e+00
7.873652464668717821e-01 2.592085722947150006e-01 4.724692933236650738e+00
1.156525130583270222e+00 7.709973665576416724e-02 4.533887554085891836e+00
1.171193243463401368e+00 5.661586450129775516e-02 4.938911009837656962e+00
1.349516271055408057e+00 -5.434705813131273100e-01 4.987301296912939996e+00
3.894474839877034578e-01 -1.118408211738143310e+00 5.239515633891162594e+00
8.291949701960681374e-01 -2.448672438931153161e-01 5.193387273435367213e+00
6.542152349656333854e-01 -1.694377488631067796e-01 5.861475634418595426e+00
8.103397656596863508e-01 -3.816380794981268920e-01 5.352866648685581374e+00
7.652420857261205134e-01 -7.104743432844788931e-01 5.728500574736827389e+00
7.073632041909447832e-01 -6.118321512362531744e-02 4.833162213781364791e+00
5.560708523987369922e-01 9.196417425211864116e-02 4.746635203351844190e+00
1.076416607898402766e+00 -5.459162617298948250e-01 4.892151002897374035e+00
6.394886002267604619e-01 -3.102793111569212559e-01 4.342245018448187110e+00
2.916997275982833870e-01 -6.349432002263047936e-01 3.817044305997650877e+00
1.111662397507084066e+00 -2.661139234359911621e-01 4.236781327111834194e+00
1.630747885072269421e+00 -1.024245957408788377e-02 4.607578733022238637e+00
2.193633223754187789e+00 5.061813340594628619e-02 4.162121546060146393e+00
2.256137529249208296e+00 7.393717689134963189e-01 4.145694806313030334e+00
1.608641681759843678e+00 1.187969251039302732e+00 3.883950459722674164e+00
1.716507629917441990e+00 1.118373156076293506e+00 3.932567067110819270e+00
2.104321865644466438e+00 1.642500426389532198e+00 3.777281753091819017e+00
1.932009380994337944e+00 9.024995033715159654e-01 3.119606117086010322e+00
1.084902677400073401e+00 1.089261885380904182e+00 3.906914138994849850e+00
1.493303962480898139e+00 6.624565436461259393e-01 3.793250124499867315e+00
1.581796987830389911e+00 5.635979751738391386e-01 3.696704906710500449e+00
9.610523981648901870e-01 4.025456518453616184e-01 3.858960024881405992e+00
6.898473919132380727e-01 2.401902897673256487e-01 3.617405874240092079e+00
8.966550731927354079e-01 1.378570913804976761e-01 3.770371809960927134e+00
6.693889436207154375e-01 4.962692098286676512e-02 3.728488797606901439e+00
4.006364544810410155e-01 -2.433748328081912840e-02 4.188757877008401742e+00
4.006364544810410155e-01 -2.433748328081912840e-02 4.188757877008401742e+00
5.370763815499793870e-01 2.422331252524076717e-01 4.348840409056704104e+00
1.124789803493711382e+00 -2.185158652400794876e-01 3.514458020305958108e+00
6.493803395257889965e-01 -3.004686224542291173e-01 3.979513174771469597e+00
8.739371272720773964e-01 -3.136494819644065624e-01 3.869833481426697919e+00
1.271305636932127614e+00 -4.371245811463971842e-01 3.393741028305828689e+00
1.164177901655274683e+00 -2.806628063618442359e-02 3.348138557812349259e+00
1.243106378812777857e+00 8.791906200848881303e-02 3.159010706689652448e+00
9.591389670964994840e-01 4.516535261205955609e-01 2.297233440874610455e+00
7.025171179805038690e-01 6.997597724823905185e-01 2.064209635573326818e+00
1.053385499541344528e+00 5.466781299449297027e-01 1.153137261601322905e+00
1.058241604518167511e+00 8.257921597365603938e-01 1.295395026386609194e+00
1.503074989323225363e+00 1.144883189587734940e+00 1.799608817577855957e+00
1.381514928515920948e+00 8.789568039814654732e-01 2.038980917241431712e+00
1.401937420568054371e+00 1.015877075105288796e+00 2.297177000337962127e+00
1.390833296021292131e+00 7.153186668808220183e-01 2.708623880322733157e+00
1.009242221590594735e+00 3.893085459115777636e-01 2.857019809762525231e+00
7.521132716356615511e-01 4.563732252682883295e-01 2.717899892253215377e+00
4.603417543353831298e-02 3.249560018772925107e-01 2.065394666239385835e+00
9.769282162290356120e-02 1.773234840627894993e-02 2.255403561026987802e+00
4.481775239011160372e-01 2.400868833877596760e-03 2.777375043992214909e+00
5.589621131346333982e-01 7.912769281090423212e-02 2.279717006139255986e+00
7.021179583600429819e-01 -6.949396822633687743e-01 2.713360174830810934e+00
9.011588644001919945e-01 -5.353419487957719047e-01 2.020463362671074403e+00
5.961220859230307312e-01 -5.735985647598359494e-01 2.821368642483145006e+00
1.431543769446293191e-01 -1.094923376138977333e-01 2.655656350980742708e+00
3.907494999005527436e-01 8.517324044468455035e-01 2.273887398838582374e+00
6.035592515090701937e-01 6.167997103765430200e-01 2.839190671508665442e+00
7.263582158704960934e-01 1.395355420180897643e-01 2.889497234019590799e+00
2.001634769795722080e-01 -6.565569746808187779e-02 3.386941652526720858e+00
5.629891254676206991e-01 -1.775187169725033765e-01 3.136624776472840104e+00
1.151805666290596497e-01 -4.847990422519848353e-01 3.205329599904732873e+00
2.815732482132097259e-01 -4.738714129866437863e-02 3.304998099726816019e+00
5.531568779381867973e-01 7.388814225107302736e-02 2.902568473846148134e+00
3.847697718057728755e-01 3.313636579223384060e-01 2.826016293630967180e+00
2.822545897082767707e-01 -3.844848453153877355e-01 2.735670618949509691e+00
5.084481199723371869e-01 3.403226850856301278e-01 2.735438020104150603e+00
9.351143810785733645e-01 3.123195310042010120e-01 2.542644721210521208e+00
6.406948429440099124e-01 -1.761953871304130503e-01 2.191685376489608039e+00
2.677873154241517950e-01 -4.962085518117365091e-01 2.884312056117001699e+00
1.004720182905125686e-01 -2.783434550445185729e-01 2.547400939641700557e+00
8.638000887113245208e-01 -1.266652997046106843e-02 2.164825539503577367e+00
8.536676268428307068e-01 -6.282460970003833634e-01 1.963322132892652450e+00
1.583101087922725636e+00 -4.803469227587627843e-01 1.871999219461172315e+00
1.345822501647566893e+00 8.936786980265731817e-03 1.942877391060967573e+00
1.943900704709809801e+00 2.023126673304294632e-01 1.974801015099828083e+00
1.244232687930565406e+00 6.908174102779891523e-01 2.257664255490849925e+00
6.976912953984191201e-01 6.672747321807651621e-01 2.450182131547145481e+00
6.518263538877590024e-01 1.964890426549381897e-01 2.163279741876264595e+00
1.097519214418334776e+00 3.337049797434045728e-01 1.710851179402670841e+00
1.388099156591043659e+00 4.894300261276272046e-01 2.572698399315962003e+00
1.204251501991739248e+00 1.414735668681847691e-01 2.393337145641200703e+00
5.979573300300665695e-01 2.135101108019945848e-01 1.697668056352997779e+00
8.337867629398670877e-01 6.084138408146969601e-01 1.475010846744680970e+00
8.098527552482702729e-01 1.341461834944646991e+00 1.472840694692324703e+00
9.114892030701867709e-01 1.475674389721607804e+00 1.561818453479865143e+00
1.117733281816858604e+00 1.558392487378958968e+00 1.348562095343450951e+00
7.609812113264632361e-01 1.616333729597299262e+00 1.564247423462767683e+00
7.051120717083824152e-01 4.392919629148146488e-01 1.156122788303719950e+00
8.719017302105622758e-01 -1.239238430984809791e-02 1.846123178087553329e+00
8.822402764664570851e-01 3.775627810191130584e-01 1.954101323107530153e+00
3.825225638159233110e-01 6.913999618592991947e-01 1.502281647526540365e+00
5.879876794068155110e-01 -1.532359891034522914e-01 1.437420473656007891e+00
6.793281416056138333e-01 4.308573807691803287e-02 1.677674690634723964e+00
7.677936892252669177e-01 4.534775281532145152e-01 1.548746159565494773e+00
7.169849111958047638e-01 1.015171787853742791e-01 1.636441453829078130e+00
1.039931993523820042e+00 1.942477135037882496e-01 2.259944703129740606e+00
9.438617818496947143e-01 -1.240817677904033356e-01 1.774092625847603522e+00
5.673934010133905304e-01 2.910547532430348694e-01 1.473427945633038805e+00
1.385614531315573883e+00 1.867564899347258223e-01 1.603631439342746878e+00
9.876431228852986521e-01 -1.618321388430747632e-02 2.125506213426274993e+00
1.406147811848684093e+00 4.763936242521135123e-01 2.144230183976863824e+00
5.854279953147157878e-01 6.638614767611042411e-02 2.665721633090157194e+00
1.218164673027578582e+00 6.657927538220871355e-01 2.389031123230977549e+00
1.266450509256940693e+00 4.116567586119317390e-01 2.403378402269630509e+00
1.265375182912519048e+00 8.649495613702143926e-01 2.843978852774968757e+00
1.605467361316022634e+00 1.202407688414624642e+00 3.217381235991157329e+00
8.862718450892577149e-01 1.049083163722158485e+00 3.240446535640498116e+00
1.698671217000232048e+00 6.065384451933746313e-01 2.271869921617640120e+00
1.024739774247391377e+00 7.156005038165939025e-01 2.545085379933868630e+00
4.749665668729186052e-02 3.258742150702963469e-01 2.267872541800982411e+00
3.279780291116762281e-01 -2.315860487641365206e-01 2.028148872407282699e+00
5.737977251095193187e-01 3.795813638517415711e-01 2.922022059580869247e+00
8.739387754708505263e-01 5.231825863353276596e-01 2.285892614311406223e+00
1.303192438699034117e+00 6.379809095816626474e-01 1.513414610162969964e+00
9.972015917673149321e-01 7.502865917634147230e-01 1.381396601688722470e+00
5.136975874388359786e-01 2.118521367566374436e-01 1.567649893002173389e+00
1.450806112655749214e+00 1.174080999518893442e+00 1.947837035253756399e+00
1.711148120737724820e+00 7.776047640044300158e-01 2.185238169433938893e+00
1.519832475940391836e+00 1.197460757445585555e+00 1.473491349256671246e+00
1.724731233627669447e+00 1.527105380001476886e+00 2.272192692978127759e+00
1.470329758956524957e+00 7.724477661310801269e-01 2.334190669869961265e+00
1.069313593263468753e+00 5.636698316838921752e-01 2.803000495253131330e+00
1.439836848202723951e+00 1.081561695508659771e+00 2.209660019353774985e+00
1.506633133215754317e+00 2.803538577203732451e-01 2.853355527965439897e+00
1.631094047521562507e+00 3.022049435526409922e-01 2.541171679053352950e+00
1.973190186004696089e+00 -3.416179586913274391e-01 3.003021859030926777e+00
1.103070889368005014e+00 -2.246644821947707538e-02 2.803336092448687200e+00
6.089901915097142293e-01 5.145024413808861885e-01 2.655462776146499060e+00
8.339853056817774224e-01 3.077769599096359388e-01 2.784642106930984351e+00
6.323236739219402214e-01 1.276903922423613391e-01 2.794489076051601018e+00
7.263023745893331107e-01 1.743625887246017248e-01 2.487751923249252428e+00
5.251237379530887539e-01 1.735555610861174158e-01 2.644988718196143118e+00
3.109624423284246264e-01 -1.265742025828411332e+00 2.914562189640597545e+00
6.674918671481764321e-01 -2.216202743625910743e-01 2.709594718285744275e+00
7.044655114847925281e-01 2.562972429829087906e-01 3.259260647203698014e+00
1.189442810669069761e+00 -3.402712691632345798e-01 3.318728910068707183e+00
1.500792930827637317e+00 -1.600195496929692207e-01 2.908158559345033645e+00
1.299183962258776637e+00 1.759898822471100410e-01 3.147105138950430980e+00
1.179863408002180369e+00 -1.014031689852173956e-01 3.195762310013172680e+00
9.174625738705274314e-01 -1.367498484503205880e+00 3.407176109127448616e+00
6.598442653118798962e-01 -9.389987920552052003e-01 3.531103889583411704e+00
7.239530340120562402e-01 -1.019886847226336490e+00 3.234134320569995502e+00
8.150298771878929927e-01 2.387586578404651827e-01 3.329298377675539822e+00
5.833822739622720466e-01 3.609970489304131225e-01 3.046004700173366331e+00
7.879675745289568267e-01 -5.173406048010453784e-01 3.055706175951767190e+00
8.535786505032656457e-01 -4.596243318776924158e-02 2.947732181031896381e+00
1.457305376182677525e+00 -3.298584878276650256e-01 3.048898834026695148e+00
4.868227858267715202e-01 3.238371310560343996e-01 3.268180620107591139e+00
1.227013448501483861e+00 1.015387055268373251e+00 3.259747555339104874e+00
1.112438475585423081e+00 8.553961613213484361e-01 2.709227050611326515e+00
8.629392186363613604e-01 2.698054810949207516e-01 2.234422441327889253e+00
7.649562652765259374e-01 2.149241142385357461e-01 2.362293765815663082e+00
4.393485040709526612e-01 3.745529384512839011e-01 2.331592257126252399e+00
7.319577368742992141e-01 4.450143437681251812e-02 2.015509849868363901e+00
8.172627852274596538e-01 -5.471710211991708261e-01 1.901840989898340828e+00
5.003392326446233218e-01 -4.553630109657330616e-01 1.848959210708818635e+00
1.231664692373032555e+00 3.285185028296129239e-01 2.403508075640884201e+00
5.289465554116683510e-01 5.213591035658736439e-02 2.573862983892581724e+00
6.169318328168494903e-01 2.806025132767576147e-01 2.457461642467278384e+00
4.630736519241173688e-01 5.206825136699242407e-01 2.264820741443328345e+00
1.401610109384778813e+00 -8.539084834833275683e-02 2.549491749490828685e+00
1.427935338473749205e+00 -1.119794641513891659e-02 2.643921866452985991e+00
1.637781699031587435e+00 3.477010406196767156e-01 2.863198891846901351e+00
1.559799695993056456e+00 2.050175585080986074e-01 3.358859103342409114e+00
1.093542131159203734e+00 3.478813497367074237e-01 2.909624927170328057e+00
4.411437055750188074e-01 5.388709913476995572e-01 3.395569692547229401e+00
1.524354553087590158e+00 2.232188447042977864e-01 3.336662667438521357e+00
3.902950181536919416e-01 7.267690187414227454e-01 3.072230020887384949e+00
4.753868397869185913e-01 6.316722583259000157e-01 2.475356465016127938e+00
4.342779239292348659e-01 -6.696691767022682207e-01 1.967937523733350291e+00
6.752076290108000034e-01 -9.513206655566491809e-02 2.475502202718468325e+00
3.211421641533803717e-01 1.187871818273071312e-01 2.397019514457824130e+00
3.211004352720367439e-01 4.308217493897081862e-01 2.170519956274298057e+00
4.977724568312328346e-01 2.651809521330316666e-01 1.286276445273651703e+00
1.012114545037258173e+00 4.485118380947566985e-01 1.289765933566032974e+00
1.075909317082379024e+00 -1.361685301846904672e-01 2.112961266104582680e+00
6.277586263514038922e-01 -4.647319738763553421e-01 1.598424334206570485e+00
8.596547983354134725e-01 7.355121174358816849e-02 1.579448228433271151e+00
9.905571919263250757e-01 1.598037272996989666e-01 1.429256229548394153e+00
1.274969343239165553e+00 3.308528901900694708e-01 2.089438272308283828e+00
8.821261996238629610e-01 4.227942431816613111e-01 2.651764448548186603e+00
1.160033384258559064e+00 3.758562814422861109e-01 2.698003290075920546e+00
8.797479755857731121e-01 2.779158777938012803e-01 2.569879316332178920e+00
5.159441887584597097e-01 1.785492513860764685e-01 2.220334070087953471e+00
6.532896785695057051e-01 2.974980107413811026e-01 2.171785249227262682e+00
9.357584038779213076e-01 9.581363989321434183e-02 2.371364454231758234e+00
6.826714072861069793e-01 -5.859278312947184819e-01 2.052876378411624625e+00
7.985845838123487583e-01 -9.875807003932290939e-02 2.600429175298450968e+00
8.507236270402444012e-01 1.845660759342645507e-01 2.309433801161624444e+00
5.227633395305859576e-01 1.447108662737148777e-01 2.787784790650212674e+00
7.484147634580948782e-01 4.550391459999617583e-01 2.847290447198380203e+00
6.404035947617299218e-01 1.968672774586004148e-01 3.849438521743990371e+00
7.664049544081734666e-01 -2.700548226659050810e-01 3.145851886564993816e+00
4.665498711328112669e-01 1.306246182050424531e-01 2.930686025440764286e+00
1.009925533189386659e-01 3.050604103031970271e-01 3.385636003131685445e+00
4.607226745028814574e-01 -9.011369541997867050e-02 3.249148726399166520e+00
8.396359941219293521e-01 5.231708685810257942e-01 2.881147073126944846e+00
1.005225382371559117e+00 3.591903923869333437e-01 2.314691497053832148e+00
7.887208166023406131e-01 -4.132368028440517316e-01 2.834389696617654497e+00
7.491197731504547486e-01 -4.162548479039920868e-03 2.660656096163472650e+00
9.541679186843540217e-01 5.442189785488800169e-01 3.227192535875473833e+00
1.034655371786767475e+00 8.108990031136230625e-01 3.090773413963704197e+00
1.102710593569678377e+00 1.415668788312119730e+00 2.749512501011780685e+00
1.010879596242948431e+00 1.194303256532311286e+00 2.793664056235592330e+00
1.545649427512728380e+00 2.316357834545620664e-01 2.580421685709914481e+00
1.775662407233310702e+00 1.615799370991277240e+00 2.696622428448283593e+00
1.559637821426419269e+00 9.904672546370001385e-01 2.517558332716310243e+00
1.056332471784436233e+00 1.339460693177600525e+00 2.240117737413323873e+00
1.193779437848444314e+00 1.527109871385258000e+00 1.942921567497532198e+00
7.850779288385844046e-01 1.202585486321117170e+00 1.996851049592780258e+00
9.867627517962835881e-01 1.226473744666723764e+00 1.240899399488264443e+00
1.471766064229507398e+00 5.940844499867989903e-01 1.791101281813268775e+00
3.986670106279875947e-01 1.999314203959341452e-01 1.718085181371673764e+00
7.840177079883868805e-01 2.992937336177848850e-01 1.014893798335495756e+00
8.727750141998049660e-01 5.646635401425971201e-01 1.142214239260423314e+00
6.938684656525694328e-01 6.184763701650539680e-01 1.457395601754399861e+00
9.769609602310685981e-01 5.704993913234714942e-01 6.738820774724596507e-01
1.073919539060865125e+00 9.603342619376930012e-01 1.631369523435302060e+00
9.293337740926191359e-02 5.725580813831683269e-01 2.454000852155153733e+00
8.786456108912725771e-01 4.586252896349624630e-01 3.326080406314222859e+00
8.610126268484219469e-01 3.024046928518343558e-01 3.559066310540766942e+00
5.999512601428677039e-01 9.198811193434705547e-02 3.395903359937862742e+00
9.472478799417407558e-01 2.210798968522620644e-01 3.360544770094852307e+00
7.329510155210591238e-01 -7.143829377848778805e-02 2.908598863307241711e+00
7.060680597666572078e-01 -4.301243398669510887e-01 2.145277670618296995e+00
5.453475636787035175e-01 3.299402962976863418e-01 1.799769011555255815e+00
4.661317391620667383e-01 4.610779328377206943e-01 1.805551036729770908e+00
6.306524908909977301e-01 9.482711709358451202e-01 2.000323381538642753e+00
9.767979284883403501e-01 1.273875746775389839e+00 1.777415162259919690e+00
7.780134823938293920e-01 1.182211535327136964e+00 1.746411322813626432e+00
8.184951965706173116e-01 1.152312494762514072e+00 1.795355430010832087e+00
1.239340566634913987e+00 1.374944953462087449e+00 2.189533440417077870e+00
1.273526642280564225e+00 7.349727820962645986e-01 2.340310263011087688e+00
6.614144243797949185e-01 6.154736582675885970e-01 1.665553831573151733e+00
7.523190404152123589e-01 3.237720389510586605e-01 1.240257316768570206e+00
4.002285800839157637e-01 1.994322721565539303e-01 1.755287301919107978e+00
1.038603198904808123e+00 2.305876187644959330e-01 2.548289783968699318e+00
-2.992342259215441391e-02 -3.403212291355780517e-01 2.302615996444934865e+00
7.499509760869254027e-01 -1.721017808389199988e-01 2.421744956071132382e+00
7.242233968644944397e-01 -9.801674110803941797e-01 2.741075825769927921e+00
6.728878341246125050e-01 -7.250970051519778359e-01 2.325559509314519158e+00
1.260928467839524503e+00 3.847032357355470444e-02 2.098545961285209760e+00
1.254627857366583887e+00 5.395147035137374258e-01 2.548443140981880184e+00
1.226868660909296693e+00 4.338674178552578420e-01 2.481610471080804903e+00
6.206260290406857560e-01 4.020425147624304696e-01 2.535586155183694235e+00
9.339227175760916877e-01 5.073734833847166614e-01 3.131922661168239586e+00
7.692283994446121875e-01 7.024934056064270349e-01 2.720111890681743194e+00
5.413922832885003089e-01 8.893588194266405234e-02 3.015568478204260217e+00
5.831443448558588649e-01 -2.683530752522813589e-01 3.368841521949444751e+00
8.256512403364884012e-01 -8.345656166811760146e-02 2.806076456480861570e+00
8.683618491813355211e-01 4.650336510123633665e-02 2.866814699535965349e+00
1.361924821397140883e+00 2.040980620014456459e-01 3.029324190594600008e+00
1.102457910328198842e+00 -1.599961469635753641e-01 2.400181216741017476e+00
4.287789120886528194e-01 2.767184464606561173e-02 1.731334109519111930e+00
7.074111051645985970e-01 3.203648698372233428e-01 2.354792077582663179e+00
3.816579655361375112e-01 -2.058568561291622412e-01 1.855895846753625289e+00
3.020453482259322087e-01 -5.884042307438022007e-02 1.810534462036808234e+00
4.129246141818313509e-01 6.836221801332882375e-01 2.141844279448644528e+00
8.848315967321226383e-01 6.324631546820865813e-01 1.953748721557707402e+00
1.768067511181010909e+00 -1.294022247816877524e-01 2.057409844052448200e+00
1.576036885273175203e+00 3.673971039622010992e-01 1.637809916996138648e+00
1.940589994827635056e+00 1.872249927453187024e-01 2.013017249950206811e+00
2.420735758717551978e+00 -2.748282951662870954e-01 2.457055746493377768e+00
1.830888652318442889e+00 2.476699372154844148e-01 3.068963896781823575e+00
1.541100517803744019e+00 2.883776727614233426e-01 3.246246381526047387e+00
1.213749407414738579e+00 5.106559774942122099e-01 3.924007387099488042e+00
1.636355916240081143e+00 2.526375917581202835e-01 3.750206667113916925e+00
1.042691433044712790e+00 4.021292406913718476e-01 3.942691563197609828e+00
1.070184230914379642e+00 5.629731864829412569e-01 3.335831401741376379e+00
9.873902083046590672e-01 1.209603125528489614e-01 3.201326999549015007e+00
8.773580736194140917e-01 -1.600681157793373832e-02 2.849381507081001352e+00
9.879776484007314341e-01 1.788099675503212749e-01 2.947421006080137129e+00
7.333335413028182481e-01 -6.890018663185940029e-02 2.856229911203897576e+00
8.567040825276355243e-01 8.330024523390339164e-01 3.357180822489949090e+00
1.333799622624553649e+00 6.727794813721473810e-01 3.573813970178077337e+00
1.310360022034060323e+00 1.681008612727671880e-01 3.904400150115983958e+00
1.224675187777408913e+00 9.249317016553094961e-02 3.842670131023242508e+00
9.666922895110703351e-01 4.459549842546234322e-01 3.647819040449671313e+00
1.303565504196333658e+00 7.489925860629059740e-01 3.236292245251894961e+00
1.198571743328910477e+00 6.247792361902008151e-01 2.639332574668779685e+00
1.527865458432521750e+00 9.023905279513232403e-01 2.731068979012245102e+00
2.120069170410237902e+00 3.683927552605953948e-01 2.951863090601716255e+00
1.454814341218281459e+00 5.839384072029343842e-02 3.122481166650619588e+00
1.381406485038386478e+00 7.056172788992978173e-01 3.310791502109258211e+00
1.086470258713240433e+00 8.080625394994056521e-01 2.527123725027186296e+00
1.025950758888550585e+00 8.970628730862143518e-01 2.450475690468937540e+00
1.394451962245594423e+00 7.738218928459410506e-01 2.075008497517562667e+00
1.335703455771573900e+00 6.754226518223392928e-01 1.428514743246362073e+00
1.460003988873117553e+00 1.308567934550401435e-01 1.767719096602215823e+00
1.234756707787474372e+00 1.027835789416659956e-01 2.005898965358730912e+00
1.412827746767361559e+00 7.655282228893514618e-02 2.777611576515213621e+00
7.091426605589592480e-01 2.871541113694816572e-01 2.501046365265451321e+00
8.471840189439359126e-01 2.272300365341186623e-01 3.204490768365568787e+00
4.198145305968005725e-01 4.399279317437688741e-01 3.490145449552680024e+00
9.868485927196634089e-01 2.351485914140606925e-01 2.747337212062438194e+00
1.064501905262789538e+00 1.165279423602848946e-01 2.974336437936791366e+00
6.390001330910571875e-01 -5.166861614279275594e-01 2.766191451956760083e+00
1.005566779031741520e+00 -2.019413842396129977e-01 2.885677490348843133e+00
1.027593623080219176e+00 -4.020207478164084525e-01 3.359430345619040637e+00
6.720106541625184837e-01 -2.909941089817557058e-01 3.459960189976098999e+00
6.834964544871124925e-01 -2.827043050661876000e-01 3.377220752607021481e+00
5.936870613225144755e-01 2.759461830182549646e-01 3.101649891954059601e+00
6.360742035280562146e-01 7.461665811939253157e-01 3.044771585175569228e+00
7.943252790792014739e-01 4.119382394935345859e-01 3.405845326506012682e+00
1.205643990017855272e+00 1.747882192220119313e-01 3.385022669749993884e+00
1.045910260367042932e+00 -3.153872157597881198e-02 3.474271952720060508e+00
1.106000405984714607e+00 -6.557999201768133224e-02 3.502882923296840811e+00
8.640654925986158696e-01 -7.161774535283156329e-01 3.025699865447429637e+00
8.670621024952445133e-01 -5.273666647181843858e-01 3.058489420090360511e+00
8.315970024029890606e-01 -5.759698105591668504e-01 2.999276976728697974e+00
1.350122063879249490e+00 -1.310460132669306887e-01 2.825550024731517951e+00
1.132082139715282709e+00 4.829823572869774706e-01 2.097560840061531096e+00
1.755886932764240793e+00 2.750387949802687304e-01 2.129308998871198177e+00
1.090428166890311301e+00 5.268085428931372771e-01 2.047366453294907185e+00
1.095295288944480250e+00 6.209474008792038591e-01 1.900323686608059059e+00
7.449494825154692190e-01 1.382820901505972255e-01 1.559818943850895812e+00
4.521367198943849197e-01 4.346282272142835690e-01 1.953247993286540307e+00
8.381113450084578531e-01 2.396779802712049046e-01 2.301662165379940728e+00
1.098962463578182502e+00 2.700317113416892539e-02 2.050474208986455160e+00
9.455689887813867323e-01 1.355534681868210758e-02 2.041084143446318944e+00
5.987142188879149840e-01 -1.166991977130054925e-01 2.244922610777096317e+00
2.565183612071595953e-01 4.486954350337677977e-01 1.536156944873237284e+00
1.325815393345940674e+00 7.393557804255831423e-01 1.420403559098853075e+00
1.335038091143702976e+00 1.026523174298699992e+00 2.403446274194264820e+00
1.603192678485326317e+00 2.985757198849086080e-01 2.787237137133670384e+00
2.291842667564088387e+00 3.164519058361208170e-01 3.657811938678703356e+00
1.727568460894271185e+00 8.022690531217271381e-01 3.489573448604362138e+00
1.077832310022207141e+00 7.400555785487193949e-01 3.792902996766453594e+00
5.069732109852198576e-01 -2.343715922822581232e-02 3.580820408007332922e+00
9.430881732053284505e-01 -4.387532818077152230e-01 3.283284046615745577e+00
1.228382232075365454e+00 -4.670639881350991951e-01 3.356977251338875146e+00
1.609056915812613342e+00 -1.748034990694933011e-01 3.325627209725981803e+00
1.201724004550057456e+00 -2.594516757163421450e-01 3.772653142964184969e+00
-1.932725938630559526e-01 -4.141299112022972517e-01 3.680480903384889313e+00
5.444170818439518778e-01 2.435730081238020872e-01 3.795914236503392214e+00
7.971378261754262784e-01 3.858393751125602233e-01 4.066836168817183683e+00
4.443388143102689480e-01 3.739774008292093832e-01 4.390887744954646621e+00
3.828231293926163681e-01 1.229251300885180642e+00 3.992686763897746793e+00
6.279679444046919468e-01 8.422246001220186074e-01 3.869686600491218265e+00
6.993365032771723389e-01 6.635000015336243173e-01 4.553426500081547701e+00
9.807268716156697375e-01 6.888711677455154891e-01 4.800804677769972884e+00
3.160173577108442156e-01 6.832718503173285107e-01 4.501724208945555361e+00
7.834239006134056105e-01 -7.998457440508058292e-02 4.715512477585294349e+00
3.925707938769045779e-01 4.892637761866438506e-01 4.789839904731312714e+00
8.191843067158658398e-01 6.687749466405615850e-01 4.858701739968910971e+00
1.565849670942265126e+00 -1.678063480833895393e-01 4.663851143186207082e+00
1.624848342251474120e+00 8.718408322075391070e-02 5.050611375661070213e+00
2.041915353450734827e+00 1.097042851244070805e-01 5.273975062802854552e+00
7.727881645147407497e-01 2.355755209238988290e-02 5.262837642194118537e+00
4.038371600070727596e-01 3.129087425509575193e-01 4.816033581535387853e+00
3.521968800562902957e-01 1.478736203000246552e-01 5.401286230166115310e+00
1.032826099857854008e+00 4.401274293667573057e-01 4.903648752253018550e+00
1.074907316975534766e+00 2.853442923734118564e-01 5.140541150244211543e+00
7.440233177987328750e-01 6.632601586729910403e-01 4.482079991854327261e+00
7.503559809348431253e-01 4.000572150769480251e-01 4.020373892712036934e+00
6.669491598325778536e-01 4.840340626769989996e-01 4.438467904796229213e+00
1.423204917440457073e+00 6.423992740239680144e-01 3.682653998838066656e+00
1.435618663401060147e+00 -4.156758597047589543e-01 3.580458206312239433e+00
1.091285905583347482e+00 1.010719178027550263e-01 3.733335420397606796e+00
7.793790836331909722e-01 1.609254146272421360e-01 3.680802023140612445e+00
7.657042626487821080e-01 -2.948741291150213523e-02 3.697867972809737669e+00
6.124973879780978292e-01 -2.190650788541951832e-01 3.471442267346309229e+00
5.882067902670345960e-01 4.045896256964340298e-01 3.797112916555818174e+00
9.479000694270551808e-01 -2.091706012814676940e-01 3.349768279417324912e+00
9.388015981625055240e-01 -3.314445943658869131e-01 2.653805749728370689e+00
1.129539603628014088e+00 -6.851769986872409124e-01 2.842748575676321554e+00
6.617174977218067689e-01 3.599335243615128799e-02 2.900577102608255409e+00
8.341683214862768425e-01 -3.375391894103699220e-01 2.387322612645355946e+00
5.659212743781938393e-01 -5.140556313707428382e-01 3.030934497524246041e+00
6.477593779864837531e-01 1.818277141630157134e-01 2.591054288540922457e+00
9.751019081599727745e-01 3.998064679488668172e-01 2.072102373283922994e+00
1.022010075819435704e+00 2.970308934537069234e-01 2.309069208833440356e+00
3.142652983857390780e-01 1.477996396448750804e-01 1.967365925354033429e+00
1.985355183744896834e-01 5.731948806620927872e-01 1.657194946629740873e+00
5.884451311299542242e-01 1.157382616685896259e+00 1.423142491696892886e+00
1.321713175079651137e+00 1.590896998777523219e+00 1.927148851849382449e+00
1.189209609164602721e+00 1.066927664781754936e+00 1.900667873109706196e+00
1.059332514488028787e+00 5.799089840755453085e-02 2.019683901560398009e+00
9.308732816410519861e-01 3.816048418197616754e-01 2.242895463685263824e+00
6.958527079227958545e-01 -8.176930238943294627e-03 2.661051008214667668e+00
4.740413918540879457e-01 6.876910524160885219e-01 2.876201764517326787e+00
7.658614190357939666e-01 6.243361064578369923e-01 3.391031480412047383e+00
1.214492915083656310e+00 6.678233193202914864e-01 3.156978612554762975e+00
5.657464737526022303e-01 2.964543158027815317e-01 3.899398514479455624e+00
6.500725750411997517e-01 2.248591406220006861e-01 4.332373538084144826e+00
8.136587138108519746e-01 -3.320466875110367200e-01 4.103780120244155505e+00
5.115765072034511585e-01 2.118769965749241480e-01 4.444821616589454294e+00
8.713084450852182083e-01 1.474907705238108768e-01 4.428290660294885051e+00
7.747756695460966680e-01 4.414856327406073699e-01 4.246459797382769352e+00
1.055312643391171701e+00 4.237205912956642506e-01 4.744918810716368895e+00
1.516625438219481037e+00 4.208814234135097032e-01 4.736021609363827878e+00
1.342838279482680308e+00 6.744272512074525050e-01 4.844642911959175180e+00
6.265644414452024025e-01 6.068261163426266203e-01 4.188643865206995720e+00
2.988172040933080864e-01 1.481019744950186623e-01 4.045371480153233890e+00
5.628575331105085677e-01 -8.757413323090339208e-02 3.806500031275864337e+00
3.321100655042747984e-01 -9.062061977753325948e-02 4.228990873185644261e+00
6.306542226867269951e-01 1.421266327435792010e-01 4.321310024847641706e+00
1.145558442417861311e+00 6.578188671000774201e-01 5.004424604275243382e+00
1.231623916452950995e+00 1.281656057156208117e+00 4.598679035723143294e+00
1.693054502098903180e+00 8.078121038845199609e-01 4.565422838595897481e+00
1.520844182666506894e+00 5.202707591095854234e-01 4.718874772046938837e+00
1.326026158220900530e+00 3.014826847661970510e-01 3.800064156159972839e+00
1.155119456015386570e+00 2.407196346193392067e-01 3.876967653932737790e+00
8.155918094421835685e-01 6.758409256993215264e-01 3.532650875254000677e+00
1.442505618787369492e+00 8.705534369306029419e-01 3.706997049172561898e+00
8.998657314237231697e-01 1.522269379600313499e+00 3.378266758845676954e+00
7.181505078868816172e-01 7.321506472038803448e-01 2.841196080595291829e+00
7.414147819941278028e-01 2.045253475497443296e-01 3.132432758402599049e+00
3.666097232036262810e-01 2.560362005966113630e-01 2.747775846624202156e+00
1.279628335991368215e-01 7.714423691809019212e-02 2.477732568492683640e+00
9.370917040431525624e-01 -6.152109852479419327e-01 1.966946516779203735e+00
5.034305693977214613e-01 -2.234111241566389683e-01 2.209482117799447476e+00
1.993482284013297356e-01 -2.136370412075431768e-01 2.192978786096717148e+00
3.363923063893941023e-01 1.933303446363219824e-01 2.689642253578218511e+00
1.675870905806980948e-01 -1.839649117344214768e-01 2.126986687639438767e+00
4.776087471422236774e-01 1.752603256645913210e-01 1.783026876515406256e+00
3.260499968118905634e-01 6.005344081246831722e-01 1.586291610731009216e+00
5.227861890433849190e-01 5.109970208714615936e-01 1.506916597024982041e+00
1.455246987405835135e+00 5.679234671355527508e-01 1.853825504344024599e+00
7.250800828414980526e-01 -2.629592353992271647e-02 1.572382179572105132e+00
4.993066549651609676e-01 3.832934238867420629e-02 1.807751157340320214e+00
7.212611487650364417e-01 9.167358928214289215e-02 2.613024382589404837e+00
1.245649053869241962e+00 6.918427332381005268e-02 3.085336390880871971e+00
7.121907692424054304e-01 2.253477429577645519e-01 2.293518641921720391e+00
5.317223414906399048e-01 1.933225773113368406e-01 2.200619010391339447e+00
3.304749991209460225e-01 -5.323148884340263010e-01 2.157557746261795639e+00
1.341876442376211065e+00 1.068195783364100648e-01 1.889658254686370276e+00
1.164154349629892282e+00 -3.482947095383510105e-01 2.034948245893814622e+00
4.061034227366354665e-01 -5.466633230876948024e-02 2.753605084408392578e+00
9.546489267318674088e-01 6.347087492361500050e-02 2.978417536380052244e+00
9.690180285292870899e-01 3.265979797102802062e-01 2.587571928336667604e+00
4.343132887349123172e-01 4.177378964701066177e-01 2.583002703232516239e+00
4.763029519857981398e-01 6.752990649355852248e-01 2.769619705029433554e+00
4.242704098215298036e-01 -2.361121750580113254e-01 2.214459150039026714e+00
-9.208161877047132959e-02 -6.360593395528331140e-01 2.101155705639853988e+00
5.721261611657508794e-01 3.244011042524447830e-01 2.892027407040586251e+00
6.582300358705375221e-01 -1.949746193273070860e-01 2.582116332424869931e+00
5.666864654757423070e-01 -2.473152858965969869e-01 2.667429426386600966e+00
6.063577516938183365e-01 3.291129277699214595e-01 2.962171327314651492e+00
9.482917126253598283e-01 2.304573539025737972e-01 3.451952899795816432e+00
9.717931623169698829e-01 3.505998542808442808e-01 3.390831070340640796e+00
5.817090398875545132e-01 8.111455096207500493e-01 3.821825118867728577e+00
1.190710042383529066e+00 7.992799128400551734e-01 3.266892474778031907e+00
8.255463147473252050e-01 8.366220239535853143e-01 3.745088305842509957e+00
7.868928219636889265e-01 1.026464667775478512e+00 3.805518855499819608e+00
1.172997892432000588e+00 8.624387851759541812e-01 3.753219194126069969e+00
1.570819041873100508e+00 1.095403225235588862e-01 3.664362785671882783e+00
8.215048851835341504e-01 2.888162784395938432e-01 4.057167343225296818e+00
7.342891113813426740e-01 9.037563757128088682e-01 4.542243170906666627e+00
5.788753961100375767e-01 6.578664898332314825e-01 4.572630728161249714e+00
3.991099977074126226e-01 -1.330396789443244188e-01 3.932033804630852725e+00
6.122529780655104892e-01 -2.270550513464617559e-01 3.127702928743606670e+00
7.174399518246153962e-01 -1.604440305766069719e-01 2.829684088977064693e+00
6.708536404436293843e-01 -3.327552221389250553e-01 2.788500833512045585e+00
2.890660145340031573e-01 -1.219169840688809486e-01 2.128991561888464279e+00
8.426049024902185769e-01 -4.172431667561585789e-01 1.983384974288612712e+00
7.912412133145627635e-01 2.784309315630539294e-01 1.560696661787453587e+00
9.500188630091116471e-01 -6.060245312332650514e-01 9.647345127812617660e-01
9.030451170382657322e-01 -1.901485569092280503e-01 1.810975196928325426e+00
5.100804083762315866e-01 7.046251167214742095e-01 1.574069467318192084e+00
6.427877284536260838e-01 -1.625538247974800399e-01 1.785391664090931307e+00
4.472687056171920639e-01 1.549221305538798776e-01 2.109254204939832622e+00
6.757451175309042712e-01 4.484446667988811197e-01 2.086649636246658446e+00
8.628191446696262812e-01 7.412162632682404162e-01 1.858816544748971289e+00
7.402620545253745243e-01 7.777454998233025441e-01 1.716619887901128516e+00
1.127202185584276872e+00 8.464505520168474906e-01 1.502642971701976471e+00
1.238550839974256412e+00 9.493248461636316637e-01 2.054844476888016747e+00
1.014063538438388479e+00 1.039748726266568335e+00 2.370823677857705647e+00
1.818895244140357415e+00 4.443618104891312592e-01 2.365517564856202792e+00
1.577971441425405130e+00 3.489195902059991639e-01 2.376753750200613968e+00
1.512259906532279485e+00 2.583038722369330742e-01 2.280087788821174577e+00
1.078375663215515035e+00 -2.050897535015073769e-01 2.065529186056805244e+00
1.454014523147718896e-01 4.667152302198433050e-02 1.368100743659274476e+00
7.937405507172643482e-01 3.350842297327063513e-01 1.625920644736110754e+00
1.122920433828201725e+00 1.305211169784954439e-01 2.977394694294234423e+00
9.798066144475963135e-01 7.501123083857446083e-01 2.584688212396405671e+00
1.453687778415901466e+00 1.166792642473463149e+00 2.247201236535514735e+00
1.239340486507463757e+00 1.113035013110654559e+00 2.772607901426940025e+00
9.587349396010491631e-01 9.412592466091698196e-01 2.439863348707009383e+00
1.199158875954719594e+00 1.183999777111666818e+00 2.322792814750177737e+00
1.434790840988334981e+00 1.811772686486751383e+00 2.012338853103798453e+00
9.061565832266399445e-01 1.831476708327486103e+00 1.653371453530537938e+00
1.244216191718668929e+00 1.124471570683106103e+00 8.914916554955103489e-01
1.056862649078393002e+00 9.893852304324008973e-01 9.006301944040465690e-01
7.310566082177583080e-01 7.613272187861477303e-01 1.240153488701057238e+00
9.197095466607073666e-01 1.507765568740919049e+00 1.137745314434096766e+00
1.281701829497123191e+00 1.088245259676356991e+00 1.493278255128044796e+00
1.245860574378886865e+00 8.800949023927956416e-01 1.987181801102080092e+00
1.172591164219834337e+00 5.823922725169035086e-01 1.873029024252064412e+00
1.349285868636971086e+00 1.491603173167465268e+00 2.649692491844222619e+00
9.504603006074100469e-01 9.918542387999109700e-01 2.693586437814872614e+00
1.666737961238154764e+00 6.205862384823435107e-01 2.773678326855945286e+00
1.535372527781975638e+00 1.177075925143621582e+00 2.541847684682791542e+00
1.194240686629328696e+00 1.367404621466838499e+00 2.626549338676400058e+00
7.772109927302128796e-01 5.788141590959983152e-01 2.180737168231119405e+00
6.163093430404654738e-01 -1.005220743049095866e-01 2.537481118739318919e+00
5.151185995954435937e-01 6.846932912368703938e-01 2.825239180748006618e+00
8.841557403047320962e-01 -2.179282319515508104e-01 3.185743918536335428e+00
5.675014357817055322e-01 -2.039938087192026406e-01 2.724810975785473932e+00
1.165020974132477960e+00 2.466782495968322109e-01 3.105491101373571983e+00
5.607161161857544540e-01 1.676614850779850618e-01 2.830163106587283206e+00
4.672307358991068527e-01 -4.290613670719818917e-01 3.124284377043179184e+00
6.210085350756096023e-01 -4.048955047003370833e-01 3.489246986363991443e+00
4.307580933293619907e-01 2.732813264425500432e-01 3.299856169836165698e+00
9.370598573181281310e-01 4.231418058685551542e-01 3.003184011328523084e+00
1.359398284076133612e+00 -2.632879659820691609e-01 3.576974418698366520e+00
8.221759545427056448e-01 2.475327027861660978e-01 3.234678350082413001e+00
4.414315800116457855e-01 -2.174036133737891618e-02 2.940733304281951010e+00
4.587461415824106714e-01 -3.198220246177049808e-01 2.876511796309045632e+00
7.593063765816614463e-01 -6.570737496623585416e-01 2.662769205393551886e+00
-1.827271073914310540e-03 -2.835056684262557969e-01 2.267229136415062740e+00
8.844883569159645020e-02 -3.939737228895851540e-01 1.458015969001125400e+00
3.705567464849968684e-01 -9.209822253378574519e-02 1.823317114843311604e+00
1.451594942508140695e+00 -2.128651395192893148e-01 1.699302389846826022e+00
1.552444611335468183e+00 1.143198373978491500e-01 1.935402418840881378e+00
9.791285804697994477e-01 2.664604155719472733e-01 2.502676687942694045e+00
1.058549411145509378e+00 -1.844533260684656784e-02 2.759500105165504369e+00
1.087808512382216541e+00 7.133395982210247177e-02 2.557461448601392906e+00
9.828037236290947387e-01 2.251486821502529101e-01 2.542632998632717634e+00
5.944571851033968457e-01 3.388449395858562641e-01 2.011088924699230507e+00
8.252691679389668744e-01 7.270268114012259364e-01 2.361139812031432861e+00
8.830509911250606914e-01 7.302709209692851422e-01 1.727907021231315898e+00
1.269041447611361839e+00 1.421127306451844596e+00 1.656234835007100115e+00
7.361058975497066781e-01 8.441325825756711421e-01 2.109389633506530526e+00
4.918396928695786818e-01 1.187601703299369760e+00 2.723308044986481047e+00
5.635412431083813845e-01 5.100421722884097564e-01 1.806551794769243768e+00
1.116655175253477683e+00 2.666954115945211479e-01 1.721046928998462455e+00
1.222763676192787585e+00 5.535003621126730750e-02 1.498128659806745588e+00
1.015526498946747846e+00 -2.934267565720835580e-01 1.732165143377479399e+00
4.962936220250211417e-01 7.458604971218946167e-02 1.441598313255974428e+00
5.631836047091691722e-01 -4.015245972499312810e-01 1.759306396485064372e+00
4.073467145607018169e-01 -5.416166691111688747e-02 2.386998069859907368e+00
6.885520545802692460e-01 1.767131902867265514e-01 1.873966833083631878e+00
9.985523073185901266e-01 -1.582609949489983264e-02 1.473942281210552485e+00
5.013185519847936922e-01 -3.217473150274227645e-01 1.455870400166783485e+00
6.786922652262985522e-01 -4.034143879248538456e-01 1.619366988621067760e+00
3.893907964479916273e-01 2.632350936218302850e-01 1.701994493030507538e+00
8.327104460636167715e-01 6.971200001703753424e-01 2.160837830786220159e+00
7.408908435884117294e-01 9.621515718088471392e-01 1.916163949969955871e+00
9.516606312189552774e-01 6.650682471537777696e-01 1.647350977747682022e+00
6.542431878590736494e-01 1.467765713364850844e-01 1.827097716232952029e+00
7.606293872566753933e-01 2.016117963066577090e-01 2.025881372637760691e+00
6.489813495808005595e-01 9.053730066167316182e-02 2.066638911800442902e+00
7.767195846782475321e-01 1.032262118410121471e-01 2.192779190895183916e+00
4.162812138508339421e-01 9.860680612254210664e-02 2.125605896965991448e+00
8.287708655256814660e-01 -4.159657406830550852e-01 2.209123769553413830e+00
9.275229694861575336e-01 -1.209397809503254401e-01 2.390180897053376441e+00
8.195189389227448551e-01 1.412319133856379527e-02 2.576131609403672584e+00
5.363860573964357448e-01 -9.617679155720161577e-02 2.609261401914818368e+00
5.363860573964357448e-01 -9.617679155720161577e-02 2.609261401914818368e+00
4.248456719551204075e-01 -2.402297149256450715e-01 2.227380392792795760e+00
1.374194867550797006e-01 -6.864827590360390863e-02 1.935536152987421543e+00
8.399880795840026781e-01 6.133014890937578123e-01 2.154523286962082285e+00
1.261260181301938177e+00 1.398746726412944952e-01 1.932544453845555177e+00
8.503456791132636416e-01 -9.271868044573265688e-02 2.394220976467922757e+00
9.098118359226410323e-01 -1.487317988887245507e-02 2.697846780665761113e+00
1.197512992348902516e+00 4.372349654445587541e-01 2.693640303465394847e+00
8.379969772997076793e-01 5.377083457044121717e-01 2.668633625062565518e+00
9.638051452393538998e-01 4.679738139248144912e-02 3.146068349340309211e+00
1.137103433845296996e+00 1.237375775524110211e-01 2.726945694907445983e+00
8.314092022537402649e-01 2.779302538554286883e-01 3.123631319300536280e+00
4.486924298803459665e-01 9.847799657432356746e-01 3.671661733384367299e+00
5.790932154767093332e-01 7.184561815085589442e-01 3.078684858840661231e+00
8.548748881182004489e-01 5.655099115400913368e-01 2.415090729394767877e+00
1.050775973516196116e+00 6.252432831837386740e-01 2.636233962764612748e+00
1.461013620559083570e+00 2.256023383487815170e-01 2.280343366897657820e+00
1.794170355831252506e+00 1.016856498754688420e+00 2.275709047634627780e+00
1.434835594340325038e+00 1.043164914797619414e+00 2.086111305106585156e+00
1.707682894177188659e+00 7.659239617165647385e-01 2.064173386828259904e+00
1.537864244942718228e+00 8.872422975647064058e-01 2.063895465802536133e+00
1.757045863427183940e+00 2.417210427602898559e-01 1.877671447713807451e+00
2.109751098303078276e+00 4.958101942960794206e-01 2.165475522711789225e+00
1.023291741346230355e+00 4.293914124996919823e-01 3.140436065163044521e+00
1.586700761457671138e+00 9.268782017545751373e-01 3.851555886297513887e+00
2.237996625137625983e+00 1.082447928530624770e+00 3.748997377102013751e+00
1.833939602270468594e+00 9.985116454930434982e-01 3.338892930993485386e+00
1.890471417457090020e+00 4.535357231861295579e-01 3.708871064186016753e+00
1.853257854632955448e+00 3.968698171327783020e-01 3.848486592164545250e+00
2.141552919639848618e+00 -1.668780200534616953e-01 3.859960270094427770e+00
1.933259413526494441e+00 1.593148057769156467e-01 4.254577292658858312e+00
2.188591609256000048e+00 3.900935796318285576e-01 3.663680449259530292e+00
2.234877639667747662e+00 1.078538226772774999e-01 3.372716133923702841e+00
2.448129542069491293e+00 1.910380257484273758e-01 3.241460194206408740e+00
1.953954068087775386e+00 6.442831578650833058e-02 4.503037680984300906e+00
8.709513507208711536e-01 -2.050753608435838538e-01 4.351180108866667062e+00
4.128240557931669441e-01 -1.006038919641270291e-01 4.901225681316287996e+00
4.850966122142944537e-01 -7.891804037761654955e-01 5.428520503232529215e+00
6.063407793202680862e-01 -5.406986505209165905e-01 5.213012688471637901e+00
7.806866083644489196e-01 2.205596506754231023e-01 5.319081422789505353e+00
2.896310447994562276e-01 4.077155365717847202e-01 5.252260736177736256e+00
8.708632136650489297e-01 -2.075520083835282747e-01 5.680850631615204094e+00
1.011334266959171391e+00 -8.701579612860702029e-02 5.106940691088768247e+00
6.662858960859405766e-01 -2.429388746079916284e-01 4.711583282395495509e+00
6.769335200053322454e-01 -5.489811642928534852e-01 4.473616035357090404e+00
8.085191504707154309e-01 -8.137617697808051387e-02 4.437744543510467210e+00
5.837604476483692073e-01 2.350874323457920467e-01 3.714098329051760405e+00
1.078301161155226784e-01 4.411949223436449352e-01 3.477228900819675061e+00
8.378654768855501311e-01 6.593390189786835220e-01 3.418433628592868256e+00
8.864523042750612758e-01 1.239830172810994391e+00 3.258862354781051351e+00
5.568986674085009136e-01 4.210214433862139449e-01 2.910542028126114289e+00
1.257941488559391585e+00 3.763257071843048029e-01 3.070279946797231929e+00
9.064481360372008689e-01 9.832989992488408992e-01 2.940417416426181596e+00
1.260914051154077953e+00 1.354604295259056457e+00 2.546520306941936873e+00
1.674981629408685224e+00 1.578091509545473725e+00 2.548955722406860414e+00
1.348502774396427517e+00 1.402461646515067661e+00 2.146654050602386565e+00
1.301458209583971515e+00 6.262338875491570978e-01 1.873145859902898724e+00
8.791203265621559959e-01 9.311695437976256207e-01 1.999994500041772705e+00
1.144942994302849293e+00 9.881103550999565943e-01 1.921918025408648090e+00
1.121271120034727176e+00 8.085282718661355172e-01 1.585822646588799678e+00
8.086002111679618798e-01 9.778304297460100880e-01 1.857484287359352892e+00
7.184822854251325941e-01 6.747446673039512177e-01 1.800964795671055052e+00
7.530396357821871334e-01 2.205096251374902838e-01 1.645088846289005646e+00
2.743146935753954518e-01 3.977975065208712024e-01 2.196766217281155953e+00
3.662161102812946378e-01 6.559511618342189765e-01 2.134415994694315533e+00
8.324815653356925083e-01 3.473858790201201363e-01 1.997294191320582391e+00
5.866135283718746374e-01 3.297336454431905595e-01 2.256071605873648966e+00
5.041842566118687197e-01 2.799705406196152380e-01 2.435017276951398024e+00
6.832694916747545921e-01 2.051288482971921900e-01 2.503044442417960980e+00
8.373059337141437464e-01 4.022465298599241512e-01 2.932112054584460559e+00
7.949136787741629684e-01 5.805541216868850274e-01 2.798649280785098004e+00
6.497817964641238175e-01 8.813475001488531024e-01 2.973589305720844234e+00
8.400509761355001714e-01 4.050117170579226045e-01 3.594080098605851425e+00
5.409636645681284994e-01 5.666426399540107628e-01 3.365515507187722744e+00
5.428024089004493957e-01 1.036865230417505002e+00 3.068121516771945778e+00
1.111379661383647521e+00 6.339947486992382197e-01 3.023442882904622042e+00
9.796149796400246412e-01 7.361984726137703605e-01 3.379806164334568042e+00
1.528499862308151158e+00 4.269536470499852299e-01 3.833097613642892920e+00
1.664779406882099355e+00 4.502487800004021934e-01 3.733699655005381146e+00
1.689503681576602467e+00 3.800729340932587075e-01 3.533659344700813332e+00
1.569941065005540537e+00 2.089966938335814373e-01 3.573857740252568416e+00
1.414708246533091796e+00 -3.193360468065361418e-02 3.674011084589280607e+00
1.680927799283455260e+00 -1.571040642748574578e-01 3.361287760835022009e+00
1.834878324807680761e+00 4.949818187399169789e-01 2.783143571295092489e+00
2.458032184754200156e+00 3.283003340652352886e-01 2.944545453077603625e+00
2.710952304563337911e+00 1.238877958948576330e+00 3.281844635475355432e+00
2.479995419204966023e+00 1.335266937156998290e+00 2.502454566164282745e+00
2.578983759364903428e+00 6.431122455428585072e-01 2.535813184212703408e+00
2.269287559067192372e+00 7.384645312614048773e-01 2.617996080234519685e+00
1.612386121677721773e+00 8.951948782152361339e-01 2.545352448868414275e+00
1.596630538050212378e+00 1.102232111975739004e+00 2.975156689486499140e+00
1.869272948976301363e+00 5.095631446355999294e-01 2.682501918047315304e+00
1.128002599178147936e+00 7.035776318734232593e-01 2.491044424575642680e+00
1.273525295725333573e+00 6.303956290480670077e-01 2.527973866347443366e+00
1.656382752830219296e+00 4.660511636001418156e-01 2.811646204150304751e+00
1.278138452488743138e+00 2.421818623528615988e-01 3.030138755686795804e+00
9.791278661877216294e-01 -1.446432239399556008e-02 3.438773738856402140e+00
6.079904553842171433e-01 -9.067352835001274425e-02 3.345318913223803481e+00
5.879820288849836318e-01 -1.382520517364001500e-01 3.426560790580579052e+00
1.156273106790723482e+00 4.957143807545721925e-03 3.084154266530795940e+00
8.514996281675236700e-01 -2.145412231381438051e-01 2.282025098726068624e+00
7.568441952314628463e-01 -7.126539608870586795e-01 2.658925179808376171e+00
8.502234968873348953e-01 -1.723736507687145258e-01 2.286138226718660071e+00
2.777836919845796393e-01 -2.583018631644223295e-01 2.892359880963213392e+00
6.431105019904639342e-01 -4.496390580618178090e-01 3.345719969030849228e+00
4.685328233917399054e-01 -2.631084861705340616e-01 3.027234637973887033e+00
4.782334317922037892e-01 3.596337118254021581e-01 3.479915881272483080e+00
1.183068580922117530e+00 -1.644170260348337131e-01 3.925047249405166028e+00
1.229159349011346380e+00 3.261206231103379316e-02 3.104981595213355039e+00
7.600180040984305663e-01 5.073298625277021801e-01 2.618595342623570410e+00
1.459065241835161730e+00 9.090863268251984097e-01 2.397299347523621726e+00
1.613521729085176659e+00 4.956997899105004546e-01 2.244986520950269071e+00
1.137054254517812169e+00 5.981133030208587442e-01 2.435980913754930199e+00
1.011932212961595523e+00 8.440478312352853729e-01 2.957934021698871874e+00
6.372219350600103471e-01 4.651924744487830332e-01 2.854950555984798743e+00
1.245767832290130883e+00 8.463051978297553291e-01 2.097378108579931233e+00
1.136993019318283116e+00 1.545852461461769467e+00 2.394807111612650363e+00
1.732938538141949758e+00 4.473806872948615232e-01 2.858438766933812492e+00
1.672108754422509946e+00 2.470581479496937738e-01 3.399574730771076858e+00
1.446646287104325967e+00 3.469801785662982585e-01 3.984092250238287392e+00
1.915601078590096318e+00 3.253016905603962616e-01 3.547269732825583777e+00
1.213477753688002370e+00 3.429435376051879758e-01 3.751755792000816214e+00
3.715336450031320181e-01 5.114592824676411631e-01 4.192815939428478522e+00
5.966250557402577037e-01 -2.052392434796942167e-01 4.049657085134257706e+00
4.266662809422137048e-01 -2.135902981924641675e-01 4.202461747626678346e+00
6.089019488962328641e-02 -9.536917216457367619e-02 2.913751231150855769e+00
1.053238792471542729e+00 -2.587584057536405080e-01 2.673452592461422750e+00
7.588104480265172036e-01 -4.354069704292887200e-01 2.199184929270029176e+00
4.518904896514218117e-01 -4.043923912898342299e-02 2.578142209233748705e+00
3.307954522016143817e-01 2.665931983149587570e-01 2.672437961122788419e+00
4.157588457174587471e-01 2.018509113765806773e-01 3.015487286665558209e+00
7.491239511771293769e-01 1.620917491466881272e-02 3.271536233102700031e+00
6.128261255390553552e-01 2.300687249473198914e-01 3.504645685190519000e+00
1.079088668802586470e+00 2.292752698339059203e-01 2.875323122582579050e+00
1.283830378658516347e+00 5.800785788502303697e-02 2.377399212230525194e+00
7.800661238945996168e-01 -3.383559984337818904e-01 2.706361056050394343e+00
2.856439464790978544e-01 -3.929935429015239401e-01 2.996961002691696851e+00
9.959148513666445934e-01 -5.174378087938902304e-01 2.492804839871636702e+00
8.852424532001275104e-01 -2.530956161484921862e-01 2.528610665632939458e+00
1.081639043031296321e+00 7.250871246843784146e-01 2.796898958308793315e+00
1.309773005704801596e+00 2.011285452432596821e-01 2.628769809978242389e+00
9.813389540511882059e-01 -1.370764046887252841e-01 2.621304147958754882e+00
1.529197492364249511e+00 1.679644693664729127e-01 2.060689981835405415e+00
1.546895547005282978e+00 9.018685703447382185e-01 1.980525040562899353e+00
1.267195215982827250e+00 9.098564686967964832e-01 1.873319851802992764e+00
9.473447072500384980e-01 9.590461334330498966e-01 2.187116768766716124e+00
1.247431843251457728e+00 9.305803188533510184e-01 1.888782119616518873e+00
1.362386138885896658e+00 5.302386790909102698e-01 2.166817044957401794e+00
7.013728134996309871e-01 5.436855269944622648e-01 2.459852259231908089e+00
5.711076798726391068e-01 5.691825075754148866e-01 1.813980190772116252e+00
7.148086615278692602e-01 6.467960038817673896e-01 1.998300149062404829e+00
1.171258678537061115e+00 7.254125890118022779e-01 1.746178959821512500e+00
3.689026911714519130e-01 5.673160017952899592e-01 2.068579801010731245e+00
6.160419150576991187e-01 5.816620437839113977e-01 1.607428219967699912e+00
6.485259529979704451e-01 7.483041200342223087e-01 2.564798157035144133e+00
9.689059896164002872e-01 5.512276142310555960e-01 2.405864129579682764e+00
1.200095739447183840e+00 1.928409615234815133e-01 2.082990654307690370e+00
5.964989388209066545e-01 1.988437654497507978e-01 2.064394379899896048e+00
6.898251410800927408e-01 8.335077572080700214e-01 2.882964253736950866e+00
1.203547482160559845e+00 9.218621392701155104e-01 2.505475728894258403e+00
1.204197990599300772e+00 1.108162988971205021e+00 2.219531061846998110e+00
1.342838217689694691e+00 9.808941143045882827e-01 2.443866410275908674e+00
9.496239228867449089e-01 7.991655818437215508e-01 3.463247490619265179e+00
4.640316521141897299e-01 -6.004165403007331037e-01 3.619774230152557060e+00
1.077287326257799993e+00 -6.479477091363616825e-02 4.010269007913002781e+00
1.152578005672322048e+00 9.237202246103551895e-01 4.477692379802409306e+00
1.811081890228062097e+00 2.365930163639379802e-01 4.648330758871290769e+00
1.409084868499727028e+00 3.327211332148587997e-01 4.180563378817728548e+00
1.639949265941591516e+00 1.580763615688580426e-01 3.953851998748241225e+00
1.468596163706285207e+00 2.188740484981979706e-01 4.033336540915938073e+00
1.780222157319737653e+00 3.399348246723454814e-01 4.232712236829697439e+00
1.827819172636812262e+00 7.616514739696411684e-01 3.840620285983751714e+00
1.617049606916801219e+00 7.571742753581183205e-01 3.608998612307459553e+00
8.996782933122424719e-01 4.819643552922440732e-01 3.936682061625778495e+00
7.151267702194672449e-01 7.845676327819736118e-01 4.111377127371604878e+00
1.548346014877316934e+00 1.164328095147203257e+00 4.145644881410340155e+00
1.198868170386994114e+00 6.395273799110390289e-01 4.192831883606045196e+00
1.672219269614512172e+00 5.244929677985993299e-01 3.904795364621378884e+00
1.611361434416528349e+00 6.141774670443234108e-01 3.899750208841177734e+00
1.246928585936647238e+00 6.986832546588099824e-01 3.775325325384124575e+00
9.576840315336279108e-01 9.975795580984312405e-01 3.204159702956749012e+00
3.837042405832021830e-01 1.712932910230619665e+00 2.833007624595799356e+00
1.171269767812558982e+00 1.844756405036599434e+00 2.418272556851900568e+00
1.095649226477663163e+00 1.883207342819354091e+00 2.405607701739497006e+00
1.970838895593457707e+00 1.460543393628434883e+00 2.485018006691507519e+00
1.910529446542598597e+00 2.009834461653990711e+00 2.137952528727741885e+00
1.808009320062911929e+00 2.028860690519842969e+00 1.672987889472597356e+00
1.811132158680064830e+00 8.296616182407272611e-01 1.765849241933317826e+00
9.086405383285280912e-01 6.310332543044235853e-01 2.341111802271723885e+00
7.631876248063068635e-01 9.228421356403870845e-01 2.813064326905485135e+00
1.028474305705936009e+00 2.288625842866308657e-01 3.068539474316857252e+00
3.961842613090756915e-01 -2.177229818551578711e-01 2.995483811276423047e+00
2.294840173581673692e-01 -1.450067270778243322e-01 2.846095061370123691e+00
1.556403369465351183e-01 -4.841893789974520135e-01 3.757330559264162151e+00
8.924152007608296966e-01 -3.892724982563222635e-02 3.164755709552162788e+00
8.092890687846635567e-01 2.247102293243250504e-01 2.630004417149230278e+00
1.170247319655333129e+00 1.802226824893899959e-01 2.392438310221613573e+00
1.122839014853508566e+00 -4.267444461007728895e-01 2.233255670664261672e+00
7.901675746792559130e-01 -1.795818056629308601e-01 1.525364676757238858e+00
2.586374839687130556e-01 -2.542254873263462556e-01 2.104812431956001095e+00
4.958830523231998466e-01 2.849732693775360870e-01 2.126794107176249948e+00
7.033425139919540214e-01 2.348171136625659683e-01 2.012467197382308282e+00
9.338838341623547645e-01 4.121054935494623817e-02 2.020061275022398739e+00
8.420639617894865037e-01 2.580367805234495826e-01 1.924939893977480443e+00
4.322522623030274902e-01 3.892434584768632577e-01 2.255502039793697122e+00
1.151494487065862327e+00 -6.880433958883964973e-02 1.932340576106134078e+00
1.204858529852868898e+00 -6.299890684292139276e-02 1.943134938479268881e+00
6.992730551757149193e-01 -1.754499356197418425e-03 1.422307933987941864e+00
6.658630657111287432e-01 -1.127433828858675630e-01 1.622452642301906556e+00
6.154390763388677410e-01 4.846458791523331477e-01 2.133721827313741937e+00
7.428446914733299877e-01 3.622272416415949214e-01 2.068201583076522354e+00
1.149002045451824161e+00 3.721142037808601588e-02 1.745840086152440795e+00
6.940484450753807710e-01 -2.282470373933476182e-01 1.824537768299531848e+00
8.975647280823905172e-01 -5.125812502392841363e-01 2.073106437648548184e+00
5.884807803367660961e-01 -3.299147019659987023e-01 1.977123486622263338e+00
4.230374920133272987e-01 -1.674623468034164286e-01 2.327187844103405734e+00
3.588916330809216459e-01 5.211433100130848789e-02 2.085163591733118160e+00
2.008023291624480844e-01 -3.705894585525932455e-02 2.314176588451057892e+00
4.018483670996007007e-01 -7.893505299510915341e-02 2.337701532572740160e+00
4.662452696774671002e-01 -1.192812718364851948e-01 2.459694038900598567e+00
1.201631406326503670e+00 -8.518423789700413362e-04 2.118582255516077151e+00
8.956100292304645105e-01 -1.482609580679342676e-01 2.181158142725804883e+00
1.403663113534237672e+00 4.310296741072727755e-01 2.161631912474201833e+00
8.362487563330425200e-01 1.000707909488648184e+00 2.001480932770478116e+00
7.116005367561257788e-01 6.826914503409151624e-01 2.267971586439228027e+00
6.186501892406316427e-01 1.132802793391624041e+00 2.610321192839521132e+00
7.212452114034277884e-01 1.344557830820896527e+00 3.226956560651561112e+00
1.344881925965041081e+00 1.401577360403750028e+00 3.674905508259212361e+00
1.727686722176373424e+00 9.895648683009865554e-01 3.624637214713188893e+00
1.707542717139315824e+00 9.081446298415848384e-01 3.089966103967823674e+00
1.563009663216236911e+00 8.974611150382830749e-01 3.178072786024551011e+00
1.522246129273987503e+00 5.723176443871792474e-01 2.921666806457170029e+00
1.439775097101374968e+00 9.275911131598939263e-02 3.121908064576830899e+00
9.759344697829078763e-01 -1.717052372708017527e-01 2.630343705188525671e+00
2.559790800581084880e-01 2.755110209669066612e-01 3.061318555347148695e+00
1.041370500684031919e+00 -3.465591553996676399e-01 3.588602367660292725e+00
7.913141071815517069e-01 -3.459243199437768423e-02 2.813067543623193334e+00
7.826550417508956192e-01 5.989416287814457868e-02 2.496033166289751914e+00
4.093840760004744395e-01 1.568697791941173758e-01 2.743918730595213518e+00
8.539994390256538948e-01 4.662493454025178341e-01 2.880998409752455025e+00
1.056486631122572906e+00 6.339844991201264435e-01 3.465956310341269386e+00
7.353800329770774358e-01 1.013835766900765378e+00 2.599272654746200395e+00
8.285804232343398079e-02 1.019436710503672516e-01 2.209068097515377804e+00
5.168532496139341958e-01 8.666262378978519670e-03 2.281079981589625660e+00
8.338259993604468789e-01 -1.823288837229187775e-01 2.407224360301007504e+00
7.319212556487056931e-01 1.853303393826943868e-01 2.283878979005443455e+00
1.162999086375893221e+00 3.942752720113505416e-01 2.426110973841131280e+00
8.204076354310622099e-01 1.169437240312094506e-01 1.831638373055370472e+00
5.010217826546792264e-01 -2.471515785425452971e-01 2.129057106391710974e+00
8.228440583408913600e-01 1.930614255074666330e-01 2.587872111225040239e+00
1.229888871843402010e+00 4.320055096597329169e-02 2.361428193444601309e+00
7.691463131411677701e-01 2.224542893418283152e-01 2.396288069570851054e+00
9.725563984824077135e-01 -1.559058482224491560e-03 2.544235974041900494e+00
4.536284667263383863e-01 8.628962028977729681e-02 2.579381644182260125e+00
5.116950109894576881e-01 1.523759801418773374e-01 2.766157589101113423e+00
9.324764701414377521e-01 1.481031677620080478e-01 2.913789807688023537e+00
7.645398314286042663e-01 -2.185298285485027525e-01 3.529722059483291208e+00
5.879383618816002022e-01 2.410020350557774971e-01 2.608969492889994246e+00
4.376585210697822026e-01 4.233761143184389814e-02 2.061713296639565485e+00
9.677116552472261324e-01 1.160495241562497643e-01 2.933918482619449986e+00
8.336084710633754336e-01 7.086891730586141191e-01 3.660427150349800929e+00
9.555250008609934564e-01 5.945164553641766325e-01 3.473498918883834552e+00
8.137635799783202728e-01 5.938029433122470335e-01 3.923464912869055077e+00
1.155868897631102232e+00 1.785407129912950919e-01 4.000251517821090452e+00
1.310429903653889339e+00 -5.787998785597591594e-02 3.509079562967548416e+00
9.541743414253585076e-01 9.566401707842454860e-02 3.486738778348362988e+00
4.805974130518025911e-01 -1.023650512583241246e-01 3.598805211908154167e+00
2.807121987818352038e-02 4.797227701888595597e-01 3.820945329044552530e+00
4.292582857726928713e-01 6.072634293272246575e-01 4.038831758173399678e+00
1.079517575987232192e+00 9.765025250409172797e-01 4.332575061839913033e+00
1.576282206915797790e+00 6.680248758742358683e-01 4.394599211013489715e+00
1.292279790710044951e+00 7.665275640061414153e-01 4.561147216854691600e+00
1.405086589156320231e+00 2.095849482737296432e-01 4.559981063553795622e+00
1.019755480128011538e+00 1.601017847370797276e-01 4.483365974579694324e+00
7.903034240270621069e-01 2.381116842068172201e-01 4.790681321449719476e+00
7.250032267090070759e-01 5.243153273140781501e-01 4.853734162220350257e+00
9.945941155567504799e-01 8.859281211423000180e-01 4.527283100567450091e+00
1.106343661577514181e+00 6.259323596040655691e-01 4.407278719916319254e+00
9.229945221525742705e-01 8.906704273263413296e-02 4.466686064472102480e+00
7.407233648027830020e-01 1.444513149408178376e-01 3.982545405733845190e+00
2.553359984082529954e-01 -8.766992007855450852e-02 3.989824885576317648e+00
5.224410299733784901e-01 3.173028386020559366e-01 4.290512212573290185e+00
4.794751754571479063e-01 7.034207078297868843e-03 4.294495460016307220e+00
2.604000424245942469e-01 -1.203263009550729762e-01 4.175728175773761208e+00
7.426969407325885175e-01 -1.533826268099805490e-01 3.555586967487060601e+00
3.386085947568913679e-01 -5.908063649537872442e-01 4.033611204084063040e+00
6.571432176152293136e-01 -5.245640846526492540e-01 3.436199065090765004e+00
5.318601099631894424e-01 -1.902337401514955784e-01 3.232288580840427805e+00
1.120711408059089920e-01 -4.801409990147061102e-03 3.527913348495481660e+00
8.851869588867733452e-01 -8.917457128416206302e-02 3.959351053059672498e+00
5.949514374144526663e-01 -6.103667984808474056e-01 3.917324886762908243e+00
7.036969198170003326e-01 9.171783195260466148e-02 4.364409203407437765e+00
9.742143096348186981e-01 3.458646757192626597e-01 3.914251944595697807e+00
8.313985671904043917e-01 1.478629441518030940e-01 4.617393296869359176e+00
1.092095301330460844e+00 1.458194330417343643e-01 4.057428218618619020e+00
1.078536912722267704e+00 -2.323488602841201622e-01 4.237393613194647912e+00
7.214975564077528158e-01 -4.574314873277586513e-02 4.171665251516786910e+00
8.418639281464102009e-01 -4.858763948494270180e-01 3.463031007647983994e+00
1.013832229421663289e+00 -2.645107954652471394e-01 3.496945652268759641e+00
1.398720725757230943e+00 -1.613412910319478311e-01 3.425509999364175329e+00
1.768513229274878640e+00 -8.160112967438357123e-02 3.586173871013968117e+00
1.066721737670501824e+00 -1.474296553419920386e-01 3.095968045293313597e+00
9.748056865309917551e-01 -8.825218976633017465e-02 3.280045817680663500e+00
3.372359436920224773e-01 1.513246295499418026e-01 3.267505906005645500e+00
1.158865499702992574e+00 -2.128701193856007423e-01 3.355009553182300319e+00
1.049294437457472418e+00 -2.719183937122149897e-01 3.275116053320080933e+00
7.701233759777105226e-01 -1.575800276128964394e-01 3.529717103394610422e+00
5.991718708561402096e-01 -4.916221887392312473e-01 3.610399971008689146e+00
4.145996453140217142e-01 -1.050068601855298212e-01 3.145435716435396767e+00
2.928120891391087222e-01 -3.626369259946460866e-01 3.313384809202163162e+00
1.518101167989613365e-01 -8.347361031533384601e-01 3.256091754331942312e+00
6.324511131548432585e-01 2.112126629063171002e-01 3.200868543056393012e+00
9.795165752447210217e-01 2.909832502372184937e-01 3.472256155363176333e+00
1.389633751477279189e+00 3.170862042767053635e-01 3.514038670213597282e+00
4.051012699722930654e-01 4.298190918779756231e-01 2.675059127764824130e+00
5.550781833882753036e-01 7.676751330525788397e-01 2.471796477797747471e+00
9.514371977167525030e-01 9.713402668169310861e-01 2.215370602931081567e+00
7.623496144727770485e-01 6.194134199402225871e-01 2.418785456789724453e+00
9.070566181370650627e-01 6.378942948177316330e-01 2.977285445128438734e+00
1.239828847731655470e+00 8.056410781943059707e-01 2.825969112806414163e+00
1.004519022103911974e+00 9.460999895998293274e-01 2.712624790363233451e+00
1.112231723321974286e+00 1.081567448275688514e+00 2.309387122882698762e+00
9.355792800647287910e-01 4.159010525731266505e-01 2.560000631471187393e+00
5.729033315137650462e-01 2.977924878135655984e-01 2.505509203933113493e+00
9.411311079326973861e-01 -1.569379683431990080e-01 3.020414901782645156e+00
9.477804083726869555e-01 1.237657925660902436e-01 3.788354921156254829e+00
4.145459985165789174e-01 -3.754090865925302500e-02 3.680832132416451685e+00
8.481689737062371170e-01 -4.569919980447548769e-01 4.574930860146372069e+00
1.007794177296736704e+00 2.035401959959776963e-01 4.809283329696410370e+00
1.147406080564826736e+00 2.014322528126470668e-01 5.055513363631680690e+00
8.677649225292510815e-01 -1.821962075209367649e-01 5.127484991976925421e+00
5.763909709999636144e-01 -1.669202454119160239e-01 4.531777519438731083e+00
2.310129568375546838e-01 -1.158920923278577014e-01 4.006781711218023290e+00
6.369151697789602329e-01 1.182965399070085855e-01 4.665837497668234413e+00
1.575298542896430787e+00 -8.659454854145329228e-02 4.252005005923507497e+00
1.378599026821235807e+00 -1.324253841160366318e-01 3.880195893836193122e+00
1.343409358291641320e+00 1.835178666755788585e-02 4.701801500009861634e+00
1.852222264249516526e+00 1.840829467739113490e-03 4.889397808973273030e+00
1.537245737849919580e+00 3.666257396452693440e-02 4.261686544885312955e+00
1.514237645695507117e+00 -1.795500591828716741e-01 3.903549478035935660e+00
1.370199437788289343e+00 -1.642073395431980221e-01 5.087091192393348393e+00
1.103476004679459610e+00 -5.143905026576314210e-01 4.539253317109891661e+00
1.170160924695843097e+00 -1.163999935799052005e-01 4.991005444038142613e+00
1.075024214727274163e+00 4.396757714458997546e-01 4.547540254317302910e+00
1.050873147138238872e+00 -2.088575744025460978e-01 4.312625359964597394e+00
1.271288213956056179e+00 5.154748163613996903e-01 5.019783528773479553e+00
1.510769290564535572e+00 5.686577687440957929e-01 4.674476224659610324e+00
8.105260578870335797e-01 7.181611496996773147e-02 4.489527016745404886e+00
1.407967024641298526e+00 4.160129771794020964e-02 4.436256788387575867e+00
1.589831613868409210e+00 1.464488842208049035e-01 4.779668129850827007e+00
1.723574551751077877e+00 7.400528207809390357e-01 4.547484988377648030e+00
1.512969935477905592e+00 3.948221540100349536e-01 5.294989586723852781e+00
1.075786981632200545e+00 1.326963257443150024e+00 5.150845376926744379e+00
1.190559321339658139e+00 8.275103054567712890e-01 4.774520147196423814e+00
1.167476779743844117e+00 5.522681804469966593e-01 4.371787846684536127e+00
1.469531596910668370e+00 3.836012034073662536e-01 4.066257480845592909e+00
1.005178604545575283e+00 1.455139785325020030e-01 4.179956920228208972e+00
9.454868736341653923e-02 6.546863578280530671e-01 4.289811780725755419e+00
3.058213810889098827e-01 -9.518178333224144860e-02 4.298729561402891974e+00
1.302096930977747702e+00 2.301040867691901970e-01 4.514507832079876160e+00
1.134913333834578042e+00 6.135125754829898748e-01 4.793705437888568177e+00
1.159304609973288658e+00 5.992406841230696335e-02 4.530743398793998011e+00
9.827963438814754094e-01 8.470233247080000138e-01 4.052840498390365198e+00
1.193132237037434651e+00 9.312556357805817919e-01 4.344516554785784912e+00
8.611338098410920017e-01 7.700461005533958403e-01 4.194864237448407529e+00
6.898115425642704635e-01 6.216914148248117167e-01 3.892132288459088763e+00
9.425989747905948457e-01 9.936655902755292535e-01 3.662291226521467102e+00
1.254839011826344608e+00 1.481199159616501282e+00 3.656357221973008720e+00
8.968371506440132590e-01 7.268814740651328155e-01 3.790478641044218389e+00
1.941523968807929101e+00 1.205982497528908237e-01 3.002514921524817915e+00
1.650024641985646356e+00 -2.780886715334527914e-01 3.223079315108492882e+00
1.173267406885730502e+00 1.275007361331813027e-01 3.383941396172354121e+00
1.147439796625443931e+00 6.933114531241393319e-01 3.377678140079435565e+00
1.563421171488684758e+00 5.858233610410980008e-01 3.264753706557219193e+00
1.624907979720918716e+00 6.345033101444957913e-01 2.553260014475049466e+00
1.542470137816720044e+00 4.724406620094637743e-01 2.326092201044787533e+00
1.585930892512739998e+00 -4.020027823367816611e-01 2.771192339761314738e+00
9.012908685020841748e-01 -8.399273639498715249e-02 2.101282697431898328e+00
9.393417837156247119e-01 -3.697187341944290218e-01 2.106286543421157731e+00
1.110764227682371041e+00 -1.400117220201840262e-01 2.190702669194447338e+00
6.206477436519373114e-01 -8.054983907828483503e-01 2.298590124381564070e+00
5.108130537700248386e-01 -2.396811002674454349e-01 2.330188180871263892e+00
6.640674154151812170e-01 -2.876614264045493918e-01 2.470980754520985201e+00
4.555746979270869912e-01 -2.929773637538400921e-01 1.662078938023437091e+00
3.749689002663335602e-01 -1.697057272592457644e-01 1.408525861142113422e+00
4.062227155673174273e-01 2.492116388881988054e-01 2.861923583895926271e+00
8.170241764551163799e-01 2.294715834948223704e-02 2.256650541068055293e+00
4.987681771726514834e-01 4.132749201089512270e-01 2.250854696881211314e+00
7.533922649140909478e-01 7.722966957872159366e-01 2.692580483727557983e+00
1.278427590202159347e+00 5.462522718438533875e-01 2.666969964235687218e+00
1.280686622073679226e+00 8.588048212760177602e-01 2.112676044408376974e+00
5.796603661156356502e-01 9.628495606487580405e-01 1.639978420931862857e+00
2.604769120296442364e-01 8.683953396499675126e-01 1.562419267212267426e+00
1.136450672424137887e+00 8.596988710246450394e-01 1.352814989776881749e+00
6.652517531979915688e-01 9.724790972176283743e-01 1.230867996052182223e+00
8.118678626488288197e-01 8.549422387963161452e-01 1.682911684357322413e+00
1.421452780611281330e+00 1.617250987948360974e+00 1.104174944195917885e+00
1.653000954169556946e+00 1.753754156650839890e+00 1.376103674644383101e+00
1.704249160796353246e+00 9.406276413585323848e-01 1.637480779902845240e+00
2.325504067968168886e+00 1.248295725822893720e+00 1.363816583292136286e+00
1.973888516803236515e+00 1.039339192164218550e+00 1.921332386857475427e+00
1.767097245124012117e+00 8.570723103843758128e-01 2.309029544726354466e+00
1.054382620405449167e+00 5.518356529418094736e-01 2.771595046174282650e+00
1.521547120845006429e+00 7.161481452622878718e-01 3.053189156566393336e+00
1.629001031891023299e+00 9.335024728099262648e-01 3.704412530274390214e+00
8.159163997420704195e-01 1.184861768659660752e-01 3.234006764974872716e+00
1.082605867801904376e+00 1.057114672358213381e-01 3.193449422674935256e+00
1.409401858415685549e+00 8.772098233899405795e-02 3.270813170041290352e+00
5.809500453411701182e-01 -4.770437716975386988e-01 2.734204816805423377e+00
1.102820597530519864e+00 5.096719208591189432e-01 2.210996821302923632e+00
1.439728793537580875e+00 3.088170071107194659e-01 2.163776779983596743e+00
9.912116825804435649e-01 3.429618085888606061e-01 1.729611436983603312e+00
9.049903623310627809e-01 -3.006520478596352852e-01 1.497190516026493778e+00
5.460983149429223804e-01 7.219308950634230060e-01 1.675504869865596547e+00
6.917130059599938541e-01 1.108514246153013749e+00 1.490446655068688342e+00
1.187402521175405345e+00 6.384716168854086549e-01 2.113561776849533391e+00
1.018049715575081393e+00 5.550449565760497972e-01 2.586270703221297484e+00
8.265263429241634929e-01 7.281220500411651475e-01 2.823733851396641459e+00
9.388907083531117248e-02 3.247785009808529799e-01 2.360034219366909714e+00
1.354083540517969086e-01 -3.554478052564010171e-01 2.011890863426287535e+00
4.019571536553578350e-01 -1.400600930885359807e-01 2.013071582618664923e+00
2.889352846600898306e-01 -1.188945538579412875e-01 1.842396879659006004e+00
6.367907300519599634e-01 -2.388739084767170784e-01 1.652834017947048650e+00
3.970610762774355873e-01 -1.851830274074643401e-01 2.143475725326441150e+00
5.274869542001656697e-01 -2.231834502867849623e-01 2.050493884018495194e+00
6.528509753558768836e-01 3.627173779077333404e-01 2.071036979997881833e+00
1.123802517138285939e+00 6.921385602215573973e-01 2.764155426358492651e+00
5.947934247100274963e-01 3.867508006567658696e-01 3.299478365315571704e+00
1.431401254665149780e+00 2.160318163199200225e-01 3.530330760338654006e+00
1.415061841037519308e+00 -3.710668332681658216e-02 3.545318706620351978e+00
1.530421655659093272e+00 4.828636916111928024e-01 3.616459197519423352e+00
1.197277368342426040e+00 -3.792438231733293030e-02 3.724416145719548599e+00
1.790616782862835654e+00 1.997887628920107517e-01 3.420386025830874033e+00
1.348294206806558204e+00 5.223991365974393064e-01 3.333502327392600328e+00
1.043531975780446430e+00 -2.437538006082234920e-02 3.659556190355430338e+00
1.305864514080650629e+00 -2.448891152043529695e-01 3.815219422542718952e+00
7.439641161688879123e-01 -1.135023059162451886e-01 3.781019398355533134e+00
7.132475061292683494e-01 4.781361579916093563e-01 3.926376527851551668e+00
7.391003050239779437e-01 3.108116793950616019e-01 4.379711694815942025e+00
1.565651797913448329e+00 7.195472731039294079e-01 4.359962452403182809e+00
1.674439928636858532e+00 4.380571914918886534e-01 4.314879528472874703e+00
1.587487055392998947e+00 1.992910478548546860e-01 3.705635740833192138e+00
1.480477502460692429e+00 -2.512719464286055499e-02 4.248649671719779697e+00
2.176029804202010975e+00 -9.828123260598300992e-02 3.945451307470221103e+00
1.569314540211414366e+00 1.529373026262781377e-01 3.693189180537099325e+00
1.672240081802552014e+00 8.599136764847885306e-02 3.907105922823333355e+00
1.489087403758237116e+00 -3.568821870873620794e-01 2.981739334356613647e+00
1.738995634797968703e+00 -2.052563859539921487e-02 2.723755689160016313e+00
1.789834154596452231e+00 -4.972760772268683405e-01 2.902391880699753735e+00
1.564438777191484720e+00 -7.874705246874000308e-02 2.689513613591791863e+00
1.469054858814283993e+00 6.759436789307259330e-01 2.845632220490443398e+00
1.125145449962270838e+00 2.489031442084982393e-02 2.513019724272623545e+00
1.435068855174627345e+00 8.345900245176642862e-01 3.102089812131346935e+00
1.814955235265642619e+00 5.725930290321872285e-01 2.472699912418735213e+00
5.860244815825709219e-01 8.617097359914027699e-01 2.423426586037690900e+00
6.004824890583094765e-01 -1.213862444352653558e-02 2.493685379236615152e+00
1.131717087542977396e+00 -1.280077448629973191e-01 3.101179644938326874e+00
1.122974764688757343e+00 -8.936809951476978875e-02 3.192264391024302039e+00
1.791630230573887594e+00 1.870028103084610815e-01 2.196108838924083706e+00
2.571662531198213753e+00 -9.312780347380596180e-02 2.433372493252982327e+00
2.163375484919396019e+00 1.907065985644102180e-01 2.415717869720858335e+00
1.922653162398087590e+00 2.266816307015884213e-01 2.610370115940332525e+00
2.225022350230344337e+00 8.117211514546015527e-01 2.792869081929408193e+00
2.278572550781218897e+00 9.024654821372274371e-01 2.915057722281005237e+00
1.978200974104591614e+00 5.461782161462860330e-01 2.115665931495100516e+00
1.766673280229499987e+00 8.783558066560852584e-01 1.876310479987623125e+00
1.371359937376536831e+00 1.032078886891321101e+00 2.282867058510344993e+00
1.504151971711656044e+00 8.196552504468115341e-01 2.397227822819369969e+00
1.260154367483353299e+00 1.250911670048493685e+00 2.916931071129625686e+00
1.482948354937037694e+00 1.773894796804638574e+00 2.308917431617944160e+00
1.846386115407280926e+00 9.158529471286147583e-01 1.350589239886432980e+00
1.922859554519816605e+00 1.380699242687391859e+00 1.634662038644951076e+00
1.834770351138857780e+00 9.740017046893834074e-01 1.956462178169987798e+00
1.296648856249086768e+00 5.923686054593260142e-01 1.647111259702837449e+00
1.240234942739159907e+00 7.139368308540166019e-01 1.280239270623609871e+00
1.925480797190786797e+00 5.982846777781545278e-01 1.640271359317018840e+00
1.470765374606640474e+00 1.540602546753910396e+00 1.575001431901178472e+00
1.291860727200227599e+00 1.340187512654496871e+00 1.694720881391202028e+00
1.399132881837625186e+00 9.626864383751471133e-01 1.530310815146251446e+00
7.737014189268757169e-01 5.886762177363221715e-01 1.418626575186320293e+00
1.029449911067823242e+00 7.277255570408986962e-01 1.410753073161993054e+00
1.561816620019780721e+00 5.447694158931475350e-01 1.304342194018648149e+00
1.802392247940043823e+00 8.330256288138384591e-01 2.292186209859932156e+00
1.503688274279250114e+00 1.174862796850033808e+00 2.232022184926060859e+00
1.911988411595838766e+00 1.300838416919706475e+00 1.981870829841199333e+00
1.911551816784416102e+00 1.098780234601748562e+00 2.130383815361659661e+00
1.535298375078474553e+00 1.357665476258512305e+00 2.275268574586974957e+00
2.009913709224273592e+00 1.257854609693252801e+00 2.502496425785207812e+00
1.440323359167531736e+00 1.275915532664566809e+00 2.441707300615331366e+00
1.491469707860216598e+00 2.079331778907602402e-01 1.930706049487914688e+00
4.746920451419938680e-01 -2.121779623150196747e-01 1.937295503004136110e+00
3.686311423243611163e-01 2.343187344422026919e-01 1.901101783057278061e+00
3.851556926633549205e-01 -8.506074676296603299e-01 1.886534921607585069e+00
6.109882205963848012e-01 -8.294268670661911758e-01 2.380883050648257893e+00
4.729527316942377380e-01 -8.900166847622091870e-01 2.133662023116870810e+00
5.888202929038532929e-01 -4.882796873211163735e-01 2.017666681826421282e+00
1.022267774629172177e+00 -3.923967486339179356e-01 2.395917387182251890e+00
5.603489012323138452e-01 -2.309938013942189894e-01 2.996391022537681526e+00
5.603489012323138452e-01 -2.309938013942189894e-01 2.996391022537681526e+00
2.925690699228081226e-01 -1.052385095178187541e-01 2.920004334245053013e+00
6.850985815856982519e-01 3.009513781280395150e-01 2.931347650418040462e+00
4.373149344897981350e-01 4.152662466892169113e-01 2.192127901583923677e+00
4.027330886134856125e-01 5.180305303575187814e-01 2.136634995284130589e+00
9.771390921215776793e-01 5.287173477123801035e-01 1.842767683319136429e+00
7.566053905837313298e-01 9.737106286002299438e-01 1.610166885095339895e+00
7.146037677801446719e-01 6.192081067164046937e-01 1.229372689272481445e+00
4.482548981210195960e-01 7.895316684195002876e-01 1.270571724985506634e+00
8.178651671155161562e-01 9.514578882627533485e-01 1.719812619725062497e+00
9.047254195539645716e-01 8.079536497363227765e-01 1.603054471233314571e+00
1.043250373126725750e+00 9.481859565919376065e-01 1.644756115035317379e+00
9.265972384433075471e-01 9.247256231278007110e-01 2.324619722625768770e+00
9.213743267815167615e-01 6.447305591736089969e-01 1.859804467996546196e+00
9.848902642759107540e-01 7.091650503488944324e-01 2.204944789374978065e+00
1.574641577500826672e+00 2.438439726208557756e-01 2.633489238684304734e+00
9.623585931399530891e-01 6.265040949030670214e-01 1.771102013001254694e+00
8.437887348494309547e-01 2.748589301977219512e-01 2.098349338247261109e+00
1.430263000719030897e+00 1.087341885006564812e+00 2.580363041914183420e+00
9.662176327928002628e-01 6.703524419855553251e-01 2.761393282008143490e+00
1.154076423444268196e+00 6.318565455049277579e-01 3.155474226958035366e+00
9.797001791854064168e-01 4.394655338184926263e-01 3.581887786495278725e+00
1.052969059243676675e+00 6.917914559754811954e-01 3.531718128484429453e+00
7.475999491782766571e-01 2.340260476291486924e-01 3.447413882144666708e+00
6.303734382732526509e-01 -2.998726808388016973e-01 3.486460811805973670e+00
8.744103891731146438e-01 2.292960834200061804e-01 4.106719687851832390e+00
4.885714995573792740e-01 -2.291714027085865191e-01 3.845959425748414429e+00
8.598727395356341452e-01 -3.304017819346238838e-01 3.698836067769045055e+00
1.136790506902155329e+00 -5.677963781308379421e-01 3.857454411416004980e+00
5.909735475754387402e-01 -8.910961256068824499e-01 3.390377269449567965e+00
9.361711987556584624e-01 -5.565846169861631276e-01 3.312568427214520383e+00
8.782849746301757410e-01 -1.215203368446608201e-01 3.800318884515698326e+00
1.111546433965179492e+00 3.421815071130023811e-01 3.979424941874069255e+00
7.169639821578683847e-01 -5.077551304405415467e-01 4.259156289613303947e+00
3.739554751338419747e-01 -1.335953851269093828e-01 4.725959029384093846e+00
6.689148253613885764e-01 2.616946793812926358e-02 4.547612886295892665e+00
8.738635678776921489e-01 2.746470609674730307e-02 4.390732153618741584e+00
1.253012039512293896e+00 3.865067168550189169e-01 4.206429440468189007e+00
1.011351182544258043e+00 4.096353915811484780e-01 3.399923047700998513e+00
4.045137888418418592e-01 4.775680630952389705e-01 3.279785611372845189e+00
6.624636996343710171e-01 1.143787590233168866e-01 2.863558290168623177e+00
9.728761705060867682e-01 4.007998832188501559e-02 2.963075203315554518e+00
5.050229874171854316e-01 -2.276434797262955612e-01 3.364923749026357935e+00
1.171463749452168690e+00 1.865687503276265979e-01 3.269622457974496132e+00
8.672930762631143597e-01 2.403715888545567003e-01 2.915062204493599651e+00
8.217027024262281154e-01 1.516250600951684346e-01 2.550730241655795982e+00
4.403810060043543695e-01 -3.637333505461025629e-01 2.117900192841171148e+00
8.553776137362341103e-01 -4.702281691587320012e-01 2.441831831850693302e+00
4.637961390479195534e-01 -7.167985085311312510e-01 2.599963257015398987e+00
8.092046901148275406e-01 4.085004073831075000e-02 2.052107122353839408e+00
1.377904242484909947e+00 -3.414716683491144100e-01 2.249523876147477175e+00
9.790023556566076479e-01 9.187661624553759843e-02 2.559456982928400848e+00
6.504791915895384857e-01 -5.200476966543717827e-01 2.760977084741579102e+00
5.273258465889293367e-01 -5.792591711407285571e-01 2.589882437664731363e+00
6.468573977204544745e-01 -3.598569277288271584e-01 3.035963383599643794e+00
8.762975811003660409e-01 3.921988582279327673e-01 3.300949420856858829e+00
9.891899434771096455e-01 1.238168436500702185e+00 3.289803420949060531e+00
1.422735414598498060e+00 2.929287713432305873e-01 3.934840171772472583e+00
1.256223897845211157e+00 5.425767626236462915e-01 3.336506890570400508e+00
6.193575809072585647e-01 4.485966813490018801e-01 3.304513819655299223e+00
5.808229794250313605e-01 1.794578104017848230e-01 3.027956056012800268e+00
4.913732384180287127e-01 3.522103814212269590e-01 2.904763933716881574e+00
3.300859840410805268e-01 8.289566730072969181e-01 3.230671319942481468e+00
4.120806199107240886e-01 2.126374223197258218e-01 3.330856137280094220e+00
4.045203193542210585e-01 6.748464478351591245e-01 2.894959000892290746e+00
1.306342062519221470e+00 6.560195439414006069e-01 2.769656643281301456e+00
1.224146483782279304e+00 5.376817450430251277e-01 2.787954865515497982e+00
4.352700569897582916e-01 4.624675151002324847e-01 2.710446994060972337e+00
1.269323339407256501e+00 3.501892764830754623e-01 2.275101480613177962e+00
1.744301765125745585e-01 3.451261074511948190e-01 2.617932944679516094e+00
7.007698869356091542e-01 2.012878509632625434e-01 3.544351545739192755e+00
7.384327087984096094e-01 3.238152056264888001e-01 4.006135020833198723e+00
1.454906836948766102e+00 8.225170291884096319e-01 3.935814925420328514e+00
1.167694903294972386e+00 8.463570781474393234e-01 4.365616292310555480e+00
1.012524530386303301e+00 1.599879572058545418e-01 4.233494942894764357e+00
9.778804502534620413e-01 -6.034265132488381145e-01 4.197560709315208527e+00
