7.423822532678165942e-01 -3.492939134871775875e-01 4.439836610263651728e+00
7.012765863203069827e-01 -3.422124013131929154e-01 4.228171003008639239e+00
6.610373996894512993e-01 -2.679122546019019890e-01 3.969165668978296146e+00
6.974513712477126148e-01 -5.161691053262082440e-02 3.467133746881882583e+00
2.941853603873363365e-01 1.145126314216708963e-01 3.639340939593960211e+00
6.676481049613138818e-01 2.759408092819789493e-01 3.777878210226927713e+00
8.474497461043531965e-01 -8.252109571389186493e-02 3.494717684905911170e+00
6.738188304340986257e-01 -2.115914321814144072e-01 3.727679687287893895e+00
6.961155506312441954e-01 -4.216176604484690449e-01 3.953790699274704501e+00
7.914382447236650853e-01 -4.431141348493042309e-02 4.353926314426009192e+00
1.475918188683193577e+00 3.585323342741162933e-01 4.483673506042770818e+00
1.218699750405017657e+00 -4.322273312336138984e-01 4.107668427097078911e+00
1.722749688950568014e+00 -9.644254743453049006e-01 3.500689132233729239e+00
1.979471345996565379e+00 1.674581353512024640e-01 3.170752851789436999e+00
2.256426792047471874e+00 -2.583165981735537908e-01 2.936270492639151186e+00
2.447903917635437576e+00 3.944670073949212430e-01 3.130872507229580659e+00
1.591702357871086937e+00 5.497761138904853212e-02 3.166121000946387376e+00
1.093122237591229950e+00 7.941911963422663978e-02 2.601226174902442789e+00
1.005515976479010698e+00 5.036614593784263239e-01 2.702977500632174568e+00
1.610642526600560398e+00 3.259780531882306431e-01 3.076556383425529173e+00
1.288559056738648012e+00 -4.820668992111568768e-02 3.268797191503126864e+00
1.158572563148847046e+00 -2.911449054787511592e-01 3.000775627904144205e+00
1.784763504761571529e+00 -4.095520241855135635e-02 3.245738695566990017e+00
1.611328235707614853e+00 -1.956384645401474109e-01 2.725633410642664956e+00
1.166705262080209193e+00 -2.226012455579617633e-01 2.336907803489909341e+00
1.192182071993279413e+00 -1.284991407534845365e-01 2.254066206234005776e+00
1.545522946265027064e+00 -6.417722836991515689e-02 2.632830680936986134e+00
1.510455664870722359e+00 1.930716684492360946e-01 2.703375988056636814e+00
1.221421723253925506e+00 -2.114059460759194486e-01 2.416930847184220355e+00
9.513412951605196843e-01 8.340472441612625798e-02 2.621585472358618940e+00
1.128664300998972081e+00 -1.474025699895286159e-02 2.598435803496614405e+00
1.162133026502263133e+00 8.239775491840732879e-01 2.856654552024429083e+00
4.653544685405834325e-01 9.466821033972546706e-01 2.727582966193288438e+00
3.793815376249993210e-01 2.927095741664605955e-01 2.301842754786340262e+00
2.427341578635660579e-01 4.048336745068141229e-01 2.532449637241869222e+00
3.478192408478478215e-01 4.611421012158862798e-01 2.972532654575992694e+00
1.332290957233131179e+00 -8.397751927060122246e-02 3.173095254948966826e+00
1.442629388624022235e+00 1.317113434348931578e-01 3.400961074915882509e+00
1.619812377939455317e+00 -3.632954782101288083e-01 3.171422059237900104e+00
2.032498419582812410e+00 6.963231773994071894e-02 2.751008616932379081e+00
2.318178568435702580e+00 7.164868330776900940e-02 3.101094781744018647e+00
2.735731691894511375e+00 1.368388222655706699e+00 3.164891478758825816e+00
3.027953680008402149e+00 1.315435109703260164e+00 3.398462040897773928e+00
2.723700657311123319e+00 5.257944670887597649e-01 3.255035493428960258e+00
2.210114453644438370e+00 3.341164412028261310e-01 3.334447950061573795e+00
1.417674204000781701e+00 -6.920950735228885431e-02 3.797314612230982878e+00
6.858108984025483856e-01 4.617432196956037238e-01 4.067089673913606873e+00
6.657286290236786863e-01 5.683917182256644773e-01 4.658885472469116884e+00
6.116672841652011083e-01 6.806236574016724106e-01 4.798734486727839865e+00
7.339313092268304750e-01 -8.041506583560870114e-02 4.750649522942818059e+00
8.185768126692488655e-01 9.457426494901810532e-02 3.688680337013771293e+00
4.965053188031829379e-01 -7.129794147359034273e-01 3.819751445960298586e+00
7.563979945749724765e-01 -1.346563228268645995e-01 4.281938990970270531e+00
1.602556302130057064e-01 -3.137504533637190396e-01 3.989788813018946279e+00
6.068856106950449858e-01 -8.984998238226157841e-02 3.601939860291840212e+00
7.892117464047964104e-01 3.785566606161677727e-01 3.187116026454307693e+00
6.688234247049625880e-01 3.927773884764316215e-01 3.514400912043687875e+00
4.879829887076023165e-01 5.720519961021962585e-01 3.616664650386058444e+00
9.938579330851562421e-01 7.121333828287177425e-01 3.512312744172774615e+00
1.533889780839658989e+00 3.592691723154956551e-01 3.181030494136260156e+00
1.498113259189528534e+00 9.521610753975477959e-01 2.942136576863714659e+00
1.013270073321286047e+00 6.703802926558848352e-01 2.665585906939266003e+00
8.014722292622583621e-01 9.706839345498282645e-01 2.792134051931420835e+00
7.402133485649482481e-01 6.004675532550366457e-01 2.705033887254779223e+00
9.938369825736375063e-01 5.435497377012088460e-01 3.211262760628480706e+00
8.773497350379841908e-01 5.306683027646855733e-01 3.936370752707096354e+00
8.667734699354304739e-01 5.274161205349154891e-01 3.588962527328070085e+00
4.999776256280265563e-01 -3.430737991258739350e-02 3.415181804893752560e+00
7.074830690081265194e-01 1.227929733284915427e-02 3.405086894568917888e+00
6.801996253523427960e-01 -9.809281655093599062e-02 2.902667822564782174e+00
3.523052556929165413e-01 1.424124002605001160e-01 2.573577776341245738e+00
5.048014416413486583e-01 4.171097540193986764e-02 3.240729212622738054e+00
1.149268483490414106e+00 -3.812705246240072343e-01 2.604145052641303693e+00
6.144039598683606052e-01 -6.509147822664789196e-01 2.287458146096141842e+00
5.059695526456122749e-01 -1.516037720137622946e-01 2.034204740187000038e+00
5.872470981833819437e-01 5.579360637923405641e-02 2.120017708554813307e+00
7.981475001283339088e-01 -3.947351584074709763e-02 2.274966597853896211e+00
1.097380460448448058e+00 -8.442187609472872056e-01 2.482377582081499057e+00
1.618473344753953436e+00 2.632599268832286343e-02 2.950614987818111157e+00
2.073474832293519921e+00 -3.604408990808066204e-01 3.312563372495997083e+00
2.030959871485741530e+00 -2.291378226446546540e-01 3.334742229219007648e+00
1.646406100263504646e+00 9.950355269897435961e-02 3.572890841395573780e+00
1.239780432340151339e+00 3.660374274229622471e-01 3.527744028156693634e+00
5.562324651748987714e-01 3.639287380973890151e-01 2.725403478806583735e+00
3.557960003805061833e-01 2.655771431174737685e-01 2.848247118326951099e+00
2.319017791674725382e-01 -2.184290206107890320e-02 2.742782690896048869e+00
6.310150056540022590e-01 -2.692077661925763032e-01 2.481957488464587858e+00
7.678038061565172212e-01 -4.020538648752229605e-02 2.396515246702950908e+00
5.265592350936528776e-01 5.688561293397413621e-02 1.915285259133525875e+00
8.661062423455586634e-01 4.963046638250280251e-01 1.843580642488438670e+00
5.898501301654487383e-01 7.500387955948325525e-01 1.783030767536996519e+00
4.896434759388240132e-01 7.030089461091949543e-01 1.713613154291412810e+00
5.176583863945728448e-01 1.151730532666972673e+00 2.140892407764425354e+00
7.128693757073328863e-01 5.902491137264823662e-01 1.420713004828084935e+00
1.207399432384585747e-01 1.347427696875408420e-02 1.261620296213882275e+00
5.735693559161143540e-01 -3.540398496386016891e-01 1.574854135680758382e+00
4.537912837581951631e-01 1.008542370696374618e-01 1.448404766949458189e+00
6.297210616850549281e-01 8.882143618024935794e-01 1.913868543467620142e+00
4.663417449427803563e-01 7.466063501437649741e-01 2.329329539726194831e+00
1.022585023645439462e+00 1.521371157151404585e+00 2.094562062773361433e+00
1.599424648907075586e+00 1.367253901226837431e+00 2.387227552495900795e+00
2.150181190392820518e+00 1.578119874224756414e+00 2.316038902152491197e+00
1.857116821596213496e+00 8.925264635836429594e-01 3.228244740640629384e+00
2.290338730034970460e+00 1.072945509259500607e+00 3.111015124502085172e+00
2.485453007540748604e+00 1.180004871358651064e+00 3.039373781255777729e+00
2.885440995700919498e+00 1.481347750289480958e+00 3.635632424173170563e+00
2.783500864004904596e+00 1.145145132181570879e+00 3.372557674031764208e+00
2.646524726128844485e+00 1.064154567282424191e+00 4.028569123660358464e+00
2.609042865075973605e+00 1.533710716928890383e+00 3.541518223809577925e+00
2.065510488179169712e+00 1.586167746155573210e+00 3.301900190302178295e+00
1.698632565316895660e+00 1.022569934088808141e+00 2.489781772375397217e+00
1.571710511706754243e+00 5.890677882186274861e-01 3.329938419743135203e+00
1.413552672870909577e+00 9.073074261603539803e-01 3.188917500680386041e+00
1.736193436266498802e+00 8.089575000760448331e-01 2.666522711973816406e+00
1.440280757138815426e+00 9.597096595276637387e-01 2.626423812631151655e+00
1.458650749710255878e+00 1.019852150445791139e+00 2.478404830384684399e+00
1.039806487463501794e+00 7.749715444737437231e-01 1.997298865343236418e+00
1.000943752292825284e+00 4.676334842101922962e-01 2.436004233360728133e+00
8.500098058724725458e-01 1.871597854486797274e-01 2.652776576223683680e+00
7.514740223607284664e-01 6.503982654312641110e-01 2.437501989954041548e+00
9.507814368786866588e-01 1.011725507243587785e+00 2.081186663465127040e+00
1.080274114139522901e+00 6.543994317572336961e-01 1.957595271477320820e+00
1.361271528396422514e+00 1.148382390545332088e+00 2.236744190390940190e+00
1.344300840268185082e+00 1.255686545232019169e+00 2.407826583073788385e+00
1.154408197788816537e+00 1.462253575697031183e+00 2.526215526593213134e+00
1.103774816409288428e+00 1.133128403857343702e+00 2.610578021864669473e+00
1.619788495731875999e+00 1.272278469724280603e+00 2.884464044174704256e+00
1.364758007393893413e+00 1.436148158342701597e+00 2.816217789382117420e+00
8.425764799001388416e-01 7.595048281612848395e-01 1.961814143627400808e+00
1.512502118486574787e+00 7.581572786208616854e-01 1.839702625491633325e+00
1.434493754800485021e+00 6.486506588819325181e-01 1.271577294502859612e+00
5.509141866845722602e-01 7.702581301267743541e-01 1.373832193693362402e+00
7.523105670858353244e-01 4.041592205670587190e-01 1.181947696311852702e+00
7.568541470089960033e-01 6.181505827978246437e-01 1.785624651498353366e+00
8.531108678351815300e-01 2.676665467556802458e-01 2.369596502664215620e+00
1.028882721645600906e+00 -1.051262598122470332e-01 2.759999390899693594e+00
6.733101588953831484e-01 -4.315876979071567865e-01 3.113242761821439331e+00
5.360126654914511013e-01 1.585044136983887464e-02 2.348743519290209303e+00
6.405994765614911879e-01 -9.668691735675283283e-02 2.227098670462604346e+00
3.056754194177996320e-01 -3.875753693540476275e-01 1.641724653587184335e+00
4.328692650121719887e-01 -4.220209215591775864e-01 1.043006070935998730e+00
2.317356675840312463e-01 9.192001751150330469e-02 1.509730021428159930e+00
6.464970347256759897e-02 -8.769320192057362962e-02 1.544515044797738712e+00
8.257877886094926456e-01 -1.204283812820313576e-01 2.538296032325730867e+00
1.060194381205773917e+00 4.116757046005830034e-01 2.509861810923379011e+00
1.403210853801211133e+00 5.141216232465670721e-01 2.920551986027126734e+00
6.156712764878914390e-01 2.361854568436279611e-01 2.881431144934222033e+00
6.128546030926765864e-01 1.766319379699981540e-01 2.588310385988185303e+00
1.591562486596178050e-01 1.687613894119383839e-01 2.771733727253172574e+00
8.243834723420724320e-01 -4.079313148945677980e-01 3.097311595748934554e+00
1.287397078394110661e+00 3.762923233492870834e-01 2.446955916456655888e+00
3.217192964927814147e-01 3.323764140684252189e-01 2.397610373193141964e+00
6.708784572680408509e-01 1.595962433232491207e-01 2.058646380283159605e+00
1.537383727082756835e+00 5.468043694331283788e-01 1.506454795817110170e+00
6.169415123589239158e-01 1.120669064143406057e+00 2.068441002969901188e+00
6.527960326615387388e-01 6.187109879313454908e-01 1.957876721625545047e+00
2.020915347138045326e-01 4.996597650468340146e-01 2.183426012423325346e+00
3.681714484918302555e-01 7.702428729810908981e-02 2.931572414925283976e+00
2.684924048124254781e-01 3.117023454022023188e-01 2.374824774988454124e+00
2.975928705208212288e-01 3.725062324766197364e-01 2.558938577872479136e+00
4.081542361541292685e-01 7.557428818967108775e-02 2.706233000526961696e+00
1.423689057060652796e-01 6.874939059450260737e-02 2.248067069537880602e+00
7.381127675056469162e-01 -1.804513147228324621e-01 2.145147952144390135e+00
9.930703839465381266e-01 -2.760041814722066777e-01 2.443696943961311874e+00
1.175895258599179760e+00 -5.190621050584879326e-01 3.023474938489719932e+00
1.000709633557617328e+00 -1.687628370655107901e-01 2.773462525444564619e+00
1.968905014232077422e-01 2.676697333085185648e-01 3.106725622398527342e+00
7.204325940089953417e-02 1.698764149688239411e-01 3.576723373651415905e+00
4.868678802595338695e-01 1.744905724885078002e-01 3.883237540624333572e+00
1.231749997031473365e+00 2.649287250638430319e-03 4.314188957854788953e+00
1.470620448037862182e+00 7.535113640319606176e-01 4.073831156212271765e+00
5.446131393463811143e-01 6.466596510096931372e-01 3.877374919517482255e+00
5.885310158311223283e-01 3.573769001657567390e-01 4.433117850579025188e+00
6.821302492314890165e-01 4.255684818958754834e-02 4.827508012171425555e+00
1.158960910619114326e+00 4.667301409654237565e-01 4.411209213112003091e+00
8.676811387795581032e-01 8.277002635357151306e-01 4.864925872534547224e+00
1.177429941149666925e+00 2.277276500472080467e-01 4.226647195794020817e+00
1.226053003666313534e+00 2.034806350160958677e-01 4.063063294616609866e+00
8.300869401797053015e-01 9.577942646860612697e-02 3.831683602122855525e+00
3.969719186751864415e-01 3.703374360832530077e-02 4.172584495670127680e+00
5.950139125767899273e-01 4.947093540898062775e-02 3.474945888506514091e+00
8.339166598783727125e-01 -1.475388159047122671e-01 2.971314238862959201e+00
1.141613110783080254e+00 -1.699982870773978361e-01 2.250053793890103737e+00
1.285749419519475190e+00 2.028931628681437116e-01 3.045777829353203625e+00
1.081787643324763293e+00 2.527849083030466182e-01 2.950526435954551996e+00
4.442125330641564784e-01 4.181485277297677938e-01 2.714766953591466692e+00
1.448320033406340857e+00 1.492290691264904212e-01 2.697965317827421661e+00
1.188848336796331395e+00 9.381771072958927649e-01 2.098791617334990089e+00
8.201176992379988206e-01 1.152131253352331353e+00 1.801928888164794129e+00
1.175523819684428872e+00 9.842266193554143339e-01 1.698399466440838612e+00
2.573621931340074886e-01 8.803937244565531728e-01 1.942363075210064682e+00
6.458960492675928089e-01 9.181078031229472636e-01 1.697078459140623607e+00
7.850575081348367679e-01 5.986275313610984750e-01 1.973560022955568760e+00
7.766141029346225189e-01 1.641164816214676359e-01 1.985859839350318401e+00
6.965294839618847433e-01 7.502633439490652423e-01 1.696874499680440795e+00
9.329789764444490485e-01 6.676905353951165800e-01 1.935883638248636629e+00
6.309486833375038684e-01 5.545900744471995436e-01 2.133528347177861662e+00
5.427220652500500675e-01 4.885171262985310570e-01 1.279902191568256464e+00
4.374049721579963967e-01 3.854009854071693275e-01 1.928480938697818559e+00
7.381807522682835021e-01 3.168657701737582211e-01 1.568005908314270780e+00
6.658125797810502400e-01 6.948533686216800120e-01 1.979854226511409188e+00
1.239653217615864778e+00 -7.721099888250002041e-02 2.152630825548292215e+00
9.321586407838381438e-01 -2.600832971001562077e-01 1.973544761029421446e+00
8.436841703668495063e-01 5.557734576879541644e-02 2.681546085334811647e+00
1.284318124265148686e+00 -1.538317429339576270e-01 2.101091395930879901e+00
1.317361921069993613e+00 3.776513200326121478e-01 2.964548830124481338e+00
7.834454381565152392e-01 2.068970479080664004e-01 2.967724972180811882e+00
1.147379794324171698e+00 -1.674387285569042816e-01 2.899271393884113035e+00
1.541191637903744915e+00 1.902496036230897358e-01 2.980103012355496794e+00
1.333719284992185061e+00 1.100199551544891463e+00 3.153016885410528491e+00
1.374901949046646310e+00 7.008157387214313250e-01 3.324877385280036179e+00
7.805754689179484895e-01 9.983928572263591761e-01 3.416158290318155988e+00
8.139450300084107859e-01 1.758632957779520667e-01 3.271241118932382896e+00
7.267230444310300852e-01 7.106408332222782231e-01 2.962230169257053181e+00
1.160640609543579060e+00 1.118096203478295747e+00 3.122127922328362448e+00
2.089559527604168743e+00 1.109477122338729638e+00 2.636437647727721156e+00
2.148646377065469348e+00 1.470339280603611964e+00 2.547422025213424757e+00
2.072749819597845988e+00 5.695510622496655628e-01 2.884696267063087571e+00
2.325798039812036588e+00 6.583603444462643450e-01 2.408424009648374664e+00
2.317610120952655617e+00 7.218466272162720188e-01 2.185549535053164849e+00
2.529545040874236150e+00 4.712580486337822339e-02 1.957201173447172371e+00
2.454779619943621594e+00 8.483732745487335691e-01 2.193732031505045033e+00
2.327197345118699801e+00 1.050381259376073295e+00 2.479002286057427451e+00
1.859899667387514111e+00 1.512423425977911018e+00 1.978027401807539221e+00
1.715784986687383773e+00 1.292990207150678250e-01 2.546136684679160656e+00
1.973328254359641543e+00 8.861140853172877474e-02 2.448003059937846615e+00
2.299356947760828884e+00 4.222420477776049341e-01 2.785233089908124793e+00
1.826824657663686846e+00 2.148474433872144540e-01 2.750425055323197476e+00
1.538623072024442928e+00 6.683718248996444178e-01 3.319184729415449731e+00
1.220246442391941466e+00 5.778200455961881588e-01 2.615487625012549611e+00
9.783197284866280707e-01 4.932086300067735074e-01 2.439605446150503010e+00
8.691794015407541263e-01 -1.680505165108496790e-01 1.935130272094603532e+00
4.458500387773083329e-01 -1.732659552881078424e-01 2.464635414992530915e+00
7.139564595196684627e-01 1.585133109486327463e-01 2.030307897632008363e+00
7.160441647873776461e-01 2.207106862571005940e-02 1.972189423754951543e+00
9.761800924319484762e-01 1.788829108786785249e-01 1.992494166981500170e+00
8.003665030290274540e-01 1.749021184668570761e-01 1.890456237201719736e+00
6.378937160926594352e-01 2.888037493456432903e-01 2.204907057056955555e+00
9.873295021485313239e-01 3.077959976526856156e-01 2.316955735158261032e+00
1.190706617097188724e+00 2.748700892259022810e-01 3.173605623430958644e+00
2.295007699051502925e+00 7.660778956594247457e-01 3.293766181061018372e+00
1.640116450271873472e+00 5.746191931299833300e-01 3.123505948880025862e+00
1.898164152578272645e+00 9.045153020648464270e-01 3.316620535354418919e+00
1.368384333192351088e+00 1.167431037739004029e+00 3.799026826028621961e+00
8.173345317163633883e-01 4.633329488868587198e-01 3.913151654427995840e+00
6.049571965057443101e-01 2.545500979608150693e-01 3.668141467923983878e+00
4.857532788872274687e-01 -2.850615136554219831e-01 3.804619228749948512e+00
7.303786675976239318e-01 3.587938080808998897e-01 3.597782877675882673e+00
1.138319141337029272e+00 4.827145236914731630e-01 2.986249425771762223e+00
3.611988395021308307e-01 9.653830774503019407e-01 3.034573000504386719e+00
4.364172636583252274e-01 3.824211798044525601e-01 2.762362457756991851e+00
8.031787629302623577e-01 3.142814922747545481e-01 2.504607240651322453e+00
6.230415111612137569e-01 3.920986946580745647e-01 2.579757699399847670e+00
1.054326459050075604e+00 2.399206533121839291e-02 2.378692816378264574e+00
9.071361983764085757e-01 2.778751897546337113e-01 2.322313220933867495e+00
1.201081129333065434e+00 2.168614340313470834e-01 1.868537549428018529e+00
5.182091318224933962e-01 2.497078080494657681e-01 2.787223812926507449e+00
8.169240835140065826e-01 3.156060116724153375e-03 3.294653775513494143e+00
8.838193117747786820e-01 -3.452226676810217776e-01 3.156523586675800352e+00
1.768177705471403183e-01 -4.383993916711695360e-01 2.238209694817209439e+00
5.969198440318959076e-01 -1.588322608334030717e-01 2.453923463631297430e+00
4.743821024379555329e-01 2.645647021160048018e-01 2.329189815284536280e+00
5.269944102354888749e-01 -3.486961904697449821e-01 1.997224553181377704e+00
1.841092030625303133e-01 -1.831734330181349346e-01 2.646859626015295230e+00
5.099381395815475448e-01 -1.935750845139868892e-01 2.466248506110406247e+00
1.904859000577213690e-01 -2.954380085183547777e-01 2.805112256030805273e+00
5.243322959462904942e-01 -3.348787073029767525e-01 2.091767827921184875e+00
3.055582298340315806e-01 3.916027423528073426e-01 2.000287384990008466e+00
1.001572166103881223e+00 3.148622456767254940e-01 2.308044092074734710e+00
1.002023205232274172e+00 4.485524714407950753e-01 2.273584262248987020e+00
6.625460599601817879e-01 9.302273519130156432e-01 1.830067338235591201e+00
7.248834391731828752e-02 3.822222722989810917e-01 1.758468028866789545e+00
6.995391512228641417e-01 1.563167999628189975e-01 2.169091655318474032e+00
6.488405208684846492e-01 2.227789905736834442e-01 2.341097939288643737e+00
4.604256135462784227e-01 2.843446268589946424e-01 2.247456462686193923e+00
1.800395884675919100e-01 3.411596320424559736e-01 2.252898256849784175e+00
9.155479740914178599e-01 1.112289055102423790e-01 2.814946609208458739e+00
8.943985919733772327e-01 -1.007235328926372186e-01 3.204516266216689058e+00
1.611983747898384500e+00 1.070138430334795387e+00 2.764581555855884165e+00
1.420629387560544687e+00 9.123431076566671516e-01 2.727956575661329985e+00
1.463675700764055954e+00 1.012034358801542355e+00 2.498518952673349336e+00
1.738828100293711376e+00 5.483493370241350195e-01 2.151502784066114948e+00
2.275978413094651653e+00 3.637309686272121034e-01 2.285249265451668066e+00
1.501403545848409626e+00 6.387217027822480464e-01 2.969302994195276213e+00
1.489882642709045024e+00 1.335553109811302708e+00 3.033483946547978594e+00
1.013710727847408899e+00 9.721108223898714540e-01 3.094180180567233318e+00
6.846788784116177862e-01 7.519282513305771687e-01 3.133128744341308280e+00
8.072190400343748351e-01 2.535896595485533367e-01 2.842078575895997883e+00
5.134149090901166668e-01 5.499199307290059124e-01 2.723121905541961318e+00
6.706056481392701496e-01 5.240271598910770656e-01 2.327458907647051767e+00
6.168738146177892290e-01 4.102045036768493524e-01 2.751238403035931146e+00
6.168738146177892290e-01 4.102045036768493524e-01 2.751238403035931146e+00
7.029631243487294290e-01 2.769782874395953498e-01 2.113978254145527647e+00
1.247658521491805228e+00 1.113562671513443070e-01 2.702391758889381546e+00
8.186599644107757090e-01 -6.730450695135126171e-01 2.798192208537570114e+00
4.426149110801743669e-01 -1.729658546730219737e-01 2.753263690755969328e+00
7.771223411836275519e-01 6.263930898625851285e-01 2.961125855364296289e+00
1.496917665197621261e+00 -1.931323811393731993e-01 3.167241736325413282e+00
2.040309467447017244e+00 7.405218402909252706e-01 2.442295280158861992e+00
1.214636229382149546e+00 6.878250304288576755e-01 2.418502472288469374e+00
1.403557462600932615e+00 6.128396089344683162e-01 2.192707874777830579e+00
1.042389075055953906e+00 7.187655427208525794e-01 2.581898942430632893e+00
1.729795244971924717e+00 6.621230981175412200e-01 2.580003866980245419e+00
1.448530632517304850e+00 4.675131630742878075e-01 3.017516953856617778e+00
1.085922661205075190e+00 3.937138766799037626e-01 2.658225947246164900e+00
9.513056494500167215e-01 6.939728219416720911e-01 2.184585065901216261e+00
1.193712530192389432e+00 7.614373603489247300e-01 2.545090334664827925e+00
4.671033264129953455e-01 5.912873147447851307e-01 2.722846761663147763e+00
9.976173964251656701e-01 5.248775431066625696e-01 2.712522862632936516e+00
9.379219212290652585e-01 5.100833930641783809e-01 3.061828859131951130e+00
-2.637523360247874260e-01 -2.813476492928032036e-01 3.656614722085069769e+00
6.027083081972606227e-01 -4.033820109021007405e-01 3.532565300744035852e+00
4.086724159949741142e-01 -4.632039850707336814e-02 3.448075189820528852e+00
5.996037540024560242e-01 5.460162796187486567e-01 2.644281486401366177e+00
1.455998779584902203e-01 7.614953012730119042e-02 2.499184618779831446e+00
9.772161596741147926e-01 3.117034401157579016e-01 2.851819956158172520e+00
9.890196201858714176e-01 6.302462394558424608e-01 2.891730795787698760e+00
6.853960696961717280e-01 5.147326923699384604e-01 2.320053112865247069e+00
1.391252232842791203e+00 5.595796717978864798e-01 2.905332973833261612e+00
7.700759387596726180e-01 -1.978075823251030652e-01 2.962192104185406016e+00
5.965710280406411048e-01 -2.570377191186012378e-01 3.625281425058706652e+00
7.432654193644853136e-01 1.718753185457300159e-01 3.505406448538813446e+00
5.227014124835680509e-01 -2.789247036145596770e-01 3.392687695526295677e+00
8.547913992073706835e-01 1.705198318711353966e-01 3.055977448137609187e+00
1.488223539293517028e+00 2.508258860051921779e-01 3.066654826946128676e+00
9.226545097344804880e-01 5.776566508186075505e-02 2.803669703691879622e+00
1.000349518399502591e+00 2.954018867278426774e-01 3.145662545134986665e+00
1.049302525668902364e+00 9.916999421399258496e-01 2.347337753658699455e+00
4.787304733968263948e-01 6.102507642917281983e-01 2.375894675635116027e+00
1.000549080593528650e+00 6.482685659480703633e-01 1.389848845761897156e+00
1.520588914517302381e+00 7.093017944620820803e-01 1.452980871654361072e+00
1.162137871762454200e+00 3.076295831879792830e-01 1.667702161329665866e+00
1.044180286801183577e+00 3.533000293433958272e-01 1.987245588277957831e+00
9.529004183278465545e-01 -7.323529322557946475e-02 1.719927998406234115e+00
1.587628355825102533e+00 3.199963133142782329e-02 1.484260076203018253e+00
1.306198206302245701e+00 2.060313952092735490e-01 1.732767440255706282e+00
1.265869085292711915e+00 -1.040778218730964988e-01 1.312580629838159485e+00
1.120388063431405401e+00 5.385906296670974619e-02 1.500208044201290170e+00
2.767475801530551172e-01 -1.499312087902006374e-01 2.166401547871423361e+00
5.689353514121223698e-01 1.181039784139627374e-01 2.198705706794838566e+00
4.238407296161814664e-01 6.937576893216521601e-01 2.657629551019860870e+00
9.521180458835386551e-01 -5.860114565339780146e-02 2.955433705789753063e+00
5.977128811710920031e-01 8.476046409231111634e-01 2.782433837385346553e+00
8.390589839350638401e-01 9.252050362027810504e-01 2.994997657601745189e+00
9.515276107588764853e-01 3.133701368437147861e-01 3.164030110057908463e+00
1.069932827671009390e+00 5.737970070711066045e-02 3.125552576492722334e+00
8.094031347401781096e-01 -4.480481598475678506e-01 3.082558717789704694e+00
2.989898039951737752e-01 -8.334755821660229103e-01 3.590328191717845119e+00
4.075705188993639094e-01 1.960717191663482462e-01 3.878654683190390084e+00
6.069886075729623576e-01 1.452049577921929457e-01 3.697572687425281224e+00
9.675149598620889080e-01 -1.219525339787801699e-01 2.805576728019507193e+00
7.491232991992761159e-01 -6.543127424033342576e-01 3.274238591187287550e+00
1.115116434097299880e+00 7.912868164842720708e-02 2.893790054961309366e+00
9.660288609342446708e-01 3.590189404591611622e-01 2.975619731442119331e+00
7.937143622223558070e-01 5.954769811454472400e-02 3.149383310922245549e+00
1.363818023810162927e+00 -2.734554408568646844e-01 3.219233997356361510e+00
2.080189416790604096e+00 -4.903176030442590316e-01 3.148236354815482141e+00
1.553944670318440302e+00 1.263058883229347396e-01 3.199082045294062482e+00
1.614016720434943375e+00 -2.050064090157400765e-01 2.964089509483944784e+00
1.124218897567913489e+00 3.796192066624957118e-01 2.847965058509208891e+00
1.093089105613811451e+00 1.224081771335087943e-02 2.961644705981920644e+00
9.932526675316409870e-01 5.365651824493478106e-01 3.207885403283571524e+00
7.752240170444310019e-01 2.450889065842369874e-01 3.142942431746975629e+00
9.204069577082361064e-01 4.374105074791693193e-01 2.435942953788484466e+00
1.103436600383586041e+00 3.076289272353515125e-01 2.182879198448533398e+00
1.136601870576576800e+00 3.725913272385730224e-01 2.164542731544373044e+00
5.461102917569758963e-01 4.832194176047401313e-01 2.289089867375584841e+00
1.612291519839635701e+00 -2.178774607015331322e-01 2.303623688868353891e+00
1.770707148720952251e+00 3.850238852718359528e-01 2.633765133613365617e+00
1.004572501618082425e+00 3.120595368520339141e-01 2.285423837193382823e+00
4.913338123769790400e-01 9.034481774564281364e-01 2.257756677088337938e+00
6.876309258595219021e-01 5.499347356658503827e-01 2.029122286028659072e+00
1.209189591194527624e+00 2.569362774999487398e-01 2.804700833075219002e+00
1.180899848082830328e+00 2.838401669000564231e-01 2.618755947718827581e+00
1.288538928330047906e+00 7.134639691145511220e-02 2.610451288400919445e+00
1.434972542692563469e+00 2.575054582850491713e-01 2.588275141195237605e+00
1.475798092047970522e+00 6.175818610068356529e-01 2.928033016144272693e+00
1.295042464743626942e+00 3.575352284404887948e-01 3.026371377238486371e+00
9.145543042477435325e-01 2.265417248685975271e-01 3.209175873375050170e+00
8.249449727046198610e-01 1.918502089305560987e-01 2.897470398628892330e+00
1.277898902415941285e+00 -1.087283157851802184e-01 2.930793326642256336e+00
7.623971139309861922e-01 -7.499755425340474124e-01 3.401502931523915585e+00
4.660085038834047566e-01 -5.632219010783683366e-01 2.764359449946899971e+00
2.848219174892072103e-01 -7.049053228696422480e-01 2.646046639390084110e+00
4.876099471997565327e-01 -4.560012913323784334e-01 2.171623107612490777e+00
8.047392007933688030e-01 -5.417791456359845048e-01 2.615812615946657704e+00
1.214653664371376118e+00 -2.418204491610372320e-01 2.332713080120075055e+00
6.845675200128236160e-01 -3.440156968578726437e-01 2.351645115116884899e+00
4.410256543264686746e-01 -2.202640737669631088e-01 2.037260841789883425e+00
6.809604536957777343e-01 -4.618620612513508195e-01 2.551353136560861046e+00
1.177474933833724480e+00 -5.625582522612557201e-02 2.607740599283798311e+00
9.335441484751808572e-01 2.772017835732857316e-01 3.009042676697888385e+00
9.222587278112105436e-01 5.822230005692127230e-01 2.278784957192342642e+00
7.999247252550358844e-01 1.166247920934444071e+00 2.371027492955509963e+00
1.304815522457336563e+00 6.244384909727740407e-01 2.340700994948544889e+00
1.134369337497851626e+00 7.962609687643430467e-01 2.299368615426020668e+00
1.067268523493074772e+00 1.718070521938353246e-01 1.795147752340054526e+00
6.850821192044769248e-01 3.442908318440323079e-01 1.778665041523528112e+00
9.678726453282503472e-01 1.713128807190021363e-01 2.380234082500146453e+00
1.131924332423793977e+00 2.697093627021147078e-01 2.222483769360417138e+00
8.631408768968671374e-01 -5.109644054189607654e-02 2.660353207519763341e+00
7.984304829759697464e-01 -1.171987727904515303e-01 2.197688576037023278e+00
4.728926613810777724e-01 -2.250345111175722779e-01 1.387565245319008600e+00
9.737704995819170817e-01 -1.043010572545361447e-01 1.270732500515231012e+00
9.820627192201342170e-01 3.997733331065449203e-03 1.656635536720697743e+00
1.416695528597613496e+00 2.742601423060486709e-01 1.618937149643680407e+00
1.269026770421136430e+00 -3.154495742536399944e-02 1.525134409241653222e+00
1.024073509407857241e+00 1.173970752063284023e-01 2.031412539000056139e+00
2.889148489538804210e-01 -5.245443355601400182e-01 2.500864664282304695e+00
3.560403081339728049e-01 -3.233098012366826535e-02 1.950589066566370100e+00
5.732445712460225717e-01 1.086420387554393879e-01 2.040234298799920687e+00
2.079745747104082831e-01 -5.322751728845012131e-01 3.136064207668567860e+00
2.514678188889547528e-01 3.784908294454518152e-01 2.488036440911329805e+00
9.911265627723205851e-01 -2.793868896943674240e-01 2.481898556302391867e+00
7.310477948588341990e-01 -3.473118633461752536e-03 2.193280841671386483e+00
3.783254208595452361e-01 8.891242110015845634e-02 2.339504823752365681e+00
1.112943779924413290e+00 -1.673915775230047087e-01 2.803631926168013155e+00
1.575671765801663682e+00 2.495238536032548526e-01 3.217581825312109789e+00
1.279643393631436199e+00 2.713179261033211720e-01 2.907947195749911451e+00
1.539435811841946888e+00 4.645196696189771157e-01 3.329321609679265936e+00
1.850853829158784603e+00 5.228914373202898647e-01 4.125175262393851128e+00
1.498387090189710058e+00 3.363751037413517109e-01 4.722175872921481776e+00
1.662544522463931695e+00 1.916753871247684482e-01 4.377594640054942587e+00
2.249882624117295560e+00 2.080155335392196436e-01 4.172323900047885559e+00
2.071586246277089760e+00 1.799144762556340871e-01 4.244890529492565179e+00
2.346005025899186247e+00 2.887498483232805446e-01 5.017299863766348622e+00
2.675306218417569326e+00 5.319026320666078167e-01 4.577863698636658540e+00
2.163366824468160310e+00 1.736770011000195180e-02 3.975249538555945872e+00
1.589696660573859610e+00 -3.557172516837904253e-01 4.376370666409915344e+00
1.373759598932205783e+00 -3.630832580670300125e-01 4.740919870761195476e+00
1.577120209369182513e+00 -5.846968423595919617e-01 5.159655112738636085e+00
1.539404151985389158e+00 -5.870630294612420030e-01 5.134823714637390957e+00
1.124934917140282264e+00 5.455388679337267455e-01 4.808588916041789396e+00
4.955281570533532909e-01 7.567580199073676850e-01 5.022443958839517997e+00
6.975003354700417546e-01 1.361138798144093942e-01 5.664336159819056249e+00
1.010404909997933975e+00 -7.379404940537945823e-01 5.255957620661316554e+00
1.345185737734133413e+00 1.130724062580640010e-01 5.082111689144774402e+00
1.735535288774749274e+00 -8.020815322662384894e-02 5.272371451785471841e+00
1.415555268644080877e+00 -7.019364274069256338e-01 5.610086545321808060e+00
6.932562321284854168e-01 -3.378408411755996488e-01 5.402826036984125224e+00
9.891830298216202078e-01 -3.396422209465295161e-01 5.700956200829055298e+00
9.143864666769191407e-01 6.443429377879092423e-02 4.870195328172392202e+00
1.454590918424564672e+00 -4.702825160599359844e-01 5.010376782051028322e+00
1.155164113098449574e+00 1.824407134769641392e-02 4.715497505070493034e+00
5.012846485537297836e-01 -5.309028260754283107e-02 5.158219021287210104e+00
4.292736407367840901e-01 1.305682834487205124e-01 5.296296242638218743e+00
8.298452642538405311e-01 -3.183577006043635804e-01 5.084545063797542674e+00
5.758395345631287521e-01 -1.738759953070324604e-01 4.615176473045665695e+00
4.486856420045406968e-01 1.931756727515654137e-01 4.089859896416781382e+00
5.687537776967630521e-01 2.540073379089363703e-01 4.093092664280613135e+00
5.967747459794630061e-01 5.473368751922713660e-01 3.875637104792735155e+00
1.414607428305144188e+00 1.796584931857814205e-01 3.985593002699112652e+00
1.405708555988442576e+00 7.728335104795697186e-01 4.080548505119966585e+00
2.100893371639373175e+00 4.737495288287201234e-01 3.575923579557645837e+00
1.961393206795667643e+00 3.681443229344381063e-01 3.477458212880148114e+00
1.626946381364742900e+00 4.568490019144037517e-01 3.353765987871389243e+00
1.903964224968516916e+00 8.090661407788944937e-01 3.274210718613136173e+00
1.306106941142083588e+00 1.352721010112150513e+00 3.243956321497673212e+00
1.596230083069851480e+00 1.059246100198568019e+00 3.443494257507476508e+00
1.765434921049538808e+00 3.621688420687053656e-01 3.246343923475177640e+00
1.019374054069747570e+00 -1.274366890778579064e-02 2.833532332693286637e+00
2.202455295608319041e-01 4.295104329770997875e-01 2.437645117972909503e+00
6.445165229608839086e-01 -1.139317241442516365e-01 2.882767030016247123e+00
7.810135146355692282e-01 1.303101377414127987e-02 2.764086826704991395e+00
4.357622494302233473e-01 7.906961862461323598e-01 2.605049418992173571e+00
5.896039711737746103e-01 8.339532600793169159e-01 2.895775261862822969e+00
7.329079002365922468e-01 4.012358838473215061e-01 2.455072814192507558e+00
4.446782200125404816e-01 5.207838960327555444e-01 2.795568721286988634e+00
9.465610749080479724e-01 1.551552275449117613e-01 2.989041587245669263e+00
1.247365431457145402e+00 3.288574749166270905e-01 3.076956102727336884e+00
1.531125069041360920e+00 9.402433331213158052e-01 2.878504659002469879e+00
7.052768553976264121e-01 -4.020938724864142610e-02 2.600696479913701342e+00
6.372814821217982484e-01 -4.673996389727937406e-01 2.824886792907973287e+00
6.870275778784648568e-02 -9.824163505425411724e-01 2.839892328259963517e+00
5.764322325192319241e-01 -5.040316802729484236e-01 1.900514468685264635e+00
2.740237432455118194e-01 -1.136459042217192045e-01 1.944714546095681174e+00
8.092298796663061067e-01 -1.720055837125387954e-02 1.984554618448611585e+00
8.082642015918876099e-01 -2.447257553934250596e-01 2.016969665260571976e+00
9.482127089438799894e-01 -3.685811072093476970e-02 1.817772624293783057e+00
1.267041565122432711e+00 9.137006997855739998e-02 1.674488661437110171e+00
1.180573153772775941e+00 5.528045820795310927e-01 1.556355203919222330e+00
9.383655714572128881e-01 4.827100439299097934e-01 1.614461593047900934e+00
9.181506686256600824e-01 1.570319808314641075e-01 2.034164870812927184e+00
6.583384430657028830e-01 -2.249837147310189134e-01 2.461694438010235242e+00
9.961058828393028197e-02 2.647178237807537027e-01 2.988647522264512357e+00
7.396152935803075312e-01 -4.346241766101122117e-02 2.990440693315342013e+00
1.140217014244498062e+00 3.660277174738759687e-01 3.045325282191478244e+00
8.652268405710596966e-01 3.532053259922028343e-01 2.907751420741440107e+00
4.023642700895738722e-01 4.579692357470956932e-01 3.158191260953030710e+00
1.195655129994893207e+00 1.754234271778305487e-01 2.514140338517391715e+00
9.625596147279675829e-01 5.975765664563668922e-03 2.418491122679524263e+00
9.287611316270704132e-01 1.544038391221520257e-01 2.442606217571555050e+00
1.630727382521999669e+00 4.343462087480184919e-01 2.520473733305350184e+00
1.712223285251890603e+00 4.286305988895355856e-01 2.904221195179617965e+00
1.463661628138256621e+00 4.207778551751666374e-01 2.898648576225933304e+00
1.592452765886400057e+00 2.077483717981959965e-01 2.696003555567551224e+00
1.209318925137381262e+00 8.271822130086647906e-01 2.678658842253470507e+00
1.002860656298496078e+00 1.046915835964048913e+00 1.817395803563055523e+00
1.223413467888487149e+00 5.636110263853262303e-01 2.679890685151780527e+00
1.086370167948339072e+00 4.670342127415459954e-01 2.637221116769247420e+00
8.102656915045005626e-01 -3.537023448103728263e-01 2.511988865224651590e+00
1.129329112201665097e+00 -3.108273125830753325e-01 2.456752321168913067e+00
9.518762588862039742e-01 -5.693665213665950742e-02 2.507781362038385531e+00
1.697021954528865617e+00 -4.932506734192374648e-02 2.817453689623680368e+00
2.173755839677305346e+00 3.287292004276920476e-01 2.645154799049924677e+00
2.273924535414753922e+00 9.084381606978824131e-01 2.595809384054390545e+00
1.815688574362023244e+00 7.196745891042218846e-01 2.201267377339161779e+00
1.582793476317988501e+00 4.338566465719888576e-01 2.351205827226575895e+00
1.161298793790022321e+00 -1.859388635482266683e-01 2.471566131380179776e+00
9.871722165427252449e-01 1.119169046545968327e-01 3.312728358455942601e+00
8.062211891172611500e-01 4.566734678880830789e-02 3.662702690781775239e+00
1.819895524825211330e-01 3.320529473077691307e-01 3.700318865166954296e+00
3.258324949657030734e-02 3.759210117524486305e-01 3.905038628783595200e+00
1.315860184821153744e+00 7.092930624823963193e-01 3.759147149655793996e+00
1.144451193090614938e+00 7.154374091296588078e-01 3.397243556705494605e+00
8.525915994241114459e-01 8.843895448077183641e-01 3.498730637844007063e+00
1.202326238535223801e+00 7.263092398501563851e-01 4.016107275805632426e+00
1.090456564556248065e+00 2.589912639635575942e-01 3.643112299966691392e+00
6.967932368173983537e-01 -2.952839157347318944e-01 3.487429734973760187e+00
5.931534794685612288e-01 -3.716534394310551381e-02 4.095672295640120808e+00
-3.857727913859151231e-02 -1.073686660945653709e-01 3.299963600655812179e+00
6.826680281587651500e-01 5.924424440837974259e-01 3.204674896275478080e+00
1.059836252716222393e+00 9.192203126145613856e-01 3.074062101084894305e+00
9.617516928431507628e-01 4.725460229771867304e-01 2.867671055554580573e+00
1.020072648377947422e+00 6.174775523361490936e-01 3.069980795386357819e+00
8.425564163671788176e-01 1.209279797683080471e+00 2.879524716340401191e+00
9.932818953700855991e-01 1.055037297198872182e+00 3.220479861598374516e+00
1.497807404714228241e+00 7.466002787055056045e-01 2.888783114686604314e+00
1.819221390899981694e+00 3.497807766984609157e-02 2.252015741744836319e+00
1.890509736582921319e+00 6.581110010427053680e-01 3.071748880908042434e+00
1.166446308291522183e+00 -2.977227806188317838e-01 3.067085184920691709e+00
3.828387684271362668e-01 -6.614489058582040393e-01 2.915810553465523203e+00
2.585687015284209300e-01 -7.734869954965650773e-01 2.803240024513915962e+00
9.840372537988811841e-01 9.408723210863412234e-02 3.168876624427314770e+00
6.532261228145879173e-01 -2.314445422591313584e-01 2.677929454700079592e+00
7.779229999393788564e-01 2.210504155953054162e-01 2.053225828863930236e+00
6.438100695130402062e-01 -4.561399147001854448e-02 2.269524078087489460e+00
6.273744127458030784e-01 1.531633446688647759e-01 2.198833790198921889e+00
7.244491629532764376e-01 -2.327039625043768323e-01 2.193221859390826811e+00
6.619847062251439374e-01 8.414241941316569218e-02 2.503621556821556293e+00
7.266591597503117006e-01 6.148188245024232418e-02 2.651332393533442300e+00
1.112987888292122252e+00 4.996540576132706413e-01 2.319984606300434571e+00
4.774161417941801822e-01 4.821115334797686502e-01 3.232800597225809813e+00
4.120688660258410296e-01 5.355140220419148944e-01 3.321182838501261614e+00
5.983828968367597145e-01 8.051534746363990802e-01 3.479911895831309554e+00
1.202970838836825873e+00 1.004398982836525456e-01 3.792310296969727101e+00
7.395123082590785435e-01 -2.006918067433766384e-01 3.357268950813538044e+00
5.932014344853978605e-01 1.748565298249892819e-01 2.679354649912055297e+00
5.552182767053125412e-01 -3.369107751131991124e-01 3.026024651441137081e+00
4.000319800989138863e-01 1.473193888505056615e-01 3.196943412047732469e+00
3.710404326701042255e-01 1.528386319557917816e-01 3.176825562597499264e+00
9.558891901957752291e-01 -5.284091904533421147e-01 3.173974030061551321e+00
9.379949620405452215e-01 -9.988432681222524090e-02 3.522866607601846667e+00
7.001292655308655188e-01 -4.993206171429220297e-01 4.052585922112663219e+00
4.121436800216595753e-01 -8.149010192481103143e-01 3.935017694822977141e+00
2.630229829388279761e-01 -2.169899232373382891e-01 4.289736764840794692e+00
7.960932811398284681e-01 -4.408993144119029983e-01 3.977210252696711024e+00
9.603532697867921408e-01 -6.468183873641085713e-01 4.356329959803039387e+00
9.152534782249395207e-01 -4.268467495287497915e-01 4.460548311069996608e+00
8.772844507177895990e-01 2.928590448106778155e-01 4.340525262324090860e+00
4.229517347423888962e-01 5.032169966029561570e-01 4.317266570794775049e+00
6.662128826180022667e-01 4.711505832326010057e-01 5.289607954858091432e+00
4.665131236264725145e-01 8.682854967041853111e-01 5.169129177417912224e+00
1.066773079094045507e+00 7.078915443258376738e-01 5.372239138158747984e+00
8.103730482103931321e-01 6.973586817635051283e-01 4.359012216540666174e+00
1.185367721319851908e+00 7.056071199694595730e-01 3.788920827539786540e+00
7.648173589238023151e-01 6.952383765867367060e-01 3.570873812502753708e+00
8.617826359286331339e-01 5.715144887166347942e-01 4.539768211844338985e+00
1.335107288246758728e+00 -7.303081823130788686e-03 4.654541449688729848e+00
7.293580565142414596e-01 -5.244811988472627973e-02 4.032183104666363427e+00
1.070059590027957475e+00 4.116281280549032029e-02 4.290689435442430089e+00
1.070059590027957475e+00 4.116281280549032029e-02 4.290689435442430089e+00
9.410764738245112060e-01 2.383979968375058156e-01 3.890479666556579730e+00
1.115902072057524563e+00 3.140333528547360753e-02 4.392675720157845909e+00
1.172262335807012112e+00 -2.463752679057668593e-01 3.807715393646976754e+00
1.079752019181401845e+00 1.894891208255690129e-01 3.759663878481486865e+00
1.097175670440548423e+00 -1.752432995381870140e-01 4.228381116620859359e+00
1.436878817557479593e+00 -3.315409417651267454e-02 3.669922382656207294e+00
5.981692704708472252e-01 -2.824770924643981718e-01 3.813200723935871395e+00
8.464030993658382407e-01 1.002982907150555131e-01 3.172826591560248488e+00
1.306333691525248142e+00 5.055663949598432350e-01 3.308147892790147537e+00
1.651023136624808041e+00 2.247512529828991079e-01 2.932082530127884556e+00
1.036952877493374059e+00 6.226261476980496923e-01 3.389873044478684871e+00
1.062061433536851451e+00 7.855157558122651817e-01 3.007538370021108687e+00
7.845983613353623154e-01 8.823064541447533937e-01 1.894859706382505005e+00
8.538448243255278847e-01 5.075506147370216770e-01 2.578366284820207799e+00
8.461833036066210845e-01 5.854932225001767687e-01 2.952005762036982173e+00
8.729219560226919583e-01 6.094044838891542470e-01 3.201740578071677668e+00
1.184125291582775352e+00 4.216650035616077430e-01 3.619996824260752977e+00
8.614935496676922044e-01 2.486182193548136521e-01 3.608489333979784774e+00
4.394625114260680143e-01 -2.609675358378023557e-01 3.486896573892403595e+00
8.260791614362311686e-01 -1.025226746128602151e-01 2.793710642684719581e+00
5.489230283834627411e-01 -1.280414595843701042e-01 2.865425921859092284e+00
2.083751482848034131e-01 -4.360593746510089685e-01 3.086042835939488249e+00
2.819979581004951052e-01 6.685148906000131230e-01 2.986089803134692300e+00
6.417758484144374664e-01 2.880617692327672175e-01 1.960632799248776426e+00
8.360863695682457797e-01 1.637120327147765786e-01 2.013938943688455829e+00
9.957963833003876664e-01 7.091415190455241380e-01 2.045668438458584149e+00
1.376908357414342143e+00 -4.600859223598499637e-02 2.324767860360153371e+00
1.448913675803433332e+00 1.115534912275119167e-01 2.600952226782087706e+00
1.700499697066306881e+00 -1.346975043614096618e-02 2.543955158377751768e+00
1.552848623777820958e+00 -5.072363570489849677e-02 2.921049431504304295e+00
1.607620427574381727e+00 5.518553620235167045e-01 2.771738968200971431e+00
1.674447674163303645e+00 2.470992999380194066e-01 2.896845418290646901e+00
2.176975163770793475e+00 5.461827961360903316e-01 2.633558721167101879e+00
1.338488886414268331e+00 1.061384695255554123e+00 2.711064251700391114e+00
1.559565554827337941e+00 8.730794295160316798e-01 2.495249037225142352e+00
1.062120640895667378e+00 1.058222479124121707e+00 2.682555153591584141e+00
7.153476247226264739e-01 4.762916926698018139e-01 2.188459241975558633e+00
7.095324487829091087e-01 2.379566507468447445e-01 1.387189865091345675e+00
4.481922206957345001e-01 3.441700291643603471e-01 1.762604578774548791e+00
4.768562221881922913e-01 3.001823790697981664e-01 2.073388066388044404e+00
3.823901652318852928e-01 6.624262057253549330e-02 1.434634092607403710e+00
5.615735261604705153e-01 8.402260061930037771e-02 1.334563669306227496e+00
4.751502237393087635e-01 -3.918062864583908567e-02 2.166362125562151686e+00
1.109390088474302871e+00 -4.450756324954854848e-01 2.910663104160801318e+00
5.254778260397008349e-01 4.461358284226534243e-01 3.006454469284577158e+00
9.400690879264610444e-01 1.625403585294316888e-01 2.901523160729490236e+00
5.998665135742423660e-01 1.654944579344148903e-01 2.653446688389524244e+00
8.277481175828463877e-01 -1.204230243662097743e-01 3.170670236469042447e+00
1.171270249362538873e+00 -2.195970053711908121e-01 3.478315517465810025e+00
1.600818603527189632e+00 2.908584479760452091e-01 3.391864285032778703e+00
1.556309059095665637e+00 4.720218223832587934e-01 3.926813807892373553e+00
1.283897309052609126e+00 1.800473102010001214e-01 4.538063655873147084e+00
1.083620924747686232e+00 6.795466330388104659e-01 5.005402165161694228e+00
8.742680943521409231e-01 1.332861971878763763e-01 4.858674074680949140e+00
6.658726177654638034e-01 -1.082583188889920389e-01 5.091403098093505442e+00
3.263929118407534746e-01 2.526966172325479376e-01 5.240970088610366950e+00
3.518074176078757609e-01 -2.701947445843502216e-01 4.276789416875154792e+00
1.047156587217227264e+00 -1.290814417983685014e-01 3.770636194295226673e+00
5.305524168421880127e-01 2.765583303991616670e-01 3.209114968310377680e+00
5.774109943016435542e-01 5.828692129367079033e-01 3.229441425242479902e+00
1.266277122330747629e+00 3.357452488410411218e-01 2.308580246498023403e+00
1.409793459245301195e+00 7.595687077757247163e-01 2.413612704249667562e+00
1.056569884681525462e+00 7.524861520999523434e-02 2.623804932805586798e+00
9.222353132991566449e-01 5.925391809440834212e-01 2.429256632880748334e+00
4.097479399537503064e-01 7.238802307411378312e-01 2.187973107304063358e+00
6.830802264243468480e-01 1.003676036708190278e+00 1.775779364220647860e+00
9.526721088027962914e-01 4.176117986503929957e-01 1.841528918110415081e+00
3.577618319168150429e-01 9.612562744296133666e-01 2.160051827790506973e+00
6.233403689187531904e-02 9.064724405315164324e-01 2.909295317557329508e+00
-8.249714579162253925e-02 -2.669424512986942610e-02 3.454948060796304787e+00
3.237346146412781733e-01 -9.109539978389533110e-02 3.694104724680609131e+00
6.133230968917053882e-01 -4.839890790972691814e-01 3.767259685866885199e+00
9.589591720710254341e-01 -2.880023600238877934e-01 4.245143107959454376e+00
1.073744945643961390e+00 -5.372701353046104300e-01 4.276980886523104708e+00
4.810280344033066036e-01 -6.574518251200904828e-01 4.345912438752933760e+00
7.809874042996443055e-01 -8.565125828562671906e-01 4.816025835021132906e+00
7.860732569707250539e-01 -1.755983834426161072e-01 4.582363108611510860e+00
8.117947288161698749e-01 -2.619068510069208489e-01 4.882342305902271029e+00
6.457414056355184062e-01 -5.894293504266508998e-01 4.744621999505572951e+00
3.475837090889967729e-01 -2.413573488529287547e-01 4.637204600229465790e+00
5.505548252689058675e-01 -4.377464840878219077e-01 5.224609052977854162e+00
6.705515791984800744e-01 -8.107500441677659708e-01 5.189288241927573431e+00
6.153585414097976214e-01 -1.937399998507679244e-01 5.228868567551324453e+00
5.711738840749817081e-01 1.412675235851646449e-01 5.798983462731974292e+00
7.642094290087306785e-01 -2.142522664979811253e-01 5.633300200334549146e+00
1.133143685082499186e+00 -2.673935404477356670e-01 5.869479600936873709e+00
8.533157942802618301e-01 -3.748282174527989841e-01 6.057774482662147797e+00
1.001650342657581128e+00 -5.774245909175361735e-01 5.862323964544982502e+00
6.506021688778060863e-01 -5.072369325099690407e-01 5.971604388132548458e+00
2.580527628694565534e-01 -5.450812649957129663e-01 6.498358064482597563e+00
6.736000237480552766e-01 -4.591027779055464331e-01 6.985760121238136833e+00
9.508154826070651655e-01 -1.818733324488735481e-01 7.530561239305900045e+00
6.775581219406537903e-01 -5.153137223496197933e-02 6.680286990204916009e+00
9.412952175019679846e-01 -2.741386917335029150e-01 6.805111522406121161e+00
1.318266960125990428e+00 1.281310876022123957e-01 6.178003702698716459e+00
1.616365018367000861e+00 2.352882698124285354e-02 5.423091644579247195e+00
1.102186607098846416e+00 7.632405353393644232e-01 5.852330329718198776e+00
6.959458594499663420e-01 1.577835522366167087e+00 6.005766647115125423e+00
1.162090822076498942e+00 1.277143175520968121e+00 5.530391468827647650e+00
1.054262456550706162e+00 1.098816627979503746e+00 5.159996686173461633e+00
8.332032193877064730e-01 1.030800576259428780e+00 5.346225425959968192e+00
7.888356953023503149e-01 4.853525835647852782e-01 5.850994989689579207e+00
1.109184720375044675e+00 1.576891461304851250e-01 5.962421463997388038e+00
1.289700659611167755e+00 -2.011146602006969042e-02 5.593216624183051877e+00
1.353856347000220284e+00 2.955840611415941899e-01 5.712487124784005665e+00
1.029870075296649645e+00 2.351655349316898042e-02 5.404395037294057680e+00
8.618941903053746190e-01 -1.957907817381423499e-01 4.824021801857164782e+00
1.228069992188206561e+00 -2.971227442534541408e-01 5.457432797530511692e+00
1.524205275950168970e+00 3.656152467506050829e-01 5.589771721551803907e+00
1.140028151064884865e+00 2.669288724975560356e-01 4.654713716369111687e+00
1.184923654188758890e+00 9.019206355125592989e-01 4.799302578649969675e+00
9.996894989002438336e-01 6.007816469278226545e-01 5.012012392446201225e+00
1.064394806154749906e+00 3.564205321699153717e-01 5.133642963960478589e+00
9.097206140346679737e-01 -6.290004195273322107e-01 4.330850194945803366e+00
1.010134873009568501e+00 -3.055292877829065556e-01 3.395939861044228625e+00
1.942947287938051826e+00 1.469480627170447473e-01 2.637555307884474676e+00
1.343530135576191942e+00 1.917294349072888315e-01 2.967900137928774384e+00
1.027196619067670680e+00 3.242303328625015246e-02 2.172503421108513244e+00
1.179794392473290543e+00 4.518185507792695788e-01 1.422246107608435173e+00
8.478578400879607235e-01 4.285377280157345870e-01 1.805780868853068766e+00
8.988461593697341101e-01 -2.000778835061385597e-02 1.153052177346135743e+00
5.041872269275813334e-01 1.514204677189082138e-01 1.473702221630117215e+00
3.745522155175060042e-02 -2.733110167373231647e-01 1.509329624340773224e+00
9.135518940253323228e-01 3.738886767193150829e-01 1.258270562456327957e+00
4.319590986942268840e-01 7.391687826376261983e-01 1.428143140121627130e+00
5.075912036611436307e-01 2.135948836839113296e-02 2.431294083120238536e+00
6.639907608814539230e-01 2.410790689293452749e-01 2.431903692828993879e+00
6.423104859799136923e-01 4.669916869762537059e-01 2.406759181064389352e+00
6.484481412789239174e-01 2.324673758163741943e-01 2.379127480812277984e+00
1.187529093863075813e+00 2.926655928961127140e-01 2.038072675147820423e+00
1.330102950242474602e+00 5.939974094240414448e-01 1.620326198960260644e+00
1.435691946608643965e+00 4.364397394782804085e-01 1.169235362469574380e+00
9.650091801733647889e-01 4.690184884663020637e-02 1.780321125479890076e+00
5.360988757794529214e-01 -1.774527039739454692e-01 2.325798656005632736e+00
9.228452117976747582e-01 -2.726571360540410577e-02 2.387883390572558273e+00
1.040262394215037078e+00 1.448742649756896150e-01 1.985661435841212574e+00
1.160974869265926079e+00 -3.296647650524535678e-01 1.905335692140937898e+00
1.254725768375092088e+00 -2.177388857254664578e-01 1.802211724646024305e+00
9.687327689067449787e-01 -7.342129054515579567e-02 2.211711783009348231e+00
9.187111765937076013e-01 6.131689703274117997e-02 2.523686683928088037e+00
1.545730951845742052e+00 -2.052481380613677686e-01 2.413190921254831256e+00
1.369240625737167427e+00 -6.851176348178460163e-02 2.594878202823293289e+00
1.521920929241503018e+00 4.780035080044702234e-01 2.315507900946580655e+00
1.828793258271735001e+00 1.134499259377878433e+00 2.535487081958936795e+00
1.590729924679613383e+00 1.128114076175133595e+00 3.481155827726717167e+00
1.330943256310658240e+00 4.655180392208848605e-01 3.608547348191708526e+00
1.208919220115122206e+00 1.227767150266436263e-01 3.548638771481348098e+00
9.898432409112331021e-01 -3.019629985665939209e-01 3.445939496435524774e+00
1.215322068378481779e+00 -8.451827602528161343e-03 3.667244496872266168e+00
1.282663585781300464e+00 -4.735124562485470423e-01 4.379242277362124014e+00
9.202138365684839894e-01 -5.091972732347047614e-01 4.482172087953188999e+00
1.142422878972701783e+00 -2.639297333782711363e-02 4.069773030295645633e+00
6.115715136196431256e-01 -2.550410056655477153e-01 3.831558907438475270e+00
7.882949108951972095e-01 -6.569129238376549829e-01 3.846487515687869951e+00
2.886061680036261512e-01 -2.250217150116208820e-01 3.443547556862572634e+00
7.320093338421270746e-01 2.889991658648683459e-01 3.192012367759843094e+00
1.998064305303470234e-01 4.360013992863519539e-01 2.513678192849383208e+00
3.030447663101799582e-01 8.072239465857239393e-02 2.753988382076607344e+00
3.769373850571029472e-01 -3.609139133560294588e-01 2.455972420303645265e+00
2.841050777984084341e-01 5.323508559009171304e-01 2.280948401643334122e+00
9.117885766084720123e-01 -5.395787456327860721e-01 2.215751553997265422e+00
2.371831145673529151e-01 2.946781342973694984e-02 2.917825442236031019e+00
8.044618465850941202e-01 -1.439300446102347551e-02 2.969579892734343751e+00
1.101966532658831932e+00 -2.675317783319953735e-01 2.152270334982508970e+00
4.027078229242443963e-01 3.888962913059258453e-01 2.195137984658920072e+00
6.290540468094177884e-01 5.067376223097025401e-01 2.149847586296413038e+00
1.029478082522240046e+00 3.117114830531528824e-01 2.314658543288565351e+00
1.208699147410581487e+00 6.244497325613937999e-01 2.534454440163607547e+00
1.146484573222279035e+00 2.930423074064001376e-01 2.323579084851123522e+00
5.761825972431342535e-01 3.717536830101567658e-01 2.249778490314623625e+00
6.509179337255266429e-01 3.719388940574971936e-01 2.925425983107071470e+00
4.553672078736805129e-01 3.377032322584561652e-01 2.163528513203870407e+00
4.136675499263410827e-01 -3.143508521094570130e-01 2.155305432330138604e+00
3.106030221754584875e-01 -3.702011868167385811e-01 1.383892464382781462e+00
5.559221743054267861e-01 1.558491211585970038e-01 7.526192790588952519e-01
7.154665358059884017e-01 7.374443801822236910e-01 1.023479857575046559e+00
1.463934763982859932e+00 6.375247913756757479e-01 1.780408599246395607e+00
1.689245642662597024e+00 2.722390417361029158e-01 1.916090769477346356e+00
1.653120878308868447e+00 2.104686379183545730e-01 1.944122869314991897e+00
1.490051771344889975e+00 1.400733284755801555e-01 2.512180747580373463e+00
1.462561501240172923e+00 -3.844326549038390439e-01 3.362102670559522721e+00
1.449273243458136129e+00 -1.260449558551687277e-01 2.768527492359614595e+00
1.664400993547065832e+00 -2.258003211687663603e-01 3.011939392430850848e+00
2.011157967682736913e+00 2.286369604463232008e-01 2.941323108633449479e+00
1.776326550346694733e+00 8.655923353492964711e-01 2.734855761273181418e+00
1.359045525949743372e+00 1.453160508766740522e+00 3.465321063456472395e+00
6.018133154827165487e-01 1.228139115236648093e+00 2.962138019751387130e+00
1.274573148394281263e+00 8.485447423714215232e-01 3.629663886280126928e+00
1.294678841093548360e+00 8.488261394560471240e-01 3.656725258745627372e+00
1.202655212814529806e+00 7.307367644545875729e-01 3.120224542027029369e+00
6.109170033539828015e-01 8.083761425319115901e-01 2.813334935792068947e+00
6.422858025398071602e-01 -1.227439574406171130e-01 2.296940998471696638e+00
1.031506085801074279e+00 -1.474120796267350819e-01 2.061329327396180133e+00
1.258488342446343333e+00 3.568240376688432414e-01 2.968238848540464936e+00
8.630709949386355939e-01 3.680841073476652237e-01 2.593373248865396885e+00
1.404916408795800375e+00 6.632856828182227549e-01 2.893094609051351629e+00
8.962018368070852059e-01 8.155797418856975955e-01 2.947650660631841557e+00
5.570942469449114975e-01 1.398244389928023690e+00 3.514406789336291581e+00
3.673533658102726696e-01 8.176513780497239869e-01 3.345740134722139381e+00
9.759471709245699511e-01 4.344282964447975237e-01 3.062619536421573141e+00
9.180822739154484990e-01 7.441900923335581508e-01 2.377260308965071456e+00
1.115062086202084579e+00 5.064650151858144378e-01 1.726443518002690025e+00
3.967712539903635038e-01 6.194240198685853349e-02 1.422070268477109156e+00
9.552934681370992553e-01 -2.663714953705889621e-01 1.778818292135990076e+00
7.837155096321198888e-01 -3.567578532026386418e-01 1.879960006904559222e+00
7.306565868764787197e-01 -4.046577885960481180e-01 1.551630953289458548e+00
8.930197290243446773e-01 2.285088975304766790e-01 1.861105311666619855e+00
1.714861003611934942e-01 1.925623240469461622e-02 2.028166229569212220e+00
3.246379703218471580e-01 -4.441112340155127791e-01 2.188520678823914878e+00
2.462899030760636321e-01 -2.936326393349638630e-01 1.930569136222372473e+00
4.511108412470708484e-01 3.363265896318272663e-01 1.931866477153721284e+00
4.834477461231548867e-01 4.539959270680630765e-01 1.801171324370040905e+00
7.196002886471806193e-01 1.157101392455434974e+00 1.818008774787665205e+00
1.020144723849118362e+00 7.356172319554949990e-01 2.407845665683038039e+00
6.603119581005343353e-01 9.436655831748516077e-01 2.270999654223971209e+00
6.864154244063018773e-01 1.031673924608773829e+00 2.554061658518346434e+00
5.873126200332512425e-01 3.315433366101641077e-01 1.991914485221740971e+00
3.526748894941507118e-01 -5.390947951227131885e-02 2.125414595070990842e+00
7.045515118924992048e-01 -1.990781442329764006e-01 2.241794879596608059e+00
2.224352971930880218e-01 -2.811476623327020530e-01 1.661128380157225859e+00
5.718102078751655659e-01 4.855002020111723882e-01 1.389856859789990517e+00
1.520350553050133335e+00 3.887450875829894792e-01 1.693905296067547805e+00
1.684866083412812410e+00 3.789152461764225266e-01 1.204698642588722945e+00
8.749706512534530800e-01 1.361820240089456124e+00 1.191188755871175786e+00
1.498385552954225597e+00 1.308546585330751633e+00 1.072368523916995109e+00
1.480080620723756901e+00 6.867554495452697916e-01 1.083832216353136868e+00
1.316429497707804153e+00 6.463498913231994214e-01 1.257806988840401319e+00
9.490973569346169425e-01 -2.933187926263861045e-02 1.596606071700836127e+00
7.602428334600408455e-01 -6.258495587300216823e-02 1.293617148662851157e+00
3.405256405204665771e-01 -3.277754274638414733e-01 1.418484839609771564e+00
5.853440373196916457e-01 -2.072011315326441061e-01 1.657154312150184605e+00
4.868122134516120192e-02 -8.329450312840563919e-01 1.202903036183609942e+00
8.995540413125484580e-01 -5.852261330830130781e-01 1.231965425291323468e+00
6.762566057502754635e-01 -4.979613063196190459e-01 1.720469696454024700e+00
1.039614224843062429e+00 -5.573316886382714830e-02 1.639747858387878843e+00
3.310001871034891074e-01 5.608597680563509602e-01 2.138826100472491110e+00
7.638825272472088423e-01 -1.631319614509360583e-02 1.823589318981138296e+00
5.294522119437173879e-01 3.792450912267733010e-01 1.728044472876588689e+00
1.054563667786892145e+00 2.473781381305167892e-02 1.597012528415016730e+00
1.238214520217173931e+00 6.475251307153410962e-02 1.838355336512028204e+00
7.899777526820437323e-01 4.918187026458353817e-01 2.409628282016601286e+00
7.518729835846451603e-01 1.752580130982104301e-01 2.969721618469530533e+00
9.171431140641164159e-01 3.110604037217326590e-01 3.190457962915294488e+00
9.032648255307810237e-01 2.039108533118102196e-01 3.442983290054888901e+00
5.875593171033499651e-01 7.391237469232794233e-01 3.457037302204214679e+00
8.769901159598585405e-01 3.816395888871703113e-01 3.575807857899338416e+00
4.641931785206035443e-01 2.356866707107077852e-01 2.931875887110487522e+00
8.298310734835737668e-01 4.378342596124545349e-01 3.127221644340500983e+00
7.171343526078463038e-01 3.586770944160565522e-01 3.324079916217669961e+00
4.740938961541766306e-01 -3.940099339190814565e-01 2.724740162922731912e+00
3.581929317869879670e-01 -5.913301084398997487e-02 2.956521854023022922e+00
6.900978947395767227e-01 3.520173342696943097e-02 3.355995906150218033e+00
1.037888415831478062e+00 6.291022199128927239e-01 3.330007785522572039e+00
8.884014633384899051e-01 1.118500830026034176e+00 3.356793795640069966e+00
1.145705726168952054e+00 7.237841643133388070e-01 3.183662885812212906e+00
4.740386695786169557e-01 1.455980769804067487e-01 3.218161786628518595e+00
8.182522493386117368e-01 4.236777862180656773e-01 3.277030257763986487e+00
6.431036932262599315e-01 1.284436675241517889e-01 3.468878933289070599e+00
8.749624544921330571e-01 -4.965976946181814566e-02 3.685701608923213080e+00
9.404406251231466340e-01 -3.382959689465067643e-02 4.097294745234471236e+00
7.629855954826765263e-01 -3.900413066997482359e-01 4.548241442007160629e+00
8.153444334288888484e-01 -1.344468043495029852e-02 4.772182469872381816e+00
5.347707335013036634e-01 8.695646618952310725e-01 5.438616479309102303e+00
1.972593398750339011e+00 4.263659371175729795e-01 5.677225630894596087e+00
2.146378922543394019e+00 3.240173648898890257e-01 5.000715877724081437e+00
2.595318621375040991e+00 3.835861087795892632e-01 5.043716915896992781e+00
2.070092826631734440e+00 1.225955417496765454e-01 5.250875092673146227e+00
2.275672064580582354e+00 2.277687467634098295e-01 5.303763644644983621e+00
2.232953065796742909e+00 2.870059386689032266e-01 5.308446066638148331e+00
2.699013609214495180e+00 8.177341551902180816e-01 4.969586874672520693e+00
2.526391276420272725e+00 6.900737328986237262e-01 4.870581188293483521e+00
2.149476615434876337e+00 8.906414701930427391e-01 5.475864330405475044e+00
1.607680784431287258e+00 1.271322266861855788e+00 4.672955967464125671e+00
1.662653113122607884e+00 6.456590548200962232e-01 4.300933839935804137e+00
1.820613954186789396e+00 1.273768841664849161e+00 4.386694980474129757e+00
2.387909562415782450e+00 1.948528834385754971e+00 4.832990872216311296e+00
2.225551673059683377e+00 2.241162296431059353e+00 5.135012354433347248e+00
1.962949216806270103e+00 2.810218470000362068e+00 5.432114696927024866e+00
2.534913422007410766e+00 3.441066456060925205e+00 5.786504241793260839e+00
3.079786772041880560e+00 3.733221847798653847e+00 5.690189541120511230e+00
3.340114488150582428e+00 3.581407277530436861e+00 4.995245386184618219e+00
3.218680047716843351e+00 2.868458029378261553e+00 5.085003889832242052e+00
3.256195827330796710e+00 2.148339503782751514e+00 4.223651621023823743e+00
4.116730658274422083e+00 1.518832845191957714e+00 4.068451322475914012e+00
3.974392492745201011e+00 6.288277113832505538e-01 4.511870204888061231e+00
3.662105056594886054e+00 1.291688292341155231e+00 4.383217648520351339e+00
3.235939719522175295e+00 8.433427903888018884e-01 4.752299593287014012e+00
2.405814910518914829e+00 2.815372017161900109e-01 5.255250629719752098e+00
2.950008171314446592e+00 -1.401143368831808678e-01 5.128080905104020815e+00
2.975689204750331385e+00 5.909325814506920516e-01 5.418367640421528186e+00
2.699752717188083295e+00 7.681088521665818680e-01 4.961245369552300666e+00
2.824906924641431782e+00 7.121307010998058074e-01 5.006122785774762995e+00
2.716444842574159857e+00 8.572944595580712646e-01 4.965544100083628010e+00
2.358228688137681495e+00 4.178702383907908491e-01 5.464015859857518365e+00
2.372811160872499769e+00 9.394578483732062002e-03 5.085334586321884842e+00
2.060060952349575203e+00 4.471123323578459208e-01 5.196782011403293211e+00
1.651128101081656974e+00 7.100132376691942193e-01 5.572390124438783232e+00
1.641704435466539769e+00 3.889253715704882874e-01 4.656373589328743456e+00
1.525901694146231335e+00 2.429060539802682661e-01 4.965066774555789486e+00
1.584578864629290873e+00 -2.515716570658700912e-01 4.987006847697581513e+00
6.072910259553033763e-01 4.747183717671575875e-01 5.522541995936832926e+00
1.008011672613840393e+00 -4.883443072328313983e-01 5.986878829206936814e+00
5.587898404900307758e-01 -2.828678307299892225e-01 6.082598348364009588e+00
8.642830141763353513e-01 -1.599461319301413720e-01 6.105762202950965722e+00
1.675627104813430135e+00 1.203594578889235073e-01 5.917269571152536045e+00
1.206383266653778374e+00 6.187828698533558436e-01 6.006638110760481375e+00
1.019016222421214923e+00 7.333377330047284870e-01 5.966219570407522710e+00
9.626252121056259048e-01 3.816233150544929842e-01 5.786028142829106713e+00
7.304128760007757570e-01 4.511881775854191812e-01 5.235958656778864295e+00
1.202831446514110336e+00 1.349987911107588812e-01 5.983084909967191223e+00
6.939460084446513743e-01 1.086739354013920522e+00 6.001781010231159286e+00
3.301715239800867563e-01 5.467778219570538223e-01 5.567426807843080638e+00
8.530930129463361045e-01 -3.398753142171950792e-02 6.070679740129403257e+00
1.172881154608008458e+00 -1.190365459557410216e-01 6.163096647364010749e+00
1.114821274394471651e+00 -4.751535552442721216e-02 6.173161498456660290e+00
8.718863376471940319e-01 -1.232424428329879085e-01 6.102794129161335235e+00
8.466919766744660514e-01 -1.278723224236222866e-01 5.775819153904757641e+00
3.010822765601436357e-01 3.437121280526351796e-01 5.903313717046589915e+00
6.150567971367661979e-01 5.478210097348200358e-02 5.833096611236237017e+00
7.866343987183218589e-01 5.308204495515388421e-01 5.277866393680251456e+00
6.044841524884255746e-01 4.496925259348149018e-01 5.312700923916452211e+00
5.907568027475806893e-01 5.130186702522099296e-01 5.313259442418030609e+00
5.455207706287004132e-01 1.011043798030692720e-01 5.231383436674018839e+00
8.571411796548433770e-01 1.489634697581417727e-02 4.984317332221511521e+00
1.248705339155239402e+00 -2.578601407760459097e-01 5.057458801476837351e+00
1.153440856414327920e+00 -7.620028337456032086e-02 5.158618167308644864e+00
1.106208445267858886e+00 -2.756075282168863327e-01 5.011837160530634883e+00
1.397506844793309000e+00 7.321987302137980547e-02 5.201336016856347833e+00
9.651142075630909645e-01 4.527681449350939302e-01 4.760171132785580461e+00
8.518424248154293776e-01 -1.922066143670651817e-02 4.837366068496132598e+00
9.039285223547187664e-01 -7.381731553496981846e-01 4.899179523379395107e+00
1.355104854786244539e+00 -9.130556445418317457e-01 5.153537338048774785e+00
8.275709135608464440e-01 -5.364932733684748545e-01 4.553796009276807943e+00
7.437174980339376074e-01 -4.700802372953181707e-01 4.060288204192025852e+00
9.509538756587413433e-01 5.718113671875327264e-02 4.031077476828905048e+00
1.422920509598449845e+00 4.893737283075754729e-01 4.137209858941201190e+00
7.461391775114644132e-01 1.182592257371636868e-01 4.236918184571285551e+00
1.105127031444515406e+00 2.302172322097514878e-01 3.756772854429216935e+00
8.238024405687078833e-01 7.543221475785302221e-01 4.249160239392772986e+00
7.063627895862603090e-01 5.950552428884862133e-01 4.453935814074676536e+00
1.313313460267302224e+00 7.114403802314143155e-01 3.918332705862508369e+00
1.171782416370420021e+00 2.978471904826748284e-01 3.832564758474271027e+00
1.091984259096258514e+00 1.266577731213883451e-01 3.693726166718869663e+00
6.422532891882232198e-01 -2.705789406236586703e-01 3.887743069730548839e+00
7.555097002609666434e-01 1.143462872961676507e-01 4.032779453518407387e+00
4.584887859694639078e-01 -2.218034099464963049e-01 4.196021143449220503e+00
-5.291231141419491801e-02 1.479228638899127146e-03 4.171607654319499758e+00
4.106851168561714838e-01 7.988336158650055641e-01 3.311771607266127848e+00
1.077050616818034712e+00 6.219249012141011557e-01 3.294525955030615627e+00
1.189462353480954526e+00 8.575196996288663165e-01 2.869433608612076636e+00
6.616236844351544022e-01 1.064500574881664718e+00 3.470505991418736613e+00
1.048579158931996380e+00 8.260559026977449815e-01 3.909557330396141506e+00
1.054568370803926847e+00 4.544274568174188622e-01 3.577126329560989859e+00
8.940422484973191697e-01 8.924698500556056679e-02 3.825416233345997341e+00
8.901079773737088363e-01 -4.904429853081903046e-01 4.205922327665925664e+00
1.083532103041219274e+00 -3.972106938220729133e-01 4.488631385535689411e+00
8.314668961197143604e-01 4.598610005605868745e-02 5.330526484960736333e+00
1.081559807229484527e+00 -1.556711564612597298e-01 5.647812522194451290e+00
3.239023522396747845e-01 -4.477198199177664928e-01 5.709402277760347033e+00
3.347763171941044447e-01 -4.528262430211552614e-01 6.014006987033254426e+00
2.453848920356454522e-01 1.043803605984853500e-01 5.364702966325350708e+00
4.393043046144166630e-01 -2.067222597376932036e-01 5.241811051419912992e+00
1.828756798242152926e-01 -5.434138439217572891e-01 5.180019955357777484e+00
1.040741424051772057e+00 5.859792824185184879e-01 4.977375358778181713e+00
9.317463542572679280e-01 8.729346926184191613e-01 4.475223145677321490e+00
1.480701052080402924e+00 1.276000266008953776e+00 4.217932134604047256e+00
1.198890175560709315e+00 -2.867127783048486478e-01 4.565387868650301328e+00
9.269949184768540018e-01 5.301634882186920250e-02 3.887366536126131589e+00
7.674939857366960272e-01 2.686581561874960000e-01 3.643470399793900416e+00
5.516246920453370395e-01 7.159989073127812631e-01 3.645715839855446117e+00
4.499091703823885902e-01 -7.869945546211748466e-02 3.769904337470007416e+00
1.446697854781346659e-01 1.081655531128144915e-01 3.526806317179000061e+00
7.507347608466574673e-01 1.313074588386890784e-01 3.605283760397458348e+00
1.395914047845454586e+00 5.514690667379201772e-01 4.050856598368657302e+00
1.116785684541689916e+00 -1.137222135122534228e-01 4.314110467595028808e+00
7.380533651418844654e-01 -1.892455648672132507e-01 4.260224972353854334e+00
1.122009605713183839e-01 -2.823763407745763510e-01 4.517892924900964502e+00
1.639877113242140805e-01 -3.533046903210227407e-01 4.141798698999957118e+00
9.561709719955142628e-01 5.745108373017564496e-01 3.449947017840913510e+00
1.001897133592168920e+00 9.399797545305212942e-01 3.826298041408501049e+00
1.008646627513410055e+00 8.549456453211741191e-01 3.400904290003107011e+00
1.123206491577269706e+00 5.975252543931709459e-01 3.205423835009057143e+00
1.059018473717383557e+00 5.022399157049405316e-01 2.966448337249516065e+00
1.822949760192536406e+00 1.045183594473092725e+00 3.631511366324909229e+00
2.078512538360699491e+00 3.255386165742007454e-01 4.015298823823150620e+00
1.063052633272988601e+00 7.083592120046207086e-01 4.040777087184638461e+00
6.437055763712208334e-01 -8.642226455595572454e-02 4.021031893091727483e+00
3.786067537830720142e-01 2.895589683863771663e-03 3.431866467135024301e+00
3.104894714346984608e-01 -5.690794234296440296e-02 3.173633572325675445e+00
2.751114906400978777e-01 -4.728298630682545300e-01 3.389997325206335343e+00
5.444242612544203386e-01 7.313614667566374627e-02 2.499408420235698092e+00
-1.152043991360833242e-01 -4.645865247924808872e-02 2.877882231156310588e+00
1.098399767144786043e+00 -3.541250619960206042e-02 2.720114022624522399e+00
1.059291817080542986e+00 -8.466742773286671520e-02 2.633908908562303974e+00
1.163317301668077119e+00 4.873418118946040017e-02 2.206359228537510653e+00
1.113583091227177357e+00 7.372719872074461334e-01 2.085774874827488023e+00
7.963396539820724040e-01 2.579881655717627398e-01 2.540491842624324814e+00
7.220343147232978209e-01 2.876862746166637952e-01 3.152598921783900554e+00
9.674945531656735653e-01 4.596051976144280848e-01 3.240627758284761128e+00
9.041512379534313304e-01 1.007248132464274137e+00 3.158915782653537452e+00
1.260688643306905998e+00 7.455309648934537181e-01 3.242852014789479487e+00
1.209918128246522340e+00 5.167955087207768416e-01 3.175255672914563121e+00
1.012297779103310313e+00 7.799006328827275958e-01 3.559445656662741264e+00
9.514755841697248862e-01 4.438384279662070941e-01 3.579863035668775950e+00
1.359685311821009490e+00 2.969565324522631111e-01 3.060728699524119634e+00
7.977374376436121572e-01 1.073603115618094517e+00 2.576710503899441562e+00
8.132701487150884034e-01 2.792174823038214848e-01 3.202478132788062481e+00
8.517400379665530652e-01 4.071486348462241001e-01 3.321662907059434566e+00
1.099764717198638220e+00 -7.691658851465955904e-02 2.075003587164859997e+00
1.603226713828094452e+00 8.507431411969545998e-02 2.510863882684733372e+00
2.089048747893751834e+00 5.378228893889542839e-01 1.761270182639476767e+00
1.648427782587967405e+00 7.173692236235924558e-01 1.696889236795971367e+00
1.753822648769382209e+00 9.142749795384550460e-01 1.800508859882730572e+00
1.465170399363687315e+00 6.864743089341043270e-01 1.497434693255686566e+00
9.512042073781150631e-01 1.303757340790947516e-01 1.451695744344940975e+00
9.428369674183668669e-01 5.357450917861721340e-01 1.508863153348104502e+00
1.030440930865816895e+00 9.274132735371116709e-01 9.670632203563824802e-01
8.489299343709444390e-01 5.345316944273872939e-02 1.051662886512101380e+00
6.614469707379627694e-01 -5.634537815972615743e-02 1.580098421513998153e+00
6.148751744652145579e-01 -1.664084923295546525e-01 1.467866090499121645e+00
3.412451992156365632e-01 -3.671546302091032166e-01 1.369288621986826993e+00
2.705882210972065938e-01 -3.329727492880507622e-01 1.621972963986562100e+00
8.033997560891835421e-02 2.651357210857999136e-01 1.515610085066415369e+00
6.813178503860471968e-01 5.901618409527042974e-01 1.700851534929083586e+00
9.997060257878617184e-01 4.283141242860944997e-01 1.809149543748742595e+00
1.094237894916152865e+00 -1.807556992277656316e-01 1.542445984194127595e+00
9.130564321089750246e-01 -5.577667226050503357e-01 1.528064611423840091e+00
5.023941699246586845e-01 -1.467649379046289115e-01 2.199046321317275066e+00
1.699837102599474070e-01 5.258408533750413838e-01 2.517876247032215353e+00
8.077125497755655026e-01 6.523103072849649742e-01 2.141837025478868117e+00
7.565037496720529164e-01 5.105782305462384096e-01 2.038884969171117056e+00
9.558458638178909395e-01 3.738555627384535507e-01 1.589657116291629979e+00
1.408877583564695168e+00 6.607910851416369802e-01 1.750339699626885404e+00
9.125281493527689358e-01 -1.261576226229906283e-01 2.016126700562296925e+00
9.746559546555152442e-01 -9.333617434083449349e-02 1.993219608131010512e+00
4.014791839639458848e-01 2.485069231356652752e-01 2.233178745850803448e+00
4.014791839639458848e-01 2.485069231356652752e-01 2.233178745850803448e+00
4.668958766337906741e-01 7.160523827937258501e-01 2.632225165714560777e+00
6.966114599429595877e-01 1.224398834352492249e-01 2.351779268400863376e+00
9.300065666601994296e-01 -2.508884589063962167e-01 1.657810329734508814e+00
3.297129442647988573e-01 2.319996551425849984e-02 1.802312654260076918e+00
3.498362675340923045e-01 1.205513468874610528e-01 2.517229455797089788e+00
4.852946536696997049e-01 -2.854882191120761137e-01 2.351658363665025675e+00
6.205827216710357863e-01 -1.800414174127143718e-01 3.105794058564786297e+00
3.302611700298689335e-01 1.388490750208633273e-01 3.242252063088731706e+00
8.629211034851012041e-01 -1.954662322696392590e-02 3.301855478475064665e+00
1.472683002971489241e+00 1.489552977261814348e-01 3.205723836315290232e+00
1.683996881263966516e+00 3.005198518712170475e-01 3.161981614377608274e+00
1.827068713743712491e+00 1.762382337871892801e-01 2.520413418523248961e+00
1.593304859766433212e+00 8.295083350192763993e-02 2.032683604672214539e+00
9.557785177047908309e-01 9.507132453183975151e-02 2.074564022310909195e+00
7.184802715292391007e-01 7.211095176175533195e-02 2.127665634860644861e+00
9.148858155445286355e-01 -6.631390062113376449e-02 2.784878633838109518e+00
7.707787167369773984e-01 1.914076042202557115e-01 2.858909474146810847e+00
4.470744021018326353e-01 9.295767585071618155e-02 3.074363514523310581e+00
3.075233407512489303e-01 2.893931425356153775e-01 2.899035497790849458e+00
7.738451199963392035e-01 2.810900889614060261e-01 2.982750712294828244e+00
1.329624249909639566e+00 6.715005998879035598e-01 3.009380529153998562e+00
1.276566941903714891e+00 5.517551257648856122e-01 3.004914991916395550e+00
8.286124880687397720e-01 6.808974044188437214e-01 2.614435694068103722e+00
6.994440561024322101e-01 9.735651423991892317e-01 2.514021017238363243e+00
5.305511926191343042e-01 3.389608281661794509e-01 2.782623059479551575e+00
1.280349659968740283e+00 6.361250557179422005e-01 2.610527481732542565e+00
1.278694730424808856e+00 3.995326379089993996e-01 2.600041593784133021e+00
5.769387168949776656e-01 8.910729572745253180e-02 2.235036897983200710e+00
7.797235544935214868e-01 8.371403977725720980e-01 2.402158911127868723e+00
8.078009789892943715e-01 9.521116713310568969e-01 2.683126828232949457e+00
5.843838885951224693e-01 7.328519737339821427e-01 2.544346283334431025e+00
7.676571652760841857e-01 1.875489010573400117e-02 3.306749368376718845e+00
7.291885513344894543e-01 -4.041906974453992815e-03 3.311470608508551461e+00
5.018173438962983957e-01 8.776248230997957256e-01 3.338418358035907474e+00
9.088205950140650913e-01 -5.393061091979264865e-02 3.133438250687249127e+00
8.341493367454676511e-01 -3.777579718270303033e-01 2.538032529087900446e+00
1.079498780939477376e+00 -6.865360443498946807e-03 2.229081402497016917e+00
1.026500570714759863e+00 6.903828537094364171e-01 2.256484802277326285e+00
7.790874059483148262e-01 6.193178732257834662e-01 2.074930420873593917e+00
1.483568309159157605e+00 4.720312904231983575e-01 2.010091049219016046e+00
7.477711217256781673e-01 8.254801616765260475e-01 2.025352043466417840e+00
9.795038533138694659e-01 9.454056641117253301e-01 1.872976370253245371e+00
1.006098615917182748e+00 3.274717273153825992e-01 2.042798968480411759e+00
5.493597269684654671e-01 1.583149295514076349e-01 2.215997069074137293e+00
7.925887968451454935e-01 -3.809085642753581302e-01 2.480000694859676891e+00
6.919545892549637811e-01 -3.134719713290025633e-01 2.733918065544719056e+00
6.109593359395579792e-01 -1.477008205359475745e-02 3.510393594372276382e+00
5.797756057199484614e-01 1.185761562688327775e-01 3.762196994662463823e+00
7.961852280599097664e-01 -4.229920186077845701e-01 3.643061190548857464e+00
7.320653891124430102e-01 -3.987311462429752318e-01 3.599546977915842216e+00
3.541486700009141009e-01 2.041390250982746402e-01 3.181863337495132615e+00
9.593483616001825531e-01 4.551301304149492077e-01 3.268322599592958344e+00
1.145870036057553554e+00 7.415588092802715137e-01 2.688531296597814535e+00
1.047809340895376362e+00 3.245990779804144299e-01 3.377745357173172813e+00
1.308845911248684102e+00 -7.728124706390343546e-02 2.985919481005192111e+00
1.004068268499012095e+00 2.404590827170885181e-01 2.762419273680760679e+00
1.329562290311325556e+00 6.227948862566131671e-01 2.741769899900885044e+00
1.083022371973112463e+00 -2.089074274518619156e-01 2.860403745713343326e+00
4.120689167297502675e-01 1.748300501692207631e-01 2.625163396141841243e+00
7.766072464673684506e-01 4.446315882426847832e-01 2.013484532228573709e+00
6.713634624637483395e-01 4.490886429637689914e-01 2.358271639910852091e+00
7.585504028774568974e-01 7.789953063801268174e-01 1.455634033742243316e+00
7.649080967017835020e-01 1.352136764473438890e-01 2.188441037638071851e+00
7.994373075690992536e-01 -5.779190030953490487e-01 2.459738130072326889e+00
6.871346264370508106e-01 -8.801964943151446841e-02 2.113736662252477139e+00
6.760650034643291839e-01 -1.294080717787631229e-01 2.228609909935635347e+00
7.148466713535009953e-01 -2.693791412320244993e-01 2.180397665705780863e+00
8.607514273584943032e-01 -3.230812666337921080e-01 1.537138747027775976e+00
1.104385868494812684e+00 1.493340888589810012e-01 1.265087143817244852e+00
9.139959682756731985e-01 4.325967819991525798e-01 1.085693861996375187e+00
1.283209449042691297e+00 3.874927838125516999e-01 1.371981986645157914e+00
1.005007459732250030e+00 4.158598322509933221e-01 2.087116154030042914e+00
1.339158188865275934e+00 7.027697062033125830e-01 2.275428858530760490e+00
7.812040517047894594e-01 1.900251269947186294e-01 2.000210796257891666e+00
1.324728291095711663e+00 6.074692098118381622e-01 2.214533807564960100e+00
7.041888095324100316e-01 6.529901366601237322e-01 1.861708075993079303e+00
6.740533979566531997e-01 -3.938489737651792999e-02 2.592284753570006650e+00
3.941056958424404844e-01 4.345494226556241568e-02 2.768911604729284548e+00
4.674980344840033719e-02 -1.337442793375548562e-02 3.018231291419730233e+00
4.806005997828972642e-01 5.766639853066416466e-01 2.658572487928361650e+00
2.333133650626066646e-01 6.539063258708098791e-01 2.927026694854710787e+00
1.134956437039966071e+00 7.821067343345683431e-01 3.086556247635704686e+00
1.061761799839656017e+00 2.401031295890521666e-01 2.517969831344251119e+00
1.525806618224720967e+00 7.835997962367731162e-01 1.777916362529975425e+00
1.236826004438150051e+00 4.995327185625716981e-01 2.057750195194699039e+00
9.516565116103334887e-01 6.767479924093031673e-01 2.108737255137737243e+00
1.355866236796825719e+00 8.085209253858435252e-01 2.076268291046102998e+00
7.816849363782382154e-01 8.591514655466949701e-01 2.319037911897806836e+00
1.763283396649485191e+00 9.582195078674095035e-01 2.883348211604612299e+00
9.936245357323862937e-01 9.253796941390756148e-01 2.342569987860358083e+00
1.394172015220348726e+00 1.032303792729714065e+00 2.477233916101079014e+00
1.729382436864662864e+00 8.378912392744706228e-01 2.093971472446329418e+00
1.679039390221043648e+00 1.195844771216493685e+00 2.547327997697152124e+00
1.255121183737272217e+00 1.592982458297856896e+00 2.944841978542790173e+00
1.146308488559575123e+00 1.326229657710974674e+00 4.250562912315936970e+00
1.124325163583095311e+00 8.562953379661474296e-01 3.842134728942486976e+00
1.198543402278465342e+00 -5.909750620894932416e-02 4.060765029875494037e+00
1.286234875519084220e+00 4.846876359078216567e-01 4.498918071118440665e+00
1.738448710096906158e+00 3.612052181524612049e-01 4.634782118677779117e+00
2.146337707546894347e+00 8.431605670527995144e-01 4.205735372359270308e+00
2.207852656800152857e+00 7.347158348829987418e-01 3.446735334964236230e+00
1.766258863612950147e+00 7.195620568989395949e-01 3.412962639071420945e+00
2.395433857641334541e+00 1.972785053701633096e-01 3.993924838472806549e+00
1.965748466493808744e+00 9.948072608119969129e-02 3.686754416824319147e+00
1.624830092207369070e+00 6.484553834318220744e-01 3.412806176710849737e+00
1.502653512453073548e+00 9.761359555151916112e-01 3.531276401103770723e+00
1.103852372419267702e+00 9.206882420643031084e-01 3.674620891874900153e+00
7.330506212028499169e-01 6.693259784323019046e-01 4.047631532515176822e+00
1.378865467175154791e+00 6.186660194523404543e-01 4.064955854456746565e+00
8.860740469501433569e-01 1.548400405774133182e+00 3.733026858259479663e+00
8.172238497781026956e-01 1.230973642790235356e+00 4.019583307811664064e+00
9.769157140680492235e-01 8.735295090023774689e-01 4.023198723871647786e+00
8.678781126288804826e-01 3.356989958569459587e-01 4.585531948175213479e+00
8.371022411187143408e-01 6.221860460530013182e-01 4.585776808377553415e+00
3.799577696151653639e-01 7.537319938479758452e-01 4.376272366558731086e+00
9.030801630881140074e-01 9.240861366943147193e-01 3.712387245407288372e+00
7.267432994619918984e-01 1.588198782937651821e+00 3.280973662887754827e+00
1.063227550797984255e+00 9.887056689901377871e-01 3.374284223419294904e+00
1.254031194152400719e+00 -1.278632452117774154e-01 2.701666642069759927e+00
1.172055622622578452e+00 6.278495011330294251e-02 3.098198147297356986e+00
1.039351669120716082e+00 7.012519587775454220e-03 2.634336682776367233e+00
9.740993829839865725e-01 1.350431832371029317e-01 3.064294886763450521e+00
7.740259672723058815e-01 2.340542683061568596e-01 3.353168021743817118e+00
4.411622047366601795e-01 -7.969197670972943959e-02 3.421513559568399643e+00
7.101245390223613896e-01 -6.103117990261563985e-01 2.980502932890685575e+00
7.284150370041638789e-01 -1.395684351725584582e-02 2.713694897773806236e+00
1.169831680794061857e+00 -7.440427282392370056e-01 2.730983697481092598e+00
8.727318005803548218e-01 -9.287557357133703340e-01 2.321145129994333534e+00
8.380407390710421511e-01 -1.676841531468432622e-01 2.361145931045917745e+00
4.808286858330269586e-01 3.379782120687312430e-01 2.333173632032783829e+00
7.451174461053536868e-01 -2.381587229538361106e-01 2.442095362326873076e+00
2.418441663597465374e-01 -1.260397933921405533e-01 2.366347984451528497e+00
1.275221702297017756e-01 2.396249474182821637e-01 2.390276012797989402e+00
8.021221617735041498e-01 -7.532791635056579338e-02 2.841956716238203118e+00
1.010686797277914772e+00 6.639890650689048157e-02 3.518355177509873144e+00
9.770068347857241431e-01 3.337488743840827943e-01 2.595429285551718479e+00
6.667514135656225083e-01 4.905190540357932949e-02 3.013086960587470831e+00
5.051063268783684279e-01 -7.541256527264933451e-01 1.655186439198740311e+00
8.537293445343971943e-01 -7.538470074917633101e-02 2.129196890851486224e+00
7.416460543826398633e-01 5.102323787039918512e-01 1.919643051514043686e+00
1.122202854824693175e+00 1.061308125345623132e+00 1.866629886294878249e+00
6.921364885619235574e-01 3.038484727039962863e-01 1.800838844000224315e+00
1.468545080005890568e+00 2.467842704685455635e-01 2.584716311830151714e+00
1.558820667767775836e+00 1.179896822648621946e+00 2.615839607012466317e+00
1.662369785254152132e+00 9.398617603738649295e-01 2.957777621684741121e+00
1.714796149107289391e+00 1.117313641891956033e+00 3.655730128389270472e+00
1.610852308439100877e+00 4.593168326211639618e-01 4.601199262592321482e+00
1.829465154885102862e+00 4.434384804664311397e-01 4.415455170488194803e+00
2.016698941570384207e+00 4.469273640110852375e-01 3.683962429542412487e+00
1.988582555395020046e+00 4.591653883676147241e-01 4.236018412891996654e+00
1.583125667906002176e+00 6.004840121974996947e-01 4.186014789676334225e+00
1.884863652154468827e+00 -8.131990253224691267e-02 4.037521160070957293e+00
2.543901640926324870e+00 -1.649208939115255346e-01 3.610946762398401511e+00
2.211756279946921033e+00 6.129067111805052148e-01 3.547854671544306004e+00
1.069868683611402860e+00 2.118772243223250307e-01 3.264087592827518591e+00
7.845376962158949752e-01 2.557998753195082631e-01 3.663678357037977840e+00
5.358958913321725248e-01 -8.497287820978546846e-02 2.666297836140997468e+00
6.242663733283025929e-01 -2.806396579244565537e-01 2.331887591377573177e+00
8.131249375354229203e-01 1.737035251135393699e-01 2.075396816786702736e+00
1.360024402633965845e+00 4.449082804973456540e-01 2.097137590292432296e+00
1.458933430968496703e+00 5.909752595738386738e-01 2.599814413918563272e+00
7.160369660150178728e-01 -4.165497552274793902e-01 2.613500373616148842e+00
6.570843695436354714e-01 -1.990937519795532573e-01 3.005911235009564919e+00
5.299056642738422251e-01 2.423582320780449662e-01 2.968536773881877533e+00
7.280581689625962305e-01 3.534360132656377274e-01 2.935348503190004177e+00
6.334655310402620421e-01 1.474395136808422102e-01 2.467396331818211053e+00
6.498784823234882158e-01 5.599607522067636678e-01 2.408290141767999604e+00
5.875211057924230040e-01 -1.969543613630788670e-01 2.287891196571206098e+00
7.419474456920163163e-01 -8.615045826917666627e-02 2.346466817954573347e+00
6.743983035324508934e-01 -4.774927446824127619e-01 2.231123122841189854e+00
5.534487791476474516e-01 -3.701390952640695176e-01 1.909710440267492704e+00
6.375238684506639997e-01 -1.084056194354341141e-01 1.704223254165609047e+00
3.080846272969911537e-01 -2.725291811451347468e-01 1.645924866169953926e+00
4.806365239889865415e-01 -4.387068452450360034e-02 1.901325850629070002e+00
4.642858601689202613e-01 -3.401149306693497243e-01 2.452044214048093362e+00
4.524131344067195415e-01 -5.147626297629382952e-01 2.945882758945878255e+00
9.071857244328673797e-01 -4.443316867419503380e-01 3.722999827794971850e+00
1.924543427908222415e-01 5.352187919293509288e-02 3.468908667044579008e+00
8.691780717448228666e-01 -5.141773173378442335e-03 2.963405613892470036e+00
1.336603772098371667e+00 6.099826827463782075e-02 2.666444432499142536e+00
1.131924362980659904e+00 1.836270942689837704e-01 1.899946988850122143e+00
9.461645429076734892e-01 9.055706728489683055e-01 2.196086838255521645e+00
6.096409496832757569e-01 7.473118992572076458e-01 2.519783019929612067e+00
8.075442866198034864e-01 2.140976369495165288e-01 1.725736683196932297e+00
7.286995411779186860e-01 -9.425061427366815403e-02 2.131612518865919181e+00
8.495412143990438425e-01 1.047904055433509785e-01 2.214361320432272517e+00
1.104547442787868317e+00 2.657763845296732819e-01 2.486213759133661938e+00
6.091102366148273273e-01 3.182042611647882269e-01 2.020818195274077134e+00
1.338673290772831592e+00 -2.010966615635540466e-01 1.607569540196129632e+00
1.822983990128678844e+00 2.930861798865113110e-01 2.206217828045675677e+00
1.008717573592572858e+00 5.048968537846751925e-01 2.073275573791769411e+00
1.494312081733909725e+00 7.680100608019385655e-01 2.496376653095573328e+00
1.122524764639682315e+00 4.454713580324248245e-01 2.627012989696404510e+00
1.690367577843358449e+00 4.047888440692636314e-01 2.673843820655670278e+00
1.595420457285191551e+00 6.169857780857032070e-01 2.542189167696273344e+00
1.626730751171051592e+00 7.291594677161611360e-01 3.130139636374220657e+00
1.580021280720981469e+00 7.510508574355445610e-02 3.767921861466797750e+00
1.572801505114510334e+00 5.755074225396925591e-01 3.952187676936152805e+00
1.927919391140431316e+00 3.360242691971306317e-01 3.989346013878229957e+00
1.590730491891090503e+00 2.861241295662965145e-01 3.896272501358664542e+00
1.475373031060349227e+00 1.416470733266880222e-01 3.652989023755292219e+00
1.301171375674771147e+00 3.889429508412241554e-01 3.324359401273925929e+00
7.875892423644117457e-01 4.699831334456168741e-01 3.773094944001631923e+00
5.936013748232984444e-01 2.100457326844520078e-01 3.788236735084026030e+00
1.143180735750660981e-01 2.203688199337611175e-01 3.656019110107438408e+00
7.010415579645827844e-01 5.076937386257588392e-01 3.792710859651091670e+00
1.164174379549896665e+00 9.997713052281128610e-01 4.594184722075262073e+00
1.248492262071526193e+00 1.438452675124453073e+00 4.388541161024739345e+00
1.470359137298315133e+00 9.979449246767233550e-01 4.500452107605385166e+00
1.345790483718771302e+00 1.013988351472362659e+00 4.431318411310218863e+00
2.198186265008990059e+00 5.478074050452138577e-01 4.330882067429259408e+00
2.887028904520124062e+00 1.100679191945873159e+00 4.580547624345426172e+00
3.172209771899474617e+00 7.077423154806037342e-01 4.740932461339081527e+00
2.667533418607230811e+00 6.733747953223359062e-01 4.716997899034398145e+00
2.246054538064258477e+00 7.954785618414358384e-01 4.381948116364426937e+00
1.535994303835561681e+00 1.755804686929086200e+00 5.489679222163456274e+00
7.258768151292014359e-01 1.760326862571406359e+00 5.281089641107128863e+00
5.601689333266796078e-01 6.993502490855558751e-01 4.839165621764326630e+00
5.838424358061242714e-01 9.354694442546492850e-01 4.834596819330744921e+00
1.084444678540007034e+00 3.691056645281616255e-01 4.331777053968778546e+00
9.950710248825946902e-01 1.031968935065303572e-01 3.743785949373813260e+00
7.502009170519170489e-01 1.683477333089884731e-01 3.353592218706439976e+00
9.184318630939299899e-01 5.277335036608010732e-01 2.603814585287430816e+00
6.549195610351452590e-01 8.224184629968742666e-01 3.010534247947140418e+00
1.654568684216526808e+00 1.000571848766789174e+00 3.559827899115052485e+00
9.478903546522295942e-01 2.524948552305262828e-01 3.568273531221075601e+00
1.333601778709922803e+00 9.007702842463483073e-01 2.917071021121382834e+00
1.885219757721391165e+00 8.723860668878421487e-01 2.809610813696913567e+00
2.120560740068918815e+00 2.464169316208897342e-01 2.595894952814383760e+00
1.650466819853468436e+00 6.879725615908449665e-01 2.115526989180178674e+00
1.113922390128106787e+00 9.152674606821232794e-01 2.660429381987885478e+00
1.026269617628073227e+00 9.298996521236440049e-01 3.621911425418323560e+00
1.165006072113344837e+00 4.918823872590674107e-01 3.067203464159887538e+00
1.137438305355863877e+00 8.539236733903872167e-01 3.489719080631486836e+00
1.442048080777094343e+00 6.229691559798445910e-01 2.786029476593269827e+00
1.522302776751402131e+00 -6.865409319763399187e-03 3.514564308172411611e+00
1.767922550400830239e+00 4.490766725251903457e-01 4.614608475272019561e+00
1.774263574372261232e+00 2.609494024355552000e-01 4.027959169618620550e+00
1.622814889138099792e+00 1.665142933242232670e-01 4.322571960160365379e+00
1.008986163107211231e+00 5.010254844263383189e-01 3.707696580541093301e+00
5.533589822965926386e-01 9.846164275699025303e-01 3.696640024365685839e+00
3.808049431544519581e-01 5.909339145177676667e-01 4.452694066955814378e+00
3.498176049564283296e-01 4.176171938287059904e-02 3.710917444778594643e+00
3.498176049564283296e-01 4.176171938287059904e-02 3.710917444778594643e+00
5.334077441454202484e-01 3.139799445441291414e-01 3.208252426136608992e+00
3.794873428947758143e-01 6.184838206986600362e-01 3.128463004773778700e+00
5.752768385411118901e-01 -3.473382066392302625e-02 3.500730316774096629e+00
2.530946150497750957e-01 2.141763516898557429e-01 3.511917514858751588e+00
5.089389246040169068e-01 4.493372052155569785e-01 3.561830689432428976e+00
4.283438097750441043e-01 2.238854514683636943e-01 2.638589749961921971e+00
7.621575871553177839e-01 1.126243309410195625e-01 2.177510972042476123e+00
1.719244114123844869e-01 3.955721087156033322e-01 2.090658619669209628e+00
6.838036517023438066e-01 7.221298826577725594e-01 2.160017011525365405e+00
9.085961849855906936e-01 6.641842703977054452e-01 2.792455081727023281e+00
1.438875862413235618e+00 6.382952135646534630e-01 3.082290132309385644e+00
8.208505556021040706e-01 2.370034299636847308e-01 2.469235270443239205e+00
1.234893319447811555e+00 2.228972334588205095e-01 2.515120593939190741e+00
1.280450870904250804e+00 6.001048315644764708e-01 1.962162230761570481e+00
1.367736291749094724e+00 1.366382480904221319e-01 2.069569056602835744e+00
1.423112078523408597e+00 5.241995738389928494e-01 2.649149759521980840e+00
2.032059127933815379e+00 3.353474327159813861e-01 2.916256530266261304e+00
1.710753879280908052e+00 2.664430394275396075e-01 2.926805751720900961e+00
1.445105576778984213e+00 6.154831249527923376e-01 2.903826745295699396e+00
8.222293841782915003e-01 1.748237421112445178e-01 3.019888263468462064e+00
7.592920221427301719e-01 -1.482202048517102660e-02 2.989263903911553832e+00
4.969642743869254198e-01 1.116791823243170612e-01 3.219498901805767588e+00
1.263594506533680661e+00 -1.144967029063754249e-01 3.373438249973331970e+00
9.841125948076112628e-01 -2.444112320665977334e-01 3.853105111204523148e+00
8.800076711892069747e-01 -1.976185515521529934e-01 3.467210453950539950e+00
4.388531485116262676e-01 2.171405389883586667e-01 3.320153731179602996e+00
8.590455267907548542e-01 3.886541441917289452e-01 2.761423084250840265e+00
5.142387198792975900e-01 -1.104766891115688959e-01 3.389632392401728644e+00
3.801579438760101515e-01 -2.436766830351820845e-01 3.815662509178034512e+00
9.698069171212871931e-01 2.165846977030698728e-01 4.585771998833843455e+00
8.548016183786333322e-01 -4.595824731978642719e-01 4.609719372954307559e+00
1.594216943500850636e+00 -3.497212282008954065e-01 5.128503241423663539e+00
1.254169493008715941e+00 -3.278523272845734748e-01 5.413802684830867129e+00
9.289503860710178751e-01 -7.074668832883536096e-01 5.509855393435634241e+00
9.044146798832679579e-01 -1.582544207152233318e-01 5.314902024395783187e+00
1.136096334171828870e+00 4.287632426240429728e-01 5.674782981431270912e+00
9.899385289201169114e-01 2.981922878337068816e-01 5.877376248098880041e+00
9.797744322567659703e-01 -4.294005091517928419e-01 5.865816335693995853e+00
8.260121613845100574e-01 -6.407591360849882456e-01 5.414089004463754407e+00
1.288477898033322022e+00 -3.995966331523883586e-01 4.969124519394655159e+00
1.194643660114697026e+00 -4.209143296040208093e-01 4.508814340317688796e+00
1.208428985617336027e+00 -6.200933908901326563e-02 3.841187778163702493e+00
1.346343426932791632e+00 3.065523155163720759e-01 3.833926702422335353e+00
1.214376394033676698e+00 1.108157369568693484e+00 4.131770846291353827e+00
1.114889002414725550e+00 7.724415220828395601e-01 3.666526107020304792e+00
1.216896242766354552e+00 8.536748895206611731e-01 3.450618184934798993e+00
4.669158663649380925e-01 1.073934063256601457e+00 3.549631772272227703e+00
1.427040717023552174e+00 4.157916169632566161e-01 3.435803485178173133e+00
1.361594187060740868e+00 6.255976172271231484e-01 3.565736735872981900e+00
1.741235191017443729e+00 1.211041535970117433e+00 3.383540190748283827e+00
1.794678198343780506e+00 1.034838922763250180e+00 3.610897688007944861e+00
1.481869221354032762e+00 1.118718487867440103e+00 4.276790912717358673e+00
1.835712441255180849e+00 1.066670022076704472e+00 4.151502924063434463e+00
1.616242270671490067e+00 9.206013267333568173e-01 4.038760385175399037e+00
1.631386464438438155e+00 1.251390920536369356e+00 3.478257472048336130e+00
2.288856279262143190e+00 1.805833043866821086e+00 3.686873619282753811e+00
1.751407543544918566e+00 1.534773889122383661e+00 3.994918055085428854e+00
1.193792072721362230e+00 1.293143738147785937e+00 4.451444481591861013e+00
1.369494876866307109e+00 1.111034326413514961e+00 4.476421304456616568e+00
1.406540492711174872e+00 1.050244364434580913e+00 4.044985163259824823e+00
1.648374323832489274e+00 4.247510942420111846e-01 3.903687144441287060e+00
1.612971986485376208e+00 2.848848577658471548e-01 3.814245314213851934e+00
1.726261223532044253e+00 -1.750719706924697139e-01 3.273796382326144450e+00
1.228075848668122472e+00 -2.332889739591478828e-01 3.358153674926105836e+00
1.218782325303584324e+00 -6.138705900309652241e-01 3.414633757122384150e+00
1.119208677229800220e+00 -4.151462923083823475e-01 2.400534993909598569e+00
8.259662538838110635e-01 -4.675192706566779766e-01 2.001558827003979690e+00
8.754730022891674679e-01 2.527554174161322775e-01 2.749864429582787650e+00
1.113309945173275750e+00 7.080001247240698126e-01 2.392980339446697524e+00
1.253086330374655111e+00 6.831190874749920594e-01 1.906039835699317342e+00
1.430651346086321052e+00 1.306566313242490507e+00 2.214101824945447383e+00
1.903528389539300480e+00 9.217235360723627924e-01 2.222872435887231379e+00
1.758643729524413724e+00 1.056099189760953960e+00 2.429961186606549806e+00
1.953928029806626609e+00 1.412635068011292905e+00 3.426783943156904488e+00
1.501617108047351712e+00 2.149659621295688439e+00 3.456240756057902264e+00
1.234109145076927261e+00 1.533355410845309796e+00 3.486051011513030318e+00
1.752315517157111868e+00 9.076558447235401061e-01 3.704075490961517669e+00
1.351378320606512862e+00 1.551419229800779787e-01 3.121442726598704365e+00
1.343590084348489144e+00 4.158969893399686590e-01 3.774517993559043827e+00
1.434702875895090601e+00 1.278066228879686239e+00 3.847503382658595150e+00
1.066852478361046463e+00 5.290642262494634762e-01 3.677479549088339184e+00
9.905086015649172682e-01 5.071473465963280969e-01 3.483049009762610559e+00
9.514275275286463440e-01 -5.288010816791499646e-01 3.879817313820403513e+00
1.280926558440978358e+00 -3.841735169499073121e-01 3.674230621240534678e+00
1.106346913292254985e+00 -4.440996815539378084e-01 3.056892352689920767e+00
7.777462117839740730e-01 -3.451051555477537836e-01 2.909794080057323207e+00
7.796118418554445206e-01 -1.765475020547845331e-01 3.061746185908293949e+00
6.673469999127117358e-01 2.361800539170730573e-01 3.056131252807129162e+00
8.821492184512607082e-01 -7.756064867577060207e-02 2.969746501369274760e+00
9.317455668176838346e-01 -2.289032781360869906e-01 3.540714970338262990e+00
1.209640135648347714e+00 2.906267013304752456e-01 3.094749014272514032e+00
1.566128760953194865e+00 2.487152520664022703e-01 2.831714650748340389e+00
8.438126858499040983e-01 2.274624493627822874e-01 2.115415128997510941e+00
1.015849134796176223e+00 1.417009416680858891e-01 1.769576452079548501e+00
1.557064477811702208e+00 3.539659617195095032e-01 2.056379418787156688e+00
8.005261749893268775e-01 1.562246585119811959e-01 2.304617274468103272e+00
8.227981359515100512e-02 -3.178042102284812653e-01 2.596876597029630585e+00
3.234206857752537356e-01 -5.017998500227582870e-02 2.794678301738513060e+00
8.195804823758809921e-01 3.810731354519731884e-01 2.685428348364561568e+00
9.431776043069417526e-01 -2.830690291641734802e-01 2.726886730294513672e+00
2.231721974642957851e-01 8.683252577492418800e-02 2.900322497119524723e+00
7.411730815364174774e-01 3.314301734410418643e-02 2.935923307714480401e+00
8.420411545394389519e-01 -2.139066335116173168e-01 3.162021863502978203e+00
7.350751060204775422e-01 3.165587796336330473e-01 3.244195669185468756e+00
8.170831782346050787e-01 3.019926577001779133e-01 3.392171308461671586e+00
1.020809986481256759e+00 2.555933264150056505e-01 3.986209215313055498e+00
5.035344372258412360e-01 9.490883650432818675e-01 4.023586410409818015e+00
1.089928071878794924e+00 9.430072832602245381e-01 4.403498355984788226e+00
7.795080784282949482e-01 5.628816849054867344e-01 4.244169458637518488e+00
1.121251908722453505e+00 1.770500420964702948e-01 3.903850141505035509e+00
7.269476800835540375e-01 2.934144945165685359e-01 4.244445325190493890e+00
7.607938530644100528e-01 -1.881992394699180393e-01 4.804500896477044591e+00
5.366322945044094128e-01 -4.108817656202416457e-01 4.572335680277803682e+00
7.133767661748732225e-01 2.031547605891398101e-01 4.832888328022773905e+00
4.845904741453010978e-01 -4.389427768573659350e-01 4.588836508596253694e+00
6.568239236496375977e-01 -1.604399378281142763e-01 4.666359544222925315e+00
1.265753826553011052e+00 3.308731848497124539e-01 4.404280315526132306e+00
1.483222400544212505e+00 5.961533504312429566e-01 3.806066712016969333e+00
1.689670390087603113e+00 4.137915764381709938e-01 3.743314531337643913e+00
1.873756413689153133e+00 -8.577151207243755016e-03 3.606539307288583629e+00
1.497079266390879182e+00 -2.772047396854502854e-01 3.426716908327001043e+00
1.688601473173674261e+00 3.601437053775613517e-01 3.106220600795511100e+00
1.085613030184401584e+00 3.509430195408886899e-01 2.914242171451828511e+00
1.359583857657085337e+00 4.530948746465700561e-01 2.894272937909848853e+00
1.223380262542328678e+00 3.965566321500018088e-01 3.164464385370163058e+00
1.573276357355859023e+00 1.773151473667413935e-01 3.911995372677444127e+00
1.938696667992708456e+00 2.017213484513540739e-02 4.164033375363916711e+00
1.631743310457589580e+00 -3.121872343226829161e-01 4.140018697951996174e+00
1.706709740369243500e+00 -6.940696787106492849e-02 3.748681670562489021e+00
1.482109772714841567e+00 1.713284124320361701e-01 4.040370050975164773e+00
1.606538983089724537e+00 4.184614566324021956e-01 4.506673500756063433e+00
1.087110526651895892e+00 1.107638011139340461e+00 5.392418436191580788e+00
1.154424079955688853e+00 6.696254851069152192e-01 5.301375568863228693e+00
1.541899774690942637e+00 5.139027136602528634e-01 4.731878040452074607e+00
1.737523499738096389e+00 8.263574830162966345e-01 5.217041675070273499e+00
1.103586618783558349e+00 7.098748721292983399e-01 5.003305314363608147e+00
1.228910213224593484e+00 6.017739052162452973e-01 4.806595709938784822e+00
1.538480448062767625e+00 9.035556934330406520e-01 5.639752514836938069e+00
8.249396961735963041e-01 6.173117929725125963e-01 5.457147596534926315e+00
7.045859136927893340e-01 4.035887548418036763e-01 5.212963402528617785e+00
5.286974220781667233e-01 1.651942832464312338e-01 4.987165018987697707e+00
8.576325382299316846e-01 9.459550386451160975e-01 4.582878076209788709e+00
2.687649658310747314e-01 1.297118718385394942e+00 4.653314887330660454e+00
1.110372303307909814e+00 1.822344824207267511e+00 3.913422780108210208e+00
1.302152521222907033e+00 8.475225162906164789e-01 3.582091812514287099e+00
8.921730174499578059e-01 6.805012366843907756e-01 3.518594605196200042e+00
1.068582660168934106e+00 1.153359332736310083e+00 3.077056830512412855e+00
1.213670165293860848e+00 9.415249028516320395e-01 3.574957949636691446e+00
1.187014622411895148e+00 6.524904957152870555e-01 3.595119678650498862e+00
1.327476519902353935e+00 8.746044344897803136e-01 4.378019619915832550e+00
1.055243989393104487e+00 1.435617849889011310e+00 4.058501674617073007e+00
4.687754948408471289e-01 4.820386774607545721e-01 3.321824930255546704e+00
1.056584480587736685e+00 2.374018296335707046e-01 2.268021517200539350e+00
9.036922706168476482e-01 5.639459402141443478e-01 2.130744190441108632e+00
8.737303619848093561e-01 -3.566971356658137915e-01 2.479977231682299887e+00
6.077929562139805508e-01 -6.598980668096207647e-03 2.269149848584555595e+00
5.540752436299591910e-01 9.934465008351988091e-01 2.425940037513342418e+00
1.009094771866821949e+00 4.225561543898205263e-01 2.605232540267753194e+00
5.706218104389887413e-01 4.688880691040684390e-01 2.972537459503395763e+00
3.815270075453676135e-01 2.820309380438420499e-01 3.238397526621773270e+00
2.983511432617093062e-01 -3.924050536718226567e-02 3.427035471309395120e+00
5.469061512552996218e-01 -1.718740068026643752e-01 3.506347033443094841e+00
7.862329075343000850e-01 5.592687869437887871e-01 2.997272558013718946e+00
8.717329182800468423e-01 5.612928279282539679e-01 3.109711175239251002e+00
8.032332413497863532e-01 3.587544406324957302e-01 3.220943164876371334e+00
1.997868599570716275e-01 4.229215378450035812e-01 3.048471791735544834e+00
1.549147979969891509e-01 2.160899782507730849e-01 3.952619943739501096e+00
4.854580946687674370e-01 -1.162552534178486058e-01 3.020723564117730575e+00
6.479970462263291431e-01 -1.907087478903722322e-01 2.904067333861815037e+00
-2.991605464391324243e-01 -3.893130266281488727e-01 2.726235795210083523e+00
6.491302717247213749e-01 2.769653597872460959e-02 2.617033185719088273e+00
3.155262460486811249e-01 1.304359969585850432e-01 2.665132374839393137e+00
9.346684098973334631e-01 4.405509396626210161e-02 2.337718872083466515e+00
2.081522505978475046e-01 -1.540600351701630066e-01 2.531195693867478003e+00
4.184603408257624446e-01 -3.740375225758516553e-01 2.876291275761390320e+00
7.126050748120316136e-01 -1.968540292329286623e-01 3.440570282473246255e+00
7.262002846342264784e-01 -1.165195695205734072e+00 4.099973547854699696e+00
6.192732361080088843e-01 -1.410878352987763873e-01 3.395217346796773672e+00
9.053919774703614864e-01 -3.182224782130230190e-01 3.352166245140426160e+00
8.969383823081720220e-01 -6.292820724207597305e-01 3.161460664828072531e+00
8.355688771076912325e-01 -3.658014073309787673e-01 3.045729840890302853e+00
8.507884462198516129e-01 2.704131775104284818e-03 3.107013652021582306e+00
7.959082739389586880e-01 3.393722328703969171e-01 3.037005220197320998e+00
8.359864773817289318e-01 -9.693153570371390582e-02 2.767678361217325023e+00
9.051926665041603037e-01 1.836986403804753420e-01 2.535977430621517925e+00
5.855236265009615693e-01 -2.080607452783820310e-01 2.244187387409684487e+00
2.731633153012031356e-01 1.692778619495668435e-01 2.355462826501134810e+00
8.005120576787784215e-01 3.190955182103878407e-01 2.719114174858975552e+00
5.517039007680061280e-01 3.361233961244542989e-01 2.514242337864482923e+00
6.637480103992239311e-01 5.355541027394628006e-01 1.950977983206902522e+00
6.430435173261171977e-01 5.411192594063698458e-01 2.149090253916230875e+00
4.258247970172400754e-01 2.971905731546445328e-03 2.759775157147084990e+00
6.853631168279755714e-01 1.995817991389635115e-01 3.107227244224396667e+00
4.557657483756417660e-01 1.776967352334385686e-01 3.784580116879631362e+00
3.240360792089568287e-01 -1.348630872411580861e-01 4.146165548022358038e+00
3.044448469838099136e-01 3.282954995617284877e-01 3.667264036161769880e+00
4.604554634796216295e-01 2.718487267047259848e-01 3.505299463397999471e+00
5.202825965759051430e-01 -1.323600936122122373e-01 3.720565808051944590e+00
9.886265711545955126e-01 2.861609668178338728e-01 3.482920500379483641e+00
9.733020868284760763e-01 4.399353766293375712e-01 3.573933637692263243e+00
1.209122319315521166e+00 9.854337511025065277e-01 2.769872078988572017e+00
1.166724308687629552e+00 7.748687545571091295e-01 3.159375381800776150e+00
1.052348913318759571e+00 2.572523694442822584e-01 3.301704388731491857e+00
9.097572135328819698e-01 4.360138161275529667e-01 3.431251372976087843e+00
4.481686855640940048e-01 7.315958814089498219e-01 2.568819306594471552e+00
1.233538517449300098e+00 1.174973069174245932e+00 2.262946676696717674e+00
1.476755038894211003e+00 9.886327621188681913e-01 1.953667566114375864e+00
4.174461883786508842e-01 1.502742588682862035e+00 1.747842010483748654e+00
1.028571591260358797e+00 5.363311340094170099e-01 1.729979044124493770e+00
8.414188283802822577e-01 5.207983411117251826e-01 1.980585600865383711e+00
1.970631998333708390e-01 8.289406951436630866e-01 1.595060064113893450e+00
4.312994404717003238e-01 4.170579738551505877e-01 2.834970250950582304e+00
-1.616089514834053928e-02 6.357728776178214192e-01 2.982886572019259663e+00
6.940492394064169401e-01 5.503626152001914740e-01 3.189437766204596958e+00
8.442071005116384974e-01 1.169981733526410661e+00 2.826659583536067721e+00
5.675596578977466500e-01 8.097443810279190135e-01 3.036894867796643194e+00
1.156240987478809989e+00 1.212768213749999324e+00 3.266031151038003344e+00
1.030636790265914149e+00 9.953141726178504900e-01 2.975498042252950004e+00
9.759095572581331091e-01 3.637906051089128678e-01 2.880949116213269434e+00
6.198483426872695157e-01 -3.014538682729878127e-01 3.071869940944129684e+00
2.398757679204437943e-01 -1.264071746636629412e-01 3.281916787865322593e+00
4.368999832330737743e-01 -3.940304587056044916e-01 3.849457350888108920e+00
8.596217375955560458e-01 -2.886240021310458315e-01 3.088008839663310301e+00
1.303326030584900819e+00 8.028827398574951424e-01 3.737420624382723489e+00
1.086481693894747691e+00 8.889109874693182922e-01 3.622451735183517041e+00
5.870714953780821199e-01 1.051803696115635400e+00 3.195880620341692957e+00
5.229068479394630709e-01 8.679696457305691171e-01 3.362960777796584200e+00
1.119062526280927949e+00 5.276674564133596590e-01 4.032533932190372816e+00
5.009504718283164237e-01 -2.761779954598084230e-02 3.893628542792861413e+00
5.679902374042722357e-01 1.153710929550490483e-01 2.874875911961925379e+00
5.879289246599658236e-01 -4.639754739566542829e-01 3.266758782111280901e+00
5.685867401831610213e-01 -3.156876980747240213e-01 2.550677910802043868e+00
7.123828144361903369e-01 4.424264497235013693e-01 2.263567896022449233e+00
1.145870515480768015e+00 5.625760336641461024e-01 2.390576870568986045e+00
4.954648959578401568e-01 7.628838584726226335e-01 2.345704778739906349e+00
6.294266676746177458e-01 8.363095311653302444e-01 2.816231228204874704e+00
1.613771304791753236e+00 1.280129977979412415e+00 2.948456807639659338e+00
1.524779737886766240e+00 1.494120181368572275e+00 2.650409185977255166e+00
1.681009381387617463e+00 1.761656601560456892e+00 2.490082787560234046e+00
1.612921938564489288e+00 1.350363383814837448e+00 2.027188932553964040e+00
2.064511220766272359e+00 6.962753172386273448e-01 2.146507302595854316e+00
2.337704935016531760e+00 1.557300201788237026e-01 2.253775587454205365e+00
1.736259378590952362e+00 9.678325983647202702e-02 1.968744051063964884e+00
1.959544555281706124e+00 1.274109301852332787e-01 1.971889487034497401e+00
1.333692026269638120e+00 2.166535619079768549e-01 7.851231514654209986e-01
2.011069165948860427e+00 4.145842038856007994e-01 2.001475352207869207e+00
2.220519676000029197e+00 1.137836022083551502e+00 2.491231110365248025e+00
1.284844426624338620e+00 6.985251526371595299e-01 2.408947170064134280e+00
1.102945254271590070e+00 -5.595778792607400409e-02 2.333201801365224259e+00
1.236192756669224346e+00 7.673517908478005856e-02 2.264110324361571891e+00
9.174250869095423866e-01 5.094707927797418323e-01 2.052074955549273660e+00
1.458773930150791820e+00 6.854565160413622626e-01 2.631403823250432872e+00
1.072707192835842926e+00 1.091381250536806791e+00 2.375136151123488304e+00
7.033987417280953558e-01 9.373741927703165278e-01 2.026590532968525871e+00
6.824968289412739475e-01 8.134908198694109638e-01 2.021851112708081821e+00
8.795201512881556383e-01 4.088018519529214578e-01 2.533439578730944941e+00
7.859993391118712536e-01 1.064162130787321026e+00 2.606744725549444475e+00
7.330853523999607546e-01 1.541933126258066222e+00 2.366160089084436979e+00
7.181688301525261942e-01 1.909229773362062454e+00 2.685707578586604249e+00
1.106516230795387745e+00 2.053247784757851413e+00 2.938353088464415563e+00
5.998788168379506347e-01 1.907028538485902036e+00 2.921262127801859787e+00
8.981805962843856239e-01 1.695704559359431762e+00 2.552608808451524602e+00
1.428782361380631860e+00 1.097227898101532428e+00 1.847544119069795876e+00
1.456185407363294937e+00 7.213074422620721071e-01 2.142006699561633365e+00
1.176169506215686722e+00 2.602078406674815936e-01 2.764117145165598810e+00
9.851028674232714666e-01 -1.413808630598762939e-01 3.546490138646977819e+00
8.817899558859174647e-01 -3.303740700947516706e-01 3.406168144207419868e+00
4.910537503032016415e-01 1.936479038157283283e-01 3.349090042114193810e+00
9.796676751321197196e-01 2.069529063150312431e-01 3.607108788932808618e+00
4.029840724405325258e-01 -3.921080907824406325e-02 3.308610411267584261e+00
5.145355573576936292e-01 -5.396192572925275766e-01 2.970505319187599635e+00
6.493713663374087730e-01 -4.465017894548478639e-02 3.404900434518747687e+00
5.922970342753636208e-01 4.465440518290351157e-01 3.693767428912202000e+00
9.031738488174509971e-01 1.153809353284709793e+00 3.968042657132726081e+00
8.439696575367701126e-01 4.755391352645492731e-01 4.146137956182798234e+00
8.439696575367701126e-01 4.755391352645492731e-01 4.146137956182798234e+00
1.343820642826969891e+00 4.655051258100537104e-01 3.867358128897681713e+00
5.520870396924835166e-01 -2.897986876709324200e-01 3.888831188848538734e+00
6.639678833737920893e-01 5.513107344295954670e-02 3.601595663631059985e+00
6.160623578933428490e-01 6.850430879736977285e-01 3.340554472473567849e+00
8.076216858151681333e-01 1.286020944302079361e+00 2.966835327316915460e+00
1.404469368346643598e+00 1.933744021973557325e+00 2.580452078896275481e+00
1.322987317960204523e+00 1.258549230015680864e+00 2.228164884739498142e+00
1.536097264740559520e+00 1.167263462373560712e+00 1.605485889187322268e+00
1.659131388973705379e+00 6.508756778472186699e-01 1.531640062068248431e+00
1.237408675626576970e+00 1.052338504429578325e+00 1.435798064473196689e+00
1.352458995021249555e+00 7.733212382134034835e-01 1.366983339437522593e+00
1.189635109533050628e+00 -8.904500159960618277e-02 1.929183823738129577e+00
9.470885825682816561e-01 -1.408466296653201055e-01 1.916597843655676980e+00
1.646886145732674167e-01 -8.682107936780597557e-02 1.558974393935478098e+00
7.882750113027559014e-02 -3.900097195946644613e-01 1.454194495342210791e+00
5.972335200118417120e-01 -4.556293362289928761e-02 2.015283481879371230e+00
3.231069114886651050e-01 -6.814946158854383595e-01 2.221461954752270707e+00
1.917744352215497994e-01 -9.823694026984014505e-01 2.793604677627179456e+00
3.678082402627929071e-01 -7.503081097474688654e-01 3.144459744301024706e+00
7.123297720067749417e-01 -3.136068343172296324e-02 3.321601856825562749e+00
7.973435393942214233e-01 -3.743590302606006337e-01 2.472492747421236814e+00
1.063521142132275443e+00 2.421335731267521552e-01 2.464678942207092494e+00
7.907394172915644948e-01 1.662452156172960771e-01 2.075674238432986485e+00
9.357276356438578579e-01 2.215222348050473189e-02 2.298288177515039887e+00
1.147914343047559127e+00 -6.403339521061215955e-03 2.252389048485712308e+00
8.152097288911833717e-01 -4.157630778779019404e-02 2.508336210045416959e+00
7.673779009073879998e-01 -1.139249501223644490e-01 2.584390006078962632e+00
5.591629966932883944e-01 5.180232861107334635e-02 2.385012551041477025e+00
1.257837005115026274e+00 1.739384263266799402e-01 1.724904603093944111e+00
9.690521932247532222e-01 6.354773342956184790e-01 1.922408093347885760e+00
8.656895883694485372e-01 4.596097092965180653e-01 1.802488926427004090e+00
5.124658747106671797e-01 3.973767352971255828e-01 1.591768638064419372e+00
5.426084035459295407e-01 6.382343459126115226e-01 1.307638885880131774e+00
1.040890343483711122e+00 5.750218783671725564e-01 1.169124347264411945e+00
7.525209559700986039e-01 -1.254444268722660627e-01 1.917221972060921820e+00
1.152282814543917677e+00 3.505914988462214277e-01 1.740823557170109614e+00
8.971776391053372102e-01 6.211269256981364340e-01 2.468967739312771137e+00
1.584190472825479423e+00 8.427702322379083677e-01 1.985046714857862549e+00
1.383361754875699123e+00 1.215039123909273044e+00 1.972948559756401821e+00
1.231188340576136575e+00 1.413995676249212741e+00 1.559686369825203034e+00
1.071718987022655334e+00 9.991487815937014627e-01 1.463478136310727873e+00
9.165919559455180110e-01 3.565585887168550849e-01 1.784520286356640284e+00
4.293891681496762591e-01 -8.867792878397470768e-02 1.447665493882295928e+00
4.121214254673825628e-01 -1.316262799362427627e-01 1.967090713940195856e+00
2.880443116744302867e-01 -4.415929833511274549e-01 1.682196583041366322e+00
2.924606811070758483e-01 -5.952199396389310504e-01 2.146737308312234749e+00
2.747742146091030069e-01 -3.924167069169211541e-01 2.268648007736553840e+00
8.120439583735362676e-01 -2.618883582871267546e-03 2.507574983158678439e+00
9.983526849427037941e-01 1.455250435621719962e-01 2.513730448755820746e+00
7.461313029442736555e-01 1.184920184135543619e-01 2.669040299217821932e+00
9.110660558020018396e-01 2.422351240872612499e-01 2.526716003624368323e+00
8.719486058075774926e-01 1.244619195401310413e-01 3.036191827813222055e+00
9.561964998239183000e-01 -6.236946153172533147e-02 2.807895522019581147e+00
1.016770639363130391e+00 -2.090403165178186806e-02 3.049927665860972414e+00
1.044142420892623990e+00 -1.207291111400420336e-01 3.633241549273673154e+00
1.256252937878401754e+00 -3.113665723169257993e-02 4.170356881632379498e+00
1.405559958325190539e+00 -3.695567167276000986e-01 3.975022000849678161e+00
8.292747429057274466e-01 -5.055438553937542656e-02 3.766659916422782306e+00
1.781786871424091867e+00 -3.124380837508704267e-02 3.761518279086910610e+00
1.827086459675169916e+00 2.710862129659581399e-01 3.356481222592520908e+00
2.167384050934480388e+00 4.836770755391735510e-01 2.022313786142081682e+00
2.666794046874660928e+00 9.980668448174934149e-01 2.279983447210045089e+00
2.680419799771224909e+00 1.075121400475840705e+00 2.661532903518682325e+00
3.154766191540595344e+00 6.122352822164205399e-01 2.912942862604967598e+00
2.992411267179121648e+00 5.330642457565165637e-01 2.717301892175260303e+00
2.308536294258522581e+00 -4.352699458380693276e-02 3.379081952245500897e+00
1.718646924287612121e+00 9.589185303555460838e-01 3.721592016993813701e+00
9.831674959710359207e-01 8.953618456039804663e-01 3.638809076529090802e+00
7.921226019499399973e-01 2.140219192829581618e-01 3.796432458967813339e+00
2.817552084432435877e-01 4.588222257157970607e-01 3.410436474282567687e+00
8.310998841526237024e-01 5.793224385555649780e-01 3.582952710094462034e+00
8.443698907376644414e-01 -2.955877845764068867e-01 3.734041137266732591e+00
4.249686527602102304e-01 -1.115233401196672192e-01 3.652403318813567612e+00
1.376123470216748246e-01 -6.667679714928339552e-01 3.691101746979109866e+00
4.846771215494036777e-01 -3.160869353105710822e-02 4.024020929162895222e+00
6.797328966430919994e-01 -2.836720158181827989e-01 3.683480924298508263e+00
8.091204150412539819e-01 -5.677381057067408809e-01 4.311673601408384293e+00
8.566390076253967145e-02 -1.530048563375045467e-01 3.759357464164452267e+00
5.286965924232268632e-01 -3.665540192673243380e-01 3.572620727634345350e+00
8.162530096405418156e-01 -1.425841991789756347e-01 3.472575370922415416e+00
1.272700247278379937e+00 3.812375574318069976e-02 3.809023694620591094e+00
1.877311715735952458e+00 6.799706432347327745e-01 3.805952224428995834e+00
1.331451893771579797e+00 9.436785483438390187e-01 4.052804245728453658e+00
9.420805709161371722e-01 6.869272897287739821e-02 3.590556266924453066e+00
5.478470888144320039e-01 -6.107915454956348578e-01 3.854106563094009008e+00
1.283230184231249904e+00 -6.578628755168564046e-01 3.663783040262083457e+00
8.788934281134522797e-01 -6.565308922147436999e-01 3.532948682859056166e+00
8.384128995102598791e-01 -5.963366259196170027e-01 3.468261642155663793e+00
2.678425786753936277e-01 -8.915251332946307894e-01 3.589958867858675795e+00
4.419771315661734645e-01 -6.872042899834622798e-01 3.521973382931428365e+00
9.884044522786666898e-01 -1.797493580922218392e-01 3.470687378461394523e+00
1.446595094805071868e+00 3.899886104939768727e-01 3.156493144599220813e+00
7.811468114070765356e-01 5.631679162260245786e-01 3.054700387591554378e+00
1.013758711169934656e+00 5.777079090349632740e-01 2.777334691502897357e+00
7.619085717598932384e-01 4.477083918575111565e-03 2.490714011387384019e+00
5.685117984559473481e-01 2.628071291192222159e-01 2.709063213752205268e+00
1.337346317867533996e+00 3.202166592294160563e-01 2.203823263340931149e+00
1.543548318903561034e+00 3.815023549533679281e-01 2.126710145597576318e+00
1.473595462465872918e+00 1.383607889963762494e+00 2.235539699307463657e+00
1.404973865953566659e+00 1.438186520017300740e+00 2.721300233768810362e+00
1.091899551623978670e+00 7.071694402357301401e-01 2.205252637928503123e+00
1.199015380534489639e+00 8.620885951078497422e-01 2.021958659039017281e+00
1.097900851197254557e+00 6.564933005887032547e-01 2.573041004273847854e+00
1.212001525594780693e+00 5.788914960862464598e-01 2.230766233694943868e+00
1.678118659672958257e+00 2.725895619633055267e-01 2.120251554855310250e+00
9.737916268548443277e-01 3.419300138698403435e-01 1.821463229325860134e+00
1.447342694117901507e+00 9.959116213718460786e-02 2.450000694826917513e+00
1.270848883993893619e+00 -1.661218329168382968e-01 1.835674031845366594e+00
6.213729640094809437e-01 -1.286588572581656154e-01 2.248821362049412187e+00
7.654992397407920368e-01 -1.836757492043950696e-02 2.304572746646748271e+00
-1.384512844771890738e-01 -4.341994305871311327e-02 1.828436474194248706e+00
2.697253687205812822e-01 -1.734527530686509333e-01 1.644016363982049755e+00
2.607384652091037647e-01 1.517695984803770770e-01 1.818066914483416507e+00
2.789322113337157627e-01 -1.640531113286152476e-01 2.548996036100371398e+00
4.670962497941906211e-01 -5.324815079360470382e-02 2.721956242969494788e+00
1.085104818301683371e+00 -4.558991013439143702e-01 2.703145390467882603e+00
9.219698139486048882e-01 3.309944827210190565e-01 2.267318166983782302e+00
8.406022022101293789e-01 -2.335705373063891310e-02 2.543147210675922754e+00
4.014655917383104233e-01 7.486851958697088305e-02 2.749490789769678756e+00
1.140034428661711230e+00 2.968749391115167446e-01 3.088032614107211860e+00
1.066667438625845898e+00 2.473003365536713960e-01 2.879560302499356350e+00
7.893893854559437262e-01 5.901586225751547232e-01 2.902169547406580730e+00
7.650044766666111995e-01 1.319273016971789225e-01 2.388281072247628423e+00
7.684834276460998925e-01 -2.014206591635346599e-01 2.000314651236869690e+00
7.256847665819197157e-01 -2.957984357110839402e-01 2.498537146814001630e+00
9.152393654454590299e-01 -1.197057048724099459e-01 2.919209092386747972e+00
1.082755601940121659e+00 -1.359306205545625923e-01 2.246986905538918222e+00
1.348275888374256271e+00 -5.914984772584465089e-01 2.471899699056220978e+00
1.286497596332491833e+00 -7.036414040845842544e-02 2.216684951825385941e+00
1.313989294678815867e+00 -1.226721375858418339e-01 2.083145194454695925e+00
1.669169958505667850e+00 1.001689952953949803e+00 2.182758844872056514e+00
1.352570510874379073e+00 1.002457416833481441e+00 2.241375134621816034e+00
1.412063112052748037e+00 6.639099355175900330e-01 2.236915043258245639e+00
1.574452346341739029e+00 7.289068150301893922e-01 2.719129107311696991e+00
1.689970381641281660e+00 1.118165750590028651e+00 2.492567098106879264e+00
1.815352122931163326e+00 7.072690354082965536e-01 1.669870112800045270e+00
1.605663556700157812e+00 5.905766576650911537e-01 1.643408148621599452e+00
1.736165445212309866e+00 4.472246936321553901e-01 2.221153574985031298e+00
1.597904674138224124e+00 -3.059843301674686211e-02 1.898828493821311580e+00
1.252668809544884576e+00 3.481566659859068880e-01 7.250998566365867148e-01
9.516243342227239665e-01 2.076540898582341643e-01 1.270195262310731099e+00
1.231987912474571623e+00 -4.788646466462240792e-01 1.238392330467806612e+00
9.600053157691150751e-01 1.851005371661186838e-01 1.472689390792080388e+00
1.324214046744280893e+00 -1.892975926262231712e-02 1.528978079961968772e+00
1.051406984920527199e+00 5.802598293875688151e-01 2.096452888248641955e+00
8.456761943527850711e-01 4.294935472511679508e-01 2.333452245017086035e+00
8.992674019289857990e-01 5.819985941896014259e-01 2.199070478984229471e+00
1.060695126282875433e+00 1.072096099521840040e+00 2.946936027267224478e+00
1.069270931731251872e+00 1.133114232670109578e+00 3.225873589653488249e+00
1.797708343301765543e+00 1.054009127736826423e+00 3.505383955518349470e+00
2.317950481579337918e+00 8.521750032119679297e-01 4.052163309116057377e+00
1.502731421195585337e+00 2.410734028817090868e-01 4.923690628555700499e+00
1.658729909722372220e+00 4.667206849725267226e-01 5.539552333416751573e+00
1.229043358648128637e+00 8.835022610780435270e-01 5.976704193589669423e+00
6.964253038038649146e-01 5.799619499893894359e-01 6.368004002228170535e+00
8.874900014336977172e-01 2.499560108939170022e-01 6.480642090130750432e+00
5.009080261931050382e-01 1.149927392273650262e-01 6.540972609537761606e+00
8.353518828706204546e-01 6.811783778096169861e-01 5.475177493405195328e+00
6.830330539630182773e-01 6.958423124977912710e-01 5.413287931215159610e+00
4.015678505018884237e-01 -2.461506430374630627e-01 5.498641058228554535e+00
1.493118808807324394e-01 -5.974318692787564666e-01 5.350334825708967124e+00
2.611579405455875524e-01 -4.838832565306449007e-01 5.192920919584428141e+00
8.159790193665585889e-01 4.439249254665251776e-01 4.998916493716663467e+00
7.784469217162411914e-01 5.598126968540519943e-01 5.126397670615289393e+00
1.418507431035204824e+00 4.977453248982659506e-01 4.875551151242906833e+00
1.044001128196410333e+00 -2.079956691555541748e-01 5.189370165979078742e+00
1.265150280724489873e+00 -1.938298232246093433e-01 5.142497049557597677e+00
1.699016926997041876e+00 6.842483232837571760e-01 5.693712108955896412e+00
1.875162153247318164e+00 7.563611431303413069e-01 5.253054494825597942e+00
2.687593147751707434e+00 7.634767809852706089e-01 5.439932197396097457e+00
2.735500071393672794e+00 1.407773691702915553e+00 4.930233574503793292e+00
3.268652480261430515e+00 1.293366393646614210e+00 4.302766458091561219e+00
3.185871244680568815e+00 8.942600180055640946e-01 4.672348923103803564e+00
3.543738241245408371e+00 7.618945160040389020e-01 5.013895389309043438e+00
3.505963542708789404e+00 3.005500457143840953e-01 5.053954851872728860e+00
4.097268062772874586e+00 3.224835167613951392e-01 5.069415587988939542e+00
3.422060469641057701e+00 1.370808403408691756e-01 5.097885687904003760e+00
2.650769643586972091e+00 1.606129097967175928e-02 5.185674634473998346e+00
1.843532264956766031e+00 2.505232980619159777e-01 4.902805378136519288e+00
1.502661806547544998e+00 -1.446501752676809249e-01 4.798929138966104624e+00
1.729927260413168133e+00 7.906957699748330404e-01 4.295741553323686901e+00
1.707160470711331923e+00 4.839575533228381299e-01 3.507944868744867328e+00
7.446993921179919651e-01 -1.056464782151428083e-01 3.871902507309281205e+00
7.888839997664580661e-01 1.064603161040627438e-02 3.723508612570118004e+00
3.593946551471323136e-01 -2.263780211864374059e-01 3.470858988813637858e+00
5.768806884008154112e-01 -7.276807440273479199e-02 3.384259571062557814e+00
9.018328256028761425e-01 -2.415556845318518886e-01 3.054387917103693173e+00
5.412246750234179782e-01 -3.362638527297759361e-01 2.908025694574444486e+00
6.881934020402945551e-01 -5.927558096254786912e-01 2.009322651548387295e+00
1.206060759706866659e+00 -6.553874441218632274e-01 2.124873818606234366e+00
1.127417639325575038e+00 -1.333595941126579365e-01 2.503084130656675566e+00
1.094058155052480830e+00 2.305656444350765166e-01 1.903047112121866835e+00
1.428822348180231350e+00 2.868515103528602728e-01 1.613626308590260017e+00
7.091212361510590423e-01 4.063046182325527056e-01 1.474919944632523183e+00
1.147769427749530946e+00 6.566189510539014451e-01 2.474093431524624354e+00
1.508560561022008306e+00 2.933387065522565784e-01 2.569786598106132747e+00
1.572415793491489078e+00 -1.857555225475402416e-01 2.044700934499298572e+00
1.395528824183659866e+00 4.757673980259852775e-01 2.669938059053783785e+00
1.311074062344516067e+00 5.569740045000581841e-01 3.144945265255723488e+00
1.564021009643775884e+00 6.153740535866992767e-01 2.763832878838809126e+00
1.561482089249838889e+00 6.349969635386681910e-01 2.061919135501772082e+00
1.153108176971220811e+00 5.246077853638188015e-01 2.320802560710983453e+00
8.816222519845529071e-01 1.718558200012803294e-01 2.261267324384584221e+00
7.200460550825413808e-01 -1.975767686566597126e-01 1.847621395816325007e+00
4.690415085600870282e-01 1.976400000799339307e-01 1.736502464809371871e+00
4.212837429867415939e-01 3.147323364554647229e-01 1.672133303090831191e+00
2.580783455690457973e-01 -1.687764766261622973e-01 1.386419350401916439e+00
7.847690070140677099e-01 3.025498428699900932e-01 1.712604229870142492e+00
7.023910595398568102e-01 -7.341455218367340385e-02 1.854531685362077464e+00
7.712463951130198447e-01 2.963608137037531121e-01 1.515569263576321379e+00
7.352186976423267240e-01 5.530413470778603457e-01 1.753076108552791279e+00
1.492280032094146947e+00 4.432119417732691691e-01 2.087723377656133916e+00
1.588048291965102221e+00 2.394612302607823651e-01 2.898036445371684255e+00
4.291335746451416799e-01 -1.645620811475758116e-01 2.602864027374125921e+00
9.160391358888601010e-01 2.233659483413245328e-01 2.717331774241545705e+00
6.160316674593742103e-01 2.063198020475442984e-01 2.785349951483829134e+00
9.538978354945207849e-01 5.854861892632766684e-01 2.425960577000916274e+00
4.203385294243285886e-01 1.883369463691397794e-01 1.991308634031200286e+00
1.264083241420115966e+00 5.672486705240190608e-01 1.845358219548688172e+00
1.247254744555039263e+00 7.231743323426049752e-01 1.542591818397682113e+00
1.471863064347043171e+00 8.534188149438889370e-01 1.421876235639255581e+00
1.785920073047193579e+00 9.673528883050850347e-01 1.256015499749753017e+00
2.152150022208149771e+00 1.752639425123928785e+00 2.138099123047800365e+00
1.506515787929146200e+00 1.534109308451126807e+00 3.233185394572687166e+00
1.411245100928213647e+00 1.037155233539941657e+00 3.013397835934622737e+00
1.421839886465481761e+00 1.180595225466369191e+00 3.104695056706159306e+00
2.334172274225279509e+00 9.831167796905723177e-01 2.395389750761836023e+00
2.004549379217491545e+00 1.453335184819386505e+00 2.816254608088693434e+00
2.322406585690245606e+00 1.281020397775779474e+00 2.775129600157501208e+00
2.092587294087577376e+00 4.210829174825406196e-02 2.836496609751899989e+00
2.244700996290851958e+00 6.424594113808796969e-01 2.750539871302849715e+00
2.251487318691641093e+00 9.763908204065967489e-01 2.856635087485592361e+00
2.377474043653880376e+00 7.629365924568088930e-01 2.813938284417404123e+00
2.541164481436319011e+00 7.617112235743429549e-01 3.344358381020112070e+00
2.416351918033619040e+00 1.217641647659987836e+00 3.609639489870767548e+00
2.676890584489527658e+00 1.641108160857915887e+00 3.645666131021406908e+00
2.876177503668920554e+00 2.027881553271004833e+00 3.775321795852920381e+00
2.881340416257636150e+00 1.728060957869464564e+00 3.017345449654280642e+00
3.028837699848382137e+00 2.603401576709619469e+00 2.872103487667540200e+00
3.061204844724639162e+00 2.220660740006252354e+00 3.255026945775025382e+00
2.750314175954645890e+00 2.284200527563670757e+00 3.020125355633424213e+00
2.950322832664665551e+00 2.228460935631076723e+00 2.123352667583122244e+00
2.904175146951594400e+00 1.979112648204777170e+00 1.738584517773046567e+00
2.498919297677744566e+00 1.144756797717108698e+00 2.028320938681007934e+00
2.812491845475888930e+00 1.060547912446593521e+00 1.792654343011354179e+00
2.429164313761735805e+00 1.533287245132119558e+00 1.954899954722643551e+00
2.210528307550628124e+00 1.536358855940597179e+00 1.728705253334817726e+00
2.190150273557273763e+00 1.855733822281686818e+00 2.448028467240400463e+00
1.582208691131729017e+00 1.670270853223726926e+00 2.752757622040800989e+00
1.394915355843519000e+00 2.077618165184484056e+00 2.463169650674454925e+00
1.816132573875374412e+00 1.211843511824861608e+00 2.522129427579070438e+00
1.965853155301076294e+00 6.006007489615914352e-01 2.496266035023432472e+00
1.007984372728134570e+00 8.675480361732903489e-01 3.450354138186411124e+00
9.861665445444494082e-01 4.477386362170452383e-01 3.361902938580392686e+00
1.214139217037186302e+00 3.693262962010094297e-01 3.350254527244487690e+00
5.148089097434815908e-01 2.145634583872659817e-01 3.784477754453748233e+00
-6.271162411435975137e-02 4.426198581284246369e-02 4.071709456100100155e+00
5.448317527867454491e-01 -3.177377753417058304e-01 3.741525845544586559e+00
6.085960104214893640e-01 -2.642724594463908838e-01 3.874976332509946442e+00
4.496422026977737185e-01 -3.560238750844775257e-01 4.291676262632188710e+00
8.515173374971348741e-01 -3.033666551363299879e-01 4.422964288738194583e+00
1.355884708508629632e+00 -1.237559417083158031e-01 4.228196129304221174e+00
1.758109723127618818e+00 2.261937953518455835e-01 4.175212102160122285e+00
1.870535622546506183e+00 5.601916614895643409e-01 4.154189066231332106e+00
1.787356027094065603e+00 7.777832140721511189e-01 4.538940265803715235e+00
1.644777765873501219e+00 1.285775886421176795e+00 4.518393109225677939e+00
1.539420056310339957e+00 9.337943116648060871e-01 4.741549714264593263e+00
1.717164634189304540e+00 1.811460135187468734e-01 4.085332772731526063e+00
1.533079551839051202e+00 -1.333495111327676064e-01 3.952911798637897434e+00
1.528947930875963257e+00 -2.431240280105506080e-01 3.950766000500094854e+00
1.284597122894652443e+00 -5.473755536098559027e-01 4.907585733802886985e+00
1.180225815192328609e+00 -2.368348912659760108e-01 4.990154940163506581e+00
1.002771337249825034e+00 -3.826785206250553073e-01 4.992893523764519337e+00
6.666711181647995144e-01 -1.084886911879607979e-01 4.980723763899849388e+00
3.737366100764192844e-01 -5.255536191919145672e-01 4.670512570709533406e+00
7.234422209920413627e-01 -1.736031769577425776e-01 4.637385244697629361e+00
9.602079561445343581e-01 -1.152509011111436249e-02 4.498483880096100229e+00
1.090046189690490053e+00 2.023683285474139892e-01 4.505709636880219193e+00
5.600064918660586644e-01 4.277486156188772259e-01 4.782707380268833575e+00
1.086606820889302050e+00 6.856994262107730664e-01 4.564723428268250949e+00
1.573892404524145139e+00 8.935232527758601995e-01 3.938958110437510207e+00
2.075415275500768875e+00 7.889256312509032032e-01 3.933831065769035185e+00
1.481980663860192893e+00 8.081092408622476686e-01 3.962850637126090536e+00
1.609440935162090858e+00 8.052303575908488220e-01 4.012882207776434562e+00
1.551453461573343295e+00 8.472789751418224879e-01 3.809667508493021160e+00
1.575708971461746932e+00 6.982320735409152102e-01 4.606290421289052084e+00
1.778327199418780813e+00 2.583142466553349226e-01 4.657073029664024588e+00
1.797451642410906825e+00 3.150482193207553849e-01 4.886243363117818816e+00
1.196956765284155288e+00 6.777568681598851175e-01 5.081529087007057299e+00
9.874797423033762067e-01 8.373078795177418820e-01 4.940022101220380435e+00
6.447748743967852691e-01 5.198978644475514832e-01 5.708642210548494411e+00
5.272160339871869716e-01 7.938854849031854455e-01 6.401490802532311619e+00
8.108812180946316506e-01 1.099324511921579539e+00 5.959861834384616586e+00
1.235430350495522855e+00 1.267866562425101540e+00 6.057963519057167012e+00
1.582016289633095596e+00 1.153552843717889687e+00 5.924856081746423087e+00
1.081764538794225627e+00 4.055061639443909294e-01 6.355747657041463050e+00
1.477976195335010567e+00 3.757302240412845884e-01 6.296930607020023274e+00
9.101055105780216925e-01 7.996684632669404103e-01 7.058982771667582590e+00
1.232056096390610422e+00 7.726605760982268034e-01 6.676334774689986595e+00
1.231143148671167031e+00 2.522325735794795354e-01 6.750857603406259067e+00
1.116247315930093631e+00 1.569978596182136088e-01 6.035385073948460466e+00
1.109638809197147191e+00 -2.431902108682225949e-01 5.898819866768683973e+00
1.330414596637167435e+00 -3.021865092344951931e-01 5.572607894463296851e+00
1.199920256312037470e+00 3.444902433181015744e-01 4.865821807338696736e+00
1.515906280711263321e+00 5.676551063912632644e-01 4.703393106896651688e+00
5.827630366323082178e-01 1.127022740006637713e+00 4.012073161957025569e+00
1.204597931282112233e+00 8.125637446619586868e-01 4.158331753228798000e+00
1.964924539827124006e+00 4.611838002295253758e-01 3.747157519828903549e+00
2.031600927863068673e+00 1.765430107178885266e-01 3.941499996214692825e+00
2.895131101176035227e+00 4.473105849103563014e-01 3.827528447159799008e+00
3.116657435975655588e+00 5.320615998432438598e-01 4.441780711770801027e+00
3.701331525100563180e+00 1.242441011784540583e+00 4.121680639786768907e+00
3.708801983278224856e+00 1.415040886747370941e+00 3.720026237332465069e+00
3.608954742742944255e+00 1.271588391495149128e+00 3.551378227905681584e+00
3.752801443301355011e+00 1.448929227815340726e+00 3.744101225759901119e+00
2.926238429039645261e+00 1.392403971660774342e+00 3.897574716306030584e+00
2.372397381241924119e+00 1.960777482786751902e+00 3.474316661868414258e+00
2.285006618933737688e+00 1.815702243008076033e+00 2.733703618310981742e+00
2.488735190310042089e+00 2.038816510356034506e+00 2.529139450714557036e+00
2.533303583990166974e+00 1.502951755790706612e+00 2.112854511413807312e+00
2.252648897783394499e+00 1.118361429406176555e+00 2.279436514100203759e+00
1.977280623971954032e+00 1.333758322098037796e+00 2.043071961593626362e+00
2.096120460114379469e+00 1.300574012873704444e+00 1.893735290510199842e+00
1.961347144608954318e+00 1.486881745680975087e+00 1.547177178237889805e+00
2.514878867811560337e+00 2.040944670319843279e+00 1.618597392124711876e+00
3.068668817052314868e+00 1.846247167363433972e+00 1.451869113939163736e+00
3.148254929994519724e+00 1.987965122892692227e+00 1.523217055146128596e+00
2.964814614049993136e+00 1.796504334505250933e+00 1.653012704535254729e+00
2.492241957220252768e+00 1.664038837128655191e+00 2.386691845806916845e+00
2.263071560221145528e+00 1.762932105174480180e+00 2.358171144527860807e+00
1.468527181289331685e+00 1.938136011191490038e+00 1.725028376745123770e+00
1.406738246828374450e+00 1.846779183466326968e+00 2.018592820529472309e+00
9.832271722044668705e-01 1.372274852313340343e+00 1.438819661777992476e+00
1.263289234533141903e+00 7.352538315332490804e-01 1.993878898992861082e+00
8.614979317950639537e-01 8.036274717399309875e-01 2.733066054446659621e+00
6.194986637672291740e-01 -4.049907296073826379e-01 3.351751015985119597e+00
8.064366434558853935e-01 -3.594705762702287144e-01 2.635245072986704962e+00
8.790452134852376753e-01 2.095342322918929967e-01 2.515782184226206919e+00
8.430320012998042678e-01 -2.711827739433738671e-01 2.462205097149276156e+00
2.745909008601562507e-01 7.797816733061507799e-02 2.901204756247703465e+00
3.602626154722528562e-01 4.866023740227868877e-01 3.112727962215726230e+00
1.778620053733481754e-01 2.470165937502928899e-01 3.113913590281380817e+00
4.910147294870123025e-01 4.922130946217150305e-01 3.279404939136778552e+00
5.904362271351277780e-01 7.817877170074338800e-01 2.980358389076930070e+00
1.554437002026476167e+00 6.804751050210616770e-01 3.997355601463058683e+00
7.368410832743346184e-01 8.608622993145110813e-01 3.951811839152865158e+00
6.352868673356748541e-01 4.611633122519397388e-01 4.041536157587438893e+00
4.190336612725612531e-01 5.848748333975463121e-01 3.537384455194300337e+00
5.247922051342257532e-01 4.490119987584106909e-01 3.387156039220043269e+00
1.239055441315137340e+00 -3.573650247107246214e-02 2.956209030602233057e+00
8.571488080010196686e-01 -3.609701117831022599e-02 2.858798474089831565e+00
6.504952035579892877e-01 -2.157464435971487848e-01 3.548055719759939830e+00
6.768582279304634630e-01 -1.019407237562388047e-01 3.229358641569207045e+00
1.243136450118512482e+00 -7.777030283411611178e-01 3.003540056669932401e+00
9.564582264575279824e-01 -3.802783504679386195e-01 3.143733227065310665e+00
8.434934817784783823e-01 1.104105308365353755e-02 2.925390697604685286e+00
9.518646892577734553e-01 4.490667038177951209e-01 2.686291099338700583e+00
1.465542139334233385e+00 5.056242241410998650e-01 2.953527204961469366e+00
7.476081985767444316e-01 9.834388781957771331e-01 2.398159446430635278e+00
9.514344284709725930e-01 7.470620887179137970e-01 2.278559455060086947e+00
1.019491147345994442e+00 4.026302058099171521e-01 3.106135131456025267e+00
1.025070155547716633e+00 2.470858313040241727e-02 2.965915572748412998e+00
9.829603106580561134e-01 6.535108744724716923e-01 3.419202048245446601e+00
8.910413326383483934e-01 7.056658713005575789e-01 3.248844051853604586e+00
1.333088522970404588e+00 2.947169066878232435e-01 2.953889477348565773e+00
1.010290941183562552e+00 1.028716078876037665e+00 2.441213764024761090e+00
1.306317054666533028e+00 1.102392418834626797e+00 2.288351591711116129e+00
1.289806604887797636e+00 6.363810905485498548e-01 2.284194690331466937e+00
1.194196969719103718e+00 6.037113451865245839e-01 2.005711241174970461e+00
1.310709620229880468e+00 5.704578813901942658e-01 2.220463430148350792e+00
1.629353628015694833e+00 9.886738287036505035e-01 2.291165193529996369e+00
1.178785340590781106e+00 1.028151014505524818e+00 2.536634999799807666e+00
1.509575405319599550e+00 1.054038352789393951e+00 2.603312371119819169e+00
1.391277793036564292e+00 6.150515111869290230e-01 3.007873817668224259e+00
1.510190337163286767e+00 4.732369540259792617e-01 3.243370991755838872e+00
1.665143603586430876e+00 4.583933066488482533e-01 3.635127031677593212e+00
1.131077569527057181e+00 4.267969287529899680e-01 3.958508814843148205e+00
8.423706134157390446e-01 1.145501154764734381e-01 4.400319125321689562e+00
1.273314310379541459e+00 2.124879326737599550e-01 4.616451209246624110e+00
8.831036948692491118e-01 3.758539959306586575e-02 4.712710308469069354e+00
6.329652956356638382e-01 3.724888970338898764e-01 4.952104835602108679e+00
1.277990805213411463e+00 2.692150379155950346e-01 5.177749740902423348e+00
1.522850144243206749e+00 8.693198168210536370e-01 4.940673773006232672e+00
1.166975444503619785e+00 9.013935060150005674e-01 4.153524474155137369e+00
1.261126413924558376e+00 9.830724460119519836e-01 3.678462225259228280e+00
1.702032603194954197e+00 9.580177583153263177e-01 3.552058194545917313e+00
1.579991284820404518e+00 5.235559929297212145e-01 3.468375033670849206e+00
6.019288635005975996e-01 9.548561425782950973e-01 3.595609700489103222e+00
7.710581122881823291e-01 5.816371995753121249e-01 3.615666695542723019e+00
8.540408271308451704e-01 8.763034167398597862e-03 3.084428899915977240e+00
1.310144988542415900e+00 3.634784608954571006e-01 3.127974056042276185e+00
5.308702672200256156e-01 4.929315015195999128e-01 3.355526222405714964e+00
3.912110757589574161e-01 -8.909939054586787921e-02 3.205784044865505944e+00
-7.392910914242836751e-02 2.664329567839479607e-01 3.537070072271941257e+00
2.405482566811375511e-01 -9.031467208286712844e-02 3.016785595055245572e+00
5.219443707253623721e-01 6.866025914205194924e-01 2.974114975709907682e+00
1.037117887951350514e+00 1.613735502916096853e-01 2.730762847514849323e+00
9.758321321610141652e-01 5.720005907471535922e-01 1.609398752993912884e+00
1.364188214162924018e+00 7.230777706384896586e-01 1.208641103563092845e+00
1.444419524638039132e+00 8.118253093712692881e-01 1.722877254522127366e+00
1.216283824846198680e+00 7.122085634366216444e-01 2.013211110493091205e+00
1.095874430038634717e+00 4.682063705587537483e-01 1.961830649264487914e+00
1.413618212214134306e+00 3.078316979671516518e-01 1.869411173534346160e+00
1.063096324468862930e+00 2.953521159195635626e-01 1.871122866894924019e+00
1.040961139663366231e+00 2.297686436918704167e-01 1.648393939678130637e+00
1.288075320803319102e+00 2.076962160776803790e-01 2.124844144263832391e+00
1.066131701779867713e+00 3.117412958078197849e-01 2.212827197297762449e+00
1.468333221085084572e+00 -2.049273829439268724e-01 1.786188759954939087e+00
8.333255531781766923e-01 -3.358258459850633204e-01 1.306607753624692947e+00
1.200444695231061842e-01 -3.703807413804876547e-01 1.301485199280359106e+00
5.365437159818052804e-01 6.534407030208354283e-02 1.839323825788340638e+00
4.865928681911026454e-01 2.080709783985551509e-01 2.115033929285908165e+00
5.489117811209306419e-01 -1.103846829188648987e-01 2.089644323110185553e+00
1.489265962461102211e+00 2.466459949869129198e-01 2.725377483275356116e+00
9.313468241793342317e-01 1.984462489525745665e-02 2.864764700645539897e+00
4.732541123888261425e-01 5.585752405400340459e-02 3.343261617932093976e+00
6.264392123053326156e-01 1.471956136887208055e-01 2.504728018341492390e+00
7.750493156582972665e-01 2.999480982478773816e-01 2.138663904464655818e+00
6.253686600689571939e-01 2.515024636426330812e-02 2.290251954879285012e+00
4.001971042974315496e-01 4.808914941040392521e-01 2.129064688613809597e+00
8.882082108236828422e-01 3.214043240361043052e-01 2.508327149027344660e+00
1.317870451313092550e+00 -2.766808937734296370e-01 2.123802711787339259e+00
1.088989212844858390e+00 -4.803005165753948535e-01 2.368752022644387001e+00
8.678655362988336730e-01 -2.032675788984831255e-01 1.992473312231499483e+00
4.467451463733433936e-01 5.258631519502748181e-02 1.764760178569045213e+00
6.099106441791445343e-01 2.100376636930286617e-02 1.550114036224806036e+00
6.479585182589989723e-01 -1.523849397337956879e-01 1.893036622311027539e+00
2.901661199914878919e-01 1.309955527268919506e-01 2.733946986564257386e+00
4.178971176278616917e-01 8.486955977008266844e-03 2.448796655440669934e+00
1.656949838617718940e-01 -5.083320927638516895e-02 2.740621835671730011e+00
7.590184001411555137e-01 -1.622250998017438217e-01 2.748459131378493403e+00
8.539200419067793923e-01 1.322389398650359454e-02 2.655725200731168467e+00
1.183695235519710343e+00 7.541752368495153735e-01 2.063552198745976618e+00
1.327345521715698418e+00 9.626931772698067435e-01 2.145657710510299854e+00
1.076259513385098066e+00 1.351269231674654625e+00 1.709371185921924718e+00
1.056774639593995202e+00 8.211672413030282058e-01 1.792971473697668072e+00
9.132014780494830397e-01 4.569988531016461741e-01 1.986818997546728305e+00
1.081719993706568017e+00 8.826561250748531096e-02 2.810896376792139328e+00
1.625159505185790054e-01 6.505531529526422871e-03 2.715589626234869325e+00
6.654510651835512380e-01 -1.139062919414358666e-01 2.571781855833918495e+00
9.038773214130133571e-01 6.582535270710416775e-01 2.717494624755765642e+00
9.021566834748474539e-01 4.586145518939172550e-01 2.991039739727511027e+00
1.417190040724481959e+00 5.405505042866296517e-01 3.181464070681260914e+00
1.845134514281134175e+00 5.517569920890532664e-01 3.571977558783206774e+00
1.308437826036787488e+00 3.886591747766748317e-01 3.690729257287967524e+00
8.247271423732835949e-01 3.297982004009225032e-01 4.054669408886984350e+00
1.576273844962484016e+00 -4.453334153029676057e-01 4.150498453203399052e+00
1.166260007915271624e+00 5.059779732837937916e-02 4.305433106173586211e+00
5.534269685069849176e-01 -6.889655567121372171e-02 4.584927332296095948e+00
3.495522515382409323e-01 -1.194036100068404660e-01 4.228894054694269933e+00
7.012737417066275958e-01 -3.266858265763938896e-02 4.604744067995004464e+00
7.139302950160677508e-01 -1.510703187220807375e-01 4.939422334789329128e+00
8.169668904264602016e-01 3.113227322167956279e-01 4.823180029493950194e+00
9.504777614763664229e-01 2.671714937604453555e-01 4.163119066591568718e+00
8.767238220288329220e-01 7.102144582518209459e-01 4.467281176413099075e+00
1.459262758825774942e+00 8.366305145947621202e-01 4.681171395776655864e+00
1.698715307498370963e+00 3.282754506007481421e-01 3.892981900853669686e+00
1.333802850175777044e+00 1.904028356321467719e-01 3.008341313717864285e+00
1.037990271947006660e+00 -1.380887037137689122e-01 2.929464357404353070e+00
1.190130097526582054e+00 8.544014636203298152e-02 3.390363110425835380e+00
8.280979699482224898e-01 2.267696670636642486e-01 3.181403001111407391e+00
7.585977106859885799e-01 3.078566830983521796e-01 2.832782918892861268e+00
1.053978553518760242e+00 1.123236340179184500e-02 2.857421886500554287e+00
1.083543552997229709e+00 1.326053976834664153e-03 2.848443998656692067e+00
1.259365012118619287e+00 2.951301827407786793e-01 2.706694573906757828e+00
1.014651067171354004e+00 -2.371050241946182635e-01 3.104996888819521406e+00
1.770068824151652898e+00 -4.071633881994743964e-01 2.862679600742310093e+00
1.578888660780590314e+00 -4.688872219212214532e-01 2.263665080570834931e+00
6.702925668593846531e-01 -1.192574919371842124e-01 2.331919931986038641e+00
6.961602738319677686e-01 -4.843714280284384943e-02 3.011980648211813882e+00
1.177770923486289645e+00 2.521314247244435536e-01 2.652650401720956896e+00
1.196742878641288144e+00 8.125839322450925106e-01 3.099393006455067212e+00
9.734307921342729708e-01 7.591326055352944913e-01 3.156658217384825882e+00
1.426512863360451799e+00 -1.529146645342352451e-02 3.370678558923854595e+00
1.183715576771947164e+00 5.879150184619554853e-01 3.350429547694250054e+00
4.896728774099345927e-01 6.344804824591152581e-01 3.488503054538279802e+00
7.274143084502537882e-01 5.180034763267880038e-01 3.976634115758646004e+00
1.007975225245497652e+00 8.016916933211161167e-01 3.648858027807158066e+00
4.568028689736707837e-01 6.999969351525944239e-01 3.695483290002161691e+00
8.194480479368013714e-01 6.879672233721292329e-01 3.944300591271922229e+00
6.424140850582422679e-01 3.399913745573203139e-01 4.001164776332951867e+00
8.427284062242376694e-02 -8.588279869206696948e-02 4.222957122694697141e+00
5.835842462295439681e-01 -2.488524310886020274e-01 3.880528212856007464e+00
9.540638882123169129e-01 -1.923451390438433717e-01 3.522858540618928558e+00
7.573025317822863478e-01 1.091196133345295305e+00 3.427122251571896872e+00
5.455775192433727216e-01 1.172898152679346495e+00 3.567900491754568471e+00
6.912905869839610640e-01 6.161965728803261433e-01 3.509127842944656628e+00
5.642774644905307335e-01 2.690527211586981604e-01 3.610138553298962272e+00
1.223096223936072535e+00 5.381575228183983484e-01 4.117112603939779625e+00
1.239688647770852192e+00 3.294618405225650526e-01 4.118250820529572920e+00
1.724425851617160665e+00 8.592740696069519624e-01 4.046318568204323896e+00
8.879396082738764129e-01 7.291623201413850452e-01 4.082393905055200278e+00
4.554848718731843160e-01 1.105770601701959954e+00 4.089436689880247222e+00
4.452686236306756529e-01 7.053765424104196935e-01 4.124129817135569809e+00
9.370017631738911668e-01 6.377433439811132088e-01 4.031460971805708837e+00
1.292051362513324309e+00 9.761672031868603994e-02 3.047048032723350452e+00
8.825680178801439402e-01 -1.676365890013726406e-02 2.890616240839757545e+00
7.467305138597728487e-01 1.167172707463396963e-01 2.505077609840212105e+00
8.497912402960515754e-01 5.483717716313921686e-01 2.227042336682726997e+00
1.030157960318077714e+00 -1.543953696076986182e-01 2.911590892359355642e+00
7.558499282449391288e-01 -3.169052425706498505e-02 2.547523835801642988e+00
6.221272653608009851e-01 1.621443698802650657e-01 2.624965181975076778e+00
5.702950337697730854e-01 5.136460833403128090e-01 2.105568602474253037e+00
4.891616442532283893e-01 1.080389794020611416e-01 2.192197649314788332e+00
3.067323726246193871e-01 4.534961365375724807e-01 2.713203145056525045e+00
1.069932554516725531e+00 2.302546216707148652e-01 2.769204733946375452e+00
5.412011455166105822e-01 9.177944212892376330e-02 2.616178476470913949e+00
1.063143249938431678e+00 5.059459178300590443e-01 2.849659879302767873e+00
9.080561797186100792e-01 7.255352310279027384e-01 2.737752149663519763e+00
3.429954660551322032e-01 6.139153180099012896e-01 2.621782234107329135e+00
9.892920716983454321e-01 3.324583978632711934e-01 2.418595040148097119e+00
1.070628007756262878e+00 5.487411456461733783e-01 2.258024890285439845e+00
8.812099555627866954e-01 3.290213599022719926e-01 2.130585017296671602e+00
5.310390004845947365e-01 3.078112880104024729e-01 2.417976014400582407e+00
1.143473514546393455e+00 9.894691704470468530e-01 1.846643566581897655e+00
9.796299547270436170e-01 7.456272026665482500e-01 1.250542644922605584e+00
7.143185104272224972e-01 2.755361362527609659e-01 2.291186471706353256e+00
6.433724808416704244e-01 9.210410039888922151e-02 1.798964810908694201e+00
7.344632688226327977e-01 5.002372709776207182e-01 1.363637182767686751e+00
6.276796302949961825e-01 3.226063430386450492e-01 1.533038763848982855e+00
1.050460021994394921e+00 2.417562436945145388e-01 2.112043031568776374e+00
8.090664696833039793e-01 3.207732917926007232e-01 1.588447476285601789e+00
2.845143836253866687e-01 5.137180907739454794e-01 1.317374758576769223e+00
3.278681785391806547e-01 -1.749093941494880289e-01 1.229585193263821985e+00
7.505217794396251696e-01 -3.322737290461088011e-01 1.638286468679367003e+00
5.457402582839415706e-01 3.901607235183623956e-02 1.876339636131865829e+00
6.465902808266676960e-01 8.653391693918408567e-01 1.427810621178678296e+00
6.681938078915213852e-01 8.076728001138666624e-01 1.799758026492838114e+00
8.991945806995131907e-01 2.799496053892705505e-01 2.061602937357255527e+00
1.357681064613644795e+00 8.975274207124966930e-02 1.706779450865096859e+00
1.322413048431816174e+00 5.447035897235230628e-01 1.909697031285720881e+00
1.253039321583053534e+00 6.862995006574853507e-01 2.396910243582946354e+00
7.687420565053492139e-01 4.327865616564439133e-01 2.528715709789401522e+00
3.805114369899005589e-02 6.632584526389164736e-01 2.791527577196357246e+00
6.973190931574222429e-01 8.777761255277987118e-01 2.352624639451572630e+00
8.870567049893436362e-01 7.399526861639419417e-01 2.342021433783915807e+00
1.488761491638788126e+00 -3.871651932160607990e-02 1.746692779103503401e+00
1.116947955097088441e+00 -2.720493381133980981e-01 1.506009690753349561e+00
7.074638696613152478e-01 -2.004561842716711118e-01 1.931142491751663970e+00
6.829361937464825116e-01 -3.542250735095732184e-01 1.730116038434042602e+00
4.558144029583858226e-01 1.746195973066612672e-01 1.623185853869449913e+00
5.699575737395282671e-01 4.708542026865915053e-01 1.367123068787139406e+00
5.559286878396234588e-01 1.008555821514867112e-02 1.438300385191650266e+00
1.483361415133651606e-01 2.032800018411464738e-01 1.782586563152241954e+00
5.735592167156404741e-01 1.310730857552069306e-01 1.657648283673309964e+00
7.586799060652024140e-01 -1.113487400184846529e-02 1.399600654025788371e+00
4.600759193427454985e-01 2.665809938337189156e-01 1.633001605882499874e+00
5.926025988342938922e-01 3.517761852517689025e-01 1.636382155659783955e+00
4.445263096054801188e-01 -9.721796777198574158e-02 1.509378695971988149e+00
1.210176126416613096e+00 -1.936003234494153846e-01 1.285599023110077344e+00
8.427803194051177726e-01 -2.038939389396173529e-01 1.748494658906877053e+00
1.213589421496402698e+00 -1.279711796631589626e-01 1.818793060993664668e+00
1.242797572219923818e+00 2.918553637367475306e-01 2.112294365174752553e+00
1.534426510345351158e+00 3.957016801671330297e-01 1.922068261789498633e+00
1.087533596993044416e+00 1.081672109743335497e+00 2.103819696944289497e+00
5.263556154199056092e-01 8.119057194802860034e-01 2.022404164207559862e+00
1.552061195794602055e-01 2.243778245657749304e-01 2.308557639349791746e+00
1.097287651471718029e+00 4.853887239913959317e-01 1.675893287843227109e+00
5.802048769296103137e-01 4.885267355538196465e-01 1.742292600977987993e+00
7.333359936543157875e-01 7.996858989515250871e-01 1.385828691736655127e+00
8.591180127554931545e-01 6.372678925033640196e-01 1.481929063985737205e+00
7.141377420908928686e-01 3.640654663541252889e-01 1.416528684488352674e+00
2.461402437019650780e-01 -4.795729037160494090e-02 1.647121358871972419e+00
3.657265795518182538e-01 -2.960484598198994191e-02 2.273773993688402939e+00
6.202674248371153887e-01 -2.156360014860810304e-01 2.674267154011980896e+00
1.670214028220073699e+00 3.125734150162112757e-02 2.987157569081393849e+00
1.153783177958363826e+00 1.103069899389153424e-01 2.461271028926898197e+00
7.716122085141136067e-01 7.395334639623047934e-01 2.058252803951195364e+00
1.635214975505500101e+00 7.801699618100687017e-01 2.350976774380836964e+00
1.617813741743287181e+00 5.063650678369251423e-01 2.074862080934919639e+00
1.881597735501351121e+00 -3.400808083078821209e-01 2.021509161879904592e+00
2.493473008534627056e+00 3.348164348027385939e-01 1.893828866203243200e+00
1.981833564962546923e+00 5.620903130082411936e-01 2.454445892240460836e+00
1.857860074272181139e+00 1.135148859194349047e+00 2.168112437148812077e+00
1.855390121508983192e+00 9.858926097112213904e-01 2.657708570470689313e+00
1.462309416296919240e+00 1.520927860746376981e+00 2.746815765843905854e+00
1.375519203637722399e+00 1.191900861526718369e+00 2.596766324769363532e+00
2.130517886355348001e+00 1.347426778141742831e+00 3.022003646289174394e+00
1.334532782833141251e+00 1.599679454138021484e+00 3.183773742015012509e+00
1.722633229102414232e+00 9.951254267050123614e-01 3.342215398454663422e+00
1.671698265220045609e+00 2.538175325272516436e-01 3.865078349645937106e+00
1.760608781175164506e+00 -2.625198503282699658e-01 4.106689588676180058e+00
2.209973484267266919e+00 -3.559329887791889413e-01 4.432832686726515981e+00
1.870777892825282951e+00 -4.068398797972969660e-01 3.834981917484202363e+00
1.274170692164649177e+00 -7.037334774842843310e-02 3.716741948451399935e+00
1.397411942724134271e+00 -1.880936379654454538e-01 4.203115280676295029e+00
1.879771506110501811e+00 2.872076100301969581e-01 3.757174656578031957e+00
1.279303027601748299e+00 1.856422339410643829e-01 4.068681280572038261e+00
1.254423783170569129e+00 -4.022227149976151939e-01 3.611164977679360621e+00
2.004709592887144343e+00 -4.138065326658333376e-01 3.510774727939609985e+00
1.740501174527845141e+00 -3.451103867675279213e-01 4.502694573392465038e+00
8.223754182534432911e-01 -4.909427089612398987e-02 4.393233104359430818e+00
8.534127757653227064e-01 3.627817802629844657e-01 4.939105083272992580e+00
3.258634645744946656e-01 2.326168933198301814e-01 4.834557201307977614e+00
4.449144776921261091e-01 1.587325197670617083e-01 4.860636646078634548e+00
4.785926871538822569e-01 1.973709173799115812e-01 5.070074274259869007e+00
8.032251369850087475e-01 2.101005182548886518e-01 4.525563169600455460e+00
9.315913223772335217e-01 3.228859122152777372e-01 3.987463442683259807e+00
9.315913223772335217e-01 3.228859122152777372e-01 3.987463442683259807e+00
3.027593164398398873e-01 5.400442391677154896e-01 4.323488285684894628e+00
7.363694063808781110e-01 9.811948429045287412e-01 4.860282610732240549e+00
1.090289203928324957e+00 1.034342812794670330e+00 4.124403582628509923e+00
1.223049976282311269e+00 1.679001509924827051e-01 4.403595257138297470e+00
9.180663933731143533e-01 6.041313860677024333e-02 4.027637500930866032e+00
1.311914862355964440e+00 2.996788905206970166e-01 4.088220620358770319e+00
5.480552651718930690e-01 8.851381020741856676e-02 3.817362539629166829e+00
1.445654848023180394e-01 -2.632876741646000829e-01 3.978636135990976541e+00
8.827299003239318376e-01 -1.790544610320886354e-01 4.617839937573162246e+00
6.093994050566481357e-01 -2.252991947232346193e-01 4.932417784791317317e+00
1.401732451817454539e+00 1.568255248015242853e-01 4.764026045579336177e+00
1.056968243046037648e+00 3.343267393779373320e-01 4.570727075477682533e+00
8.574206614595926146e-01 5.507173035779509007e-01 4.358576254392998450e+00
1.105283901843656880e+00 -1.341901747054184968e-01 4.689978750639388849e+00
8.938093195982007577e-01 3.481464638244784471e-01 4.650814985256706002e+00
1.445477560339241352e+00 5.666168837873470920e-01 4.352381176328016466e+00
1.789787108546260885e+00 6.596452344489639463e-01 3.443973011838433074e+00
1.791588159618459741e+00 6.402235795712832855e-01 3.235436051597202045e+00
1.261219544860902042e+00 5.369080315327876551e-01 3.777869595234297329e+00
1.619935520252288930e+00 1.313677003263244158e-01 3.616847341803766991e+00
1.127269598521086991e+00 1.002104374250688407e-01 3.538109475411981286e+00
1.115199780295498266e+00 -9.454085989309130023e-02 3.389171048447911616e+00
7.981892918236839218e-01 -8.062918484487428816e-02 2.840934897932658743e+00
1.278617916740642180e+00 -3.963576012861635967e-01 2.914670663450537713e+00
9.539355311527853987e-01 -5.619011181680677591e-03 3.006016495850168280e+00
1.053188069466197030e+00 -3.348447395049917175e-01 3.412056459710720357e+00
1.429135627294336519e+00 1.858978904133111731e-01 3.423200063306358398e+00
1.249263980191948953e+00 2.428040162099513177e-01 3.382314375671805262e+00
1.387943187137149703e+00 1.185457888137637639e-01 3.448678832164726593e+00
9.395180589194995768e-01 1.184529139021020527e-01 2.867056137249512471e+00
1.287677707296896346e+00 -2.474269354873030180e-01 3.382742430742755602e+00
1.151321717027053548e+00 -7.275691502976353031e-02 2.772034266008324810e+00
1.419566791721742050e+00 4.226398809039499382e-01 2.384332952166376529e+00
1.054659916827659361e+00 1.128072609318864439e+00 2.598432586496200347e+00
7.529926411991003654e-01 1.259151816383701217e+00 2.193647638334618399e+00
1.216595173553880249e+00 9.568792352252373234e-01 2.411964556127091708e+00
9.789318317622499599e-01 4.669811171944816541e-01 2.720708808817600577e+00
8.120527641110825146e-01 5.132461914264936365e-01 2.713375537436517604e+00
9.207359236515033629e-01 8.872971238347454603e-01 3.070302888425676446e+00
1.565483118492717152e+00 3.724967306055954053e-01 3.467216794964733229e+00
1.818644641427872966e+00 3.288437422219575024e-01 3.633535507509316531e+00
1.233306149911336247e+00 5.076081332938403579e-01 3.365323039006975048e+00
1.445323831398611203e+00 1.406879413783531652e-01 3.663628171431989600e+00
1.524557083292465531e+00 3.720473027663631638e-01 3.927875015830120997e+00
1.185068070001056739e+00 5.530607548342836299e-01 3.268134573732599524e+00
1.413736141714461825e+00 -7.726315154126900397e-02 3.580991238403014254e+00
1.260407850226681781e+00 -3.371691138455595316e-01 3.521464614182881370e+00
1.001705920025978358e+00 -5.531280550005224228e-02 4.253811722276108043e+00
1.346257104715972597e+00 -2.441025611660305739e-01 4.626185030011414234e+00
1.130830719172706500e+00 -3.883795999464065285e-01 4.077495318041346906e+00
9.620023769587605633e-01 -1.782616391710280801e-01 4.472690213664257897e+00
4.386676268004470747e-01 -5.270431963240980178e-01 4.433486349065034027e+00
5.670773628235983854e-02 -2.230520158772827943e-02 3.600480377722803382e+00
3.713794268375684715e-01 1.588278137420633118e-01 3.396142786477929665e+00
1.162555329546654193e+00 -2.410100167600851273e-01 2.806540418864747810e+00
1.028408239652297329e+00 -6.009716429277660588e-01 3.234972061709427305e+00
1.047519047916237067e+00 -7.659157562215873627e-01 3.248895254376146902e+00
1.088206592106192083e+00 -3.569944352804182430e-01 3.133236847573990680e+00
8.221245934799048527e-01 -5.045242588950518137e-01 3.210438234075152053e+00
5.613874922954185109e-01 -3.282822229851310725e-02 3.222831192803925493e+00
7.339911280482440681e-01 -6.101896333340680600e-01 3.407352477848932804e+00
5.787800977451461604e-01 1.674091029677358122e-01 3.687218093141527930e+00
3.873521648312008292e-01 6.666391634873146677e-01 3.911830612125428264e+00
6.178790820933975914e-01 8.729185158581965753e-01 3.135096092890165220e+00
6.283059984803919251e-01 3.710711400543456606e-02 2.769658368737989207e+00
5.818157377837327587e-02 3.875989741407789846e-01 2.319539410677318614e+00
7.812569741561893322e-01 1.088487648138112274e-01 2.478878010815544375e+00
6.242547248947715177e-01 3.764898427408703840e-01 2.978806410825991069e+00
1.026343375166585803e+00 4.228251649306985493e-01 2.669175749998106362e+00
5.965783265096927801e-01 1.307823697134822050e+00 2.775322245282302980e+00
6.768096292136255299e-01 1.261838610973944563e+00 2.841233528740337633e+00
1.183387410650553528e+00 2.588752206293404301e-01 2.269118529999352596e+00
1.255489533280410130e+00 1.127062554959968210e+00 2.931224626060810134e+00
1.310405935763165219e+00 7.285587030907091366e-01 2.838033551864101334e+00
1.064823679858658778e+00 3.412901442469234992e-01 2.702850924472398386e+00
7.419648432064653854e-01 1.537473150019965928e-01 2.323042421786537304e+00
7.471677682662363207e-01 -1.643645837240709576e-02 2.314299267760616896e+00
1.035027958740704968e+00 5.341017204876262470e-02 2.573944571122558145e+00
4.685333683574425812e-01 -5.097353471384233892e-01 2.501616916449454386e+00
1.049517605368490702e-01 -2.694663563625393499e-01 2.191426484189867629e+00
6.776854566734920038e-01 2.093858254232416893e-02 1.859550293092356643e+00
3.444626658940002639e-01 1.094645603261771072e+00 2.308126244438415409e+00
1.085989354255549655e+00 1.310901867191401227e+00 2.738297409344754296e+00
9.606965132912909100e-01 2.806483942873601034e-01 3.380432401555187649e+00
8.881487122178073346e-01 -1.596342787149503395e-01 3.369400240100318911e+00
8.158727886714984834e-01 -1.071080185328633916e-01 3.237593484638507046e+00
8.158727886714984834e-01 -1.071080185328633916e-01 3.237593484638507046e+00
8.218026683815012889e-01 3.124949534222415948e-01 3.135911360439216367e+00
8.435519026384966645e-01 5.038432497032834245e-01 3.027127453446117222e+00
8.873417939635689367e-01 3.040988883791884700e-01 3.242184079705216160e+00
5.546413763516447881e-01 2.411373936000987817e-01 3.044000683496633552e+00
2.311527707269087628e-01 -3.170012926297556544e-02 3.581370657936527202e+00
2.546419756141286017e-01 5.595993917978675514e-01 3.375203876946510029e+00
-2.024515011575583334e-01 -1.811932788672071248e-01 3.115986028957001608e+00
8.984539452933066883e-01 -3.803635150767771256e-01 2.739385568672521032e+00
6.301482162708368362e-01 5.875225021363528199e-02 2.432507849935875210e+00
5.804814085921674582e-01 3.545636227716931210e-01 1.876335233068301411e+00
1.003476740357554409e+00 4.566839325520695159e-01 1.526140616694437346e+00
8.636910716654671027e-01 4.170590118652736655e-01 1.571457970009175975e+00
3.471171381234766651e-01 1.836529893314480799e-01 1.838537750403928417e+00
8.096846833253777964e-01 3.655713798746253462e-01 2.249325063711107742e+00
8.299590435391892562e-01 5.212866636385329877e-02 2.608229932399433793e+00
6.371002008199143640e-01 1.155037561687936726e-01 3.033997440311859695e+00
5.088074702189603338e-01 3.066969598826000953e-01 3.192937076184358514e+00
3.002262101606942291e-01 1.288234200101977256e-01 2.848659414847867222e+00
7.063635864751596216e-01 4.088169807967045877e-01 3.228847307732188199e+00
1.134706014907811200e+00 -5.843725445730384438e-01 2.717905292978047616e+00
9.060333655500955041e-01 -6.921013675245846208e-02 2.683003448802649960e+00
9.650023342125895187e-01 2.353975518535381464e-02 2.700374442528572505e+00
8.206296375516659580e-01 -9.664589607534440630e-02 2.982633433944785750e+00
1.168665025491374188e+00 5.584764635597840865e-01 2.861160494323191639e+00
8.686067966485684355e-01 -1.664861134218603711e-01 3.139556802466731522e+00
6.291042704015885612e-01 2.765998180273465668e-01 2.987044397567119702e+00
1.502519263813135719e-01 1.474856898849638276e-01 2.869813184633981162e+00
6.253307766709044202e-01 4.321242459443558892e-01 2.833030211575211954e+00
1.008778432094719069e+00 1.346552185033022542e-01 2.640026911308346769e+00
6.333145670305921904e-01 8.103431889770902619e-02 3.064740757684460970e+00
3.386518604948276501e-01 -3.978096381050627572e-01 3.359719815691133871e+00
4.329648976026473362e-01 2.989449898515275095e-01 3.701042913891366748e+00
1.687893463882896572e-01 -1.080354654322881608e-01 3.880646683983604905e+00
5.082358803397054592e-01 -3.912221479020263626e-01 3.562284862523800832e+00
4.374240337718295901e-01 -2.184082739997884048e-01 3.899121890985185690e+00
4.769235980344749271e-01 -5.435063901794855434e-01 2.851551615698774356e+00
9.537354195752921759e-01 -4.862272166784131211e-01 2.611804198214001449e+00
1.301965955630633998e+00 6.039297130457152440e-02 2.016947469436795704e+00
1.183809871558289872e+00 2.981021359087598910e-01 2.704346064861588239e+00
1.010293319956241831e+00 3.113612957443399609e-01 2.543750308256895298e+00
1.535478950986165936e+00 4.862439417121540708e-01 2.828984350230511424e+00
1.867356327612924582e+00 1.369922281015567567e-01 3.076167549881418051e+00
1.833972111118898018e+00 8.178544183139786483e-01 3.664943836240719399e+00
1.194065991369394286e+00 2.970224644696553007e-01 3.246945465405636000e+00
1.324253488049689675e+00 -2.196973747336893323e-01 3.169824792589906792e+00
9.793600990893022162e-01 5.313621286050096426e-01 2.984650118292236254e+00
1.361105495900681417e+00 4.438161489806105586e-01 2.730609622429986061e+00
1.128247760614331519e+00 5.164937199628606423e-01 2.713687606881451941e+00
8.207266455209019096e-01 2.994251743892437090e-01 2.897949236800854589e+00
1.142270835351380853e+00 7.260765177156642824e-01 3.036005042642004881e+00
8.768503231218013338e-01 6.610056609707649633e-01 2.708282408883401438e+00
1.429648868826179031e+00 7.035731472952561072e-01 2.781750141732591164e+00
7.330871062549927375e-01 8.830934427870452685e-01 2.350425166043906167e+00
5.611434719142676109e-01 1.575755644621217977e+00 2.692902552720287002e+00
1.192071675117875484e+00 1.450241478245680948e+00 3.096257109972224697e+00
1.660545105718350900e+00 1.652634148709380746e+00 2.582612110783566894e+00
1.347026572035611158e+00 1.642842747853475505e+00 2.495109004925718299e+00
8.289850223904066118e-01 1.509704224355971292e+00 3.042680344154953698e+00
9.863457057225590852e-01 5.418605378043250820e-01 3.480616211531559312e+00
1.161401827791294750e+00 2.050229237030135043e-01 3.453601419718620669e+00
3.187906721789245390e-01 3.069920850166967807e-01 3.314831898187070358e+00
3.760984763560757949e-01 5.849107907534858430e-01 3.252745282400144600e+00
9.633726213894830970e-01 2.116538573240360210e-01 2.726080859626266673e+00
8.100375483059855108e-01 -1.801877883268568348e-01 2.696043091024172167e+00
9.282840778412775329e-01 6.108125074666457266e-01 2.301806443650259215e+00
9.163772571722270666e-01 9.037010535052827365e-01 1.805751374773131523e+00
1.629978600719786064e+00 4.736791034268181821e-01 2.439187024411907156e+00
1.324804470257110456e+00 2.388956330640007175e-01 2.140100904238658952e+00
1.561923488398925031e+00 6.078596260785387173e-01 2.610384840338041190e+00
9.620677174252401098e-01 2.558661944674818223e-01 2.681839524061614188e+00
6.553082786733177567e-01 3.868047046873651085e-01 2.556975687706414035e+00
5.109973527353586092e-02 -7.903025518737524791e-02 1.872073454347094934e+00
8.355925058176696396e-01 -1.144372681957646354e-02 2.435019794557090833e+00
9.023993583796281470e-01 4.975827341894425299e-02 2.843209839002975858e+00
4.177299410237433896e-01 5.035774882938759411e-01 3.163526493396428663e+00
1.487363784058838512e+00 1.027056858238140968e+00 2.672611021063515224e+00
1.562578193246389580e+00 1.000416102302490229e+00 2.942293945231265528e+00
1.422092824337565231e+00 9.516976477928110745e-01 3.605035646707820618e+00
1.221213484567858165e+00 1.017453730491142183e+00 3.844054793805065540e+00
1.297534741858370477e+00 1.187567071511648864e+00 4.036305264138206006e+00
1.364390700210677432e+00 7.033074367034597429e-01 3.864159759644167469e+00
1.596808795677272075e+00 4.223071515779839857e-01 3.947655581613588982e+00
2.016520570266862045e+00 4.801494732918258901e-01 3.668920638358014408e+00
1.389890071505536673e+00 5.621201859318648575e-01 3.576391578796236814e+00
1.767841223966110764e+00 1.255509728913089207e+00 3.769278822220086589e+00
1.596409629639715666e+00 2.010973838695307325e+00 3.397935775235864764e+00
2.403484992246956775e+00 1.789195372648805460e+00 3.375808084736404702e+00
2.376254318048100167e+00 1.125911778843215805e+00 2.831014921074168189e+00
2.082183468848025409e+00 -1.357204481671177854e-01 2.669980524823564405e+00
1.360062762065106678e+00 1.737528544332709868e-01 3.033086599709592157e+00
1.339378491013426098e+00 1.024219820934236941e-01 3.159024877579531765e+00
1.733803516133460842e+00 -3.189797193746508192e-02 3.467645120044825724e+00
1.915532008331225278e+00 -1.060197740532973498e-01 3.126573987747491845e+00
1.594736475398829789e+00 1.363458138323766361e-02 3.397881416358709661e+00
1.574886983581522681e+00 2.288946319189248402e-01 3.116618215509838308e+00
9.974715091823809221e-01 4.227140998797366822e-01 3.076963002614143683e+00
7.814835277958198656e-01 6.962604394809847053e-01 2.836645394329621706e+00
9.118814203571042887e-01 6.119404320069929959e-01 2.808239720325793609e+00
8.931218457436540525e-01 1.493478343692446364e+00 2.836281545670851223e+00
1.585555666079083048e+00 1.390009524464929314e+00 2.658927811797305196e+00
1.716268864293475804e+00 9.672490868174449252e-01 3.013638620593805939e+00
1.321598757740118701e+00 1.092731900514638532e+00 2.997107669588687795e+00
1.050350103076638453e+00 1.224847990202350134e+00 2.682191709440788330e+00
1.230973595649938135e+00 7.103614469512071761e-01 2.838344428316382562e+00
1.485630982238987929e+00 4.451589671332143450e-01 3.408736496410521788e+00
1.580683824934731918e+00 5.129264188124453838e-01 3.267537732198190881e+00
1.394685716469509007e+00 7.065973800373419600e-01 3.613579276000411955e+00
1.917060401490701782e+00 7.822440576216538322e-01 4.035378995390445311e+00
1.490297070303204130e+00 3.634618171128072284e-01 4.269392488620725068e+00
1.095298461089504904e+00 1.500530883830951401e-02 4.008010660447170359e+00
1.398614407136547610e+00 2.942145264914328151e-01 4.130332147594324432e+00
9.365972664495465505e-01 1.825630261958995082e-02 3.866452201103931063e+00
8.961335523297178085e-01 1.983417008293361927e-01 2.768875343469348493e+00
1.189705592973744341e+00 8.382100735293647187e-01 2.071307843250567160e+00
1.364397889453643264e+00 4.390499698662786443e-03 1.929822980629183782e+00
1.345949101801371839e+00 -4.070573495603928282e-02 1.678770203359104318e+00
1.517499794215527054e+00 2.426937893024011528e-01 2.268002761779990273e+00
6.757073037762686418e-01 5.620500888755929347e-01 2.877108991540438865e+00
3.843890863526925883e-01 8.115201849774872356e-01 2.878410845046067479e+00
1.056483423641685127e+00 3.992561415936138336e-01 2.122550528803529790e+00
9.143426793770530470e-01 -3.035781420501684758e-02 2.074419282399989406e+00
1.347627001563753257e+00 -1.958371090124381708e-01 2.581154103329999394e+00
9.760796095072400425e-01 -1.871799093889454924e-02 2.257591982822947152e+00
4.905096648822555028e-01 -1.791746831054193967e-01 2.317125171424688546e+00
1.174662748165657744e+00 -4.961358405617941753e-02 2.042440363582134211e+00
1.121043861309011014e+00 -1.777121955074615484e-02 2.402631040060439815e+00
8.187267450945756586e-01 3.979139471952104490e-01 2.102057112392051508e+00
2.928287555446112966e-01 2.634518124550748741e-01 2.004640802600573313e+00
7.001119939603830389e-01 4.004489850011279106e-01 1.328112892263449085e+00
1.075373042271710489e+00 2.588270590990168207e-01 1.977415827737426524e+00
8.048816664049016634e-01 2.594456895269527941e-01 2.228959442785276579e+00
3.777370614198176102e-01 1.995424372629486520e-01 1.991527454404443009e+00
1.282032225975578976e+00 1.273907176795334717e-01 2.581506757330820356e+00
5.907410222628486363e-01 -4.885264236088349143e-01 2.861439907801273108e+00
6.733905552986518828e-01 -1.407363197634799445e-01 2.805404325033836077e+00
6.399041640002786080e-01 -1.088977181085856838e+00 2.131032830537436862e+00
4.205358287016480734e-01 -3.277412286165293787e-01 2.023430732332899940e+00
5.699118307121811000e-01 -4.643294629733014101e-01 2.244288404784039237e+00
7.766301969192268562e-01 -4.850161552846947166e-01 2.581472179550456492e+00
1.192104004446112864e+00 1.321334699005777547e-01 2.614160843258388933e+00
8.873250921106524691e-01 -2.377165051292927656e-01 2.932929857985854039e+00
1.886956971712085707e-01 -4.343765269485163616e-01 3.046326138715258480e+00
5.871566189562050786e-01 -1.008191357522091325e-01 2.479995446838916262e+00
2.780251731633191503e-01 1.466578348622904482e-01 2.817863017644229195e+00
4.494603804198671337e-01 -4.660393743417985957e-01 2.327731059765706156e+00
3.790679810877684019e-01 2.193786137638964462e-02 2.107627061982924044e+00
7.010548177152321481e-01 2.921757514078494600e-01 2.591633314706284885e+00
2.267642114939067977e-01 2.199515030087495493e-01 2.103277461033777218e+00
6.602307016099723258e-01 8.582760532428035383e-01 1.522574283636812797e+00
3.523738154805481360e-01 2.487698018915376064e-01 1.270372082687225568e+00
6.435376181030720844e-01 2.090874713126448237e-01 1.806973310842527880e+00
4.238204168587461074e-01 2.043282413904556200e-02 1.559859262228400212e+00
1.076938553710615976e+00 2.289215183961997371e-02 1.975240455244839710e+00
1.182963188926200448e+00 2.084632554071486343e-01 2.280072574157077980e+00
1.324706696728099153e+00 3.771803039677263936e-01 2.628430045219826816e+00
1.163191370638065436e+00 1.038144004468381176e+00 2.602231421267146683e+00
9.095833616978095115e-01 7.790045870638441228e-01 2.416541884515484462e+00
7.655461154166661730e-01 6.594054244501221795e-01 1.955596391656204247e+00
8.013812212391918655e-01 1.163694457063628951e+00 2.838179053777617700e+00
9.077554550751318896e-01 8.382474205489596208e-01 3.157706802168158244e+00
1.429824389056480571e+00 9.876843046963045269e-01 3.054411282419579710e+00
6.889250274031242238e-01 1.260112125901516889e+00 3.036260206228757141e+00
3.537736811394812664e-01 1.332599453737500106e+00 2.307654130848866725e+00
9.929944742488533427e-01 4.390006683523851594e-01 3.173993322543377182e+00
1.604614465115419719e+00 2.562573515112823719e-01 3.256743014532155645e+00
6.926497534327519245e-01 5.667157962747132460e-01 2.958026097227618223e+00
1.050489792825209490e+00 5.079224169102334319e-01 2.798479068983743545e+00
1.187154556979570730e+00 9.361218744289605265e-02 3.294613100979812970e+00
1.272214142953639993e+00 -1.512633665346976297e-01 3.810774889725061065e+00
8.358145793730634709e-01 3.677741106413412453e-01 2.825459967789510696e+00
1.390973241441364916e+00 -1.813064894343383582e-01 2.165397788224542985e+00
1.676273795979372760e+00 3.982866338520987259e-01 1.823243161953914449e+00
9.450178695619104730e-01 -7.251739150494081187e-02 1.645744336108516004e+00
9.943791835618058794e-01 -2.871706938907662154e-01 2.395190806680822071e+00
1.299175409797608038e+00 8.365580917940313999e-01 2.155896195431167062e+00
1.327409222307861736e+00 1.106383564955620624e+00 1.708796760108677981e+00
1.319301593142399920e+00 9.244915760766088120e-01 2.385643363490920432e+00
1.750841905389353581e+00 8.238302805628998637e-01 2.923779396377516715e+00
1.869321510982187684e+00 6.546014683376468746e-01 2.749602374458316678e+00
1.963030757982783925e+00 1.482972592062207218e+00 2.202956345382006464e+00
1.772971415923147109e+00 1.409198794893660178e+00 2.543086093496645272e+00
2.429654942047941191e+00 9.557613320509407151e-01 2.490770811162783982e+00
2.271237440599842117e+00 8.685476837368214520e-01 2.119633521027119105e+00
2.064194589477220010e+00 5.939680620496439190e-01 2.885993341267232282e+00
1.925320824508864215e+00 8.563863906592298347e-01 3.553813711763631034e+00
1.815523164452438554e+00 9.236643204636615923e-02 3.930304638257447358e+00
8.451767065131743362e-01 -7.425870531310950762e-01 3.872557408468354723e+00
4.556301982780258664e-01 -7.525937118350676247e-01 3.992757531735686261e+00
4.118306329853316794e-01 -4.984932703668252252e-01 4.136464304481819454e+00
1.026205104927406353e+00 -1.034496192813464249e-01 3.812024117719047478e+00
1.155428284932670024e+00 -8.233120856440423463e-02 2.881012291896890343e+00
8.680408895956683857e-01 1.430107170831302066e-01 2.801722442511337174e+00
6.878808013162429624e-01 2.603437379400403984e-01 3.026898344540253749e+00
6.742613671501890282e-01 3.159805089076242468e-01 2.311680225615424966e+00
4.714789728253779288e-01 -2.648332176349426081e-01 2.272725776682666954e+00
9.233791854412107813e-01 -2.471912493213568873e-01 1.464116297908383491e+00
7.218480948791009544e-01 2.914782998657752255e-01 9.807954462395578332e-01
8.913585154906340513e-01 8.116835117747281392e-02 1.283406705342520437e+00
1.439365556266107404e+00 2.546346642259881832e-01 2.124213494985142336e+00
5.482547712905213588e-01 1.581021751403225706e-01 1.876564908148530053e+00
9.830603495081825516e-01 9.881524598748199495e-03 1.214323696435202438e+00
1.400338436907003770e+00 -4.997936648566276285e-01 1.702936726195604322e+00
9.305876778902303359e-01 -2.057823181227903531e-01 1.733853346206252422e+00
4.707013180466861346e-01 -3.546603804529596671e-01 1.790040713125643279e+00
3.653796482763747577e-01 8.265744501123055421e-02 1.045355167870817503e+00
7.678597938068939532e-01 2.290617571736909552e-01 1.394891350431951338e+00
6.258851664731941433e-01 1.087223216726063424e-01 2.316426135459046520e+00
2.070924718882348470e-01 1.158016361355792556e-01 1.575850784642697899e+00
6.729235970797425859e-01 -1.965717362619452124e-01 1.711663008375292616e+00
3.986860876989138935e-01 -6.982399739387529225e-02 1.957772521386736964e+00
7.838295186139222492e-01 -2.086222020982939906e-01 2.667089255439552886e+00
6.892521819451625786e-01 -5.754170505067432995e-01 2.950891212277905407e+00
6.681467520296642260e-01 -6.908701141164036441e-01 2.807103945655986088e+00
4.013026648364221849e-01 -4.102493163170081725e-01 2.210937353012778495e+00
5.608138380958404001e-01 -3.935811912696396964e-01 2.382484537065550523e+00
6.379827991574925639e-01 -4.686589438389914819e-01 2.752563076863294267e+00
4.094982044211464278e-01 -7.684758417584313106e-01 2.946415270800886166e+00
5.534476235058211069e-01 -5.223294731271164171e-01 2.838724972746675235e+00
1.081219555623866180e+00 -3.481762449626901734e-01 2.654629963236462498e+00
1.111344794649646417e+00 9.003593364537151311e-01 3.267458673085842147e+00
1.682706563515706577e+00 1.057188946123898798e+00 3.432841135260928489e+00
1.576530905722315801e+00 6.778750700452575995e-01 2.789439750280549024e+00
1.186848948742416976e+00 1.108435912964303105e+00 2.790661655768098104e+00
7.022134786192782974e-01 1.346961838403847755e+00 3.433431135160251557e+00
1.021705938929024615e+00 1.395364295931002863e+00 3.331042291128268218e+00
5.733532649986263774e-01 9.614209129662660835e-01 2.862529868521686449e+00
5.592707592441311659e-01 5.019143501355733950e-01 3.068965791847944047e+00
1.023789249189257067e+00 5.608274333661373845e-01 2.437847611795951774e+00
5.961862003942194344e-01 8.545492185533039298e-02 2.421071380687886965e+00
2.328717255833346045e-01 5.855520949093802052e-01 2.339185202421540488e+00
8.770367353489840756e-01 1.082753144307714160e-01 2.139827425971434494e+00
9.940640098907997935e-01 6.244390461936062398e-01 2.079077266380009892e+00
8.591236555763088756e-01 6.910106377098362840e-01 2.721023840925881121e+00
8.990626252051151512e-01 2.835024125409160156e-01 3.119431812661194403e+00
1.204308791041247551e+00 1.101574508027020755e-01 3.011198698527255413e+00
1.613545212473164847e+00 1.674283432932270332e-01 2.866803821962506937e+00
2.201120471569786297e+00 -6.610597471331067232e-02 1.869451896507049682e+00
2.159019307943696120e+00 -4.964520353853092427e-01 2.479963161236088176e+00
1.968900001298248492e+00 -3.486909039635635588e-01 2.779344812704235057e+00
2.248474541249318115e+00 5.195234871613568783e-01 3.308681768319749139e+00
2.344434643009057684e+00 7.956870134514567594e-01 3.320071516853350779e+00
2.067197258261896486e+00 5.839850858724862093e-01 3.044795093812770581e+00
1.644392080429404768e+00 6.334703498113355424e-01 3.202493753939947840e+00
2.041066809962535089e+00 5.355503849574295705e-01 2.992838538957333760e+00
1.744300034633488039e+00 6.129315622879039083e-01 3.471861751712832067e+00
1.359086019359662112e+00 2.607454500654561302e-01 3.249038302955189916e+00
1.026415106179810133e+00 4.648676122513882847e-01 3.330692821790182556e+00
1.571759468899941670e+00 8.452989591924517931e-01 3.101303124617328599e+00
1.629745336608917405e+00 4.821438337689264442e-01 3.278215307304249038e+00
1.130614339884139286e+00 4.154140192946109700e-01 3.276018093429795996e+00
1.439674179658456010e+00 4.020209388811843976e-01 3.632651905566425032e+00
1.135576435857252209e+00 3.329880553925509967e-01 3.596481400509209170e+00
9.248051442557740920e-01 1.742109925206191678e-01 3.414204577058503887e+00
7.855766507349598582e-01 3.286610630375123021e-01 3.589010667645401220e+00
1.260966886797894038e-01 2.200935298576553456e-01 3.958750033312041339e+00
4.748635996604346765e-01 6.768570876738908004e-02 4.129012227510962418e+00
7.970282479334160897e-01 6.202876947037491151e-01 3.816537133260269332e+00
6.978771433174629779e-01 4.730927648363649207e-01 3.176818296297568622e+00
9.384525658975497731e-01 6.810512829816320890e-01 4.066552448692006827e+00
3.398716108426678706e-01 4.860942065075612994e-01 3.759048634943372047e+00
6.285500597235569309e-01 1.325089991164921877e+00 3.143519573242768317e+00
2.793182027436032500e-01 2.255336596691759343e-01 3.088542469896772946e+00
9.374648644848679879e-01 6.230911213330583287e-01 3.091468344709066951e+00
1.132930016841847021e+00 1.071034875737440606e+00 3.486622664637768043e+00
1.015416039727879305e+00 7.184105207120258241e-01 3.501151375952313849e+00
1.316806518124592484e+00 2.477478327188519236e-01 3.591807875674885686e+00
1.042859627690270852e+00 -2.548716447967068754e-01 3.404140447853417850e+00
9.721545487768156191e-01 4.949364391799013219e-02 2.924310106945151588e+00
6.006260746091094394e-01 1.456510799816414237e-01 2.684623588682640172e+00
1.133937739110613574e+00 -4.018958916420675154e-01 2.059168734975655557e+00
1.180157991550131458e+00 -3.220428368859954427e-01 2.210073270354671937e+00
7.978652321511625622e-01 -2.072539929636507405e-01 2.204300328305338841e+00
7.166810952839083315e-01 7.498921188255032177e-01 1.915791779638120529e+00
6.160951294188969918e-01 5.063771803681036410e-01 2.695622389655633278e+00
8.616178622149036626e-01 7.730420188012486760e-01 2.693789158989426724e+00
1.003763357585711669e+00 5.428372585053653498e-01 2.549826591365666140e+00
8.921700470143942852e-01 2.874268515489881715e-01 2.574328291795267898e+00
8.655450283640988562e-01 -1.004072379461213305e-01 2.663228588000287278e+00
9.513029113122942748e-01 -5.470894937481115550e-01 2.804280669272861903e+00
8.457749045770044383e-01 -8.894418689666533373e-02 2.983967351000169188e+00
4.771976571880544582e-01 -3.885336752173741970e-01 2.309564111552999677e+00
4.168651784297252028e-01 -3.807557526218219857e-01 2.177539550301911486e+00
3.434372170635146548e-01 -2.488140597079306071e-01 2.446309531688465544e+00
1.567216304284122508e-01 -6.990833100046659476e-01 2.858451870250325655e+00
4.539780118616483784e-01 -1.816006258622731295e-01 2.697743812477407577e+00
4.149234965764174166e-01 4.586721812130050702e-01 2.383387938756752700e+00
7.152687078690759259e-01 5.369921442854688198e-01 2.240597592337805199e+00
8.559669075257441140e-01 7.548417909246589730e-01 2.415353254826281049e+00
5.573860748267132070e-01 -2.989323986755746398e-01 2.888856846441893556e+00
7.092323172448723456e-01 -5.027799685550093933e-02 2.790760189304760441e+00
5.319276702420087100e-01 7.813796620979323038e-01 3.138888599732541973e+00
9.429166818274337114e-01 8.865911201993627033e-01 2.684304046606931227e+00
1.266109452803688029e+00 7.457068495959534582e-01 2.748314839704387058e+00
1.015334776724543753e+00 7.244310680937037228e-01 2.210547430534512081e+00
9.723605716130404586e-01 4.090792396433445277e-01 2.617822612319551823e+00
9.641624186603972024e-01 3.676722307255754219e-01 2.674045183724402364e+00
1.034551036702069160e+00 4.345064248556997910e-01 3.253035633716878650e+00
7.869135641960874894e-01 -2.082457008131576859e-01 3.961436471585167762e+00
6.272617774849307271e-01 -8.460722166048223469e-02 3.188143458316452072e+00
1.114457940419460336e+00 -6.728998629066039738e-01 2.823560164571251807e+00
8.639672066846250109e-01 -5.193774369257131429e-01 3.118242759048107882e+00
7.867316884311813530e-01 -2.670484051508340007e-02 3.791650027698204362e+00
1.134231871708596184e+00 1.278140671250317162e+00 3.906403905880341032e+00
5.458409053904779151e-01 6.774370590811039650e-01 3.932472671981433798e+00
8.554005706689091770e-01 2.842562363895201338e-01 3.495586442496657398e+00
1.520623004703067771e+00 3.744179278931704657e-01 3.743251899487656686e+00
1.581697714287150447e+00 -2.196835020593608245e-01 4.083794585228959662e+00
8.808471286528999356e-01 1.879748369617899595e-01 4.649642431775146356e+00
3.085817877695076761e-01 2.260273843597805365e-01 4.001379458286024260e+00
2.910481786633061785e-01 -1.348148585622049311e-01 3.879417229020109659e+00
2.847781584435647440e-01 1.694264399989959258e-01 3.519209013412941900e+00
4.025483076072785549e-01 2.857937328701349311e-01 3.214156520999250866e+00
7.535982626648018989e-01 6.616772933324636119e-01 3.004038394947398327e+00
3.785500563241253058e-01 2.677213360853794577e-01 2.974966313351489866e+00
3.089402953741290925e-01 3.818642165817494605e-01 2.675740219010383836e+00
9.837785436796662175e-01 4.199479253993314010e-01 2.835460517871863040e+00
1.079849496738233272e+00 5.308606196998548743e-01 2.048581566434016565e+00
9.648597892464487735e-01 7.549857397896921896e-01 1.574630115695521804e+00
5.966592571964800529e-01 9.716884431882062412e-01 1.563169279751797980e+00
3.980419986827489764e-01 6.533990298796716889e-01 2.206439865240434450e+00
9.166214542585149339e-01 3.390603326090194103e-01 1.227757792825962424e+00
7.729823502074748554e-01 5.357580741846565964e-01 1.925565948321915632e+00
1.295735391357602850e+00 7.944015391088024014e-01 2.040798160502303116e+00
1.521865585337398796e+00 6.862467088110054680e-01 2.851898268451289020e+00
1.521996170113058655e+00 2.037458205608544404e-01 2.940443697400959788e+00
1.231057597676699311e+00 -3.869574375426956814e-02 2.857151697599910722e+00
8.307800330036040348e-01 2.142154087233297602e-02 2.471090204592147455e+00
4.376360531230035211e-01 1.229927012530968380e-02 2.196552206877896207e+00
1.600578926669591825e-03 2.951136959861715425e-01 1.854140357844195064e+00
1.068775492068966937e+00 5.731433060860675610e-01 1.688610896565821307e+00
8.399776815185059364e-01 5.835928170056782216e-01 1.446684711241516430e+00
1.504826475606158009e+00 2.565057639735819905e-01 1.044511680335330261e+00
1.693810652692449459e+00 4.197023920721864032e-01 8.770015696968403995e-01
1.031126412403862380e+00 6.171147861368945220e-01 1.392844814065395509e+00
6.435225026932149817e-01 2.018473202076110917e-01 1.815335875519881181e+00
9.410565750884484215e-01 -1.667069192953699042e-01 1.827834213507047778e+00
7.463522379167791820e-01 -1.990290326259315234e-01 1.547981879041167907e+00
7.463522379167791820e-01 -1.990290326259315234e-01 1.547981879041167907e+00
9.434703473616726788e-01 -2.015567466564718857e-02 2.492612966787457029e+00
1.280491605457089177e+00 1.507672577038146056e-01 2.331960154172449950e+00
9.911979397725823038e-01 2.865530415983335577e-01 2.487615645578635348e+00
6.323848851850291108e-01 2.767780978449508322e-01 3.234318662935042887e+00
1.950948562584538526e-01 -2.812505938526659033e-03 3.695639872930985614e+00
6.620535941898058052e-01 -2.908925520327750869e-01 3.640666361877061163e+00
8.075399040910479220e-01 -5.115791766515170869e-01 3.175720147209672550e+00
9.780341536764665111e-01 -5.942164555574275253e-01 3.525401797777878432e+00
1.267629616690997274e+00 -2.393299641152088486e-01 3.324714664607504311e+00
1.228360922201538585e+00 4.080587037892237090e-01 3.632048931799931157e+00
1.081486333597409644e+00 3.457816519124755072e-01 3.445177024321451231e+00
1.267856832372244558e+00 7.469258807447687332e-02 3.059690204515898682e+00
1.126982918447848370e+00 -2.266058053097154135e-01 2.804604735917468616e+00
1.359395049652516230e+00 3.242775642727323548e-01 3.106783237248340601e+00
1.178742834752035895e+00 6.310842924739954451e-01 3.772409818038561902e+00
1.018724522822438416e+00 5.835402105427105468e-01 3.451236705277107575e+00
1.139805134669627851e+00 6.083033124869953179e-01 3.458698804653274284e+00
1.618980917785912688e+00 -2.061955831317565102e-01 3.683275499665099595e+00
1.119434873782299222e+00 -2.476899863560477200e-01 3.935000475540705533e+00
1.453516635675800917e+00 1.449382001363057892e-01 4.095521424681783706e+00
1.279538404945685715e+00 -7.643428339424121476e-03 3.817189841286428909e+00
2.307481087922341745e-01 4.580547772630701453e-01 4.490406231035568574e+00
3.972891226348282956e-01 -1.231186875817061599e-01 4.146535547371952291e+00
1.163122598968061139e+00 -1.440129560349066862e-01 3.115128620669600501e+00
1.275899642014912683e+00 4.246553678008155863e-01 3.199496440295121147e+00
1.355799838990718875e+00 2.629933001753123611e-01 3.135895855084976258e+00
9.278231977145944276e-01 6.191297142184742225e-02 2.790138046719650156e+00
5.917757845452357168e-01 6.915254374036676477e-02 1.782584422765489229e+00
9.222890644195111953e-01 3.292841099153917539e-02 1.492753671936555504e+00
7.726943625979207919e-01 6.275617347141974056e-01 1.566743753597471311e+00
5.384367067329778322e-01 3.498858566114538826e-01 2.178154870941548804e+00
7.295817761413255775e-01 -3.701072411999456468e-01 2.694341543753075552e+00
9.539193633874595291e-01 -4.477614505006345391e-01 2.454051265054681075e+00
5.868978784546591276e-01 -3.398607474604379286e-01 2.878074756111394628e+00
-1.917455669889933656e-03 7.413698807037673311e-02 3.104213323306118433e+00
1.847375475241529175e-01 6.930988114853355031e-02 3.334671694222387739e+00
6.022816175566380048e-01 -1.729498353063858296e-01 3.263014560305042000e+00
9.493373727558030994e-01 -4.095879540879621694e-01 3.648721439346030326e+00
1.068416138147936234e+00 2.646713582664479980e-01 3.643975628589194660e+00
1.730504328509226752e+00 3.646801717829682432e-01 4.090972573790184974e+00
1.640744023996975276e+00 5.361647559668347718e-01 4.205931846637540161e+00
1.886242216736544908e+00 -4.935368003925426350e-02 3.416653379430655946e+00
1.390135547668832849e+00 1.624261855894152395e-01 3.124030507178768179e+00
1.438275969091504125e+00 3.272720140656951715e-01 3.073696659820905452e+00
6.014108447279379321e-01 2.343354605087376308e-01 2.658362121285168911e+00
1.996466455680443730e-01 2.713048786235160992e-01 2.491410958767546369e+00
8.936156029029612702e-01 -2.626365852722675753e-02 2.120517757958320537e+00
4.920466175476816417e-01 -2.789725905544411799e-01 2.197637362325446819e+00
5.993165305484299266e-01 -1.742527285480199584e-01 2.834111086385908251e+00
4.565094928956335840e-01 3.075721139629745277e-02 2.368993127067946958e+00
5.369457567662306446e-02 -6.338094025068508053e-02 2.232455947208050073e+00
4.342769794839917985e-01 -2.426026445835670342e-01 2.334768721553380999e+00
1.528568359551708000e-01 -1.267191638370675499e-01 2.086187357019756217e+00
-6.509521361980040444e-02 -9.711347562789708621e-02 2.224829132072634330e+00
3.912378224962430595e-01 -6.417992489654704702e-01 2.922787667379913579e+00
3.311733831583414944e-01 -5.911612444550922163e-01 2.961832260052983390e+00
4.581578618440280692e-01 -3.262268191902000236e-01 2.914831965245275658e+00
2.777596640714669052e-01 1.503426342505812530e-01 3.027476314951959679e+00
4.031475700115822458e-01 -4.722424674279631501e-02 3.141155128015342246e+00
5.685405298190068235e-01 -8.503675171019113854e-01 2.965817754332205070e+00
4.581435696505490873e-01 -1.348553550976874793e-02 2.631519826733580647e+00
7.205716155966613856e-01 2.773377757175145009e-01 2.533204485557946750e+00
9.364810121314094404e-01 1.239169872399388528e-02 2.683404323121064472e+00
6.504692431961073273e-01 1.905136665795957862e-01 2.346106290352835799e+00
6.986059165724716191e-01 1.466519002148423956e-02 2.259422503204863819e+00
1.853837914115075425e-01 2.426729730888496986e-02 2.212439794515645985e+00
6.069374425107635362e-01 1.451868450048872661e-01 2.561378427688211445e+00
2.878195337157612443e-01 -1.161090471700164523e-01 3.091623923619749359e+00
1.014834319827458531e+00 -9.477121169619018293e-04 3.583471108103177816e+00
1.611180520896514423e+00 -3.923962516743765838e-01 3.831055386470922919e+00
8.554023537724779747e-01 3.827207984166459687e-01 4.099107292720368001e+00
5.624723423202179218e-01 6.592017472755071772e-01 3.594151936881146980e+00
8.110651652575452397e-01 8.661626804179061168e-01 3.408261303436023848e+00
1.047420573545657874e+00 1.014361335668516606e+00 3.224609037572937265e+00
8.707477294200532958e-01 1.067105383367129123e+00 2.878872021779117052e+00
4.125160310114066309e-02 7.090352883300077291e-01 2.636451914796051899e+00
8.595037572618355881e-01 7.441589609076564305e-01 2.774109588843111762e+00
8.519278139201373889e-01 1.008424525121233595e+00 2.968909437608294066e+00
7.074121347676396443e-01 8.635018465925098363e-02 4.092017094285534284e+00
8.813355976385113255e-01 5.103700013303837796e-02 4.021256488120451777e+00
6.430304905540080718e-01 -7.224568195843150686e-02 3.910151045566415906e+00
5.204093982124831097e-01 3.886513249677571169e-01 4.146538703705006768e+00
8.788687765647771322e-01 9.054221818875310412e-02 3.808761725838722079e+00
6.057385613559841397e-01 8.411770708646056083e-02 3.281074517486722630e+00
3.979811570407157939e-01 8.291128273637660140e-01 3.402585417435044501e+00
8.109865397243755103e-01 1.224738430157313207e+00 3.372293020573235101e+00
3.650865352876642711e-01 7.319177273743375789e-01 3.183205971579394333e+00
5.545726239358119564e-02 1.024993049482613383e+00 3.100316615104908191e+00
9.367193466129511981e-01 1.009956531968206672e+00 3.097739005040006433e+00
1.338677611667105527e+00 4.918104675696980954e-01 2.454460203266198626e+00
1.133527342284720518e+00 6.423521018555248263e-01 2.341329133526965034e+00
1.227552216691723208e+00 2.635460080244714787e-01 2.750607597761394629e+00
1.035740913176906863e+00 2.812136532114812293e-01 2.367991067159854524e+00
1.125798201467971937e+00 1.372291569205425166e+00 1.690117990965935624e+00
7.762022867485900424e-01 1.535943134816011746e+00 2.303553263392583261e+00
1.533707635195191710e+00 1.753942997206602072e+00 2.291569376694605253e+00
1.497463471516988776e+00 1.803113693289085662e+00 1.921373765385689047e+00
1.588789282998485763e+00 1.557782205373658080e+00 2.422634864141872235e+00
1.046636717858886012e+00 5.664700443266937890e-01 2.727798274320418326e+00
7.921905883066818754e-01 9.258499063820372355e-01 3.373339811058492010e+00
7.238132945874783397e-01 1.910096990780953408e-01 3.534556668137682767e+00
8.095712051037595725e-01 6.947049158579364780e-01 3.578938845724330076e+00
5.785004387546336391e-01 7.498129480025822469e-01 3.599431552697637038e+00
5.785004387546336391e-01 7.498129480025822469e-01 3.599431552697637038e+00
7.977415342839009327e-01 3.670466332190284175e-01 3.743601179200820361e+00
1.001983139323438410e+00 4.945240264652375761e-01 2.926828651696471884e+00
1.226233255981519443e+00 4.358857438731672529e-01 2.781411373526195607e+00
9.001096835044883893e-01 4.746650033651207967e-01 2.776808548633773022e+00
1.454567579067456595e+00 -1.742682383631442566e-01 1.890523247304471521e+00
1.391958517149734398e+00 -8.881095709886119294e-02 1.749810242807577243e+00
1.040323023514694301e+00 3.028763587230079990e-01 1.769670773015507459e+00
9.352040661799638777e-01 3.852851084507284973e-01 1.113358928029044792e+00
8.631486500457375977e-01 2.972362781472381310e-01 1.727494483440025430e+00
3.114248492306943561e-01 5.165712818711908350e-01 1.722252888167994378e+00
4.460884676794678039e-01 -3.784969840081154335e-01 1.417747602469288548e+00
7.668518882236303735e-01 -2.962659553759653952e-01 2.990001750565944860e+00
6.724647378988700686e-01 -3.144535162520235572e-01 2.791994190677295151e+00
1.230530126158903226e+00 -7.597110670642082120e-02 1.947885495529949385e+00
1.063222312038995199e+00 -9.164054480870718888e-02 2.005714454471478447e+00
1.453445318904071248e+00 5.747038627301482849e-01 1.961706485376669917e+00
1.769201447991135767e+00 8.038301883759125799e-01 2.257804658225072370e+00
2.039461910418056245e+00 8.349546159618207453e-01 2.290321433184929756e+00
1.571607472920469650e+00 1.190328014746458773e+00 2.007561248059932080e+00
2.090414637326734493e+00 3.591090867340556159e-01 2.355078434600270221e+00
1.491397203341858546e+00 4.910654650166063756e-02 2.726293774094860289e+00
8.739576400121225053e-01 3.239475205342988717e-01 2.629228222271726256e+00
6.647990431499040120e-01 8.806330587009011945e-02 2.109119443095650581e+00
3.741480628555201027e-01 5.896712839890961427e-02 2.382822458485855499e+00
9.382972236716056180e-01 -2.565595872830933599e-01 1.461573289872937220e+00
7.725585781922191808e-01 -3.746205649353088196e-01 1.644770493535963940e+00
9.559234347816134569e-01 2.615072718465041302e-01 2.043314209466125853e+00
6.395824305890479566e-01 -3.391937059308248320e-02 2.141428569659657555e+00
3.899201388207623742e-01 -5.500784134898997202e-01 2.327263052094524109e+00
6.829868461451285011e-01 2.503443253330256413e-01 2.545912704532016679e+00
5.554213997196387753e-01 1.066300661769589153e-01 2.493364309658789413e+00
3.695688950276585505e-01 5.172119035400510323e-02 2.003452715201609724e+00
9.441413064066160876e-01 4.723137314927624564e-01 2.330243814449407758e+00
1.263150643856161714e+00 9.921005455464451117e-01 2.232584462980936824e+00
1.533305621684117215e+00 4.349222967276634710e-01 2.495330090957817326e+00
1.182071476468215199e+00 3.712970331314662253e-01 1.810985599986893790e+00
1.318091782864026840e+00 3.717058198875652364e-01 1.675692490565828585e+00
1.381270761038424277e+00 6.667056165473401741e-01 2.378024673507054931e+00
1.992386354600537146e+00 9.537321277082785320e-01 3.243841237949030454e+00
1.827566369958043113e+00 1.167721143650507054e+00 4.099295302197111468e+00
7.866233654906713557e-01 2.304625243773820720e-01 3.954425639817176208e+00
3.671735739729939385e-01 5.432421278191987835e-01 3.892660377720857934e+00
7.217011273238110869e-01 3.688535852918038982e-01 4.248011510902938603e+00
8.817486732916024472e-01 -7.790066950516858491e-01 4.131912042756597181e+00
9.806797565823967000e-01 3.545057793667100166e-02 4.325413714863976189e+00
1.225265158322932146e+00 1.551055721275587662e-01 4.081419228048425829e+00
9.461341517832353443e-01 4.963297436428050768e-01 4.252121535814351816e+00
1.049857324504402944e+00 5.202039145817592969e-01 4.014100620015894627e+00
1.395727495486957404e+00 1.562278926610153884e-01 4.296281168538694573e+00
1.635365625350800434e+00 1.181854301674721414e-01 4.498385535881127772e+00
1.539691842484660844e+00 3.753861471523209925e-01 4.417722722637726029e+00
1.537456315181602529e+00 6.015570987209563070e-01 4.012891286274864910e+00
1.924879570222887804e+00 8.700708555947297418e-01 4.051731265914171765e+00
1.639804681816282361e+00 7.108808764479662701e-01 3.458287328616110212e+00
1.596698036203465509e+00 7.950352230276703791e-01 3.786905730152692939e+00
1.441797607534974546e+00 9.405394269576081712e-01 3.915075956748998998e+00
1.430115350422367815e+00 2.870331842098831077e-01 4.201267653906058719e+00
1.410435356564078813e+00 1.355970184646244081e-01 4.762435161655447224e+00
1.826798358320310456e+00 3.085497706336227663e-01 4.292187283055506342e+00
8.518346715918979628e-01 1.120355049415798776e-01 4.167274936817018549e+00
9.093330363314580111e-01 5.414651865534211503e-03 4.135528601208008581e+00
6.171780433491467210e-01 -7.360138233946307285e-01 3.548319498116630832e+00
9.206163563100798752e-01 2.395251295390568302e-01 3.371078225231313397e+00
9.808037476565596435e-01 5.250848841207130802e-01 2.518729709830447305e+00
9.084343379479804526e-01 4.441032151630466829e-01 2.351250948855725831e+00
3.836723699881759431e-01 5.452404714075054226e-01 2.398471649294752872e+00
4.883309036989175178e-01 7.331110913189575751e-02 1.872018880820895959e+00
9.805718027522546398e-01 4.152764991530731309e-01 2.103158467398852594e+00
7.348823530236644475e-01 5.454126596253243697e-01 2.090743484362686644e+00
1.935418958015013846e+00 1.001113351891014469e+00 2.402686873457350991e+00
1.948225586245642349e+00 1.418276735942676503e-01 2.269751534026329676e+00
1.356241863293308203e+00 -1.756968819823003791e-01 2.084174923213976793e+00
1.340640985254812678e+00 2.630118147396282025e-02 2.236138950403689929e+00
7.326940773535544071e-01 -8.021228901349347629e-01 2.036108170159713904e+00
9.268989092937162111e-01 -2.373512956183184142e-01 1.780965565628889635e+00
8.117604835195394442e-01 -5.016413376802218715e-02 2.062565052241119190e+00
1.039553821534968669e+00 1.663880674825957418e-01 1.684269928776825020e+00
6.640116400002379349e-01 1.180017513447852107e+00 1.370866943118703496e+00
6.364164905536697781e-01 1.086955163926495160e+00 1.869145959716859151e+00
8.824767767735316459e-01 1.316901936930790828e+00 2.432891473980498542e+00
6.030385452758147968e-01 6.059121332799136672e-01 2.103639371710543049e+00
1.186701964235464368e+00 6.134702654589149207e-01 2.344492373780540095e+00
1.465850549937502967e+00 3.350677331268906434e-01 3.113173742692196377e+00
8.760020860890057603e-01 5.708045271050898872e-06 3.557962627944148970e+00
8.566873450108251076e-01 -1.857557224863713163e-01 4.154434507001689703e+00
1.009158796443396122e+00 3.152381531326199915e-01 4.047300107447289186e+00
6.528180466998572129e-01 6.998601972064956156e-01 4.159101791490097177e+00
1.967804368855433916e-01 2.493513166784266377e-01 3.723762864137776685e+00
6.643847109751774838e-01 4.541081979258492773e-01 3.596373290675837442e+00
6.311487535688475869e-01 1.131056233586526183e+00 3.460873411367523023e+00
7.149687794330562562e-01 9.361305786180019739e-01 3.176043451383829375e+00
7.978134585367543385e-01 9.260724577951289227e-01 2.208250653307505917e+00
1.105612177260344886e+00 1.046786387343146218e+00 2.667825186856343400e+00
7.742167610597351368e-01 9.428457119188375923e-01 2.283801247618775676e+00
3.811343467348669023e-01 1.243067932331889613e+00 2.180477396843722993e+00
6.446315242590816563e-01 8.375557838079180639e-01 2.331412241686838360e+00
8.830515584720155520e-01 5.743565892271633722e-01 2.592393864606878040e+00
1.243756502991352653e+00 8.873805671433173670e-01 1.926092988380450066e+00
1.044146120441624248e+00 6.893024448585854946e-01 2.114440724852345799e+00
1.302877735554461625e+00 7.600387221280545669e-01 2.125704383500687022e+00
8.442699370438950801e-01 4.150680246116976169e-01 1.984091607464090634e+00
6.706763569708953376e-01 4.207956631201055231e-01 1.881420322382762800e+00
1.118665497705624068e+00 4.250855873447136335e-01 2.206484210713452576e+00
1.121826146957817238e+00 1.908419879192140289e-01 2.277994048698513740e+00
8.696490828282215091e-01 7.360651957405595081e-02 1.746646094235090541e+00
5.848410268226590381e-01 2.482068934420118556e-01 2.238265614725496455e+00
3.752705988577849094e-01 1.859544622465943708e-01 2.169019248086620610e+00
8.840292015040341900e-01 5.223259354719021058e-02 2.409587311407650034e+00
1.043329384063326870e+00 4.509009466816573108e-01 2.646503247946757398e+00
1.469343161846653478e-01 -2.361638160623437954e-01 2.410521015075255402e+00
9.691809914060977027e-01 -1.671033308495102621e-02 2.628372584705406911e+00
7.925493390878118882e-01 3.494678389437688715e-02 2.274706647888655286e+00
7.054945913665029433e-01 3.809791505570638837e-01 2.300595460903028577e+00
4.192668385834490974e-01 6.222135370170549518e-01 3.206001398835370608e+00
-9.084823650768882042e-03 4.772431705584246897e-01 2.220050401463036227e+00
6.541172526843057611e-01 3.505144705781447212e-01 2.409873381525567293e+00
1.103274440468763773e+00 -1.676120704979925380e-01 2.636774205401627658e+00
1.385705064261492758e+00 2.859353195353389054e-01 2.084005288568282044e+00
1.550652372136585022e+00 1.071263823819967431e+00 1.923505172214982961e+00
1.467395878096472428e+00 8.143444223540902138e-01 1.649467943761190991e+00
8.873659360630652415e-01 9.332125613622976879e-01 1.846072186785511215e+00
1.169009306777291313e+00 9.990855777879644739e-01 2.091478644833571821e+00
1.887269149656141343e+00 7.763950288360988994e-01 1.635129602439411967e+00
1.585825881658818437e+00 1.174481692388869458e+00 1.629872411404625465e+00
1.630957337026647469e+00 4.802634363583930810e-01 1.577077270779981832e+00
2.032953727779885256e+00 1.748189325042678044e-01 1.631816309112948282e+00
1.768651346454331419e+00 3.714245408031964235e-01 1.624943971953691779e+00
1.231917829968514289e+00 -1.869440058936882032e-01 1.499063108971776304e+00
8.342740479482675386e-01 8.835565597195703391e-02 1.952345772714884742e+00
1.404710414530151219e+00 -3.274590435668644495e-01 1.955654188690476358e+00
1.446666229207512311e+00 -4.973503057754122270e-01 2.532824024691244347e+00
1.450076738301960599e+00 9.307469808993354410e-02 2.468054868513086753e+00
8.648892667043990290e-01 2.032758845823091215e-03 2.904886418699493600e+00
6.050355601457007015e-01 -2.242196414747750222e-01 3.087897898964849563e+00
4.083436108061769265e-01 -7.197494496637687478e-01 3.320943497048783666e+00
5.211075390901185322e-01 -1.521302468600882474e-04 2.856891236050899785e+00
1.026610196965597188e+00 5.432433707668476996e-01 1.749500062109939247e+00
1.708812615453303874e+00 3.895284479006994593e-01 1.929596865293351060e+00
1.726197519064626151e+00 1.653715587298604517e-01 1.716028639222669794e+00
1.405738580961644502e+00 -1.149176211994631103e-01 1.107956776658971521e+00
1.118792469732931005e+00 4.017778769999102439e-01 1.711010713536359029e+00
7.471289245385757116e-01 2.012816357546147183e-01 2.498291558247871524e+00
7.612548848121646339e-01 3.640857441296098673e-01 2.382360144093637278e+00
7.092303521678674505e-01 -8.009186270984097744e-03 2.374247604860703298e+00
1.170816772919284210e+00 -4.725247080627714702e-02 1.668557364907751417e+00
6.233062058668930039e-01 -3.003556191974579015e-01 1.944227889620644412e+00
6.495795059072781985e-01 -8.768826141155435794e-01 2.240117135369909196e+00
1.012854563298350996e+00 -2.127474907581858865e-01 3.170490481030066476e+00
2.516859317003269925e-01 6.020762071952128203e-01 3.141942522444252983e+00
1.691406094146331585e-01 3.279307772522754849e-01 2.972568949087917911e+00
3.482882308100211932e-01 -2.987406731418603134e-01 2.069153069336941986e+00
4.912038644296771173e-01 -1.535283938077206811e-01 2.694214762827071841e+00
9.382184746529753649e-02 -3.982780707742212267e-01 2.700670759314428793e+00
3.668429332966460787e-01 -4.264625520053380026e-01 2.588791521114179428e+00
3.202872118751176056e-01 -2.172003244201984318e-01 2.154029840164996656e+00
5.460963052017816510e-01 -3.537910862850736637e-01 2.018004627044329258e+00
8.355345910583019675e-01 1.275497591798213648e-01 2.073912038440114625e+00
5.114277588465101498e-01 -4.028339089038630028e-01 2.422799609801987941e+00
7.389056395151116785e-01 -3.427057141972420506e-01 2.517839563953890636e+00
5.133073770347529319e-01 2.523973636633390361e-01 3.113817079367183993e+00
9.562055749646781733e-01 -2.261994919177202357e-01 2.667617312567911458e+00
7.246327934646986657e-01 -2.982500448016817129e-01 2.642466717577629964e+00
4.002966054184950440e-01 3.187279298665577909e-01 2.401987280223081722e+00
3.329825867779161175e-02 8.749630461247934199e-02 2.455856383764145612e+00
8.672898117923570904e-01 6.810733614894632915e-01 2.275134114354829151e+00
1.329712754800447039e+00 4.426586338317273772e-01 1.664209737257956068e+00
9.695893504469499380e-01 4.331073602438283987e-01 2.478797293359835230e+00
1.457368093315912494e-01 -1.464774091346366935e-01 2.421479933885537061e+00
1.552522249205137150e-01 -2.592766071810028716e-01 2.569077573796488156e+00
7.643702720133991324e-01 -3.876353118646784779e-01 3.053851594871628716e+00
8.683149773670258975e-01 -2.884722191937530433e-01 3.586122347714987946e+00
5.134399366984594426e-01 -1.047499321746195589e-01 3.327910257742520361e+00
6.027712994116124490e-01 5.818841926768245632e-01 3.004568673697717074e+00
1.024223265071939393e+00 6.792720692825393591e-02 2.903702114054460104e+00
8.442771552608305807e-01 3.075546277613737667e-01 3.385234548787858788e+00
9.805475506621289528e-01 -7.557567254394728651e-03 3.243939700477885602e+00
6.627624038253774330e-01 1.300136095659694402e-01 3.137773026134742516e+00
9.717052645422342705e-01 -2.983051946249020148e-01 3.457885762159114584e+00
1.038844243626561470e+00 3.682683878789982379e-01 3.358705446319346422e+00
6.414603126076473538e-01 2.111164319099591846e-01 3.026465408731260354e+00
3.995357620593577019e-01 3.923999937313032982e-01 2.682740415405310053e+00
6.805148540286768410e-01 2.872745282339407291e-01 2.787784515498603621e+00
4.450204314174611153e-01 1.557929383681753988e-02 3.092141986522924046e+00
5.688815913390189438e-01 3.870679263752571098e-01 2.728015149832775599e+00
4.132473317193581797e-01 1.183911166872947174e+00 2.167476545797089482e+00
7.401293615751212140e-01 6.044609785675123526e-01 2.371730469568359645e+00
4.568125262578875412e-01 4.432695683546640786e-01 2.925116955871391422e+00
2.406049408551572122e-01 1.483362232783313583e+00 2.743795386574858330e+00
7.046129822946064492e-01 1.065253294666223427e+00 2.445128394826224127e+00
7.046129822946064492e-01 1.065253294666223427e+00 2.445128394826224127e+00
1.379896721952096117e+00 6.945533442288941428e-01 2.262084642501905662e+00
1.519342841782664877e+00 6.769561725188320001e-01 2.199895247903091988e+00
1.375588358515507315e+00 3.720146575816866141e-01 2.548998126035058931e+00
3.521025874743440309e-01 5.703008974767382888e-01 1.989308443598962972e+00
6.007778513594732583e-01 1.170800362728360577e-01 1.779217170051312857e+00
6.758752165045710525e-01 5.338737990052894178e-02 2.087882493605657253e+00
6.634820217048155166e-01 2.992479490354983951e-01 1.751401266657641509e+00
6.248973281951086811e-01 3.292017294133728345e-01 1.634085789368643349e+00
7.855739830709826954e-01 1.315563489101759242e-02 1.943591723959659845e+00
3.229036918213802898e-01 -9.101116567807847335e-02 2.157643038334104979e+00
8.501043874941036638e-01 2.242226115156331079e-01 2.949126671183822879e+00
8.655718271854019319e-01 9.745696370554707277e-02 2.903446601221377765e+00
8.655718271854019319e-01 9.745696370554707277e-02 2.903446601221377765e+00
8.439429236602841167e-01 1.070476752895889866e-01 2.437076724427615027e+00
8.547209868123094578e-01 1.549449267795586505e-01 2.925211360365050695e+00
5.853746737285687729e-01 3.243550555651343592e-02 3.111852064607719903e+00
6.224578476455590037e-01 6.342422034076968806e-01 2.804539384864302320e+00
6.125190864244937083e-01 6.429308222736601630e-01 3.038351071200212861e+00
1.158501405772570880e+00 4.119553774537356161e-01 2.804648401749784803e+00
9.463296076505802734e-01 3.230868295408159674e-01 2.181886269586534421e+00
5.917982208712480041e-01 5.659440403232181005e-01 2.492452223606283823e+00
9.945856557052162872e-01 3.537565050606324979e-01 2.354799813747066484e+00
1.322411670059856270e+00 3.270625951678072380e-02 2.350105764860168200e+00
1.220012577019669031e+00 3.602848155714571954e-01 2.852657878844059081e+00
1.568677648474086306e+00 7.018596687376323917e-01 2.813762487583382210e+00
1.715182403028881808e+00 7.833104090646185735e-01 2.219393014487699212e+00
2.323470865068512747e+00 7.374917937210720975e-01 2.232483515084018766e+00
1.767963644888348451e+00 6.751126084386752657e-01 1.684153311003123932e+00
1.027830816427496963e+00 2.398099277363094917e-01 1.461348118978919031e+00
2.504883506722333508e-01 6.597309669854601877e-01 1.545476868105090107e+00
9.374202238217410610e-01 4.034529732825150039e-01 1.180623465240994152e+00
1.071754507935752665e+00 4.296212340344134351e-01 1.489160329292748886e+00
9.618553238782693304e-01 1.414222615945007977e+00 2.012254673058488930e+00
1.267863387965752819e+00 1.518906042517391253e+00 2.420728067518942428e+00
1.278467635872493346e+00 1.584810811136563746e+00 2.498614320014731938e+00
1.580370044303083921e+00 7.983213772369797123e-01 2.099745583019746231e+00
1.200743285400740046e+00 1.211959762246157535e+00 2.404505047738165757e+00
1.319491740254896017e+00 1.041980771205927692e+00 3.154693027154830354e+00
8.824684286457696869e-01 5.141818718993907966e-01 3.092161239197781963e+00
1.047642887240834542e+00 4.075023931084229001e-01 3.257495780869407831e+00
1.220488102570841615e+00 3.670150137174078009e-01 2.982310440775736371e+00
1.400910421024639918e+00 5.436885574799261711e-01 3.124922112545163166e+00
1.308198464589648502e+00 1.877253980857354621e-01 4.106535123396965581e+00
1.575531435766733823e+00 4.621113233326832326e-01 4.139646051281025585e+00
1.484655538448683254e+00 8.268940622987877020e-01 3.519649573818160349e+00
1.218226488332399660e+00 1.757842359202612670e-01 3.337868102125673975e+00
1.547832103760880207e+00 5.653045516548943494e-01 2.123953099877599726e+00
1.557782565540035691e+00 -6.672169745059793045e-02 2.977499469808504884e+00
7.783396154238679809e-01 1.504562867350585920e-01 2.445382681569952865e+00
1.164310628193567343e+00 -3.978018084637857665e-02 1.605992045013472591e+00
1.297217435610353409e+00 9.783231760618621431e-02 1.264439438498190516e+00
1.456523199543941161e+00 4.190726610988317891e-01 1.202937696817157676e+00
1.107769405821527720e+00 1.770190447140351231e-01 1.463287421748889372e+00
1.014614468139971359e+00 6.820948630906927823e-01 1.712196013562162999e+00
5.830653957774688534e-01 5.614399595865571246e-01 1.959753596917988006e+00
7.201109661632193459e-01 3.852167647759211500e-01 2.239848881191437879e+00
5.981935775132694033e-01 -2.245641007829729530e-02 2.606340487064031208e+00
6.969240500479841893e-01 -1.280227656780250634e-01 2.310811448569237925e+00
8.065366816359142987e-01 1.463451538939003482e-01 2.997965844935811308e+00
1.449522297855303954e+00 2.392780238201273890e-01 3.150983537963186087e+00
9.719756583615024592e-01 1.171761002053556683e-01 2.866634266559299427e+00
2.928422054872920621e-01 2.245376368790445998e-01 2.166933376613843887e+00
1.139794083177958495e+00 5.785066194580229526e-02 2.294595459491828304e+00
8.425310270570154358e-01 -2.401970580245531284e-01 1.885883418224389318e+00
1.861318419232044663e+00 1.828832205387481702e-01 2.468924129539624701e+00
1.873311599613231904e+00 4.026887207622012466e-01 2.847404676202069940e+00
1.934206578434206847e+00 3.224928458094860062e-01 2.458972718262306678e+00
1.374622678253337060e+00 7.175704215603451175e-01 3.057007019596196251e+00
1.460825360778262194e+00 3.397681433827038355e-01 3.263487460605716706e+00
1.061968710516610681e+00 7.874711751507161850e-01 3.501864236037560918e+00
8.730410638351899788e-01 5.935958364418997268e-01 3.469806605341288819e+00
5.217287680965496666e-01 6.683781867038203206e-01 3.378860693325590692e+00
8.988895069735932664e-01 5.306608452649679286e-01 3.185398127351732445e+00
5.307526420783947874e-01 5.975318263959640275e-01 3.285010541666868455e+00
1.053812285169097640e+00 4.754536574576430086e-01 3.044706161663506272e+00
1.258908019457287253e+00 4.201049207510555994e-01 3.190710057102303487e+00
1.388387392922749264e+00 1.857580784379802008e-01 2.753065652079930814e+00
2.147501778414611984e+00 9.596892043141249662e-01 2.543876371757384458e+00
1.949654803545351367e+00 8.857490148402424879e-01 2.802551382741603980e+00
1.638257902573150737e+00 8.408312807465976313e-01 3.029452262372373195e+00
1.629124734920364137e+00 9.092445416230343636e-01 3.012454105726623865e+00
1.575481801051090924e+00 1.018716133646628830e+00 3.307387487198844234e+00
1.456677044770362750e+00 5.509492810446543487e-01 3.356366631646363174e+00
1.391184743872545537e+00 -8.026128059698031669e-02 3.964427832263979656e+00
6.200604492596316630e-01 4.083447409736254419e-01 3.202773634355217780e+00
1.011029009048600935e+00 8.285910131785464428e-01 3.320540533071567602e+00
1.953460951070619567e+00 9.236947628111087383e-01 3.026732926958999759e+00
2.063402509841874011e+00 1.280646080650716723e+00 3.035987039178039026e+00
1.751266821295925036e+00 5.725141129777969740e-01 3.233323536281449417e+00
1.806901346222829829e+00 1.161909667883753050e+00 2.895774771541471004e+00
1.910513008817537717e+00 1.554002460292755128e+00 2.412507255150541319e+00
1.044568425220241847e+00 1.372741846075130390e+00 2.546875597084418352e+00
1.473987691538737543e+00 7.212225692787157527e-01 2.846705828739437560e+00
1.429516620828824358e+00 6.038113240268070392e-01 3.343311631924126281e+00
1.670426499262777753e+00 1.481962858409983097e-01 2.983156913832925028e+00
1.790483062734414377e+00 1.020766840359321304e+00 2.947985945571970134e+00
1.692046760399359639e+00 5.038678269190388637e-01 2.513495106368926368e+00
2.063110875480789197e+00 5.662439293015043562e-01 3.417213371116121223e+00
2.918720893877643441e+00 6.682144853774075743e-01 3.581161628799688579e+00
2.679846389534506379e+00 2.969707348144559056e-01 2.944418595568833119e+00
1.527385481290148395e+00 -2.265306389034402734e-01 2.525391702075127309e+00
4.707243368013120932e-01 2.775703493714306025e-01 2.449532252430158596e+00
1.025330371795812184e-01 -2.750692520290424214e-01 2.743796970749787345e+00
7.632101033920724031e-01 2.730263782083594548e-01 2.874045056687327016e+00
1.291054804102778730e+00 1.319725472413827150e-01 3.040892103958524384e+00
1.650331597683456719e+00 6.296507423898307643e-01 3.126354557815358870e+00
1.779673258550817039e+00 1.013653449500044434e+00 3.043333142488486853e+00
1.407573888293375930e+00 5.982783740976871378e-01 2.815091632428144752e+00
1.057271862623585745e+00 7.541214841812415859e-01 2.832375741573470052e+00
1.759144760768079685e+00 -2.070225941152362137e-02 2.088010399178329646e+00
1.697751088818787446e+00 -1.646453474474746798e-02 1.786718916062406182e+00
7.576874045538766200e-01 -9.570997290858408724e-02 2.417151207071907226e+00
3.018145491980436801e-01 -8.174349437251665629e-01 1.556781119138124225e+00
2.123163247152911881e-01 -4.148650351628537791e-01 1.548332226434829151e+00
1.162447150282517105e+00 -6.554165980272594894e-01 2.392261488334726405e+00
5.184584612981959495e-01 -6.667473881938531521e-01 2.576794966839902390e+00
8.520172434950642470e-01 1.516131119746509381e-01 1.904867230349537310e+00
3.467712803676177291e-01 -2.101651243310516393e-01 2.424736056780579574e+00
8.318697715467020526e-01 6.536796163226499257e-01 2.854486496745220592e+00
3.760710537325450131e-01 3.602701894423601114e-01 2.679239198817665812e+00
4.526760888534363536e-01 7.079454119654885469e-01 2.392439698571520168e+00
6.671483824032414800e-01 1.294512419211802712e+00 2.897881969698262949e+00
8.297121070773808560e-01 1.510771211666859237e+00 3.350862714459402980e+00
8.169709612552178424e-01 9.390807714709851206e-01 3.034152692150762221e+00
4.177136842149714036e-01 6.876261428646959217e-01 2.411593933738303441e+00
7.738893440503756826e-01 2.040804546527519026e-01 2.775958553017873420e+00
1.099672310721482527e+00 3.822304548306804106e-01 2.671107111674370316e+00
1.580747813551421688e+00 5.058963627757308013e-01 2.814967154446732067e+00
1.124029206903685907e+00 2.813814695961081025e-01 3.292366389874942900e+00
3.477971623288793057e-01 -1.651409413812413574e-01 3.627002979445983488e+00
5.937515678588735080e-01 -6.043478936006714264e-01 2.752488575734524989e+00
2.540890323433726561e-01 -6.545800048652156145e-02 2.760964288259139199e+00
3.403750387374012698e-01 1.641878831634790148e-01 2.586857205840054519e+00
1.049610216289154074e+00 4.959493287580780674e-01 2.753246660279069502e+00
1.035873710529852554e+00 3.412092155154095030e-01 3.238915093834722203e+00
9.421509203169372570e-01 8.469801733975373947e-01 3.490741080908464244e+00
1.437481737413778937e+00 1.189885302781374499e+00 2.943572280758842474e+00
8.519749977358510584e-01 1.058535587528123711e+00 2.739653037536661895e+00
9.408174501745029117e-01 6.589732045330300991e-01 2.647379463986477610e+00
6.680089915630204045e-01 4.874250214640845069e-01 2.877546097999712948e+00
5.799838729798213466e-01 -2.322595284022293260e-01 2.439655676886737901e+00
6.265262412671330772e-01 1.157216019009516400e-01 2.203068157564191942e+00
3.944935962461464940e-01 5.045697717323306408e-01 1.493469279734280564e+00
7.407485621090817984e-01 9.254916433477595739e-01 1.551963176792474197e+00
1.006571030510854836e+00 1.149181974340694357e+00 1.961310126601056858e+00
6.702079651237329294e-01 3.079629189880883633e-01 2.066101943313681133e+00
1.882202224208354480e+00 5.190709273227289700e-01 1.628945909011087156e+00
1.839511409493824079e+00 6.398012240310035903e-01 2.385343328257693685e+00
1.746965517426862347e+00 8.857220945725279293e-01 2.143094730317495866e+00
2.062730782729395695e+00 1.063849769812773571e+00 2.316705644562224720e+00
1.888756522302895924e+00 4.951607841267336996e-01 1.945642983863387965e+00
2.087894760176810749e+00 5.828374829034417282e-01 1.633302563251797457e+00
1.695185143273978179e+00 4.219390887796878875e-01 9.385592205931375664e-01
1.105973331553658401e+00 5.298772394577155875e-01 1.765089860082408091e+00
6.900950066418787276e-02 2.536155532765883847e-02 1.734961426784879190e+00
7.879022161849824624e-01 -1.245287024880684101e-01 1.758428021001292141e+00
1.144887458816618686e+00 1.293142584167397136e-01 1.648046369983463766e+00
6.415256233153853183e-01 -2.069096116747601855e-01 2.352367597740413707e+00
3.378451742241819211e-01 1.060037468983150849e-01 2.038612568980901596e+00
7.374572928340346056e-01 3.881053625238122251e-01 2.425341904210523314e+00
8.841445760341334337e-01 -9.070394776144775906e-02 2.044229566811285981e+00
4.095689548130008739e-01 -2.017632072263260135e-01 2.223448645320952100e+00
7.518573845163597502e-01 -5.302417878007141538e-02 2.480692007533997767e+00
6.080849204982837763e-01 -8.040890848280259906e-01 2.450252474126147995e+00
7.224251102375705003e-01 -5.870203257247139650e-01 2.657167600448604006e+00
7.744659445455356339e-01 -1.010356635839584349e-01 2.012542066496515680e+00
8.053575250290265775e-01 1.427297169368281216e-01 2.265746919068428511e+00
9.589817270052898301e-01 3.896835332086009962e-02 2.330683405269990072e+00
5.527286155686104152e-01 8.257307888779564786e-01 1.852923505016309313e+00
1.016532106151537995e+00 1.236436684437277167e+00 1.912036569596305746e+00
6.378255776694593537e-01 5.629379785202821562e-01 1.331823746940624886e+00
5.616306755287463481e-01 1.723260273794036679e-01 1.840240753141255681e+00
3.548361542833408655e-01 -4.869030381751771747e-02 2.201337100515843304e+00
3.143111216451722756e-01 1.522374534064236014e-02 2.612624850178047353e+00
1.456178327311379306e-01 1.256448186509817877e-01 3.010361620918800885e+00
6.198806798629998838e-01 1.078031828706731199e+00 3.987018366091144461e+00
1.465784208603680305e+00 5.060084026002346080e-01 3.893091610497189770e+00
1.051938030131821300e+00 4.964493388169382015e-01 4.229374255358034240e+00
1.346774526201233169e+00 -2.570841745246542631e-01 4.568927004518312351e+00
1.149508089886422724e+00 1.479027310636203407e-01 4.331921506538463973e+00
5.523361124564077906e-01 -4.497069795480266308e-01 3.606242895665327630e+00
7.438355890289891637e-01 3.488753800238966751e-02 3.814709881116831625e+00
8.266546269959302862e-01 1.356868864243845618e-01 3.712470187315859871e+00
7.197224897406190314e-01 2.947621964827625840e-01 3.200403106950819421e+00
9.249552677920797050e-01 -3.603244270066548183e-02 2.570538033577805859e+00
1.405964813726520157e+00 4.242825312910421254e-02 3.024174996721531006e+00
1.284928189636099560e+00 4.749766655697513773e-01 2.788063933138193118e+00
1.127365963063406973e+00 1.330435111560694939e-01 2.127499854384728550e+00
1.248248366079814486e+00 1.567766668648493400e-01 1.988805093255753720e+00
6.905190665850895471e-01 7.163900712937891768e-01 2.420243776334719321e+00
8.443918691764467077e-01 6.104695428835948956e-01 3.674626083140348776e+00
9.972064795232777890e-01 8.683624497593924740e-01 4.044533336426235692e+00
1.223321524976693775e+00 9.811373153123228441e-01 3.713314828921817856e+00
1.072385025633516342e+00 9.813653818203467161e-01 2.790296082131866751e+00
1.020975667603025050e+00 7.008746893044747184e-01 2.505361558818759438e+00
1.297648565090551598e+00 5.803208370297575636e-01 2.526893322717504997e+00
1.157404854202693123e+00 -3.431242057130517997e-02 2.641452481586240797e+00
9.186778001987291331e-01 -2.299299089979393862e-01 2.902508990560419111e+00
1.216990317605282534e+00 -6.102495326299707257e-01 2.533976883547635062e+00
1.180981919033230021e+00 -1.138993623043755565e-01 2.607363780352389249e+00
1.466435878814004612e+00 3.456194002799406473e-01 3.128847433412088819e+00
1.245285464104743056e+00 -1.811852678118181792e-01 2.831261229695718029e+00
7.949402144484638555e-01 -3.583577840194762110e-01 3.572843923598982840e+00
5.962470652320754905e-01 3.311690397476283465e-01 3.390117248740152522e+00
7.811429796668895031e-01 3.319323111682753180e-01 3.416558341286287881e+00
1.183321640789937623e+00 4.956178978958731274e-01 4.016115513991504571e+00
1.253283722200569716e+00 5.481746848721824605e-01 3.585082829039721197e+00
1.784375104452014416e+00 5.667824081733767727e-01 3.473248061340241222e+00
1.823450073096458013e+00 9.427029809011111539e-01 3.181132788259555699e+00
2.443812054870786010e+00 8.102668224124106588e-01 3.248623592810461425e+00
2.613554221677365508e+00 6.462126254037157125e-01 3.027081322610590597e+00
2.374564938097468492e+00 8.107110741313765523e-01 3.100808002690145670e+00
2.550636240325103277e+00 1.023974184342580029e+00 3.650582812693526691e+00
2.242089291144012453e+00 1.361169046018910755e+00 4.154028595978771499e+00
2.247732967524194159e+00 1.436467354699887400e+00 4.378281675446255683e+00
2.380085610867884061e+00 1.557606057862914728e+00 3.604406963426139754e+00
1.659706545567743108e+00 1.456859197541521489e+00 3.285701887831194323e+00
1.693990335316855056e+00 1.267816018268391964e+00 3.219444661649188522e+00
1.612188713831663067e+00 1.411527595473218488e+00 3.676637928330246829e+00
1.710275114286196052e+00 1.014220147050207466e+00 3.587852319344700280e+00
1.966070692599203529e+00 8.541016531187819449e-01 3.331353128451990386e+00
1.801561069041740959e+00 8.920908176066018047e-01 3.862261648916165413e+00
2.005251901902817213e+00 5.827883958869488623e-01 3.644542785174854860e+00
2.369215036789620754e+00 4.526416553577535251e-01 3.210461224029741878e+00
2.241824149050202664e+00 4.032036250058750881e-01 2.896838331972362290e+00
2.564164420285806933e+00 8.456987772267552383e-01 2.677299590356434056e+00
2.253438754503079622e+00 6.311185866594569704e-01 2.147900820773906538e+00
1.759038877023705982e+00 5.263247716508165919e-01 2.305627988057936228e+00
1.712576225746256453e+00 5.503199254106032612e-01 2.784450759699606870e+00
2.166158356667304385e+00 9.437707102530761283e-01 2.614683323090980060e+00
2.033261780754396231e+00 2.295563129442203254e-01 2.895678953350414364e+00
2.189475099440012063e+00 2.023666797539168671e-01 2.519352986410914319e+00
2.054498142749221046e+00 4.635542019522441159e-01 2.361258943243171871e+00
2.610115729839651344e+00 4.414551510984591753e-01 2.467830448744950278e+00
2.416492850755439292e+00 7.345772595095467761e-01 2.293483945976934280e+00
1.534764555632794902e+00 8.111478295875855782e-01 2.270251146870907011e+00
1.077947433590847659e+00 -3.295820085493446072e-01 2.105058653077204855e+00
1.347773390048280007e+00 6.508018539278610515e-01 2.616068929859766357e+00
1.121647917856092302e+00 1.450455533227634763e-01 2.080412277041118418e+00
1.110678218100509262e+00 -2.725541317172940070e-02 1.954365815711736953e+00
9.172234845950062443e-01 1.188514487022938187e-01 1.871930204433000178e+00
1.438471909938891180e+00 4.460325024694159479e-01 2.197823085781743568e+00
1.634898158236886889e+00 6.786404006391061339e-02 2.102030463872627042e+00
2.107280030058258813e+00 3.241779641167346071e-01 1.875900507786149252e+00
2.101512336778057044e+00 4.680927583555342941e-02 2.059511634901909805e+00
1.921939413497642635e+00 1.327806646472705632e-01 2.033160318729459792e+00
1.439618519024535415e+00 8.531030532139978473e-02 1.842358278440284769e+00
1.045311521399942434e+00 4.588742363788335665e-01 2.505881210706941697e+00
1.406509268002100521e+00 -1.769261511449913282e-01 3.174653138671405195e+00
1.303213877985177627e+00 -5.762205063322566323e-01 3.033763190539074284e+00
9.499336763342763890e-01 -2.073357434344383909e-01 2.455306704418835917e+00
6.270742611670717670e-01 1.698990375118363261e-01 2.378075116295897296e+00
8.124519829168830309e-01 5.424964473758919770e-01 2.380372839554507625e+00
9.579323959924235243e-01 2.293145070627106707e-01 3.116073884743956857e+00
7.019764458715518352e-01 5.318590497733739486e-01 3.061807612869154038e+00
6.084847264730209870e-01 3.192876193505109761e-01 2.747419312651970813e+00
1.202450383328754757e+00 7.620877957479628151e-01 2.848457125227140452e+00
1.279998009580935792e+00 6.825455784078167110e-01 2.938793407816953085e+00
1.346981292090177584e+00 5.030535575674406346e-01 3.330326902325162930e+00
2.109621596243227870e+00 5.471777382226021835e-01 4.143595163623310818e+00
1.820644237461222614e+00 2.522519889037298513e-01 3.908718192064270625e+00
1.227368226225745262e+00 -2.329055873474487615e-01 3.745264451488179880e+00
1.274852355284594951e+00 -1.991207136580155357e-01 3.441586877141881828e+00
1.014069080754247620e+00 -4.167706441736435674e-01 3.382167483257541463e+00
8.865642334667963587e-01 -3.508881384553204086e-01 3.608697077906857675e+00
6.482420924259278960e-01 1.869289269382014285e-01 2.954961679252025242e+00
5.120506450814725774e-01 2.834348044701212599e-01 2.930109768496230060e+00
4.581982865972683561e-01 8.689166011595756967e-01 3.165916460798932075e+00
1.015384913939878730e+00 1.404018762128608655e+00 3.227536776896333670e+00
9.619826839414300501e-01 9.063796656600132673e-01 3.477272233042384642e+00
1.042849168505046276e+00 1.462545939844698939e+00 3.518158284674563596e+00
9.532236099411891539e-01 6.038605750076665446e-01 3.357652402650914247e+00
1.453406341836762206e+00 6.291959283549718451e-01 3.190222501772238317e+00
9.878553417126674230e-01 8.649864532026336761e-01 2.862050580287038404e+00
8.493029783415110279e-01 7.720335555634311175e-01 2.685403823645632571e+00
1.001566216436738044e+00 8.712969057271907625e-01 2.256277118650925839e+00
7.533798114772776167e-01 8.438039169968476472e-01 2.394972831160292248e+00
8.845816939082601360e-01 8.904248489501430663e-01 2.340948911659321396e+00
7.449370336460139352e-01 1.011561965814522290e+00 1.952012918272457709e+00
8.454704511145574308e-01 1.112659692882415952e+00 1.571969592062310683e+00
6.007131054391140479e-01 3.642153213268754519e-01 1.760662286389338638e+00
4.344697359967510941e-01 -5.851291280893873570e-02 1.910915224044098082e+00
7.731467961031034397e-01 8.958197875371425034e-02 2.795611618029566259e+00
1.345654727807418016e+00 3.604939480579104072e-01 2.031961841091343590e+00
1.032656302972450479e+00 6.627849152750706629e-01 1.496319925668353035e+00
1.797925015640293278e+00 3.054263249275651626e-01 1.804003441756564019e+00
1.941662338778179731e+00 3.428970561802059391e-01 1.310500084297460122e+00
2.059507917807170241e+00 6.689865850507443756e-01 1.217651307209764999e+00
1.642481103330796666e+00 1.072919828580058299e+00 1.278161084018515137e+00
1.495702960711315921e+00 4.551793492967285415e-01 1.118588588711077136e+00
1.165364749299347080e+00 9.983516003093764191e-01 1.511757504380877304e+00
2.043112065838875502e+00 6.724562064349391965e-01 1.542116895464569204e+00
1.967898338221333754e+00 1.795174045849864952e-01 2.198460956889488394e+00
1.446347134266299461e+00 -9.567018578967868836e-02 2.236952193794198962e+00
9.985114279947191473e-01 1.278168455412885818e-01 1.960136599402024116e+00
9.109516011474996233e-01 -1.188300472712799927e-02 2.497142736322394807e+00
4.663245056629271579e-01 -5.660495483433736208e-01 2.228578611083125161e+00
3.872009140104868963e-01 -3.864307918822876831e-01 2.223342239480848637e+00
8.266047434612079359e-01 -4.169760487216186973e-01 2.339366157434286997e+00
9.907057704218737992e-01 -1.251665880561012023e-01 2.112412200784778094e+00
4.202688762385360932e-01 3.674519890634903585e-01 2.985471017436843510e+00
6.332182868912300533e-01 1.431294947614801250e-01 3.283284904250434177e+00
6.332182868912300533e-01 1.431294947614801250e-01 3.283284904250434177e+00
9.503985880924255003e-01 4.340307605964198179e-01 2.841471225110509202e+00
1.055733257813989301e+00 1.287449496551021477e+00 3.650675883616980144e+00
3.583390615254726241e-01 5.939232433878197659e-01 4.201603321118716039e+00
2.705028023435220863e-01 3.846726269689051403e-01 4.207129598924757907e+00
1.009845860353924873e+00 -5.502767451338863580e-02 4.303584845154399652e+00
1.064939326310801126e+00 5.445982940770662806e-01 4.288980457340818120e+00
9.759961655610491782e-01 3.299785695161570054e-01 4.276675090321718109e+00
1.517317417516233835e+00 3.076992714599763312e-01 3.956393314028338715e+00
1.117591714007776682e+00 -1.661844247608857961e-01 3.632470253417503514e+00
4.046479719805973208e-01 -1.551299788232957666e-01 3.618551599916064454e+00
7.969683097112304493e-01 -5.819194100046229945e-01 3.429807718957667451e+00
9.209139789348799177e-01 -1.229558587911174505e-01 3.397959392547793556e+00
1.642775374439366498e+00 3.580838524040238502e-01 3.097427493968628820e+00
1.918524569846016048e+00 2.798415310268449474e-01 2.469506279881898081e+00
1.494870112372102655e+00 3.332183159667012617e-01 2.042985418265352848e+00
2.241176673353006077e+00 2.595479165888627815e-01 1.668913731601252115e+00
2.024887444834547079e+00 1.067584786640749961e+00 1.222494504593918618e+00
1.694842635165852540e+00 5.419510866521860537e-01 2.158823094956352495e+00
1.390696774173747929e+00 7.727449603478341034e-02 1.752811799716015306e+00
1.035365266647131799e+00 2.879307723757340565e-01 2.194533214685573164e+00
1.243336023897519294e+00 6.374694247922105816e-01 2.607927482274232656e+00
1.382579224536159446e+00 5.351835961529355368e-01 2.594791346757703732e+00
1.204943725241295560e+00 5.261351992157994317e-01 2.628084373915216432e+00
1.512806679854873160e+00 2.787510189831705620e-01 2.181221229607447576e+00
1.069006147179836663e+00 5.325987376011398489e-01 2.628574327626060469e+00
1.525692363292172171e+00 6.627909922023481615e-01 2.736266049219962415e+00
1.321485262779350967e+00 -2.003982477086261038e-01 2.362147089265318467e+00
1.219035173995606236e+00 1.548505445281146975e-01 2.607314541092914162e+00
1.031008184851919252e+00 -7.334816276218354691e-02 2.317312712347538994e+00
1.089981593131869042e+00 -1.262489714660297579e-01 2.272786057079742683e+00
1.059651931223172694e+00 5.824550394519567575e-01 2.827253532098100042e+00
1.160114136679464725e+00 7.339645769875149384e-01 2.325835839089235080e+00
6.638607645843974669e-01 5.330290827006800569e-01 1.692580906126851081e+00
6.843308634796657630e-01 9.074695619330103158e-01 1.527056135479340160e+00
7.288177212515033476e-01 8.725854880633280297e-01 1.720564799950762502e+00
3.037714110739228590e-01 1.013668668288820074e+00 1.590625475740537587e+00
5.318511960606244759e-01 6.985598527176339889e-01 2.053380749286803475e+00
7.818447960161595267e-01 1.017571304691006207e+00 2.463533482497317184e+00
1.342671090457865146e+00 1.441119827560028765e+00 2.959820758938271013e+00
1.425229352198201793e+00 7.817222984869804936e-01 3.365754037190328063e+00
1.115589305001312592e+00 7.650152938086671739e-01 2.706910326152117463e+00
9.322183116169554529e-01 4.443152424344558593e-01 2.293124837938180338e+00
9.860119523038266554e-01 8.364703142169185313e-01 2.002296273570122409e+00
1.666375319846225223e+00 1.745057667288570091e-01 2.426617545486389638e+00
2.061278047236214217e+00 6.595807439935125194e-01 1.713222086125449684e+00
1.951208921945499997e+00 8.418782321546157688e-01 1.747635701896047111e+00
1.405091248157903205e+00 3.852945733829798436e-01 2.540903787501030298e+00
1.972949970949170684e+00 9.403941217653191131e-01 2.509459113763960580e+00
2.100279551335809902e+00 1.076030420724865877e+00 1.988276901341136549e+00
1.810361283290875090e+00 9.662375496348079018e-01 2.588833523880323728e+00
2.086551733341534653e+00 6.530039241322501686e-01 2.239525407068329699e+00
2.654086211382891580e+00 6.929091800206775842e-01 2.012767876048311866e+00
1.665030307098259055e+00 5.439799201997581601e-01 1.827751903546488643e+00
1.520644664727520246e+00 4.370548465600692101e-01 2.037183409256314803e+00
1.375041485741372638e+00 3.035100126362377804e-01 2.411300465935898529e+00
2.367324157890786651e+00 -7.011989050988945427e-02 2.738576330050394247e+00
2.523933161678955539e+00 -8.399573368526577766e-02 2.435448761466885159e+00
2.271294719003208229e+00 4.624047518077338825e-01 2.048964080771730867e+00
1.782147962751791104e+00 6.799438293175994463e-01 1.930248039255398451e+00
1.780272054547811011e+00 7.758351670253957888e-01 1.673401348277760770e+00
1.912458992726185691e+00 5.215794743164193781e-01 2.106075239610424976e+00
2.041889909711674722e+00 9.055942728593824320e-01 2.642583122397978990e+00
1.744631373685307629e+00 7.234544548536256947e-01 2.710572465505601158e+00
1.786101260293433635e+00 4.699767461235164756e-01 2.965570824177789166e+00
1.847050673012407662e+00 8.609482950189005779e-01 2.619789691731498671e+00
1.646566476186188455e+00 4.674037502054971260e-01 2.653748311566323625e+00
1.741925139875122763e+00 2.166010782815172564e-02 2.672396063992326987e+00
1.768560965555737274e+00 2.299376978847957886e-01 3.377915272124783375e+00
1.537254951608382880e+00 5.618561367733502232e-01 3.453960079449491793e+00
8.577185840748462464e-01 -9.740185016035737831e-02 3.489341671806979406e+00
7.152097195402764562e-01 3.030949245683293714e-01 2.626237403816495952e+00
8.191491230297840431e-01 6.064446676011270299e-01 2.146708215769040251e+00
1.419318294833266769e+00 7.066273741749963255e-01 2.192872657830330141e+00
8.328083072213039451e-01 3.321431096667882832e-01 2.220412647956957031e+00
6.087203420452836911e-01 1.051854238498514338e+00 2.090324467603023262e+00
9.584515029006996922e-01 4.674582243231292233e-01 2.191280951571282554e+00
4.288621576882267750e-01 3.462536904332985666e-01 2.072664303396015928e+00
8.060295363871369245e-01 -2.774590503055506252e-01 3.410559288165497360e+00
3.257769445514612783e-01 -6.201951123923358233e-01 2.555471700105332200e+00
1.602628900021970948e-01 -7.084280093282149249e-01 2.626634350105461646e+00
1.288218306022753390e-01 -3.764054503666702245e-01 2.298000219693459467e+00
6.220235149729259616e-01 -3.864327738680171653e-01 2.359702263084000329e+00
8.781102161190731392e-01 -1.637715126443296809e-02 1.495883296269955975e+00
7.935635751766266788e-01 5.082943341049487307e-01 2.090905669711682791e+00
8.643590334809539977e-01 9.383773945369014990e-01 2.199611311762362575e+00
1.380425170193115392e+00 8.835089752197535784e-01 2.333023212024083914e+00
1.388905105047104405e+00 -4.255345241766356201e-02 2.589974598200828648e+00
8.758276410495360320e-01 -3.284470362939229116e-02 3.039534111210122624e+00
9.930996768716361389e-01 2.473312609288396136e-01 3.445672348372046834e+00
1.352282410375974742e+00 -4.860217544995724254e-02 3.822667681409067431e+00
7.627660503322558627e-01 -3.473836706521613582e-01 3.623159286280777991e+00
1.163509902101232535e-01 -2.041556573944619535e-01 3.490619977104666649e+00
8.269055449885297504e-01 -8.069355903868572488e-01 2.693772950543125599e+00
6.124253024441618232e-01 -7.080798223442114070e-01 2.788118881656198589e+00
1.168860611228236701e+00 -3.107220356067884048e-01 2.713119958772993723e+00
1.435463028365833171e+00 5.506874397663508169e-02 2.293461048645314193e+00
8.433013977667150884e-01 -2.826060632426612429e-01 2.370140048448055925e+00
7.344178957627836013e-01 -3.530587771125485164e-01 2.583257218625470752e+00
-1.879257663548202784e-01 1.249430713752072847e-01 2.310911523177516802e+00
4.653496726369730219e-01 7.362597679177081134e-02 2.661275691844330993e+00
5.778429678200233122e-01 1.372143281941989312e-01 2.879252118401482541e+00
4.770828529553405861e-01 -5.567917404980129437e-01 2.849864687575212496e+00
5.807120089238828609e-01 -6.069145929380068694e-01 2.697959451363880490e+00
3.203900110501851084e-01 -9.414394078849732672e-01 2.701684938532562530e+00
7.261230067361070795e-01 -4.756654592016436034e-01 3.263743611100894615e+00
2.501679650843108837e-01 1.913625906381946906e-01 3.375040443270957979e+00
8.367570608671089927e-01 2.460996497848803033e-01 3.797586852358243004e+00
6.698625494202139485e-01 -6.440059616574622670e-01 3.478775085497360919e+00
8.909444211005062009e-01 4.285842805859307880e-03 3.165055388940182013e+00
7.140827507998430690e-01 4.401546557703147067e-01 3.716122833479546639e+00
6.739435582005314229e-01 -1.914946927612129479e-02 3.769887679237092115e+00
5.490329256546691017e-01 -1.904401472910735860e-01 4.171108177496711811e+00
8.851378721176088593e-01 1.119122142985605473e-01 3.988385315773907980e+00
7.135782235843964871e-01 7.888732613763518309e-01 4.375957958773088130e+00
1.219846373323140387e+00 4.081231039463942833e-01 3.950014492652318854e+00
1.881304399010779171e+00 5.920348171878373478e-01 4.043311812514850168e+00
2.104761718243985058e+00 5.645183321768996176e-01 4.560516647069448481e+00
2.285199276761526122e+00 5.168042152261477229e-01 4.352181057086086824e+00
1.915659300639991347e+00 1.357781255925753383e+00 4.075674557300839496e+00
1.548758273636382965e+00 1.537337039403262606e+00 4.297864353223952882e+00
9.743288416139690433e-01 1.773042408411431570e+00 4.274931020819457750e+00
1.712428675887525786e+00 1.578060962107627585e+00 4.033236214160702993e+00
1.803519766242677402e+00 1.109312437663210194e+00 4.159680295649784476e+00
1.424450027263034935e+00 1.075541340559249104e+00 3.651294566129990038e+00
1.161282098619583314e+00 1.173150771572426088e+00 2.735336943780325658e+00
7.925909011742916510e-01 1.123166542007709046e+00 2.641552072993020417e+00
6.045114696702293955e-01 6.943013616013085088e-01 2.273557853983032562e+00
1.167712362719412589e+00 8.736087200466297054e-01 1.705985399398805891e+00
7.658635271065730166e-01 8.523905064811029830e-02 1.741074024407785137e+00
5.241603540895025670e-01 1.480179646398734339e-01 1.733137354137618491e+00
3.747188029126994890e-01 -3.719291764960049873e-01 2.228854310962478102e+00
9.099892376629810098e-01 -1.106032466392378177e-01 2.879162760255705944e+00
1.178729460698390463e+00 -2.238641022617939708e-02 2.540587554225783862e+00
1.122379235745456949e+00 -1.539135283456745384e-01 2.361570292477563004e+00
5.972371184014972911e-01 2.577859202315178622e-01 1.906761523828238714e+00
8.168161824564142970e-01 -8.039649052203834412e-02 1.411686866518583328e+00
4.742666506454721320e-01 -5.556867083348171477e-01 1.410874004417071559e+00
5.292157356347167996e-01 -3.958721880213282862e-01 1.833993780932782869e+00
2.847490944886789110e-01 -4.630087460892709506e-01 1.577255332224578144e+00
7.726142658725827506e-01 -3.983391544411051255e-01 1.607645951288824149e+00
9.017867728440568387e-01 -2.930440173425302164e-01 2.958009896618539969e+00
4.708133880461370935e-01 3.037503879352629887e-01 2.809205894131378223e+00
4.108985016385216515e-01 2.258295794281535707e-01 2.874635276356821922e+00
6.016582374364143337e-01 -3.012852685555155730e-01 2.754891964581120067e+00
6.834091301910860672e-01 1.051412239097149204e-02 2.324190115422966940e+00
9.913570744778597010e-01 -1.198276342277820039e-01 1.812839123534428110e+00
1.053182293331118791e+00 -3.359553795095458484e-01 1.300854675841135677e+00
8.385845875207853517e-01 5.545652425141238406e-02 1.562719408974747592e+00
1.181214814593074314e+00 1.792041300770160495e-01 1.852783833351770548e+00
1.732332761361628226e-01 1.721762509000022284e-02 2.400581184831567239e+00
1.054347429164238653e-01 1.449068305081631092e-01 2.437153905222716244e+00
2.411063602836293063e-01 3.298898547138740533e-01 2.011582095775424239e+00
5.469682391747165973e-04 -2.495662509833796172e-01 2.325394649907420952e+00
6.051680865859989655e-01 2.799317050590666850e-02 2.325531889832840093e+00
-2.174446069208153809e-02 -5.365679688200206687e-01 1.931086268304059494e+00
4.079380732551607380e-01 -7.296289342709597614e-01 2.010442591158058345e+00
1.666683439646543252e-01 -4.276929836114561345e-01 2.107257802027771465e+00
4.351401918969053928e-01 -4.766099047409539935e-01 1.650256614460208660e+00
7.120591299376819450e-01 -1.048557027983489265e+00 1.751073499048063420e+00
7.721736019820546471e-01 -6.033225835690152472e-01 2.283685415406474295e+00
5.637610495238445374e-01 -3.978070486014056995e-01 1.709836179422282276e+00
5.637610495238445374e-01 -3.978070486014056995e-01 1.709836179422282276e+00
4.071416172985424242e-01 -4.159589869606244994e-01 1.578765197128437103e+00
3.337212392364947711e-01 -3.275290989078247783e-01 2.548535580773460207e+00
4.439304128619746548e-01 -6.403503784203956606e-03 2.157477315540749618e+00
6.799920171066514696e-01 2.306994055336495653e-01 2.150644675333633238e+00
6.073940694793998896e-01 7.513997296032119966e-01 1.791296824007595934e+00
9.306978472813490777e-01 6.498383451777935971e-01 1.892622950697228745e+00
7.745609904000184676e-01 6.387894190061438326e-01 1.889781309985008706e+00
9.469814813916545004e-01 3.700453785010170416e-01 1.843660256500946115e+00
1.474558740005291080e+00 6.316117094398129295e-01 1.979741437605519128e+00
1.516395310977131317e+00 7.094391899362653131e-01 1.620744374598603654e+00
1.409645410436206614e+00 1.103254163877047528e-01 2.110794503357330765e+00
7.792694790394127935e-01 1.572361242131566084e-01 2.215794534395516546e+00
1.107456294178885026e+00 -6.107072944733520081e-02 2.058792626547848226e+00
1.014027388421681719e+00 -2.516500844239057955e-01 1.496373441567366624e+00
9.477281884836313841e-01 5.694671845115066577e-02 1.143461201225334234e+00
6.184586390733614047e-01 2.870884244020168174e-01 1.472004526980264183e+00
8.097064458763946204e-01 8.772303000344733315e-02 1.497354398745389892e+00
4.786775541878869888e-01 3.205224604258803955e-01 1.531668301808868371e+00
2.657010585500784727e-01 6.007745369149658510e-01 1.442021743879360773e+00
7.768508028630086715e-01 3.029261461297113600e-01 2.243219707975334209e+00
1.070405364685069971e+00 1.899811383305931856e-01 2.726869237646619926e+00
9.897812629515838623e-01 -1.679384716511757025e-01 3.064456871618580269e+00
1.500852944744374140e+00 4.559722325974514545e-01 3.323207112984912559e+00
8.813063376254028913e-01 4.272140800095927671e-01 4.217166694267128868e+00
1.073768834278253648e+00 6.036604999409619365e-01 3.664962040619553552e+00
8.886402319013478879e-01 2.030165160028489235e-01 3.977815326869745149e+00
1.376959488674839527e+00 6.516026029827926003e-01 4.003897125138839996e+00
9.840921232360599902e-01 9.757503417556507852e-01 4.559005416194685800e+00
1.197793034150500979e+00 1.532716385573557938e+00 5.005840838640660984e+00
1.311145737175053894e+00 9.485334899920033758e-01 4.428145495356642591e+00
5.811252078700918089e-01 5.575540507953828939e-01 4.564570686255026821e+00
8.497402467190722231e-01 -1.357366676610343992e-01 4.106935518789719630e+00
1.450945507635649889e+00 4.590838960171251815e-01 4.124216045982328716e+00
1.427479888023120314e+00 8.037589478134475884e-01 4.392407162855910485e+00
1.201421768867510842e+00 7.939303042136047761e-01 4.306377130485546267e+00
9.242462332678659243e-01 1.018407516687429126e+00 4.375434658773433405e+00
2.872146061017144536e-01 3.519879790416751142e-01 5.126216474459089234e+00
3.058768110138538332e-01 -7.474638789243399917e-02 5.285767568187607957e+00
2.558735809033969577e-01 2.381775948172793755e-01 5.564227650466765596e+00
2.352395342868543182e-01 6.865115923056821501e-01 5.185754393992286992e+00
5.233182954868695891e-01 4.434830470252845158e-01 4.337334250172986572e+00
6.583475861880051516e-01 5.945905931597895711e-01 4.421902732652526424e+00
3.338786033497194161e-01 5.830689765366062760e-01 4.458886039502599985e+00
1.145716915990361517e+00 1.620193398376512661e-01 4.456047809770964818e+00
7.522898758436855626e-01 7.085922535051374371e-01 4.345914498059853415e+00
3.776715111583330287e-01 6.517470382173665699e-01 3.724592122629903468e+00
7.320686943072389763e-01 2.861719695659454832e-01 3.527336239888210212e+00
2.015044135828232552e-01 3.431669877552087078e-01 2.416446619813300778e+00
4.255066325654349724e-01 8.460157437759896482e-01 2.449144963093288219e+00
5.019285164527539367e-01 4.932472005097022771e-01 2.686761381469925603e+00
1.281470139573203770e+00 -2.299241891107232094e-01 2.824519404848079063e+00
1.129443028976311325e+00 1.478079011045974056e-01 2.628164112268347452e+00
1.367763983964222163e+00 4.698800076670798243e-01 2.837187055183907791e+00
1.397247200520209232e+00 3.275275884231965140e-01 2.639176071190759032e+00
1.074044340602075431e+00 5.065193436848709485e-01 3.051684648365656116e+00
9.054884047993976282e-01 1.769730052035726475e-01 2.598745708370484131e+00
9.859277743985109810e-01 -1.994038440737990747e-01 2.731467807931707181e+00
1.476419284369675067e+00 -4.430500330023125488e-01 3.038805355779465422e+00
6.208121830176848155e-01 -1.099064019382755691e-01 2.953204375733204046e+00
1.520089817973518276e+00 1.723455229411569867e-01 3.376028684560103965e+00
1.743794247658029262e+00 1.913354022689668643e-02 3.420984929773434491e+00
1.171653265864581295e+00 4.614254403979562991e-01 3.550066314625939690e+00
1.320952030740330629e+00 3.335781129743751183e-01 3.024478300265685871e+00
1.863590120782378623e+00 3.797344145938418847e-01 2.491627367422057482e+00
1.206031823567190964e+00 9.817043936812503979e-01 1.864552044741780268e+00
5.392469399225936488e-01 6.334917449485872876e-01 2.471381338766541980e+00
8.364831867496284046e-01 -5.230945638319089985e-01 2.537374669661088600e+00
6.221466160672487478e-01 -4.254854130252137545e-01 2.220959557884656821e+00
7.720879846508570399e-01 1.147590672252343652e-01 2.713805843754008684e+00
1.091829472090813047e+00 -3.992115695453334334e-01 2.498709436932144534e+00
1.462274925893485511e+00 -1.759615172937749050e-01 2.282222108329696297e+00
9.789869947162100905e-01 1.076111358962827252e-01 1.959686361301138380e+00
5.675559833725188907e-01 3.206671748059565230e-01 2.401413648149737234e+00
6.380723373688104161e-01 8.215266523947206689e-01 2.504361855099422662e+00
8.302421573511159503e-01 2.023735122153444976e-01 2.509950129031675470e+00
9.088031843971995372e-01 2.176183978407769323e-02 1.839666204682703254e+00
8.307304310619934018e-01 -1.446446700823860176e-01 1.695171059420424786e+00
7.998126359216708448e-01 -1.630184006857701151e-01 2.329605209263820420e+00
1.232089207412158105e+00 -2.574732917990560921e-01 2.484973415786474238e+00
8.801369596129370310e-01 2.854378555564625053e-01 2.295961125494911936e+00
1.578888897106718092e+00 3.760999373935310919e-01 2.356283357440516646e+00
1.115280289526468183e+00 2.063097928263374903e-01 2.752948413614440426e+00
5.656496253611101865e-01 -1.544573376039535262e-01 2.475323225940831762e+00
7.427124522779992022e-01 -1.120245221613802578e-01 2.345494699376372338e+00
6.984300732003225765e-01 5.184480401738752464e-01 1.814238217720888668e+00
1.097256975322297823e+00 1.455613863378737438e-01 1.745077703841011685e+00
1.174716611488817453e+00 1.812725337578984242e-01 2.044045571961172314e+00
1.329227010996028913e+00 -1.800924891344369005e-01 1.536865785491865033e+00
9.959165540818450957e-01 4.164636520713090873e-01 1.837839796827874128e+00
6.996935659940920482e-01 2.120068209099676415e-01 1.984784258808322432e+00
1.631067520080694777e+00 1.709529767012402113e-02 2.801295001737674095e+00
1.136296392074877204e+00 3.358630223081301991e-01 2.816064439393905161e+00
1.651667418235265972e+00 1.766605288681881991e-01 2.681617279201783166e+00
2.266031021400666035e+00 -9.217320880956686446e-02 3.160991509567212976e+00
2.302147042049484948e+00 5.726072378819995201e-01 3.102233304188348750e+00
2.041859576731631432e+00 1.013469559531683828e+00 3.292649393751368336e+00
1.341772752536074309e+00 7.743660002164924894e-01 3.886720857256209527e+00
1.821714871789333001e+00 1.283223746289205991e+00 4.267464306615369907e+00
2.011821379044672842e+00 1.712915298514580575e+00 4.708322483013946069e+00
1.992426557519496821e+00 1.637036095689267334e+00 4.896331801611104595e+00
1.549325036652869914e+00 1.928783755029672031e+00 4.558210371517471771e+00
6.688752831249330510e-01 8.333792492875524704e-01 4.680362291949600184e+00
4.450267530306894481e-01 9.781712136827241943e-01 4.567940645751648709e+00
1.140295340326558549e+00 1.142977199032166880e+00 5.101237796273017544e+00
1.436170916420972610e+00 1.348789382177407292e+00 5.051752906992679648e+00
1.399894336995743505e+00 8.244775744139708484e-01 5.030570637232820275e+00
2.067819145785809276e+00 1.359789222153886756e+00 4.972366606072207595e+00
2.123897339896714254e+00 1.210734798855525929e+00 4.368713410587455215e+00
1.663420457009424425e+00 1.092060236256912065e+00 4.266689671508366644e+00
1.561746551122706661e+00 1.002500038621561673e+00 4.413121660305240113e+00
1.051349694713818783e+00 4.661427578913727721e-01 5.129324698851158715e+00
1.416166680794437305e+00 -1.272113256003893078e-01 4.790516830795310099e+00
2.475087479945562219e+00 3.928309952424907103e-01 5.076706339859981654e+00
3.186899456396772301e+00 1.150108241846526047e+00 4.993241880576539060e+00
2.429368494234146247e+00 3.872742229538247427e-01 4.461096816820308675e+00
1.895207201958414078e+00 2.664289601953962472e-01 3.995167248687028660e+00
1.014141651122606458e+00 6.565635043385817937e-01 3.113601728242706201e+00
3.393163486018954678e-01 6.709175970604874806e-01 3.428833839283217166e+00
1.767891975153036421e-01 1.136649374441241145e+00 3.690925395950490184e+00
9.294823569352818060e-01 8.136785884605485242e-01 3.177249222357124481e+00
8.084248956292658939e-01 1.675762580930448276e-01 2.947338513663329884e+00
3.094114566445996806e-01 6.501888951389337423e-01 2.798863630019270410e+00
8.535621760699101390e-01 2.613062905317917184e-01 3.082758041542330574e+00
1.393879339378095716e+00 3.448661027124643730e-01 3.298571867104101329e+00
1.001109690211379633e+00 4.187774472006235149e-02 3.428917543621709640e+00
1.015856907057202774e+00 3.630604886593952196e-01 4.014189151571386560e+00
1.350388303839030080e+00 5.535822461872469402e-01 3.729785156858525852e+00
1.552530361457503449e+00 3.512917807405862014e-01 3.492074737337759416e+00
8.164516322419830274e-01 3.358272874482031711e-01 3.136663210044376537e+00
1.052515094873108570e+00 9.216802872450619022e-02 3.205753030466713671e+00
7.083022700035735975e-01 -3.532898382144696869e-01 3.548160326008502174e+00
7.773508876810386603e-01 1.430457063098734827e-01 3.176819555838465092e+00
8.902001202199995022e-01 -1.089701452631299944e-01 3.821097789137758660e+00
1.087801497546760254e+00 1.878429519654189195e-01 3.848784416975283840e+00
1.626632703499235610e+00 6.571921988389906044e-01 4.270711487457956146e+00
1.082799553849586260e+00 6.426264730448143503e-01 4.402637441556460196e+00
8.758335895548157168e-01 9.773422828819994246e-01 4.161188728898864042e+00
2.866813649966340471e-01 1.008194284722803591e+00 4.550039360927084608e+00
8.067414480964155699e-01 8.150088145084511959e-01 4.783945236826893321e+00
1.243261114780211063e+00 3.370000140020169566e-01 4.223466944209492091e+00
9.915669884405823309e-01 1.248049457916649230e+00 4.178611241011294553e+00
1.501163326451008695e+00 1.028335413628045814e+00 3.874872637012856558e+00
1.400736414214297065e+00 1.221257520963071830e+00 4.157535345890249090e+00
7.434888708378349920e-01 1.077117371214191488e+00 3.729922120100993332e+00
5.400950168896115899e-01 1.219891697120965679e+00 3.256473058933595066e+00
6.362902923507857134e-01 1.186029840696243509e+00 2.960119539662409149e+00
1.165980125865629713e+00 1.306807066948957596e-01 3.264135740249693995e+00
1.149866969222521629e+00 -1.000199312244378080e-01 2.661096877874516320e+00
1.323164675193895246e+00 8.724471243313746127e-01 2.782994753041120095e+00
1.286272516442602765e+00 5.414771287050772486e-01 2.772776424513417215e+00
6.529736944903865581e-01 3.598111983365639421e-01 2.897521673052245283e+00
6.255915918069586690e-01 1.439524036697015785e-01 2.889718450749237721e+00
5.627804260469542186e-01 8.246851840399395395e-02 2.850402354192291821e+00
5.647851599004908296e-01 2.960095404766343447e-02 2.382917959426895660e+00
8.756393434349865057e-01 2.045709794602512122e-01 2.866895528875269328e+00
3.626011144649479156e-01 -2.920632987778440937e-01 3.331779910005793877e+00
1.463983229403285347e-01 -1.920591389419357142e-01 3.119166743829375754e+00
7.484998140448095860e-01 4.337747901455339949e-01 2.894010145372991172e+00
9.864692917215031054e-01 3.936085221802890222e-01 2.584968365542041457e+00
4.384864726467674334e-01 5.152840114484659173e-01 2.636570608765154144e+00
8.057573591250251077e-01 1.433016408202508196e-01 2.542698419853831826e+00
6.832615252046579934e-01 3.525656559980990812e-01 2.698477498423199616e+00
5.238410833286963886e-01 4.628159636474416527e-01 2.897850771979729068e+00
7.966913429108567202e-02 4.195924453950944377e-01 3.212439239791297751e+00
9.130774678943101019e-01 -3.567471954459258687e-02 3.122686338708643206e+00
1.165839863148841804e+00 2.079004659842784708e-01 3.106320273027663337e+00
1.210193735301609896e+00 4.853304668836931901e-01 3.000324669281044798e+00
1.446039126679371956e+00 6.809584371888987020e-01 3.347883931338278440e+00
1.400045263784511329e+00 2.434302437688330711e-01 2.806808360511258815e+00
1.401602468385310107e+00 8.644877653617328850e-01 2.892596614539945765e+00
1.184388658732096866e+00 9.423411415344189468e-01 2.724055559720164332e+00
1.382836635402476588e+00 2.095289266857289778e-01 2.985940514387084743e+00
5.516059258056633663e-01 2.948347135889840542e-01 3.190545814645166178e+00
9.368313669657969411e-01 2.550366556279600738e-01 2.820457212863548335e+00
1.511161438125306011e+00 6.467988772090151883e-01 2.499339303808299384e+00
1.426254491659809220e+00 8.865205924445096475e-01 2.205890686713104731e+00
8.759314328709911779e-01 6.666962520034453998e-01 2.342245759297039154e+00
6.497823480664191020e-01 9.126965349767346414e-02 2.454775296576696242e+00
7.177155102836112466e-01 1.516298731500859143e-03 2.377376487429162744e+00
1.017083460990885868e+00 5.860237076743168849e-01 2.385469606338753490e+00
1.378207522044603062e+00 1.305637739099403671e-01 2.563182890325715668e+00
9.417239771136758364e-01 4.251919827119616802e-01 2.135217741049790341e+00
1.205701502686419069e+00 2.000555177032461995e-02 2.670946286596300290e+00
1.775094059229534338e+00 -2.422084292775389391e-02 3.236463721903643176e+00
1.391928655433650297e+00 -5.700586223391365115e-01 3.430248186130310017e+00
1.333259114831958581e+00 3.923120250259364838e-01 3.307669415007771008e+00
1.873551666992020470e+00 1.123756538350220380e+00 3.463441126730198327e+00
1.653348155130256680e+00 9.904441750345115425e-01 3.620270156846941312e+00
2.207197276325841173e+00 9.097966252442472035e-01 3.855887018820626899e+00
1.671415988673329522e+00 7.739115951342815380e-01 3.535068467641688361e+00
1.631474301416990791e+00 1.289096997550883250e+00 3.349528985358878330e+00
2.007620532605532304e+00 1.532209994238826534e+00 2.863954339129263005e+00
2.226816962491550811e+00 1.848058051005756042e+00 3.334389410844164292e+00
1.889821984159412160e+00 2.042071591338436409e+00 3.330504022878625126e+00
1.871146223163039135e+00 1.528348079404370008e+00 3.536157159198639377e+00
1.650824149508011152e+00 1.429031852642020040e+00 3.026991202873939191e+00
2.127688710473062628e+00 9.322906614776116374e-01 3.183195421175264883e+00
1.652417503716600899e+00 5.815810809671243531e-01 3.907929984664847645e+00
8.322629577320074246e-01 1.196641958534812034e+00 4.036453588658954317e+00
1.117528385236171928e+00 1.327062268156101288e+00 4.315996628470497143e+00
1.483707560385429058e+00 5.665138909105249532e-01 4.251678674466374375e+00
1.911326820695145701e+00 7.094843583768056794e-01 4.692306812847792941e+00
1.421812856408242620e+00 7.750281216834398190e-01 4.998776127185712070e+00
1.805743384415106956e+00 9.807708743223638725e-01 4.396228265786934486e+00
1.579075550537433204e+00 1.168799973711031281e+00 3.812008548174800726e+00
1.706788641945759410e+00 1.503811414319295769e+00 3.276803542083152276e+00
1.787470955579758991e+00 1.489402669644709798e+00 3.253481119768345309e+00
1.651632672012063541e+00 8.528361958076130511e-01 2.701832313504367367e+00
1.290941123099540011e+00 8.483330746286107948e-02 3.651805672384228263e+00
1.119421348962521323e+00 4.585182627308176384e-01 3.706456912966465289e+00
1.020140772147594133e+00 4.187376027234897546e-01 3.437791361900923270e+00
3.243879566409518245e-01 -1.086319505386779544e-01 2.850870402825814942e+00
6.844047535221802203e-01 2.301459642839555897e-01 2.614397719762021399e+00
5.057983660265034098e-01 3.111806625874860566e-01 2.654994957048308457e+00
6.227146739369684436e-01 -2.466455634151308585e-02 2.639540877280494247e+00
8.697485944567469041e-01 3.992901201919983323e-01 2.747366628674845046e+00
7.004483197198461131e-01 -1.488784194085920609e-01 2.788347871147877299e+00
6.018362049490546539e-01 6.384676676559025710e-01 3.543187196609852041e+00
4.116691282260062645e-01 7.422500057975727206e-01 2.655068927845413818e+00
4.059332706491567411e-01 1.048113503211754116e+00 2.560775945516060581e+00
8.331717303852600454e-01 9.625263858703246855e-01 2.864273526182460117e+00
9.685078951671364234e-01 1.127459892524746765e+00 2.352804713990337415e+00
5.711876194090064196e-01 7.517122350390811336e-01 2.623247516600239138e+00
2.980387085736704300e-01 6.571114670105386857e-01 2.942056822114953452e+00
5.355885833029148113e-01 9.986822986884201780e-01 3.376007453101976807e+00
4.267302726917301947e-01 5.012954005856783413e-01 3.816710909586686018e+00
1.499451159243150089e+00 2.225185290135614502e-01 3.809035122579295773e+00
1.954029342438463601e+00 9.656318279386773007e-01 4.225942717578686114e+00
1.017626206149315315e+00 1.431303685344615051e+00 4.499893607581275212e+00
1.446205636719867904e+00 1.245188466643563086e+00 4.383458921815342357e+00
1.169537534109629906e+00 8.100388400129083788e-01 4.139039587956418131e+00
1.316531252948133668e+00 4.844163665945853126e-01 4.500775369926232727e+00
6.638212686619900937e-01 3.605482956088541524e-01 4.526884625375296345e+00
1.527974888936949549e+00 3.755132032596946723e-01 4.369754566291085496e+00
1.913329097390764622e+00 3.320461467626358298e-01 4.374203872543955818e+00
1.972569648062242331e+00 -2.051154284950224699e-02 4.894690853687639454e+00
2.127246764655486455e+00 1.029739231517196180e-01 4.656643263054116133e+00
2.099277244606048587e+00 6.129370408891825495e-01 4.643354227115230159e+00
1.706426755889308700e+00 5.823936768558090060e-01 4.740753858327015458e+00
2.133843218038309786e+00 6.403687154597070830e-01 4.491209579054629586e+00
2.175845530650482917e+00 1.090997143204513797e+00 4.469028467334952737e+00
1.755426549519811585e+00 8.309504259983255814e-01 3.595650225885135498e+00
1.961519271465907099e+00 7.648749290759068731e-02 4.310810411954487442e+00
8.063949110995829450e-01 4.042475905274715564e-01 4.519924224528244494e+00
2.349589118175231806e-01 6.204313353982322532e-01 4.020552143216916896e+00
6.683703056199462589e-01 9.879267761029473238e-01 4.171141804947481546e+00
1.077351505485655281e+00 9.341786812602174139e-01 5.095115969039151871e+00
1.441431134257939561e+00 4.870898510806428994e-01 4.820769195835886478e+00
1.078672850824720753e+00 5.432154625005383153e-01 5.419125259432358455e+00
1.155614304007389848e+00 8.236901231301755333e-01 5.671492640850969380e+00
1.746725345521041195e+00 2.644464308314080636e-01 5.084652734098284554e+00
2.130701822598104478e+00 6.431686931226661408e-02 4.959186352018843280e+00
1.352588180438491161e+00 5.408013951187932156e-01 4.755936467838716375e+00
7.533950216804143896e-01 4.509384619739448263e-02 4.064533069597365156e+00
1.269713062729165953e+00 1.660160065966882759e-01 4.786600695667591054e+00
1.321025197972814036e+00 1.591794957515961506e-01 4.798542545956811622e+00
8.195491849529535910e-01 4.723739745634910614e-01 4.915794648106025733e+00
3.531204343473867135e-01 3.879189560452450669e-01 5.033236198180339294e+00
6.313389740992697563e-01 5.003748628528230658e-01 5.635835576216944531e+00
7.481938265051465420e-01 7.582054939631830415e-01 5.389600745087717470e+00
9.600066804311210289e-01 1.061851624512485381e+00 5.152739547017716859e+00
1.014148065505738883e+00 8.171952551493210093e-01 5.217626914025718321e+00
1.139402271678511713e+00 9.716524459042783501e-01 4.741210927183328039e+00
8.822489212427988559e-01 6.136487330398048279e-01 4.667754838042943888e+00
1.243430558355366866e+00 2.541745959447180847e-01 5.135979883129502710e+00
1.469289535325616569e+00 -1.849791090905233137e-01 4.751380547450050784e+00
1.130977495497814012e+00 4.138490598996887038e-02 4.600585856895595072e+00
1.221420432991326299e+00 -1.576673007980287922e-01 4.643688271303195947e+00
8.383326396981126694e-01 -2.412156954749357929e-01 4.923624364158809996e+00
5.597915956697645523e-01 -5.038044040397499090e-01 4.794204574709581834e+00
6.166157224700787864e-01 -5.002084966894063678e-01 5.039597979579334641e+00
7.741018326633433144e-01 -7.656133578396487893e-01 4.173414463802288310e+00
9.577907732317979539e-01 -1.112046553373588487e-01 3.033806915591493514e+00
5.155735068958210432e-01 -1.201790406309816706e-01 2.708190680815672380e+00
6.736767804163592555e-01 4.438717888709599046e-01 2.737269610278142640e+00
6.030695062290082342e-01 4.239075754733547807e-01 2.325209501834143655e+00
9.917821912148812036e-01 3.336304683108305968e-01 2.135095142443737437e+00
1.084738623646116729e+00 7.557528682874431469e-01 2.728088870314631098e+00
7.605687837106922533e-01 1.072465428557506650e-01 2.679285955405720898e+00
7.558292248373293942e-01 3.535881042102911875e-01 3.146378047192990746e+00
6.660293941142545471e-01 2.101116903789205237e-01 3.650757658765162450e+00
7.754565311480814405e-01 1.687124362144681866e-01 3.913977581615021517e+00
8.903369314872144891e-01 2.437903335528249782e-01 3.411486255589202266e+00
1.126304231516756404e+00 -2.693782025317427165e-01 3.852514830066338547e+00
1.358512629273732175e+00 1.142920400272944836e-01 3.847598446601006916e+00
1.076287390725315207e+00 3.049616799150977053e-01 3.632465986864102714e+00
1.308909124617679831e+00 5.763123221570042309e-01 3.268757658742679872e+00
7.615434420111332203e-01 7.313596711605526712e-01 3.314507961763804467e+00
9.860045322073506258e-01 1.188953134534378897e+00 2.642093144651684433e+00
9.029405372400324259e-01 1.213404768539587231e+00 1.791191494381006999e+00
7.289884352000731704e-01 9.268829561596333422e-01 1.764147417033713472e+00
4.568136753193453026e-01 4.802302513627978442e-01 2.328943717920135992e+00
3.152226216586369589e-01 -9.673997807533028792e-02 2.351090124948316706e+00
8.258536604138697612e-01 -2.104890464816527862e-01 2.210042161427983487e+00
7.723014393858609328e-01 1.248987807497911884e-01 2.965750422910153006e+00
4.603267735126788107e-01 5.272050011694743299e-01 3.164116203271445382e+00
4.105737499549222957e-01 8.269284519552372315e-01 3.375145950384133453e+00
6.087145138690550628e-01 2.815533311216562584e-01 3.523276121039534914e+00
1.059687979523871393e+00 8.517606332199443298e-01 3.060280524683531400e+00
1.248130383135689137e+00 1.926685949718091595e-01 3.849618858068432736e+00
3.608955862162452344e-02 2.272353810333558044e-01 4.554642065740321044e+00
4.266844427139494522e-01 -3.291127579756679689e-01 4.767582494199568366e+00
1.025653218186405757e+00 -6.497990571039253815e-01 4.823388779332884901e+00
3.658523948094622447e-01 -1.604064243636427189e-01 4.234285136243670422e+00
9.393292213702093552e-01 -2.954090437567555849e-01 3.668347060675016369e+00
1.381853110511203964e+00 -2.838828015251464443e-01 3.391933965089209302e+00
1.167855792490142264e+00 1.052641584309360889e-01 3.821758252727025962e+00
1.034756263344215999e+00 5.954237246467417588e-01 3.891566875851852014e+00
1.454192295585776673e+00 4.401937805088514954e-01 4.080670406341462275e+00
9.759827284471687125e-01 5.716385472144761559e-01 4.562850994214488587e+00
1.491592945561158734e+00 2.442267509752300558e-01 4.705969604196448941e+00
1.174767880117859598e+00 2.094422813072076006e-01 4.934826754523871095e+00
1.576660758332139700e+00 -2.095757143569314251e-01 4.645479415796376799e+00
1.790303967476061242e+00 6.033460311580937652e-02 4.805691144180179286e+00
1.567667598919056049e+00 5.892183271450305293e-01 4.850325962857146678e+00
1.671459835138708661e+00 3.024534492704070154e-01 4.943309028923337678e+00
1.790222755957749712e+00 3.557429033950917363e-01 4.994044390861221316e+00
1.739560287973893171e+00 6.985016736773985713e-01 4.899878885395136052e+00
1.088016914572195404e+00 5.776257164988355397e-01 4.814945174517964332e+00
1.100867640578591100e+00 6.277228379088559684e-01 4.574116676276848814e+00
9.116223358881749839e-01 6.050397107210073733e-01 3.894141244381983835e+00
8.885754632749960358e-01 5.079757547018159958e-01 4.464464666480423283e+00
7.515315125508830185e-01 1.853552742858526614e-01 4.464615225218429906e+00
4.175082743253863415e-01 5.208498871857242252e-01 4.426817359998846513e+00
1.142733796557980464e+00 1.018030642786794115e-01 4.694247624919474227e+00
5.293604863768571756e-01 1.029828199163294461e-01 4.847726956074103200e+00
7.806987972715588864e-01 2.303357388905674652e-01 5.107079344036546509e+00
8.496857638443658933e-01 -4.062337330952320302e-01 4.702351214618339270e+00
1.159895864681791622e+00 -1.937307894497792282e-01 4.947680705080937713e+00
8.831153518688842352e-01 6.910811218783420584e-02 5.021874713291128778e+00
1.045760897615632956e+00 -4.902861079932894217e-01 5.162936236277105628e+00
2.425508614200982405e-01 1.030956602287834700e-01 5.196251234341165315e+00
6.229011887306576956e-01 6.522140888137073489e-01 6.131695459607777288e+00
9.889379195227983033e-01 1.391991005793366543e-01 5.396711543882099171e+00
9.388426414182289292e-01 5.152258431149758788e-01 4.938601948691490051e+00
1.033959527128050171e+00 8.459414060547929548e-01 5.327911667350915259e+00
1.267321992345080250e+00 6.624034975220335353e-01 4.974623663106581439e+00
1.196212346200072218e+00 8.470911188023321214e-01 4.921423501645759480e+00
1.350587224949312937e+00 1.517634879180029817e-01 4.429257821820781871e+00
1.299817943947392251e+00 -3.138848001851595182e-01 4.258389502139658944e+00
9.977880184896766869e-01 5.427020118247718461e-01 4.385993176762353229e+00
1.130604776829377656e+00 1.244716706896338010e-01 4.839848524384752437e+00
1.455527392271252829e+00 4.579842509674211803e-01 5.200153154918392140e+00
1.201149049146882142e+00 1.459114896741758871e-02 5.323570664518157081e+00
1.289240729292887355e+00 1.327165547907742382e-01 5.474024599819162340e+00
1.258776666591954640e+00 1.233855046930567162e-01 4.888839972324286798e+00
9.957610175512442430e-01 1.740881958996308709e-01 4.777865071294243648e+00
8.568866184120926821e-01 2.624344754292481929e-01 4.741186371856938919e+00
1.442099870337564482e+00 6.861867232982772347e-01 4.457685280526234806e+00
1.107264932878508690e+00 2.874770123608663130e-01 4.934967838304045173e+00
1.170028691820627298e+00 3.528073698849539253e-01 4.280450701321695028e+00
1.019274311905648656e+00 6.884625032804689848e-01 4.020338686064472533e+00
1.363694619885771120e+00 5.856358957287290945e-01 4.046876994897269597e+00
5.328244612022463578e-01 5.592107678312741026e-01 4.376008959101344686e+00
2.233536722000549757e-01 -6.659418205051004236e-02 4.582315715552430113e+00
9.303529578932575594e-01 5.041940546111822741e-01 4.184895069158172554e+00
8.984847869812623289e-01 1.406841124076309291e-02 3.449768377644803152e+00
5.222282311380900266e-01 4.845048542827271043e-01 3.641166224842016241e+00
8.303802420023669306e-01 8.986904644403391484e-02 2.851089842963930199e+00
1.067862159045781523e+00 -2.991303567932814822e-01 2.912851789756733645e+00
1.538076930632915618e+00 1.819146796303529878e-01 2.664079158021009253e+00
8.252343149842487069e-01 1.258098929845533065e-01 2.847114781792744687e+00
5.544476173550080267e-01 8.761160683693636902e-03 2.599623700292683637e+00
5.152452714578100723e-01 4.756285518437067816e-01 3.052525472918623528e+00
5.313573281287012895e-01 2.197627422062807256e-01 3.177041107119914720e+00
7.126345655462653639e-01 3.972230701232616901e-01 3.308706749921796142e+00
7.155832145635616648e-01 -5.068605380404755945e-02 2.921738750598311452e+00
8.417785592112501103e-01 -2.026066985155618727e-01 2.500754130589042390e+00
1.071310432583958638e+00 -1.561642626704935477e-01 2.626886057015298537e+00
8.014181827626160048e-01 1.431111468350105553e-01 2.680645500299677408e+00
5.371153006446635070e-01 -1.122210164068224991e-01 2.975762496892969455e+00
1.030991658850136106e-01 2.933083903927151403e-03 3.323726841519459185e+00
4.643187462513854169e-01 -3.994380784800812823e-01 3.474229150543183486e+00
7.476681115205277006e-01 -1.629385094225307140e-01 3.849136490943742217e+00
1.637293114475242561e-02 -4.991667185336055579e-01 3.548217175623869846e+00
5.594463873430084444e-01 -4.150611306907784348e-01 4.038846598306608193e+00
1.267670147884079945e+00 1.833839678927898231e-01 4.297794539090904919e+00
8.857697004642193228e-01 -4.157999196936898456e-01 4.941477518189520524e+00
3.059964330985956438e-01 -1.159749045207564416e-01 5.521314527725598609e+00
9.114318224588988659e-01 5.305525668703179321e-01 5.498193669348263590e+00
1.206848184097835786e+00 5.136356628573497396e-01 5.001590516426186461e+00
1.251915324150091546e+00 4.375557290806637856e-02 4.255387662280636363e+00
6.066856007272123374e-01 6.144773497423400288e-02 4.848578346229104774e+00
2.672642293444882355e-01 -2.016321885626113086e-01 3.768654752047551515e+00
4.154060550749367753e-01 -4.180699835091867822e-01 3.342737964473386558e+00
6.131809733505029225e-01 -5.808158882500902287e-01 3.874556459945933007e+00
1.790754583387503374e+00 -5.683328316386084822e-01 3.712025614273117391e+00
1.311589155112227179e+00 -5.534600289711212318e-01 3.737051616558200173e+00
1.114491303571149672e+00 -2.395635390593470471e-01 3.891701154011439012e+00
1.624594159046729880e+00 2.278115508608420658e-01 3.945244842531117957e+00
8.329916343113091814e-01 -2.610176438255902842e-01 3.847241327474679728e+00
1.391706631923728787e+00 2.409949271761793743e-01 3.360818708762813856e+00
9.431659875656550618e-01 3.981336762647938454e-01 3.646144051516095885e+00
7.997958534115835461e-01 8.566004974687049800e-02 3.501614621664415505e+00
1.256629553681541278e+00 6.499004168175734897e-01 3.085261427478537488e+00
1.065023231158116257e+00 6.760623970919477088e-01 3.182580072076775402e+00
1.318811606153072358e+00 6.742693938883577154e-01 2.942721487348853415e+00
1.475312328019087849e+00 1.082546262528656156e+00 3.152097646954123089e+00
1.810153930976546421e+00 8.621081395335533637e-01 2.980939194585058516e+00
1.059213494099650710e+00 8.218639923020201188e-01 3.313723008524958047e+00
9.027323231337871512e-01 6.803788528769200150e-01 3.154005374263959105e+00
1.364798466295738200e+00 4.362157245921438609e-01 2.776656196243571628e+00
1.307037146752361823e+00 7.818881132531571021e-01 2.780854043415657006e+00
1.231615050710268777e+00 7.614970207952470593e-02 3.351668079842950565e+00
1.107381884165737462e+00 6.908913603414407190e-02 3.391829683524944183e+00
2.527893556741863113e-01 2.559417093866774295e-01 3.827816467053791971e+00
3.806696628768065360e-01 3.024772048881120834e-01 3.762629629114218055e+00
1.186261719591144570e-03 -2.717211786808511054e-01 3.598073829752234776e+00
6.019268615819203250e-01 -1.213498948814870498e-01 3.272319752698029660e+00
5.928935962120208680e-01 1.237566069323274009e-01 2.864137641416147684e+00
6.073449281739684569e-01 5.190659332281859217e-02 3.129595668431645272e+00
8.139139255592369171e-01 -2.113525951831353097e-02 2.970901155134387128e+00
1.194719841846156871e+00 -6.941293094375526607e-02 2.655913289420106072e+00
7.173174149459532467e-01 -4.561889038862208534e-01 2.486678952551345301e+00
3.371981532651721625e-01 -2.421936040988228178e-01 2.038522543079063887e+00
4.699383349201438631e-01 2.569737520752569115e-01 3.244540859296847657e+00
7.552221457594481269e-01 4.804405423298961642e-02 3.264030403285669735e+00
-1.608485605833692711e-02 -2.007387319230643508e-01 3.123732277446145567e+00
7.687968210354806375e-01 -2.605317060182800182e-01 3.056505590681946938e+00
1.230550838660522839e+00 3.179978214899960021e-01 3.060980455999890992e+00
8.977551869771711601e-01 2.314367506722387335e-01 2.469794652082079267e+00
4.775016313433750881e-01 4.598934567637463222e-01 3.008506045677757257e+00
1.260903879559776453e+00 5.198990001197489885e-01 3.602940632290399403e+00
1.190820193018495399e+00 2.897268109683978632e-03 4.030838789446971937e+00
1.419541755121353610e+00 -6.770193993832486490e-02 3.608910725722568547e+00
7.629231138425797143e-01 -1.684644784432092479e-01 4.356474172692159641e+00
2.069015132899444942e-01 2.294539861333761421e-01 3.678045976214999957e+00
9.892270905980343754e-01 -2.104895051151557395e-01 3.964442740479976468e+00
9.280045348963453788e-01 -3.031196637232111413e-01 3.780311494523918014e+00
9.152947830005900842e-01 3.432008091939463545e-01 3.195701173253529426e+00
1.105690968070965008e+00 4.297649302460345710e-01 2.785075976186103919e+00
9.935209305806744773e-01 5.039209818623590076e-01 2.855196722136151166e+00
9.954894251142424322e-01 8.046359446196989229e-02 2.917079172912637297e+00
7.888587211848823166e-01 3.476772590347368963e-01 3.280180738687031639e+00
1.211031388724304714e+00 1.140923683157281099e-01 3.256168732012764355e+00
9.122764035104795610e-01 -5.903452713675428898e-01 3.404912342390052249e+00
2.157365003748838550e+00 -2.994530684032133960e-01 3.552857969241637104e+00
1.761299150072663799e+00 4.791421368435175299e-02 3.321195085902621802e+00
1.763089900349503303e+00 7.564447150034182832e-02 3.330203471225217537e+00
1.673605773428181509e+00 -1.686604046305855698e-01 4.106722286245872766e+00
1.322925657824275403e+00 -2.572124147574624820e-01 4.367728172622538096e+00
8.320139234377278425e-01 2.924711941563632456e-01 4.631225323333645782e+00
1.170791061698957192e+00 1.047523766851438110e-01 4.822109618914804052e+00
9.108467034780797222e-01 6.510619640241403772e-02 4.829122869796085737e+00
1.152004728167414838e+00 7.352737049478844655e-01 4.189046113933169835e+00
8.797183435752105041e-01 5.612206063607690920e-01 4.325182145158644964e+00
1.290281196968471544e+00 9.841735856884044342e-02 4.814454460875801978e+00
6.440219887429378121e-01 8.407890212192091484e-02 4.802326067724570713e+00
1.049994842867711498e+00 1.800861942443633401e-01 4.873998047288843338e+00
5.426164011640739471e-01 2.903457328616071975e-01 5.247576592990617961e+00
9.895038480517462931e-01 7.454717284685552503e-01 5.257416451335474861e+00
6.850542422169951795e-01 3.464586865788823467e-01 5.041804714977243584e+00
6.133271102013387877e-01 8.142159622468067015e-01 5.283129160596487850e+00
1.010616577632454272e+00 1.045980129019472793e+00 5.187258662067391057e+00
1.381086950961406767e+00 1.001683334997512942e+00 4.956857815463333594e+00
1.406850060331884755e+00 7.899166445974715733e-01 4.441696128321972914e+00
9.077536219632119652e-01 3.605063886688836816e-01 4.276705575637305579e+00
5.723263768078725722e-01 4.984457228901847392e-01 4.281221420540566314e+00
1.454720622713806977e+00 3.191578539287697747e-01 4.078671743304242980e+00
1.492188195878849655e+00 2.512606088633912993e-01 4.067810129809449116e+00
1.475912247833911728e+00 -1.832910583269893590e-01 3.411631456576429411e+00
8.104468806170139761e-01 -1.044952841493873019e-01 3.716879036421220750e+00
9.037750001874529371e-01 -3.090821626866408489e-01 4.025153065225154592e+00
8.030633879935356045e-01 -3.265763738336777133e-01 3.934882070858466641e+00
6.761501264037035330e-01 -5.892846428040795503e-01 4.389472886387444817e+00
7.035617005651035871e-01 -3.882680088614500202e-01 4.335984187959954994e+00
5.023568863621185043e-01 -6.737635923596085874e-01 4.470587334952003999e+00
7.500952291127465088e-01 -3.112706960671124401e-01 4.072745846426532701e+00
8.970279776288038187e-01 -1.047238596766991992e-01 3.736302021453241640e+00
9.933961354671169142e-01 4.870104658364027284e-01 4.232530589719511127e+00
5.636190164179939455e-01 1.245101236475650852e-01 4.052139718173505045e+00
1.013824247639297349e+00 2.977053254683196259e-01 3.988917714395037173e+00
9.585458458520927927e-01 4.757850644960108233e-01 3.464108150877992731e+00
9.345343497629219343e-01 4.413678784339144512e-01 4.088915888585252567e+00
1.008683086211945579e+00 3.784695705201414073e-01 4.270050135345119457e+00
6.813280120562259512e-01 -1.524368799330806656e-02 3.919298705158588803e+00
1.166928941260683361e+00 -2.087432215747857811e-01 3.636657067508526353e+00
1.484374315809801947e+00 8.932859487006353238e-03 3.579486029792099178e+00
1.069578628954286126e+00 7.339838150278036322e-01 3.362914816767900827e+00
1.688258176954285261e+00 5.633866456355847152e-01 3.246601214512904399e+00
1.626060388673821855e+00 2.722543668318894161e-01 2.681546845503354870e+00
2.101450550672817830e+00 2.906150972813015265e-01 2.795729905561966877e+00
2.183407010915650481e+00 2.025640525417828630e-01 2.534052790551116985e+00
2.284397070210645975e+00 1.106720177055250387e+00 1.865061977256615489e+00
1.810899745127731997e+00 1.025996558220879873e+00 2.261227581883377802e+00
1.274047009066120673e+00 7.840011537641167205e-01 2.360787066637854092e+00
1.277685963136026670e+00 3.472443307053140193e-01 2.307507808135779825e+00
7.478353389465915990e-01 2.991942241603646746e-01 1.795391933113745564e+00
6.634305544613818828e-01 2.442326830511907521e-01 1.576735861125886595e+00
6.664669730739797293e-01 -5.755093112394610300e-01 2.099311380503122049e+00
3.081540009141649494e-01 -5.329039233634161876e-01 2.261157520602589788e+00
1.009385162025835614e+00 9.512754665075337512e-02 2.533265778508240196e+00
6.602844736330600872e-01 -2.737718717114323574e-02 2.619241627140715956e+00
7.943785776424245881e-01 4.413946153535971417e-01 2.191193015097986585e+00
6.952146324435892755e-01 8.517453241544659104e-01 2.497927283077072680e+00
8.133822765865570403e-01 9.000381646427656479e-01 2.850603942744634800e+00
4.846450737701422651e-01 -1.192702451976861144e-01 3.383538753603219984e+00
4.431969483690080813e-01 -2.004034086145813631e-01 3.526513086321580115e+00
3.093104149285078597e-01 3.319678785305520824e-02 4.144110707010484340e+00
5.670284467047249644e-01 -1.808066606356084072e-01 4.919858433464477265e+00
5.027036582961715849e-01 -4.864639188716633061e-02 4.736231938705938838e+00
7.305349245216153919e-01 -2.251012606908861513e-01 4.673281821556011906e+00
1.415072722898110591e+00 2.258029532986476906e-01 4.681984080451052854e+00
1.962072157956175511e+00 2.306865405713755257e-01 4.408394856630634351e+00
1.967556053123335147e+00 3.140791419455843392e-01 4.265887067200540450e+00
1.715234596924214872e+00 3.468827981168473018e-01 4.336683115221801721e+00
1.480257529363034674e+00 5.935204725643786761e-01 5.062637312281858648e+00
5.564949327063445361e-01 2.787828479323404274e-01 4.951277939175094289e+00
6.471778835164432309e-01 2.973636835979803078e-02 4.394584496373186155e+00
5.005469313154953248e-01 8.133778413013276198e-02 4.340421822860715650e+00
8.125004001749589477e-01 -8.167026129066100315e-02 3.914153396074938396e+00
1.155277083682544781e+00 4.480965165351850077e-01 3.043289709980479874e+00
1.477447060551863478e+00 2.245282485817119977e-01 3.198156727518835396e+00
1.411775507026677978e+00 3.234718373465231278e-01 3.328008654811181799e+00
1.919498956621925156e+00 4.317294683463051563e-01 3.228320780463003636e+00
1.803057897662909026e+00 1.159072602977100075e-01 3.332855994319044335e+00
2.337651666130263095e+00 1.452883817216627516e-01 4.461330389408645125e+00
2.074143042491924049e+00 -1.892980887373644505e-01 4.601991934126921535e+00
1.740035833130344267e+00 -6.258046515790431641e-02 4.092670746236011681e+00
1.121415933458414838e+00 4.212785230358324084e-01 4.535824981521416888e+00
3.995866829937629872e-01 9.937028897055791288e-02 4.624795479437294077e+00
1.070419478499976096e+00 -2.002454893960748106e-01 4.833276531297228118e+00
6.893791698969446990e-01 -1.408204335913525729e-01 5.031286827594004585e+00
2.107687916229354919e-01 -2.975503840828633284e-02 4.529106705180372394e+00
4.977873190695151218e-01 1.096315923275302945e-01 4.832241178592433961e+00
4.464980437656215773e-01 -4.807982969948881163e-02 5.750667174395268866e+00
1.418104224966743931e+00 -5.112020798103498187e-01 5.740772388662137793e+00
1.898490904328818507e+00 -1.626084353571416174e-01 5.479972306498055445e+00
9.718580607010892658e-01 4.395490947625726452e-01 5.689617134541670396e+00
1.040699994561091746e+00 3.555047665961904024e-01 5.298252760939619499e+00
9.462705747547281998e-01 3.785701220826382940e-01 5.048752218749643639e+00
1.356681050768055341e+00 4.685344686295603300e-02 4.040828475009961451e+00
1.085866567257548931e+00 3.103041100763845872e-01 4.118490547236921984e+00
1.097794129573829824e+00 3.182744278657178572e-01 4.064517610597916608e+00
3.394916550363416552e-01 2.586234882862990525e-01 4.043971644367402085e+00
3.410148541533594702e-01 2.474823123080906739e-01 3.935501329031040108e+00
1.112877292088306630e-02 7.454592962260657707e-01 4.510743532807135026e+00
7.323312787785478672e-01 7.809492415422607525e-01 4.420065760146152378e+00
4.804023621301405367e-01 -1.000525849613737028e-01 3.977283862715351948e+00
1.124270037773434705e+00 1.512208497809907071e-01 3.681061246659546704e+00
8.216873414204006743e-01 2.853955859573867881e-01 3.472599426701911796e+00
9.349311554789909717e-01 -1.890275421810153622e-01 3.283047473210379597e+00
7.255421122174622317e-01 -3.958930980999674637e-02 3.094851001557436643e+00
6.420751596114075976e-01 4.366827272199636650e-02 3.008066254606205359e+00
7.777034702961275192e-01 3.652512855908613965e-01 2.610377217739713984e+00
1.618993838037114052e+00 4.876494568550324704e-01 2.237154939261108755e+00
9.546600851497717422e-01 1.089541864469118493e-01 2.751668414396374107e+00
9.590925672907257837e-01 1.262243272490988777e-01 2.585924704792456730e+00
1.664612080467026356e+00 4.786807197624840526e-01 2.679020476793141814e+00
8.591242293009602182e-01 1.001858667102889788e-01 2.647292841720817247e+00
8.773256293380725657e-01 3.191971967933567855e-01 3.321278575240722564e+00
8.124802022781374422e-01 -1.011602343359041117e-01 3.882969507839391099e+00
8.171472207154720779e-01 3.902373546707407215e-01 3.484608535215461877e+00
8.139450028134980197e-01 7.383410544882040849e-02 3.246934148773040096e+00
1.411622725153560687e+00 3.713403351914224548e-01 3.687013230354406979e+00
1.784308415722852814e+00 7.807367639671151105e-01 3.053214319980416924e+00
1.807320908883454313e+00 2.652252481421812358e-01 2.745459075869471910e+00
1.386852754594542825e+00 -8.222292255030766439e-02 3.283879276733022934e+00
1.124830347185312052e+00 -2.744632623467941346e-01 2.688001751031267705e+00
1.110937408015110650e+00 2.651017984610994360e-01 2.809953749167342973e+00
9.553852642985536381e-01 -8.990729070036307391e-02 3.355303554984785386e+00
1.165347204607741105e+00 6.489808248263112533e-02 3.789768243125222202e+00
6.882424521478041068e-01 -3.171796633733707238e-01 3.890910328102806126e+00
2.530394019805387584e-01 -3.380390175998539415e-01 3.956673237283583777e+00
4.098882570648265666e-01 2.354891924939997438e-02 3.195430758696886198e+00
7.226817747391630631e-01 -2.422733555310130349e-01 3.060251455605352611e+00
4.218382925204124390e-01 -8.088415247004884789e-02 3.730053989049540775e+00
5.376758729409853999e-01 -7.786124576259718655e-01 3.746023014668729889e+00
2.322365395420186995e-01 -6.198975058466776877e-02 3.857789218467974734e+00
3.616676236888571871e-01 -1.056875247925059824e+00 3.354209784181273246e+00
5.558579708750210902e-01 -3.664631795460369657e-01 3.701982773611522948e+00
1.041113106011480216e+00 -3.090240057534000551e-01 3.665312838690841346e+00
1.348055817202409301e+00 3.606828711692053879e-01 2.820871414291599599e+00
8.249273608731653162e-01 -3.534534911485329167e-01 2.989307451464465970e+00
8.816678487975393441e-01 1.480054038367432101e-01 2.654609889188286331e+00
7.890270648897500516e-01 2.099621408932990096e-01 2.623242280079637556e+00
6.553602232203069589e-01 -1.668241870642275804e-02 2.656727368085651353e+00
5.998380749277071322e-01 4.878483445511953009e-01 2.885973283746984919e+00
9.363269313486417555e-01 5.016421547982853335e-01 2.818882447197796459e+00
4.939676618783411244e-01 6.424220406936046457e-01 2.728655944600974159e+00
4.405417214040687202e-01 3.400056316330596351e-01 2.289097782098097777e+00
8.020620052031448566e-01 1.074634130731353665e-01 2.406243868449743140e+00
6.294479435278754753e-01 2.702354425877383504e-01 2.420507155114361986e+00
1.084637858758361162e+00 -5.314290374229344027e-02 1.733625483162853476e+00
8.666055507296389626e-01 2.437099755048824923e-01 2.366490069841515442e+00
4.094546241032666067e-01 -1.365574449916596711e-01 2.507976877050908104e+00
1.001690093107898916e+00 -2.223456082372997356e-01 2.841065454311528349e+00
3.000598235893455201e-01 -3.068655183681695542e-01 3.025966304532959672e+00
2.496799935664271164e-01 1.976947214208082948e-01 2.805333459728155621e+00
5.456644301894018056e-01 9.341641342916046087e-01 2.558835158735174531e+00
1.387435439798972103e+00 3.775061923777288109e-01 3.444575130598628743e+00
1.845076707355109980e+00 4.089877156443454953e-01 3.830219733451115882e+00
1.565834549598004388e+00 3.999578650360302579e-01 4.350055192475893229e+00
1.473779532731747777e+00 6.361422975891083409e-01 4.234137369270783324e+00
1.506993241287784224e+00 6.225046816943199390e-01 4.561249192671724018e+00
1.234775877795453836e+00 5.466394492953521311e-01 3.886771889022225590e+00
3.392845169632139335e-01 1.476853435567270778e-01 4.336775919825756276e+00
6.905375756230255346e-01 2.005207880932070308e-01 4.173955476659733321e+00
5.216296309820273036e-01 5.888995403815928675e-01 3.957870716058912386e+00
4.585507704391276196e-01 2.218113027471202425e-02 3.278808183184277691e+00
1.107881926099921976e+00 -2.039300608152557204e-01 3.271798480496027839e+00
1.341590124766799619e+00 4.257355499952077960e-01 2.645272430053903889e+00
7.786155779943618738e-01 -3.528737300157425150e-01 2.609256112323091514e+00
9.067501484003371859e-01 -2.925838250178465771e-01 2.962120115748481552e+00
1.124535286646594745e+00 -1.950767345166873334e-02 3.041576164017642192e+00
1.023102654769310726e+00 3.742642001889788794e-01 2.801631493406023576e+00
6.395471095908330517e-01 6.077158574274259539e-01 3.028725066780118436e+00
1.101599283458322143e+00 7.284760479341483297e-01 2.339302726534857602e+00
9.710844087033916328e-01 1.173115071196076498e+00 2.493775086362913562e+00
1.285377326450455771e+00 3.277632083185947343e-01 2.550424405111794357e+00
9.086210410406850846e-01 6.255014672041224744e-01 2.605314143098889978e+00
9.201313016207872675e-01 2.230797025230840391e-01 3.205258398932316233e+00
2.497753874803055885e-01 3.095862564498864100e-01 3.588192242738599269e+00
2.239438074454271344e-01 2.628474337395878546e-01 4.020763964910329058e+00
7.906081935071358480e-01 9.617656827612827697e-02 4.091738120382879984e+00
7.759402327088655849e-01 8.114143881691258109e-01 4.467456498416664701e+00
4.052649776248112290e-01 6.762711667116545478e-01 4.679956249420271774e+00
4.718941389852058799e-01 3.380593669839980220e-01 4.963389624124856070e+00
7.513089667701349228e-01 7.479214612100213433e-01 5.026842965869033009e+00
1.212890202065864953e+00 5.911572060728420563e-01 4.895089859782425279e+00
1.226205651983538036e+00 9.128121889017078994e-01 4.599874688024258695e+00
1.013698763390574520e+00 5.665923323199059114e-01 4.491024128572368213e+00
8.520535234473032293e-01 1.378407482522481520e-01 4.462867735952954718e+00
7.844841583057200474e-01 3.895211521418816547e-01 4.051089542831008750e+00
6.701011853168556964e-01 5.104405680909153142e-01 4.528501932999097868e+00
1.016794417070542300e+00 1.990134159900527611e-01 4.109011096255696494e+00
9.763121997222006243e-01 4.519053705941106780e-01 3.342186326716975131e+00
3.980666772879868920e-01 2.746407950275977505e-01 2.709121441626012761e+00
9.427716933570602365e-01 1.339639890719343807e-01 2.582677651322163204e+00
9.795265697896297086e-01 9.304513814366084656e-02 2.516571569248260865e+00
1.222999760457918139e+00 -5.095197675441390794e-01 2.945159770178464864e+00
1.164546368490132933e+00 -4.702935814760250688e-03 2.978350952444981381e+00
7.128744845482717363e-01 -2.680854509547893061e-01 3.202648213140332434e+00
4.977803267683686417e-01 2.944760801250075888e-01 3.040714771118078197e+00
9.795174800748276400e-01 -1.170360974606278470e-01 2.729558011514193083e+00
7.746265473775985066e-01 1.230357215716690183e-01 2.964660607627210176e+00
2.467698238475570793e-01 -7.812089247880579790e-02 3.288552298174764577e+00
4.843040709205572170e-01 6.365354711534659815e-02 3.533650609253419450e+00
3.711420758152974009e-01 2.029412650049588762e-01 3.093010684175224956e+00
1.760117842716332759e-01 8.279651419564628689e-01 3.060340495621569179e+00
1.234447582360107543e+00 1.352993099686716771e-01 2.474949821237193870e+00
1.296856639715936454e+00 1.721025101061403884e-01 2.883309286737035126e+00
1.615613924426611669e+00 3.928140731564874061e-02 3.113025873582013769e+00
1.271664798864603041e+00 4.935880366517424178e-02 2.214728891337573558e+00
1.553133920733652973e+00 -2.156375879366073112e-01 3.409457786804100277e+00
1.229978119079565113e+00 9.666568827142109355e-02 3.384432229789285262e+00
6.304418578646503457e-01 2.275775361486295778e-01 3.730021276160201626e+00
9.314273110035270475e-01 2.987924598612571314e-01 3.760031009196211471e+00
8.195408201981425611e-01 3.293859725672897837e-02 3.588533826106434788e+00
1.613998276854681446e+00 -2.860861219566493974e-01 2.980742386990265391e+00
1.039017809420072602e+00 5.370237953152735555e-01 3.071651543408729257e+00
1.432129315551616822e+00 4.890172178912063905e-03 2.794452804340614271e+00
1.906048752446654726e+00 5.447163488259916253e-01 2.675976136890336754e+00
1.893010896935711562e+00 2.438356274018187442e-01 2.850323252928439466e+00
2.017753310506981368e+00 -2.134217471303017089e-01 2.986767662271616164e+00
1.825371919012922728e+00 1.496961029055056402e-01 3.304940991603642964e+00
1.665514585048657015e+00 2.875442254613101434e-01 3.467069042482244345e+00
9.241189250804584532e-01 -3.373686575055293707e-02 3.890252993442781193e+00
1.024193077352253400e+00 -6.166286940141760958e-02 3.583720287164561036e+00
8.730513036804451454e-01 -5.165281064678574063e-01 3.064901402556865495e+00
1.522980438277723447e-01 1.093012123037181149e-01 2.585512608209429075e+00
2.537800791058505423e-01 -6.202942353687208865e-02 2.507302063541104076e+00
5.519132735720851946e-01 -2.646827449006158850e-01 2.339590756345908407e+00
1.595669784398033031e-01 -7.318532160551174948e-02 2.334740894682405088e+00
4.396249888935790939e-01 8.539005754504486179e-02 1.482212551940095047e+00
6.292915878191981394e-01 5.853961415175130689e-01 1.624832465164196993e+00
6.410329187919960869e-01 5.294659184774689331e-01 2.161786051214795279e+00
1.705356289568104033e+00 3.332136130598846169e-01 2.759626414857681453e+00
1.998990164457138174e+00 1.043042886893033483e+00 2.711249587643371761e+00
2.205889279025375238e+00 7.837503863907021584e-01 2.300481040046863157e+00
2.002705818388973658e+00 7.846226948010868174e-01 2.170625131670509855e+00
1.863689780896908843e+00 1.275282657711849232e+00 1.202610080229892908e+00
1.499370276680249026e+00 6.586919905599444292e-01 1.119774458466116673e+00
1.716018791116732389e+00 2.530056517219720913e-01 1.321086772012211474e+00
1.694087226042988004e+00 2.749319608863747266e-01 1.895027688002527411e+00
1.736823941745663458e+00 6.162483443555759610e-01 1.964132452545026553e+00
1.158779587043458292e+00 5.667519449872857606e-01 1.814185051906969992e+00
8.925726005867569146e-01 4.599693354226907505e-01 1.612275183895898856e+00
6.589159974284954924e-01 4.201859684894085900e-01 1.198005585072897894e+00
4.960853091142296001e-01 3.438890862417365302e-01 1.780151742420849281e+00
3.551331071782413695e-01 -2.736930175482068517e-01 1.946746451406803580e+00
1.151970873198078227e+00 6.522618166152011066e-02 2.727982834947558111e+00
8.317908613937056161e-01 2.369385641080395399e-01 2.749503695904889078e+00
1.119560221211473694e+00 -4.301762504558606648e-01 3.050638803384155828e+00
6.210067497570036510e-01 -7.490524718365941526e-02 3.076486547666122728e+00
4.538216243377630188e-01 4.792630112715522139e-02 2.553217386722242299e+00
3.111652937817558917e-01 -4.223685512902836114e-01 2.316658870749134902e+00
6.426048704457080207e-01 -2.638974499563004894e-01 2.414018491176571857e+00
9.707998944379825357e-01 7.955210260703390879e-02 2.488218794984167648e+00
1.063149283145118584e+00 8.184893292483006455e-01 2.626599890366291046e+00
7.960532244761806542e-01 -2.539691389667479982e-01 2.786728146386512339e+00
1.338922608706747674e-01 3.336324639660198099e-01 2.450537456303437001e+00
5.410012614807463427e-01 3.519679385959871287e-01 2.286231903777199648e+00
1.030099623017614929e+00 5.125951854576439315e-01 2.575512855736407758e+00
7.487380662599368852e-01 6.817090623924039194e-01 2.753905601531326575e+00
6.670273669818957973e-01 3.660211543976942816e-01 2.814435474781253887e+00
5.044043797685785480e-01 2.431985991784024193e-01 2.809150697572722954e+00
7.947871118170082294e-01 2.277160567444568851e-01 2.959043263271035951e+00
9.649693665939932385e-01 1.239741477854679752e-01 3.322568247981890099e+00
9.625295238354435456e-01 4.441054846252004418e-01 3.234198655520362120e+00
6.105867756477975083e-01 8.251199042131747430e-02 3.120168925277025274e+00
1.004812812954043011e+00 -4.183532228261961916e-01 2.418701030450477241e+00
5.603900764588767291e-01 4.442908368351431436e-01 2.586842704525951220e+00
5.651869015565200716e-01 3.791455618687109563e-01 2.663919891198859524e+00
4.886257742811509486e-01 -5.020415980407528789e-01 2.030531607329546517e+00
7.034731474680366858e-01 -4.354934091324458301e-01 1.853776426063265648e+00
6.348059902444113112e-01 -7.446709811587041150e-01 1.710900244535999981e+00
1.216757796364966948e+00 1.161394385493407233e-01 2.020455847225866464e+00
4.742017244709210155e-01 4.821293494987445305e-01 2.086115263483933280e+00
8.419328494288390585e-01 2.973144508614012915e-01 2.524068292786107115e+00
7.255180984679007183e-01 2.058646942767735077e-01 1.785174633246442655e+00
8.667445932243227347e-01 -5.677299037542469368e-02 1.873595827060685393e+00
1.149068510997846682e+00 4.564045593421690583e-01 1.360294292289096596e+00
1.112016079394539059e+00 7.777063677007522990e-01 1.178774835008970179e+00
1.168297605293171504e+00 1.029646336476241819e+00 1.758912554095734659e+00
7.269921005461108532e-01 1.142091952265641641e+00 2.979753049614341176e+00
5.185347170030776276e-01 5.067987528632115213e-01 3.448440851381828764e+00
3.916557873099425491e-01 -1.184663731740169257e-01 3.487732311241512395e+00
5.823279156293688086e-01 -1.155352503054064284e-01 3.028589975936054834e+00
5.459078724749353295e-01 -1.853410749179066064e-01 3.335728098573326417e+00
4.510567582257945518e-01 -2.132619053074255033e-01 3.178160340266267703e+00
6.804454640427937823e-03 -2.789284280930773852e-01 3.234632283803660524e+00
4.664581716313653259e-01 -8.957548558830177865e-02 3.252799023901817854e+00
8.315260254598451084e-01 -2.844308968744675981e-01 3.522767401840444457e+00
8.202758823124743914e-01 -1.957904479702075595e-01 3.270307150641434735e+00
7.950328280500394973e-01 1.530075851607450022e-03 2.625169828434112951e+00
-6.791455116832949279e-02 -2.466943763203666429e-01 2.492108210955711556e+00
3.377937770425073483e-01 -3.561953650708106212e-01 2.109760227017911216e+00
3.377937770425073483e-01 -3.561953650708106212e-01 2.109760227017911216e+00
4.195120214712744211e-01 -4.850442433971460243e-01 2.453599946717164748e+00
7.401516470494174937e-01 -3.160870652970811379e-01 1.868317275437481717e+00
8.409513680887086284e-01 9.818391150450429816e-02 2.201247554792773453e+00
1.356776814640122453e+00 -2.941304406692901718e-01 2.059431651005505959e+00
5.831485980428352534e-01 -7.166308442797547640e-02 2.263715817060190982e+00
9.001375564377508409e-01 -2.088266309662908937e-01 2.560554576920555103e+00
4.964943851632470651e-01 -4.758976500956085820e-01 3.214811034140490964e+00
6.858084635096649562e-01 2.179403408136708353e-01 3.122667596906687937e+00
5.332325258626282594e-01 -4.468215393659406565e-01 3.459110767534167685e+00
1.764815307955134305e-01 -7.593126740098475880e-01 3.150318771504011739e+00
1.764815307955134305e-01 -7.593126740098475880e-01 3.150318771504011739e+00
5.910420745737984261e-01 -8.789107248770480774e-02 3.499424407833668482e+00
3.983925973325223580e-01 2.630528374138766390e-01 2.782093379094598973e+00
8.783662444654848356e-01 2.366816235454728412e-01 3.005296487571783359e+00
4.531504562741035524e-01 2.414786493185732130e-01 2.345288614525520288e+00
4.934816593574227195e-01 2.121284652790864089e-01 2.276203594277489195e+00
3.928978120156809695e-01 8.693685246240849818e-01 3.538423029537292486e+00
6.488738977256300888e-01 1.011614478336115175e+00 3.290586131155039062e+00
4.071666036396168198e-01 1.100446971253253414e+00 2.903671996631298491e+00
9.139786075666995746e-01 9.308798997219612792e-01 2.643911616950647581e+00
1.015101089147254498e+00 7.102074364174263410e-01 2.896458329583770031e+00
9.088728480685427380e-01 4.100772065593352167e-01 3.439688182995230381e+00
9.273838851651359239e-01 -1.872416284070007597e-01 2.858984259632444402e+00
5.976472808236681367e-01 -4.974084773493693268e-01 2.360900908586670344e+00
4.050308672410509736e-01 -1.657505045742420358e-01 2.190236018897302905e+00
5.313985077113208000e-01 -4.915836488094520451e-01 2.119089338755535401e+00
4.978298872633114547e-01 -2.619007961350691693e-01 2.172350443591770652e+00
4.669903890581142969e-01 3.643756635210829153e-01 2.219278011197026057e+00
4.545804906672930579e-01 4.363015108658556129e-01 1.800786242939129478e+00
8.478588553878420031e-01 -2.176028488191794619e-01 1.974504716566439777e+00
1.080546902841853507e+00 3.605079259975214057e-01 1.402233691189722631e+00
1.397897367920587941e+00 5.937618934977658691e-01 1.518538070340197610e+00
1.415813474400113181e+00 4.371252113935955586e-01 1.891985665120309967e+00
1.214318775867138989e+00 1.060188084792263785e+00 1.611852520751767548e+00
1.424055752882066317e+00 5.931901831577501838e-01 1.550899540375208607e+00
1.160486513761918026e+00 -1.768404435916491602e-01 1.902349222644861282e+00
1.009381018391165563e+00 2.751464152244155192e-01 1.844779562824973906e+00
1.434194793424586445e+00 3.114079636307857113e-01 1.824204145888198791e+00
2.762524108573105042e-01 -1.344162365558434491e-01 2.373690206670312719e+00
3.700123641452572887e-01 -1.200442810374126035e-01 1.855482348686943395e+00
7.443536313680867433e-01 -5.712923105756453346e-01 2.296564656384138647e+00
3.638084111919833163e-01 -1.244192115972965890e-01 2.531109232483248039e+00
3.400015552807979513e-01 -3.252043939900885472e-01 2.601186075505352857e+00
7.228102547021401092e-01 -1.217457256813880395e+00 2.793563535330290115e+00
7.650865536549965595e-01 -1.069773305313799661e+00 2.836936213467144974e+00
1.224521958993763704e+00 -4.573161254485942351e-01 3.351626877269681781e+00
1.433836864128481547e+00 1.184069178079075468e-01 3.721072329536832868e+00
6.193918870812580302e-01 -1.042061302195785577e-01 4.233958259606791508e+00
9.098943280025109104e-01 5.697816765445706810e-01 4.739508501408023378e+00
8.439453424319192099e-01 8.704512298905566769e-01 4.698566550010350618e+00
8.044314889101564781e-01 8.832898241575873888e-01 4.441206630038363912e+00
1.101490718702400562e+00 1.003500814912843042e+00 4.285579282735831441e+00
1.389555362455457521e+00 6.768530496089857351e-01 4.829132452499885986e+00
7.296393772353901852e-01 -1.477631261067604562e-01 4.540028221447733436e+00
5.761741395044769343e-01 -2.847528615083493031e-02 4.688301812146089098e+00
7.952291359957012196e-01 -2.183868724674988548e-01 4.939384809746392158e+00
8.139770154845737959e-01 3.738169753272475582e-01 5.221707641891839558e+00
8.917612143235238431e-01 6.250134967081240056e-01 5.110622679809922353e+00
8.128628504874768623e-01 -3.103041488605249310e-01 5.690561248913947878e+00
8.128628504874768623e-01 -3.103041488605249310e-01 5.690561248913947878e+00
7.420931345426718950e-01 3.816719212839132513e-01 6.187457719034124892e+00
1.440707549179185420e+00 -9.727532321448725816e-03 5.954240584878699671e+00
1.535171046800979378e+00 -3.669581785869558965e-01 5.184152931883017068e+00
1.367462407431551119e+00 -4.560623692453842359e-01 5.281931080729375338e+00
4.523879649703447248e-01 -1.317119490111690605e-01 5.413228895680923358e+00
8.569685798752184613e-01 -4.355515608626868707e-01 4.690859762607531458e+00
1.793870149971160677e-01 -1.617429951709947744e-02 5.258310872129439595e+00
8.139317535786162461e-01 -8.918435080985510910e-02 5.385863693182067813e+00
4.872832200780533030e-01 2.148049292675241473e-01 5.333172927945569519e+00
6.968435253436519039e-01 -1.313193237525007995e-01 5.011825439717108033e+00
-1.437508771731887125e-01 -5.001499196357570703e-02 4.324699665597305120e+00
5.190698938886546543e-01 1.108272871897532721e-02 4.609327333517857284e+00
4.389364392455181729e-01 -4.398744490337838653e-01 4.552301538916518453e+00
1.254741413514201820e-01 -6.715464071405918833e-02 3.697761234223941429e+00
1.023322228251553723e+00 6.576393408046561362e-01 3.877752488793965391e+00
1.316520726923815277e+00 6.271124670157661452e-02 4.368088064557063888e+00
1.235427641191189085e+00 1.551625415554389563e-02 4.611818045426466561e+00
7.987346733346023520e-01 6.536598025862827566e-02 4.869876844103279367e+00
7.696480020154254920e-01 -1.709400452382735525e-01 4.929249343010049245e+00
8.228331434495610441e-01 -6.507059339356721095e-01 5.202374367890741702e+00
1.075626848536432645e+00 -4.236808961539115237e-01 5.082673780749185966e+00
1.236706729753640266e+00 -1.985476253063799268e-01 5.491778388770919506e+00
1.203979463478600964e+00 -4.226096249743076516e-01 5.479373630688486152e+00
1.148945835991615816e+00 1.853270150914820003e-01 5.305039704881680862e+00
1.226725107591282615e+00 4.383209546819674673e-01 4.833627060249867213e+00
1.458339760366870408e+00 8.128633500938935441e-01 4.528437846068515960e+00
9.373809164576377695e-01 9.346129656923036766e-01 4.063438021492280505e+00
1.205480244085451069e+00 6.079264565972751777e-01 3.819858383251632628e+00
1.393753722174514431e+00 8.337554902717202454e-01 3.893284448433308231e+00
1.182595440458168667e+00 8.224605447705231054e-01 3.812626041231817364e+00
1.147999395740074480e+00 7.250640759735762497e-01 4.365503549609232259e+00
1.223223119977320694e+00 6.584771483078344367e-01 4.147339104382554709e+00
1.410515777167024920e+00 3.602529917473188403e-01 3.832053913012212210e+00
1.431311379459623501e+00 2.943241081194415965e-01 3.734417293832181350e+00
1.375579219515374874e+00 -3.300742732247849420e-01 3.392286813975017967e+00
1.599239980822302565e+00 1.951408035650817052e-01 3.839015658493754479e+00
1.863640865991566642e+00 7.919821138547583628e-02 3.779996612346935070e+00
1.433127910948102102e+00 3.121860048550411659e-01 4.472653464848887594e+00
6.871355886349826969e-01 -8.160016267448472194e-01 3.957177563544902910e+00
6.891068329982629193e-01 -8.052049821406104257e-01 4.336939735271880814e+00
4.535625236356674028e-01 -4.743077444072164028e-01 4.517978184879558157e+00
6.841346531117877827e-01 -6.378985140426350897e-01 4.532723357699528499e+00
6.097610627375549264e-01 -1.060334156065238842e+00 4.948340273909360931e+00
1.103005010268668595e+00 -3.506624836257826172e-01 5.012987681365661530e+00
8.714410801954395325e-01 -2.577865548828030540e-01 4.325229399417515275e+00
8.468466989401832734e-01 9.964953659623579374e-02 4.393951566938669728e+00
8.941691723080398280e-01 1.180368939391120420e-01 4.032678297780622145e+00
6.167900818525539064e-01 1.052416168173080813e+00 3.253542715903815719e+00
9.577920100206025467e-01 8.330462913348835041e-01 2.940088040631220423e+00
1.548015327606818259e+00 4.385449328289189319e-01 3.012642906118086383e+00
1.372673527397463955e+00 7.365572656297771914e-01 2.551101158241165567e+00
1.226828790537062286e+00 2.235621227345362949e-01 2.761139015137444641e+00
1.217305418265700823e+00 9.593059899273381763e-02 2.634145399083702266e+00
4.337539235341977273e-01 3.806646562419114810e-01 2.837558626963911479e+00
4.616539590919164215e-01 3.233512406430088526e-01 2.886953455439864591e+00
4.514163458172258947e-01 2.678494727397890407e-01 2.740243613172547832e+00
6.200249527889992729e-01 -2.652423724548574197e-02 2.366719924677409992e+00
1.262164299943100421e+00 -2.026882763861390657e-01 2.660874366737328689e+00
1.235948309719943738e+00 4.644089596279613041e-02 2.511410290057281003e+00
1.331326524838993608e+00 -2.149993329290546956e-02 1.780131691277785366e+00
7.534493032687403780e-01 -2.366671968528223091e-01 2.308083369204563251e+00
4.026514770138054367e-01 2.401786150681793353e-01 2.566944640213336903e+00
1.277646543454043160e+00 -1.807599459151043586e-02 2.392686574668700494e+00
1.057415156179932758e+00 2.434276740653475435e-01 2.410965700838327397e+00
7.036761991242165282e-01 -2.129909881044250164e-01 2.395978264407742753e+00
6.470247116281928612e-01 2.640553890726179964e-01 2.169065893434345860e+00
7.724309930366388688e-01 -3.087459775163154396e-01 2.784437902617219684e+00
8.191997730403361988e-01 -3.334156582260555668e-01 2.214674831876685346e+00
1.083735481397969380e+00 -2.831156768994064210e-01 2.004850826554689380e+00
1.549039694382517318e+00 -8.717102215888822281e-02 2.355372930823908639e+00
1.114989198439506390e+00 -5.632097749050569285e-02 2.899829813653619137e+00
9.370605356382717410e-01 -1.771883797005094352e-01 2.775816481316905726e+00
2.768327785976278932e-01 -3.439243765270294517e-01 2.859257319060736879e+00
6.609163781558546891e-01 -4.910806484858187826e-02 2.410456009790098442e+00
7.211476791625265337e-01 3.726356026259067811e-01 2.392622725339913270e+00
6.428613535698406434e-01 -3.123335447376293650e-03 2.494063811296030053e+00
7.051363059982735937e-01 -2.608369591996424486e-01 2.595852838557842102e+00
2.703236426603483067e-01 -2.830971212801607767e-02 2.511806445319058056e+00
5.609104935194044739e-01 -2.498699704984834458e-05 1.773828270750325675e+00
4.046470022680039857e-01 5.380200398872454076e-02 1.770787572396707699e+00
6.194727755043619721e-01 2.249471143407572871e-01 1.637640290158570266e+00
6.271987962673879480e-01 6.728844746291184897e-01 1.871438971075511715e+00
1.171164889603742765e+00 4.404578570484033451e-01 2.000700485315579868e+00
1.464621318777720393e+00 7.008628450433308787e-02 2.344886822239098834e+00
9.003033734220590167e-01 1.391978777562922764e-01 1.581591513957850470e+00
1.734895143749919821e+00 4.101698704176945931e-01 2.018747200889965843e+00
1.554387446913094495e+00 1.923996805984408698e-01 1.440134645970382321e+00
1.345567833193634044e+00 9.358515000759295432e-01 1.361755349376222446e+00
1.624581570395687180e+00 3.334716519505378507e-01 1.229657489444963669e+00
2.246761047958259816e+00 7.421108228299024834e-01 1.540783268906124270e+00
2.537769575936644539e+00 -3.823580712891870570e-02 1.768495339111267883e+00
2.639265961725380638e+00 2.197088757965862116e-02 1.707875488700997479e+00
1.553439548668978709e+00 1.467529912730961561e-01 2.590358012996064829e+00
1.774521088998577190e+00 3.538483753114292640e-01 2.193709597415572699e+00
1.684306041518092600e+00 3.455261270623247727e-01 2.786251837325701253e+00
2.109552560033904900e+00 7.294378591811669921e-01 2.776114345392263871e+00
2.889182649110566103e+00 -1.367398194733542294e-01 3.143033444698152046e+00
1.954750094357025958e+00 1.857518754577234393e-02 3.577585681486078251e+00
1.708174519995840246e+00 6.028807441085493046e-01 3.463502272364122891e+00
1.749738589409496337e+00 6.427657763902259180e-01 3.039214473798255600e+00
1.756777050650704108e+00 4.653100165012468148e-01 3.178677216488477786e+00
1.822357465836623058e+00 5.935773682874725954e-02 3.181085911618568574e+00
1.879968913341582226e+00 9.496547087956802580e-02 3.462626339146293031e+00
1.554451437180789819e+00 3.048732007355015039e-01 3.015141878518016405e+00
1.897903333537791948e+00 2.067385776288838961e-01 3.273140392712629687e+00
1.810018723890783665e+00 1.021822195889440898e+00 3.700789168831597475e+00
1.062393849310678151e+00 6.487026644329422220e-01 3.089651833294553285e+00
1.112785229082922545e+00 -1.781106252432163861e-01 3.173976667188083578e+00
8.134821025457594779e-01 -5.591803550473350981e-01 3.603549096804595564e+00
8.375493633576466257e-01 4.066447058934222203e-01 3.516037077727007354e+00
1.371409675635065772e+00 5.903376014542133232e-01 3.161490306456936406e+00
9.139969828119656192e-01 -2.948229235401782500e-01 2.991004106987253497e+00
9.745304114318734667e-01 1.821654133083648042e-01 2.360872125262890808e+00
5.267704879659292905e-01 2.571407436142995051e-01 1.901006180706200643e+00
1.421808264236695374e+00 7.655059106236657973e-01 1.333625722834754779e+00
1.701715423187470932e+00 1.082862157947470427e+00 2.602932149828791175e+00
1.377333623928358008e+00 1.046673215664087664e+00 2.750118138230065679e+00
1.185095186150625590e+00 7.890021509361846430e-01 2.255481821384352603e+00
1.810115221474310365e+00 2.339336662496695751e-01 2.062879845117149280e+00
1.051550097806960293e+00 3.997716082167842577e-01 2.283175640145710616e+00
1.394934059847156238e+00 1.649851718253514676e-01 1.788965628140788189e+00
1.054297025443530655e+00 -2.523852797310431884e-01 2.545301158529441388e+00
7.121098958639525689e-01 -3.557933354098541945e-01 2.896247343127296592e+00
3.399289608281208519e-01 8.074100568958308966e-02 3.268680462835732659e+00
-3.999670302835526409e-02 4.573227069300716402e-02 3.499693413641954187e+00
8.474181072162964012e-01 4.930429968445441957e-02 3.810123607643008725e+00
1.261655128917409385e+00 1.612518655412504831e-01 3.883966226161665869e+00
9.412544599118659594e-01 -4.875098424336966607e-01 3.947838360913001221e+00
9.950041587150086908e-01 -4.229556531086551274e-01 4.731876058555038789e+00
1.420529117410552100e+00 2.510603383344572892e-01 4.831216493862846129e+00
1.420529117410552100e+00 2.510603383344572892e-01 4.831216493862846129e+00
1.437820502036335713e+00 8.115334606592101707e-01 3.902045062213314264e+00
1.220523792821352815e+00 7.600842520007853320e-01 3.560135913764967075e+00
1.324123544279462550e+00 4.330309974338877321e-01 3.558792411177345461e+00
1.789490651928778320e+00 -1.722796236692156757e-01 3.622476549399963108e+00
1.307490941770449222e+00 2.725685529320134304e-01 3.110861055696763522e+00
9.936743386220278085e-01 6.309514016740188636e-01 2.728263332346625436e+00
8.004767885315899889e-01 6.736232109406073976e-01 3.296580228723565931e+00
3.105847565827878354e-01 1.340554408796423624e+00 3.204795395724849172e+00
3.907409069787437517e-01 1.218526472916563907e+00 3.726310069479456644e+00
5.785865366753084604e-01 7.402483400447070760e-01 3.726466879225223128e+00
1.015233609461027253e+00 5.388529012031850751e-01 3.705910162120384044e+00
1.635448694769248812e+00 6.145899201363884401e-02 3.503190697968308953e+00
1.573814088778471953e+00 1.620355900399628180e-01 3.323353415125232413e+00
1.204025207088773586e+00 -9.046555913554597816e-02 3.021703634013238826e+00
1.767541131934579735e+00 1.435715207962558748e-01 3.108455431394162360e+00
1.579441127378730103e+00 -1.978910803461972623e-01 3.097536506774499987e+00
1.181920522578501220e+00 -2.093998271566804015e-01 3.973194542903854654e+00
1.406967297868069844e+00 -3.349685545182453095e-01 4.219358744068020250e+00
1.415038986505880336e+00 -2.612245385645675100e-01 3.737428028789845591e+00
3.706339922815266585e-01 -2.189650592459264911e-02 3.996818090071051710e+00
1.150921240507884136e+00 1.003569018180137246e-02 4.111507285835179104e+00
8.240961972965454851e-01 1.715612141529255785e-01 3.507774983137989189e+00
1.225223839423132732e+00 6.538511931234412822e-02 2.970422012652435217e+00
5.001233706767644893e-01 -1.558728414433975529e-01 2.994796104580509155e+00
6.150086546630944007e-01 4.308884400399595055e-02 2.740037009186299777e+00
8.862443601620287881e-01 7.980495005954294507e-01 2.489515551489144052e+00
1.290139399342820958e+00 6.843219912196093491e-01 2.550236557331075460e+00
1.351512952171670445e+00 3.558593948708685395e-01 1.973759712566514946e+00
1.161498644450309925e+00 6.623465059219816320e-01 2.439717016783884418e+00
1.419710420720830202e+00 9.920831794040263496e-01 1.689508276432290179e+00
1.756760011505709151e+00 9.377074751244335316e-01 1.933369076391071362e+00
1.714571928506428922e+00 1.144400325758901715e+00 1.753688199234442635e+00
1.390985345751251767e+00 8.263407115577541262e-01 1.736493547213439737e+00
1.375427376616144670e+00 5.877206565649155667e-01 1.897699991638146733e+00
1.879038398367610219e+00 4.165458462893427416e-02 1.895153674391998555e+00
8.235168599298445802e-01 5.209597673824142294e-01 2.425404471854974986e+00
1.248048288705311260e+00 5.812266366027982745e-01 2.318112730275819988e+00
1.311667070619112696e+00 3.953730425496436163e-01 2.226745279274481071e+00
5.875695237697635687e-01 1.812615338343867843e-01 2.548684237640958195e+00
8.085655205646352650e-01 4.536936644087380399e-01 2.004778643196388987e+00
6.217310459253283517e-01 -1.411073760855908743e-01 1.761718238372790069e+00
7.623633950945084281e-03 -5.536278019719955701e-01 2.075354019685114348e+00
7.786502935636621103e-01 -2.885496485500407826e-02 2.241766443147207521e+00
6.022978651774135717e-01 6.842366554417975699e-01 1.668133617565313642e+00
3.813695882947557569e-01 4.070382281474623776e-01 1.301073367221828647e+00
5.366578102841865761e-01 2.761825519038713095e-01 7.246478346800121484e-01
6.921534808617452184e-01 -4.763439481857897895e-01 1.691133509522280143e+00
2.839284815125726613e-01 1.886504179927722957e-01 1.765002966133990769e+00
8.005272169413946148e-01 3.076709364375701528e-01 2.128663656396655668e+00
8.531391109468229317e-01 1.949311572727392416e-01 1.475308652446865931e+00
6.667656586294697929e-01 1.321212144831906271e-02 8.698597654524488076e-01
5.035452854421014202e-01 4.697000904731133547e-04 1.960693418456315840e+00
7.102607890880885400e-01 3.111368707027251101e-01 1.864334439294515811e+00
1.036853611594900526e+00 1.251058979657735659e-01 1.786951805192287690e+00
1.383015819338700547e+00 4.460305515459193071e-01 1.491832095162573202e+00
1.057547531482815550e+00 2.190121104380422512e-01 1.138269794524093825e+00
5.492761903583998073e-01 1.498948001093024507e-01 1.767854215892004310e+00
5.177350706393225588e-01 -1.923637449249414599e-01 2.114388819985247192e+00
-7.385869133490347016e-03 -1.527995858922357453e-01 3.319236794135462354e+00
1.675431960329188674e-01 1.346799601930128432e-01 2.805681502621289347e+00
7.093758345957370537e-01 1.167761826206787035e+00 2.398209528801071855e+00
5.299895517610446749e-01 4.303656074286495992e-01 3.136321313565817448e+00
1.159413445150801580e+00 6.707209299620207066e-01 2.787939847440445540e+00
1.822256328713646845e+00 8.540389517172751743e-01 2.303909537409618125e+00
1.806465205582767908e+00 5.418108071265902437e-01 2.637814039847120817e+00
1.686195112374551108e+00 7.871543606822190009e-01 3.015062939121277985e+00
1.747956652545472389e+00 6.440686244382353154e-01 3.266853836396339972e+00
1.966573731933207947e+00 6.713893769830163727e-01 3.139362035327086353e+00
2.607312684687088211e+00 1.368690397672182701e+00 3.505258366651992308e+00
2.673376526091144623e+00 1.777233629070548604e+00 3.860906016569139787e+00
2.657107879371649162e+00 1.515555942195401684e+00 3.379599224471591778e+00
3.258789787470984578e+00 1.404798398969798745e+00 3.058113370919101737e+00
3.206149113690758945e+00 1.325132553272490910e+00 2.893509430223130785e+00
3.699467212842349806e+00 1.006379847114151183e+00 2.914461532974733871e+00
3.635868244736982557e+00 1.155293259493092473e+00 2.427934420785032632e+00
3.281536507195552232e+00 9.843163918958677261e-01 1.995432022125800620e+00
3.284391630750228774e+00 9.256982615592378449e-01 1.660668750317390474e+00
3.034216310728402810e+00 8.092297509089138030e-01 1.812844300125872943e+00
2.952376806070318604e+00 5.879337120413998807e-01 2.183797183492652394e+00
2.865400861073738259e+00 2.723717670184686024e-02 1.908444285424585773e+00
2.482107745436940682e+00 5.300249749001690464e-02 2.387704969342314687e+00
2.178952839781787443e+00 3.971030873472074230e-02 1.983855709159030312e+00
1.420254540054756376e+00 4.307229504764336081e-01 2.312146593874047973e+00
1.772370611697478893e+00 1.189947585143546815e+00 2.706107119070622513e+00
2.709716294075734666e+00 9.301316553529768161e-01 2.416884468203968517e+00
2.756128357257541239e+00 1.532359074546252309e+00 2.452633502777660457e+00
3.152822480850574038e+00 9.289847819123678851e-01 2.917710738803211079e+00
2.521418157204108113e+00 1.300622577526275192e+00 2.561635681604743642e+00
2.599114173285713925e+00 1.043376394223259007e+00 2.706683096778959463e+00
2.596346930248412122e+00 6.724323332419421817e-01 2.162084527567721626e+00
2.569097323107943254e+00 1.201948529857810088e+00 2.293745864766535192e+00
3.066178803809780806e+00 1.278701095674322774e+00 1.811017084328359283e+00
2.804565696806613051e+00 1.277531466558456064e+00 2.305631020244978124e+00
1.998655832835687374e+00 1.408595847014132874e+00 2.563185335957557154e+00
1.846262714720041886e+00 9.720857012755635962e-01 2.131952289294439584e+00
1.933520468625358424e+00 1.214815134942887287e+00 2.322683006335362954e+00
1.267064796397253446e+00 1.310178762704313105e+00 3.175943634216534583e+00
1.868324130053642618e+00 7.410096083153991930e-01 2.859863863779058324e+00
1.914881655982188180e+00 5.200270707580686436e-01 2.696909526615537178e+00
1.370224223355930526e+00 4.328832776151965711e-01 2.748247593566577329e+00
1.329966498430553701e+00 8.644447701192247147e-01 2.369135501088120321e+00
1.080538408201352052e+00 2.145515493593105338e-01 3.008890051511432517e+00
1.297275131750044386e+00 8.020014603989951141e-01 2.615252312375067945e+00
1.505235818169468720e+00 4.559705800112449081e-01 1.923366240951661865e+00
1.972643145835133449e+00 4.993591386215678329e-01 2.305888199925927751e+00
1.665065338952212537e+00 1.023379176962770032e+00 1.855840862955797199e+00
1.843696104014981296e+00 4.701299216574905127e-01 2.082156531517154185e+00
2.436538519908557188e+00 6.928698754240435465e-01 2.701249374901939060e+00
2.157185539272827857e+00 4.078026704496457433e-01 3.228505080604100463e+00
2.463916468176901464e+00 3.557922402445766186e-01 3.718122786815370784e+00
1.723575523889033789e+00 3.177020803013694827e-01 3.341966435344373210e+00
1.608526307677229150e+00 3.514108078215759101e-01 2.781490920717581083e+00
1.699359667538702157e+00 1.594537884652324489e-01 2.410568257800234093e+00
1.121126104208659102e+00 -3.269224108227450909e-01 2.637336691686596790e+00
1.673405888499665206e+00 2.157933445563753327e-01 2.089358411232678847e+00
1.887896460540328114e+00 4.123246052411514428e-01 1.660998960175503525e+00
1.667384093345680496e+00 7.002022002090491082e-01 1.581532852662425714e+00
4.186762722206620602e-01 2.236046071043435723e-01 2.013815197467201390e+00
5.686569795561540186e-01 -6.352948414544741240e-01 1.324494921471497388e+00
1.778359836822367146e-01 -6.669154467189636337e-01 1.985728773669697356e+00
3.974720886905497852e-01 -6.336108311899574241e-02 1.688243364238678934e+00
8.051150409009419917e-01 1.991768794395848419e-01 2.097435903964674164e+00
9.202408442785895426e-01 8.915663563929996371e-01 1.867733617784230082e+00
1.260422188019604040e+00 1.109360871939133020e+00 1.867638089192629414e+00
1.042401515644573617e+00 1.132901458397863159e+00 1.259920490676381233e+00
8.856146505773114797e-01 1.014558402289239991e+00 1.909791086340670851e+00
9.258748192028355417e-01 7.660632251131412884e-01 1.679182363021950231e+00
1.211239356112243204e+00 8.686207686386075988e-01 1.633264152965840488e+00
1.979889521721728496e+00 1.811916786202214968e+00 1.842604788559784046e+00
2.257202397927259518e+00 1.471700498349852282e+00 1.505865534918040538e+00
1.328650751590078727e+00 1.383849661095057026e+00 1.548666793248723694e+00
9.861250154497316345e-01 5.983747288032604805e-01 1.793072443684438300e+00
9.891163237020631493e-01 6.398584708480896666e-01 2.578371612189537032e+00
1.216275610281558395e+00 1.842936658374047243e-01 2.957510887835942182e+00
1.500647386193599608e+00 1.248425214573384706e-01 3.376997623785974678e+00
1.111834408564653653e+00 5.663573769133782854e-01 3.247690431483402307e+00
1.450998074954676254e+00 5.591581229670549158e-01 3.032073579487414516e+00
1.274125039248382940e+00 1.147983193552880810e+00 3.040762257457751971e+00
7.400518386678837102e-01 7.365577670832593737e-01 2.807339195744076310e+00
6.084955502683444539e-01 8.275117939402096834e-01 2.398686858368838326e+00
8.591935486319848270e-01 3.080964730552071540e-01 2.196783875854513290e+00
1.333272752445969767e+00 -1.557855415923265208e-01 2.337467318660918281e+00
1.423531376227460621e+00 7.236741759234757154e-01 2.614251590790776181e+00
1.523369994232792068e+00 7.411262430516525335e-01 2.160747455762201064e+00
1.107261255867093563e+00 6.512212007219885246e-01 2.152260883188731544e+00
1.116183978401035226e+00 7.645548694313681892e-01 2.170429920245650290e+00
1.233458662663760252e+00 5.254022694527014092e-01 2.198378762937169828e+00
1.083129580546123627e+00 3.438516331580442897e-01 3.011707615770993218e+00
8.446830533328173463e-01 -1.902619859191517770e-03 2.160898562264193412e+00
6.043872679243084134e-01 -1.450833190779021731e-01 2.485593444837401300e+00
9.755520099027449321e-01 1.386987977809137074e-02 2.283220185555116188e+00
1.332729739098123201e+00 6.117086502080799626e-01 3.397951433244979391e+00
1.769353196190531996e+00 1.035325460258523345e+00 4.081967530956061019e+00
1.697998422327068990e+00 1.063998500259688562e-01 3.731582533755256836e+00
1.468327218165240255e+00 -3.632587007495619025e-01 3.254866246914730255e+00
1.275007858129976857e+00 4.215516621369091999e-01 3.140457672997184257e+00
1.542682802367940642e+00 8.555810690985501399e-01 3.389422393934237832e+00
2.002570927191928085e+00 1.697919933027401296e+00 2.941141036799936881e+00
2.596129262208405120e+00 1.805633592815653055e+00 3.053180984159860945e+00
3.253510934650989839e+00 1.418133602430267093e+00 3.571355702344616745e+00
2.949365343809437157e+00 1.412249800317625814e+00 3.896245988276274996e+00
3.530323750109440883e+00 7.903860998453734465e-01 3.723372070895919261e+00
3.317423963387594377e+00 4.658042321518972573e-01 3.909865201486867115e+00
3.322827685741787995e+00 9.585773646236700474e-01 3.479397541189274801e+00
3.393532913390737260e+00 8.880353174113141401e-01 2.560164480253337871e+00
4.336243916801850951e+00 1.043476081803838662e+00 2.600685787872244692e+00
4.742421946421222501e+00 1.011699608888348534e+00 2.240555644250792788e+00
4.147908861051846863e+00 1.477480864635344560e+00 2.636369095587126843e+00
3.949091893593387859e+00 1.430597951535068857e+00 2.559345032483427929e+00
3.773944029814424450e+00 1.508253765495235932e+00 2.633188180918108134e+00
3.996820484881857372e+00 1.523608357280194392e+00 3.142083037932775991e+00
3.842319437746575250e+00 1.178683000403413006e+00 2.926107918400013386e+00
4.433486276547717431e+00 9.941788264854320989e-01 2.520690758902356166e+00
4.145708780902711332e+00 9.720331742913386197e-01 2.775694858033571855e+00
4.370096161950135283e+00 1.287012011137446565e+00 3.594275719360517041e+00
4.918390445895982843e+00 1.214053546192470190e+00 3.296428524191187037e+00
4.619840960194196988e+00 1.274797520352863422e+00 3.503958821740989382e+00
4.073322420698095137e+00 1.349193840478498885e+00 3.223347365490259353e+00
4.629174044131328714e+00 1.664388875640471444e+00 3.250923122263810416e+00
5.123217542379260969e+00 9.433005566679761866e-01 2.887324179977556415e+00
5.254482307759850812e+00 1.535646609555668451e+00 2.773812692861794993e+00
5.695438290799994085e+00 1.752443987004278281e+00 3.106447068637146813e+00
5.684791813574746833e+00 1.811284779639462439e+00 3.267802895337229341e+00
5.940928147240263968e+00 2.170522883698433603e+00 2.881652732761897262e+00
5.660809471885877464e+00 3.029970984380339072e+00 3.134279680048096761e+00
5.935250048993983896e+00 2.621720478184677461e+00 2.719291942264149498e+00
5.659585235392856184e+00 1.814229582656531337e+00 3.005126238858551790e+00
4.985482164742944811e+00 2.138452650755148010e+00 2.718207280556312000e+00
4.355722977790336792e+00 1.438007023645066607e+00 2.882027499447662677e+00
4.377124342403720725e+00 6.937426802064843301e-01 3.208834329870604130e+00
3.907694646333922162e+00 7.263382779910880771e-01 3.682097959901735162e+00
4.586065189150631660e+00 8.927248383509959195e-01 3.468531007738315797e+00
5.006574274078301912e+00 1.400444475315998138e+00 3.807317173815622180e+00
4.668217085652011988e+00 1.252666525556926036e+00 4.352459595980942453e+00
4.599773406254163532e+00 1.156331056960654413e+00 4.296893073919454409e+00
4.534235078123400875e+00 7.549700829575735073e-01 4.556718790439638234e+00
4.362898769853655878e+00 9.407988055049846254e-01 4.479369839422314037e+00
4.374555891768372895e+00 3.658221290622928334e-01 3.437529394703360275e+00
3.690870944900925377e+00 4.625485965934380550e-01 3.159687334430125727e+00
3.705550065760593981e+00 2.690121997714668423e-01 3.542559785146713658e+00
3.538158454992024637e+00 -1.586514946181962482e-01 3.300704701108064132e+00
2.929672806144693276e+00 -5.064436905893725249e-02 3.449204185381317789e+00
2.710976598246290337e+00 -9.315252123083081481e-03 3.371639073610654069e+00
2.488198210699264834e+00 1.444062738155692249e-03 3.795310584779419294e+00
2.300953748815434796e+00 3.710362617910893945e-01 3.453501117137247167e+00
1.998991133878689430e+00 6.873114145968148292e-02 2.790597026398561553e+00
1.963111875059661005e+00 8.707503651220632745e-01 2.407615247106194012e+00
1.972999631843277868e+00 1.362288473528682431e+00 2.270246120881811880e+00
1.547350351148349068e+00 1.013942783992144880e+00 2.312444839767827443e+00
1.554880097160072250e+00 7.457130263461023700e-01 2.074303345966626910e+00
1.063106777971612793e+00 5.683233984995837984e-01 2.087464072263975456e+00
7.783682470415314025e-01 1.466931871406234600e-01 2.240816496901508525e+00
5.525454172811479214e-01 2.664222164204791410e-01 1.678694135903680440e+00
-2.798795088947861887e-01 2.041339928171847784e-01 1.144199553187407625e+00
6.881119547673772985e-01 2.150291857517809824e-01 1.923778259025595627e+00
6.793929136930945134e-01 4.496146739563616213e-01 2.265368375436666248e+00
3.969651262105112766e-01 7.488559322547416741e-02 1.846078523638260638e+00
9.947353145265819263e-01 -3.779083302760800726e-03 2.239193321371100165e+00
1.321046584986203420e+00 5.224717457387097197e-02 2.929751374027560029e+00
9.975684601000591734e-01 5.707754874111522492e-01 3.176728422962547427e+00
1.068844677292135836e+00 5.586922509546518034e-01 3.407493295602247230e+00
1.319135964849702303e+00 3.526474387175060898e-01 3.301313197476962280e+00
8.830879972506907594e-01 4.424104060447871523e-01 3.333009944088476839e+00
4.977812937326594467e-01 4.428240039077353807e-02 2.617402037191280062e+00
4.070009888448214985e-01 -1.751447497395498265e-01 1.997470806108086805e+00
4.069211176718574019e-01 -8.957684018941418358e-02 2.464004768861708605e+00
4.931987915707310988e-01 -6.355333339799665304e-02 3.307113825360914028e+00
5.130500762705940687e-01 -3.513375878704096955e-01 3.410772042104165624e+00
8.760409118664900241e-01 -1.175038145103880355e-01 3.954291396078642329e+00
1.081962958007924414e+00 -4.637310697700814943e-01 3.764592857392598191e+00
1.476471243438403302e+00 -7.437325434151489945e-02 3.557518513903283885e+00
1.526239223675364354e+00 4.015390816894565673e-01 3.884158285860765503e+00
1.612353409065924836e+00 4.982578231698023274e-01 4.463131132987582461e+00
2.215290535746368139e+00 4.506902283807361909e-01 4.579950267700657385e+00
2.011869967755731459e+00 6.956220093708117558e-01 4.467309165677636251e+00
1.878732932242757947e+00 6.049181034351808206e-01 4.685427996865594302e+00
2.287092766830784996e+00 1.061211988468451883e+00 4.625150242179887350e+00
2.269271788336470586e+00 9.432348765606950458e-01 4.705754764041463645e+00
2.213880843008108279e+00 1.258471384025539264e+00 4.618484347286576863e+00
2.131566079129506797e+00 1.036196548076195434e+00 4.535596139887033473e+00
2.196482388927396556e+00 6.792418610787012145e-01 3.794084680065724857e+00
2.284296777074867002e+00 8.971263279543770786e-01 4.282162129251907423e+00
1.437468157652004308e+00 3.720529467767797471e-01 3.595984368357964645e+00
1.587763574529767352e+00 6.783089014111730597e-01 3.941505913738788447e+00
1.739931889739839255e+00 5.910396818147795051e-01 3.660078996080226688e+00
1.134815129334406869e+00 1.831102242857701179e-01 3.647900976287487662e+00
1.338806807264273369e+00 -3.535566233658703206e-02 3.189726335493988874e+00
1.269750931886730827e+00 4.128380727725662891e-01 3.332911997408939619e+00
1.231324464603166247e+00 4.551697793766434352e-01 3.547083523789164694e+00
1.955145363769302147e+00 9.206278627803297920e-02 2.859337626588281278e+00
1.576967875495548732e+00 3.531094440205391760e-01 2.872846780504719533e+00
1.222870936522505003e+00 2.804061453882712440e-01 2.377278321032473052e+00
1.458285339608109688e+00 6.784194758951143100e-01 2.747717795621837933e+00
1.673240840554977904e+00 6.208292092026013176e-01 3.253847473104446664e+00
1.608338906270957214e+00 3.188223858188057314e-01 2.745276209172789805e+00
1.740103346541346685e+00 3.471407636147119669e-01 2.114561124957784699e+00
8.325127280198062474e-01 1.938715353382185758e-01 2.028413259083665654e+00
5.285345272401129613e-01 9.243605179879471612e-02 2.245142580081407768e+00
2.299000739574167396e-01 -1.375971344362206528e-01 2.583730089283458042e+00
6.581348624657190616e-01 2.054491360736422911e-01 2.511443019770391416e+00
8.063688386205164482e-01 -8.430804144255955590e-01 2.924694135964836406e+00
6.859595718771851480e-01 -8.952444369045405859e-01 2.894306445275724560e+00
6.934790919643858409e-01 -2.934679511183840850e-01 3.448576559250847051e+00
1.166067631183791864e+00 -3.151526083041926718e-01 3.425665270156881714e+00
2.740584407350905027e-01 2.171667710580568733e-01 2.892658667585800814e+00
2.568567982400540295e-01 9.573999328777900164e-01 2.488470562724434121e+00
4.289220378531162225e-01 -3.583394325025437976e-02 2.410758437541314247e+00
8.025067406780769241e-01 1.554699047940117373e-01 2.162989122600159853e+00
1.664498235056300235e+00 2.616103137223284025e-01 2.731781626469368174e+00
1.405268405842819091e+00 -2.036555877869059838e-01 2.874274942613325834e+00
1.340363072404141542e+00 -1.678214197616755277e-01 3.526578567714460544e+00
1.086623505803402612e+00 -3.357125555534781203e-01 3.072215243202483848e+00
9.555354016410267937e-01 -5.087669300781667570e-01 2.879652496358881653e+00
6.530138826682011510e-01 -4.409297317338560784e-01 2.779739510840391059e+00
5.689126146653776805e-01 -9.245428094091096005e-01 2.559754998402500981e+00
6.032023432381241612e-01 -2.188148678127602165e-02 2.405707053389349426e+00
8.016572604075214992e-01 1.280928240135665308e-01 2.803206026257675898e+00
7.168712974080100331e-01 -1.214128222526497658e-01 2.850140456713681658e+00
2.012785635789313410e-01 -1.810996389641171544e-01 3.592689677290327399e+00
4.956884334415894156e-01 -1.031047352451088112e-01 3.397244997056494853e+00
3.722408396814171350e-01 1.031950647230021889e-02 3.305474955964911032e+00
6.990278611632296801e-01 2.834279721253120041e-03 4.022439455857043100e+00
9.148918303278483766e-01 1.500251545351614646e-01 3.941672569780404700e+00
7.129896294114796973e-01 7.043376032961845556e-02 3.589764217307289229e+00
6.263870457097836519e-01 -2.164246622489590377e-01 3.662877765634742211e+00
4.478822191046799572e-01 -6.309675046323584002e-01 3.812351929382870708e+00
3.028592860402329334e-01 -2.295150602640121384e-01 3.803449412613793434e+00
7.643020595465741529e-01 -1.645020157412238615e-01 3.678199059398629789e+00
1.131125971510958728e+00 -5.337731450035753111e-01 3.481516056156051864e+00
6.811911363113614115e-01 2.506790012443533278e-01 4.186190662632283122e+00
5.732937348629083552e-01 2.771524889815567549e-01 4.402457180907233258e+00
8.191399305092884608e-01 5.985862834273777411e-01 4.199806238177924200e+00
6.778666655709493227e-01 5.984550448539295298e-01 3.883232718128401650e+00
1.073899981491648115e+00 1.188406063671893220e-01 3.708974716574692909e+00
8.363403421507895619e-01 1.778881413383215371e-01 2.930243913855620441e+00
4.440712818391735484e-01 1.489315712523631846e-02 2.225983926534212287e+00
6.630361002745691623e-01 1.539231714163992737e-01 2.402427199599243668e+00
9.886602753727846693e-01 9.309864241960882913e-02 2.171428150343036823e+00
1.370166695557656134e+00 -2.742556640587249794e-01 2.001690181300617155e+00
8.931010787678330676e-01 2.789109133448272049e-01 2.164887091201741942e+00
1.236033937997685461e+00 -4.364166879684765188e-02 1.860154123635812118e+00
1.135304324204549076e+00 -2.369205419237470911e-01 2.388061417682375343e+00
9.428260146301011835e-01 -1.291489052438933860e-01 2.349370704764764284e+00
7.599720973564700888e-01 -1.939315532630635497e-01 1.736711399167497616e+00
3.818523731923014752e-01 8.200225681810943690e-02 2.263520011071046500e+00
5.433370487298382345e-01 3.346856879622396308e-01 2.617673380550198825e+00
2.903644331759416830e-01 1.049791984805878292e-01 2.728238241052868496e+00
5.773291216164943007e-01 7.605752667088716557e-01 2.884895586611934792e+00
8.878791143199299407e-01 5.664945966768738517e-01 2.747933865338845649e+00
1.311691155403993614e+00 6.765528310808484047e-01 2.217079110595475466e+00
1.190722616845522941e+00 4.693357709369010977e-01 2.614397085279892341e+00
1.348754385382185061e+00 8.783732091869972392e-03 2.184869443508486775e+00
3.851532920424707296e-01 4.007180261606778093e-01 1.950114573657303341e+00
6.752591076175403773e-01 6.042327051877881550e-01 2.399093368402341220e+00
9.720433912835794166e-01 2.035616477393360768e-02 2.139302689043993233e+00
8.031358895603317727e-01 -1.446869822903706915e-01 2.189340683401562071e+00
8.811563871499538125e-01 -5.759750541316682737e-01 1.862878230449864780e+00
1.237003585412993045e+00 1.681795525179058115e-01 1.918596947168168976e+00
1.914408313616880575e+00 4.678248425409171629e-01 1.656284933014494865e+00
1.391215489872669409e+00 8.512910053654272335e-01 2.253794471929116749e+00
2.174685635840923670e+00 9.257251849470433669e-01 2.041075471893360138e+00
2.620230262953764377e+00 9.997814351913639763e-01 8.178737174669077348e-01
3.349320138808876468e+00 8.701794180745976437e-01 1.822336514852649803e+00
3.268581293106882057e+00 4.115810790807447606e-01 2.042665100403525003e+00
2.649194621403343053e+00 1.237465912825028713e+00 2.820387346109794802e+00
2.310318527301530089e+00 4.887235421936073076e-01 2.729069663720362193e+00
1.787415396930478462e+00 1.964934968011870786e-01 3.160850268775035499e+00
1.613292400246959524e+00 2.175470605442836325e-01 2.160261556964727436e+00
1.106017216141194526e+00 9.992347594617280171e-01 2.183555595287509199e+00
1.189250108832547337e+00 1.268312908394157112e+00 2.121207808215667789e+00
2.944301177444826889e-01 8.074927853685998080e-01 2.379598472898547090e+00
3.313940980431561711e-01 7.064037785425256732e-01 2.582403174754783315e+00
8.562313447260350152e-01 2.715125479655299268e-01 2.901129180396787355e+00
8.002301365760832175e-01 -4.772992336700464522e-01 2.866895198208520235e+00
4.200548102805402029e-01 -4.983122762104436609e-01 3.260908813020994668e+00
1.251333434171645054e-01 -6.252235460397409517e-01 3.177772080995552528e+00
8.510106581066857467e-01 -5.340900137508255430e-01 3.397304245442063664e+00
4.594817072663550106e-01 -5.609559396175883839e-03 3.622845630516830173e+00
7.231658147075474830e-01 -3.031988124301670529e-01 3.278439497213737397e+00
7.373437917831442423e-01 5.854937285856155749e-02 3.015726003404477051e+00
8.239099376631079386e-01 -7.373838591106719742e-02 2.765262212573093237e+00
4.712321679234714455e-01 -3.232865212599121407e-01 2.550930372788554834e+00
8.614026014299847045e-01 -5.996833582384890338e-02 2.404133600384966485e+00
3.561526555555202256e-01 -9.051599121279592097e-01 2.689359804237857698e+00
1.386188204274701463e-01 -1.553886024097824170e-01 2.946548672022152093e+00
2.217698689208644491e-01 1.243490142164538209e-01 2.749532758644215313e+00
5.721832935812211085e-01 6.845737557115437744e-01 2.461107001056507482e+00
8.301469281309314940e-01 3.083344930969345588e-01 1.872276948924934237e+00
8.774463915168018158e-01 2.183279480324680777e-01 2.391628392805490666e+00
6.480288454016925881e-01 -7.203915413191118444e-03 2.640990595138709818e+00
9.299702515516435064e-03 -3.688281248191691009e-02 1.836226315384826835e+00
3.929279821031751441e-01 -1.340534302067768746e-01 1.423760616574978100e+00
6.468585947601491748e-01 -2.110219711581746704e-01 1.709608754577990775e+00
3.531435169601557789e-01 6.570384577090397915e-01 1.732063951568207694e+00
6.756769424744311081e-01 5.571099387953004634e-01 2.118565447596090667e+00
8.427796435434934397e-01 4.016429293456979521e-01 2.405286228161918505e+00
1.583649697463733741e+00 5.335840741413899746e-02 2.135342814432613423e+00
1.319566064982722109e+00 1.498841954964400536e-01 2.528249430876424508e+00
7.780044049443619603e-01 4.485949897520642438e-01 2.782632368998158245e+00
9.324984161204988853e-01 4.839054828079142334e-01 2.284377897093186061e+00
1.427990937742455779e+00 1.347218216106950694e-01 2.334706175370497405e+00
1.134502919290241163e+00 -2.706026339427728550e-02 1.620963918826603622e+00
8.797310585252211546e-01 5.285329292659457501e-01 1.938451608899019130e+00
7.058315774812741195e-01 2.841988096887116400e-01 1.676830215528746004e+00
9.662951452203896174e-01 -1.521428613633625804e-01 1.441206398549254475e+00
7.710995741591046837e-01 3.816592715267323466e-01 1.901840934850286491e+00
1.033566495522810991e+00 8.445604967167181787e-01 2.229882045291363468e+00
2.316593335169346846e-01 9.010912674568444247e-01 2.982680840580925086e+00
5.814091062324471260e-01 4.399513953087009210e-01 2.572267502038876330e+00
1.169964456305865541e+00 -1.801552679940184309e-01 2.325527034066542154e+00
6.037625665751822357e-01 2.037909920343570214e-01 2.175385298409080903e+00
5.818469554631329199e-01 5.713751978476837579e-01 2.195460646814429317e+00
3.904706428371245153e-01 2.269168168972142963e-01 1.977395410757993410e+00
4.113231479053037765e-01 6.487329045292693497e-01 1.687841851334902499e+00
2.443856954955426347e-02 2.732014982417960147e-02 2.239117155107354762e+00
9.316734251282294821e-01 -4.686741378643739520e-01 2.435709363468847144e+00
5.042602924221870619e-01 -3.533165036651553237e-01 2.145759042422418883e+00
4.579227107083176929e-01 -4.105268452586368078e-01 2.163230320632695936e+00
8.106723523118558594e-01 -7.076978273849177103e-03 3.132093192631109080e+00
1.926506028497464995e-01 -2.391850655094674705e-01 2.771301094684506694e+00
7.442898489733295042e-01 3.289503380451049841e-01 2.684498170820027507e+00
1.015367345095986584e+00 5.808622882156848632e-01 2.587733813682605355e+00
1.188569195885996743e+00 5.488126162867794644e-01 2.327373427171021358e+00
1.488058035838585980e+00 4.482277737642044735e-01 2.215729776086504454e+00
1.318983470420708182e+00 9.179630007696387706e-01 1.626353603793986968e+00
2.111873942279948402e+00 7.928214903286340265e-01 2.282766725266828001e+00
2.566741619638490679e+00 9.594252886013642234e-01 2.959036722908429784e+00
1.854782549881983211e+00 9.336259644930461343e-01 3.489543480659047958e+00
2.095987887709712449e+00 1.581592760538980402e-01 3.454862874099399850e+00
1.430956974625037903e+00 1.235522095599038070e-02 3.261287877255299783e+00
8.365858346923212840e-01 -5.345996572883668918e-01 3.621036599357652097e+00
7.005244065038972456e-01 -1.470010393985732300e-01 3.012734753062125570e+00
3.836743785268763585e-01 -1.378407518352958994e-01 3.320618325222206124e+00
1.695119232018558186e-01 -6.212695470767047867e-01 4.120212947479070742e+00
5.246611294634870859e-01 -2.858016040889008180e-01 4.380103342823078449e+00
5.246611294634870859e-01 -2.858016040889008180e-01 4.380103342823078449e+00
6.713148534247539434e-01 5.477925814438566743e-03 3.727677973458918714e+00
6.726387657544481424e-01 4.560363447306990947e-01 3.898445059639352728e+00
8.552280295371763597e-01 5.680413919705886716e-01 3.998662086372527735e+00
7.675583897167577163e-01 2.364695375329185223e-01 4.112705091855352713e+00
1.191633756606599537e+00 -6.310494862412689976e-01 3.614909761760943141e+00
1.916320609151836774e+00 -1.469869042700268913e-01 3.755812972249949588e+00
2.086505531661451585e+00 1.783976010932620260e-01 3.669395968657321649e+00
2.342577825496048760e+00 6.573828276923313618e-01 3.304931410985619600e+00
2.040681117134200306e+00 6.339105305271646174e-01 3.576315080997995999e+00
2.533539322303429486e+00 6.491930218048271861e-01 3.523937028746215283e+00
3.048221921851422600e+00 6.204407549325637872e-01 3.465565775459507059e+00
2.823916569759278516e+00 3.686484752364246886e-01 3.127077327625941372e+00
2.741071839617089445e+00 4.251352886679581333e-01 3.334265071242390466e+00
2.125779691296721730e+00 -1.156070155630852941e-01 3.300728448852684682e+00
2.081251335200416719e+00 8.841007472168341264e-02 3.649131396662583349e+00
1.839519731549958292e+00 6.254833836229379829e-01 4.038329830610455140e+00
1.866662392198851883e+00 4.109805026262251526e-01 4.709713034146643551e+00
1.441199228216304862e+00 4.135449093026389855e-01 4.842020253995048762e+00
1.205985541090869750e+00 -2.466122512537177736e-01 5.190143124460822932e+00
1.228209197001846720e+00 2.981888261113589955e-01 5.434773527871787913e+00
1.548093336856603885e+00 2.804464156132532165e-02 4.914576883037399924e+00
1.542984849833669792e+00 -4.705956638703467920e-02 5.659388854440321026e+00
1.441592517827931408e+00 1.150665395679709851e-01 5.603158608480897307e+00
2.096025278619164656e+00 -4.189808668241837841e-01 5.170270216616507319e+00
1.572687762031703018e+00 -6.801457356510809404e-01 5.141504982198759954e+00
1.219166228228087956e+00 -4.501700364002537702e-01 5.311757270934704955e+00
1.262469322927637805e+00 2.101691729236859763e-01 4.743314666499057530e+00
8.275931792628673511e-01 -1.380805268445829681e-01 3.448702717193354861e+00
7.438026373718290563e-01 7.977288649381464314e-03 2.993635833597115603e+00
7.530617449810542707e-01 3.071518021716845293e-01 3.250149243841825353e+00
6.234550071333648802e-01 1.110418677456664061e-01 2.635700369505084240e+00
7.568489716071752360e-02 -3.819305136138106960e-01 2.793166182780428830e+00
5.455746494411466418e-01 -2.049608390449128015e-01 2.615510656415049873e+00
2.941849762770187837e-01 -1.326968078052473410e-01 2.398560166515971037e+00
3.424932696921129116e-01 -3.238661655733764411e-01 2.057159360108836488e+00
7.568802323425790624e-01 -4.522112829712958137e-01 2.409413468008336778e+00
1.090916009225475269e+00 1.764104404044172791e-02 2.598896554560773620e+00
1.280028609217414015e+00 5.741387865785907429e-01 3.064312789975518925e+00
1.014526586853346179e+00 4.692088303149896666e-01 3.107584902752642098e+00
1.850723328716537441e+00 9.178205265251229150e-01 3.698310025670628498e+00
1.258200583203628709e+00 1.599994054419596468e-01 3.234351274147070132e+00
9.819026794159544380e-01 -5.002267254997833090e-02 2.949901130199747534e+00
7.542725127427762910e-01 2.626180924655726612e-01 2.654879015140081844e+00
7.290853162263107867e-01 2.816629662129849776e-01 3.370233714251809953e+00
4.940246206121443606e-01 7.884539334603395400e-01 3.453135513556523595e+00
9.152392928732758781e-01 6.823263257918091851e-01 3.605820710048270872e+00
6.955021883020716666e-01 1.130203976275983901e+00 3.628004143794053782e+00
1.409687868036889835e+00 9.231781761738377945e-01 3.147825612618223801e+00
1.089324477468047059e+00 4.162548869711920618e-01 3.409122853727514002e+00
1.618977282683157881e+00 7.429811074337318022e-01 3.128749454339437630e+00
1.311800413962433964e+00 3.540065920326231907e-01 3.136576640723511833e+00
1.040947600418060226e+00 9.367949084669321413e-01 3.431982138332932308e+00
1.813044138757777146e+00 3.144122283485372149e-01 3.804887088323704258e+00
1.538826585969541139e+00 1.591847836327980881e-01 4.244262974683858047e+00
1.402672802735960955e+00 5.441943042156888177e-01 3.654164168452564532e+00
6.433276688527307385e-01 4.568607216371400326e-01 2.877825872698827059e+00
5.813623602055507655e-01 -2.569564633284855404e-01 1.961551219472518204e+00
7.114908296466510018e-01 -7.408340640301228075e-03 2.098692896335104585e+00
4.871097770103294811e-01 2.368896751396905864e-01 3.072446021947819350e+00
1.056248576801927186e+00 6.820898442650145110e-01 2.978088674128774649e+00
8.496273299303985782e-01 1.256952903628052010e+00 1.299919546449905816e+00
9.308893043695019021e-01 7.170084781593827339e-01 1.880950852922386840e+00
1.402170935076738623e+00 6.399020724808672789e-01 1.575098013025580279e+00
1.371566301213041239e+00 8.948793068998490696e-01 2.203012297241590201e+00
1.526533248454760239e+00 5.285621061041959612e-01 2.270426341537807868e+00
2.249941906545027681e+00 1.110199835586871631e+00 2.287246029602699515e+00
2.084693148546065355e+00 1.672618258685029557e+00 2.629903331844488434e+00
2.839666430791788265e+00 1.388941176651809828e+00 2.365408471791957901e+00
1.619983574624998424e+00 1.409555817499230645e+00 2.760228386032428816e+00
1.792036141279988115e+00 1.509678896088792133e+00 2.285244155257128984e+00
1.730897892043911535e+00 1.090684156330410604e+00 2.652582350219929275e+00
1.891388011557381343e+00 8.463996879136301832e-01 3.343337534856615001e+00
1.848972198077025286e+00 1.261080056034858954e+00 2.739117879645345699e+00
1.719877875446041982e+00 1.411202555687800286e+00 2.541261149709150402e+00
2.029468734090428050e+00 1.279693406348467288e+00 2.073114614685076518e+00
1.615648304218652465e+00 1.367890442496659809e+00 2.083592463899220260e+00
1.870929245341823810e+00 3.290994199450999469e-01 1.946995713487263080e+00
1.066717652613285550e+00 3.341160202546725189e-02 2.469745411852134254e+00
8.084820171194279093e-01 -1.031988200745247164e-01 2.909268211142165050e+00
3.794745847567522756e-01 -7.551617112959585487e-02 2.550048760420080551e+00
7.689782630908679195e-01 -3.876074654846030088e-01 2.634140623093190303e+00
2.327870272431185883e-01 -2.893640024267691291e-01 3.026001317271604929e+00
5.215480106034887653e-01 -2.311683287939696185e-01 3.230397055905471326e+00
8.881552967943935339e-01 1.654848027892832363e-01 3.425319751865204765e+00
1.053178840532958738e+00 -4.441139120466287560e-01 2.938533332377282203e+00
5.368080673168881267e-01 5.959488070936882487e-01 3.058537449633238481e+00
2.335737171213963514e-01 7.365356209607700766e-01 3.612696487561967373e+00
9.164234837294840119e-01 6.891387770675204694e-01 3.301227027099090883e+00
6.781536664716498741e-01 6.802749472237626382e-02 3.142589572212949989e+00
3.532994996282209921e-01 1.246549533681933219e-01 3.769784528709485105e+00
4.595152494313576863e-01 -4.654659515573659201e-01 3.649245031921609872e+00
7.739684505085203670e-01 -3.277494897881959024e-01 3.330494316549430955e+00
1.416586862432857030e+00 -2.974080578184871704e-01 3.532772404662319676e+00
1.208075665443033353e+00 -5.267124827120099884e-01 3.952180546490709379e+00
1.056356728104119735e+00 -6.307033015648541019e-01 3.898580552926167897e+00
1.164078586122287096e+00 3.710090065591015174e-01 3.855546765982402757e+00
1.415681290992853114e+00 5.484960057286453194e-01 3.069884850178535629e+00
1.378482229522809854e+00 1.211370498329270573e-01 3.041840685948608680e+00
1.911959171810455604e+00 1.821551529256015267e-01 2.908092642004188377e+00
1.181552928022474358e+00 4.610716618212825635e-01 3.155060964625978404e+00
1.046272731216895346e+00 7.745074533336526734e-01 3.401034956050876357e+00
8.133575279370494071e-01 7.362930410568879758e-01 3.147386022438197983e+00
1.366642523828089928e+00 7.902963831083652524e-01 3.235138586359040502e+00
2.004542255438423126e+00 1.196057942841457944e+00 3.505262215066053066e+00
2.152933129543407542e+00 1.176798561027710077e+00 3.402598620347428326e+00
1.967880263863766688e+00 1.263485786404688227e+00 2.933611995702692266e+00
1.540487333422772664e+00 1.327839098407548768e+00 2.441447067254141512e+00
1.877074610581271896e+00 1.428757903441447707e+00 3.130391538224504444e+00
1.449277637245817152e+00 8.366905434896817484e-01 3.392642300255645615e+00
1.837576526510142028e+00 4.088605406721553259e-01 3.018950301008306525e+00
1.382683680021751460e+00 5.235719606664875903e-01 3.713168345644835000e+00
1.165071378451884021e+00 4.091322477375462507e-01 3.188759470084386205e+00
9.482820706764247820e-01 5.740468286215785199e-01 3.349364300845443232e+00
9.816505101263051092e-01 7.549158513702795004e-01 3.115757368912515535e+00
1.520316675385307681e+00 1.365954309265212219e+00 2.643470266404473801e+00
2.172532535608300730e+00 1.830915773245075817e+00 2.721768347802483223e+00
1.904977174378228444e+00 1.781477308281865568e+00 2.384930515120776473e+00
1.306097345180085023e+00 9.278329536337910355e-01 2.007620346456911786e+00
1.483661651962808969e+00 2.299637217318301341e-01 1.986884307981763742e+00
1.185827935466546412e+00 4.130096827579558538e-01 1.807477361304039798e+00
1.243723272827516269e+00 4.099046365667393665e-01 2.211865700001915958e+00
6.322562245187256513e-01 3.736413870899661371e-01 2.054243017210895861e+00
3.676969109703156491e-01 -6.569953417967150378e-03 2.009749712421344370e+00
5.450912070281672683e-01 -4.896674265565257866e-01 2.356483105897381858e+00
-9.947192167575412414e-02 -4.799131730010018915e-01 2.443548502946205847e+00
9.143354147959995570e-01 3.957773236844647213e-01 2.432596634578121808e+00
1.233063864873424231e+00 1.807808916545745603e-01 2.301456163701067759e+00
1.390530390890884815e+00 6.537364768090395684e-01 1.437074087200365780e+00
1.563591868621683645e+00 9.264165908434534025e-01 1.056003390652330287e+00
1.506132101259132661e+00 8.064779056612030317e-01 1.087718296952502550e+00
1.971334289946534257e+00 5.627275871228966109e-01 1.361542162320383165e+00
1.439899796930458775e+00 -1.059882469196911370e-02 1.314704098447076142e+00
9.976365287291677486e-01 8.766554844679438907e-02 1.253626270271914533e+00
1.404239491587673472e+00 -1.680274339817391382e-01 1.472366492067220589e+00
1.058081326642205111e+00 -1.747918582045130953e-01 2.202551172938573387e+00
1.002903107399703675e+00 4.611933017061553564e-01 2.849249849535710588e+00
5.720604802970877811e-01 2.856884125082825854e-01 2.966038003588474137e+00
1.317412682112871325e+00 2.066376799378053519e-01 1.638511091948210208e+00
9.537086487172503624e-01 8.266679332216614329e-01 1.670860326194801626e+00
1.205114568023463173e+00 9.125669336477879590e-01 1.079175080250982299e+00
6.897820929514852928e-01 1.196940939017491212e+00 5.694130495891445154e-01
1.149895441742159852e+00 1.106355113183396188e+00 1.551752150561698462e+00
1.631973661764786421e+00 9.479700324585769167e-01 1.515216842074077697e+00
1.655721608407772383e+00 1.017355901172776633e+00 1.339045812196339114e+00
1.723636870573937330e+00 9.037892887769760630e-01 1.550607426532827571e+00
1.222645570138711113e+00 1.011163362752803163e+00 1.336453547616787585e+00
1.004544318153497429e+00 1.120111726892168313e+00 2.104299518950146997e+00
1.210728747566667929e+00 9.988959196042206390e-01 2.442748221721120050e+00
8.772836364406728649e-01 1.016117166138272632e+00 2.703058996218874910e+00
1.220525144694732278e+00 4.793455841529564720e-01 3.064942464215461015e+00
1.014170441237171927e+00 3.898914582518979155e-01 3.158488437739706445e+00
1.151468958739476189e+00 8.884703691003639214e-01 3.642661713922970446e+00
5.033954523009550597e-01 5.825467039612444720e-02 3.150602284867190850e+00
7.653313344918398764e-01 -1.327037608414645409e-01 3.413360677551070754e+00
4.683596892913240439e-01 2.231843224824116290e-01 3.389886961954097444e+00
6.117575977744429405e-01 3.216875763282933676e-01 3.180973051875859881e+00
4.224189662168922332e-01 2.253139383157146958e-01 2.875163571210044289e+00
1.488729451526720649e+00 3.031759535973420072e-01 3.241855649950499796e+00
1.711127915573189107e+00 2.742248348632503885e-01 3.286190610599303508e+00
1.885287001824331066e+00 8.653748605809060690e-01 3.110098218846153006e+00
2.658254870196461450e+00 7.857764092088670438e-01 2.796212900889970321e+00
2.256560675060707233e+00 7.017978778982509880e-01 3.064165407618238746e+00
1.682904233481858691e+00 3.746300587818331973e-01 3.423796511624270344e+00
1.433431474333686229e+00 5.009322270407915445e-01 3.218893280169484949e+00
1.097356952500366800e+00 4.326404566663513140e-01 3.424749390517101144e+00
1.168770318935204555e+00 8.100558748590014346e-02 2.761354627002832629e+00
9.197111946323639486e-01 1.150323883645474332e-01 2.602220052292334440e+00
1.589834960561232080e+00 3.636890108549866163e-01 2.473247132374740254e+00
1.548714131217860945e+00 3.451138835898356905e-01 2.283994095389489498e+00
1.892848518368856814e+00 5.539718386766582237e-01 2.582043507149159201e+00
2.348579276101217417e+00 1.092224249750634035e+00 3.132479420426202310e+00
1.961200931531296821e+00 7.205937201714700535e-01 3.570037638524868662e+00
1.857869311175178062e+00 7.651003315113277248e-01 3.513560826483733912e+00
1.446193815632104140e+00 7.666439277560730403e-01 3.331387365954861401e+00
1.183387513007656100e+00 5.066852956230571969e-01 3.690571511927196902e+00
1.312156545578675004e+00 1.078320810072023850e+00 3.947712103797023087e+00
1.413261013352161033e+00 1.338554153081430886e+00 4.445364689987705731e+00
1.416216654591812008e+00 7.187035640314163309e-01 4.548328438729180689e+00
1.329164483660503437e+00 6.879027597160579655e-01 5.015988450516848829e+00
1.161415692788831944e+00 5.610910383922219635e-01 4.898333302348336638e+00
1.171545469021098906e+00 -7.733264910829029670e-02 4.591440209040493770e+00
6.566793555305980856e-01 7.264720082438286264e-02 3.913965003684297894e+00
9.679750578000523298e-01 2.109785979547824930e-01 3.264599777094609134e+00
6.466146312235996341e-01 7.457602138103724965e-02 3.531928734478771315e+00
1.099183674542005384e+00 4.905105994224301380e-01 3.431255393155849376e+00
1.463397029183048481e+00 1.161953953496419056e-01 4.094799303572626670e+00
1.066251017755924790e+00 -2.162048182756725612e-01 4.044838068699203149e+00
1.202931768387844880e+00 4.846617982644403633e-02 4.207416698527373988e+00
7.089982589900337695e-01 7.169226922176570593e-02 4.478748838802779630e+00
7.982961070874655674e-01 1.210991755601497633e-01 4.085252626217130256e+00
1.212845639073268034e+00 2.989661429020201155e-01 3.904848813935172025e+00
1.200175099359654274e+00 -2.868716893897281517e-02 3.697870921169983394e+00
5.819540356420966898e-01 -1.655571270336282652e-01 4.319190157994669654e+00
8.792962333618364879e-01 4.381132447828224863e-01 3.922803757164695426e+00
1.509858103778878080e+00 -8.175481454586126795e-02 4.305594439987547872e+00
1.103297290391238139e+00 9.765181453364955855e-02 4.049054439071697153e+00
7.128512760640930424e-01 7.820926130681186972e-02 3.823512089929521629e+00
2.983932341408764843e-01 8.351401595028341562e-01 3.682419746312949549e+00
1.181028857615811445e+00 6.531213399101287731e-03 3.769236007275986733e+00
3.215175083332490469e-01 -4.981515385481176117e-01 3.460977918621543470e+00
2.190173869305395149e-01 -8.976116703274362729e-01 2.858253390076280098e+00
8.205646678412334971e-01 7.964888523270394205e-02 2.662144222535525628e+00
7.905564119592356498e-01 1.934218158948966260e-01 3.320743231800160622e+00
5.302031201661406845e-01 -1.203991004297530198e-01 3.512840961122444483e+00
4.523874377750414233e-01 4.355085670160931816e-02 2.170835207727737970e+00
3.464614164024135690e-01 -3.509594390156284271e-01 2.205185227279276017e+00
3.905811106522799614e-01 -1.127129012594033364e-01 2.631339857255133197e+00
6.126046559839645189e-01 1.196746146686481355e-01 1.719970386144124896e+00
6.281624575920108366e-01 -2.041924196847661743e-01 1.568237162753733482e+00
7.698944348236315127e-01 -4.929646916888590080e-02 1.681319140593405814e+00
1.007783585771059087e+00 1.385948806139690459e-01 1.498834442249063370e+00
5.525472462979108546e-01 1.067946770910242899e-01 2.361466714300594738e+00
1.298697611070100066e+00 -6.540209238577993078e-02 1.428964565473167081e+00
1.130683332667480112e+00 -1.016663812421634422e-01 1.831568474742859109e+00
1.359040193821960951e+00 1.354625765225517947e-02 1.807815030851781080e+00
1.519188446000078629e+00 3.079140651754995739e-01 2.571265497732969862e+00
1.330889204934731618e+00 3.507951035724453104e-01 2.536803161989267252e+00
7.397946308095894041e-01 1.598345446290567462e-01 2.273025336591060430e+00
6.967838666404621017e-01 4.056357256867132444e-01 2.574487837908494559e+00
8.175237150611012193e-01 -1.537087547019129752e-01 2.115508834264486993e+00
5.305419119687255769e-01 -6.152653526737886791e-01 2.165425689950059684e+00
9.781882381774920088e-01 -2.787215391597706038e-01 2.553385200498144325e+00
8.494284809397231184e-01 8.430816561176114610e-02 2.566361598344027772e+00
1.033158618463928091e+00 -3.273478080521129985e-01 3.078823057770216476e+00
7.704332653729581981e-01 -8.812234165078443315e-02 2.232396770114820850e+00
4.393407218859280983e-01 -2.309470966448813334e-01 3.017326877995876178e+00
3.259364742372549140e-01 -3.460895249472693003e-01 2.901498803436567187e+00
3.040986164131631031e-01 -1.923091240141408531e-01 2.475917974474697747e+00
5.002930953042589168e-01 3.270912612063311964e-02 2.800974884107890084e+00
1.765428248300972836e-01 1.579354688033361362e-02 2.656186704861862591e+00
5.680931053806564934e-01 -1.553009991490651442e-01 2.400435005698239088e+00
1.056197656662834605e+00 3.083613546238883618e-01 2.778159695475578062e+00
1.195854697156794710e+00 4.198828460705079091e-01 2.435378836904373845e+00
5.895950702550543099e-01 7.178852984278669691e-01 2.161543153985153065e+00
1.564885147534492260e+00 5.162146647774289443e-01 2.746019872072821499e+00
1.192346077794760095e+00 6.510467435750882936e-01 2.353133945242544378e+00
1.946503471228008042e+00 6.276974055993628232e-01 2.718693724863540773e+00
1.333803103632070108e+00 5.860013248333246771e-01 2.704806794373020740e+00
1.170156713573927920e+00 1.011785395676331190e+00 2.924737261926639409e+00
5.963152631354814437e-01 4.102592229589417938e-01 2.640591943470228298e+00
3.720411205971780877e-01 -7.462936460456507382e-01 1.947117966647742504e+00
6.582102803365864618e-01 -4.894460304808210815e-01 2.470441974906571136e+00
6.590437641097709465e-01 2.467754027597240940e-02 2.463503360543941589e+00
6.000492645319882579e-01 5.137600979230577680e-01 2.167928360683576638e+00
7.401990968725618014e-01 4.184233727926682800e-01 2.882674086110583733e+00
8.783218864698062456e-01 3.180544772398332665e-01 2.589447724242408544e+00
7.261856317296595531e-01 -2.150939326234232174e-01 2.821082817900281814e+00
1.571732307685136165e+00 -2.973348881787389320e-01 2.510607429805780999e+00
1.380370412711214190e+00 3.854957336476978469e-01 1.972007204519607759e+00
8.729554490390856181e-01 -7.949329892651327278e-02 2.170697583900858429e+00
1.047438693866064474e+00 -2.833537521469666753e-01 1.976604059040215189e+00
1.097944548184565550e+00 -3.125627894188390821e-01 1.590526728405682766e+00
1.272958935309585593e+00 -1.777606763718701521e-01 1.792370630977392798e+00
9.962183501319730183e-01 5.066801115592368260e-02 2.271131832084065660e+00
7.823599372775228433e-01 -4.243933432054513566e-01 2.225455348608034178e+00
-1.458067428905228391e-02 -2.597106008125288912e-01 2.127127751545199175e+00
4.675207660737851212e-01 2.494634574438851782e-01 2.871719346456030220e+00
1.192561670730372780e+00 4.704513238394237851e-01 2.180354823525977537e+00
9.243224562511693776e-01 8.168870506575872659e-01 2.547140974288528259e+00
4.396057494290155354e-01 9.189076206127892998e-01 2.328543495282100473e+00
9.443083552658111390e-01 7.177436352642819761e-01 2.627717840098329205e+00
9.991627800800566561e-01 1.418360607537091367e+00 2.286549216198140222e+00
7.381773853268379648e-01 1.255652683545448900e+00 2.286408126177732036e+00
4.629841637322096304e-01 1.059749021753026543e+00 2.112932512771014348e+00
9.873591952316703724e-01 9.862698952565253085e-01 2.832430573894447079e+00
1.226141965748652973e+00 5.115937834407905394e-01 2.350225650381574827e+00
1.174787887927729146e+00 2.258852540187654689e-01 2.448401212010113071e+00
9.676719014296769616e-01 6.035720692735693782e-02 2.826171957132666446e+00
9.385433988114999515e-01 3.076186001158777161e-01 3.091362930337899328e+00
9.738813520451822248e-01 5.929003212810125545e-01 3.553095254161088068e+00
1.383787934216685223e+00 -4.329892152667630389e-03 3.278560123344453903e+00
1.774864150045924793e+00 3.574268105538562501e-03 2.887332013410121689e+00
2.028970515371406602e+00 1.324236621942276593e-01 3.007155016140886872e+00
1.590111840693082534e+00 6.665344371090781150e-01 3.083822576507993851e+00
1.727453553063616587e+00 4.970937290530542674e-01 3.158446424565838129e+00
1.336520848488826685e+00 8.322862760807934190e-01 2.656983540125446464e+00
1.829493591124394802e+00 1.180977294802602051e+00 2.999768459320869329e+00
1.534647485299189817e+00 1.352071564137112381e+00 2.607348864395976129e+00
1.214707266563413990e+00 6.544915409827835040e-01 3.221767151498292847e+00
1.167392925946322935e+00 1.595931305164194625e-01 2.789519448910972255e+00
8.548620982339703023e-01 5.894796838920168813e-01 2.762937178531283067e+00
1.138678938640537819e+00 6.333676744406849801e-01 2.746481892822572490e+00
1.407330412719718815e+00 9.140173629649308573e-01 3.015507603619188348e+00
1.580031805979268400e+00 9.055913330542618711e-01 3.499798527159853734e+00
1.682323470334563531e+00 4.608511665470268470e-01 2.950702825748899638e+00
7.286803552330548550e-01 2.905166383827275656e-01 2.417647932208685457e+00
4.763117917668264201e-01 -9.726638544248296381e-02 2.653748309484434742e+00
3.062514526108188195e-01 -2.009203536825891201e-01 2.790115192834087932e+00
6.704784727864561145e-01 9.358655698108513388e-01 2.842994148053830994e+00
7.066350743211565755e-01 1.050046355869788117e+00 2.447158063984248955e+00
6.372722675840466477e-01 7.131886234066411312e-01 2.725981897827680189e+00
6.442043322741657363e-01 4.846268314894378038e-01 3.249170363082077184e+00
9.492128442374083708e-01 4.947141030786016414e-01 3.649191271174110351e+00
6.952412509351260095e-01 -5.995353296964409107e-02 3.330310726518086906e+00
7.269485573470801931e-01 1.199399030018872964e-01 3.969427081770250165e+00
8.963232559067311200e-01 2.247012934745286072e-01 4.399723666930396959e+00
8.557744110317763164e-01 -2.233565707299642322e-01 4.134470893664560442e+00
7.406953388179932096e-01 1.347377851243328206e-01 4.258509079699054567e+00
9.369708963090743747e-01 6.859428315438542700e-01 4.167045528929016029e+00
1.591692703279557364e+00 6.305475503449613495e-01 3.267025140505251279e+00
8.880513826483572570e-01 4.888996530364038418e-02 2.975783824481485151e+00
5.900064617456957095e-01 -3.400786076829671045e-01 2.668554177802200389e+00
4.661413115694323928e-01 -3.068786044738129881e-01 2.611798110368717563e+00
7.432306750883395097e-01 3.966001901000554275e-01 3.007535839225802476e+00
7.749709192922926704e-01 9.399452084571188193e-01 3.071849097169653042e+00
9.309650661036587005e-01 1.210436614556931190e+00 2.208206130182959637e+00
1.091057796184117024e+00 7.849852875865774848e-01 2.477374343829733760e+00
8.550490656824136781e-01 3.861881204470297702e-01 2.330258228721788782e+00
3.559087034189459819e-01 2.310122993430483163e-01 1.932212213221350616e+00
1.007287485182368769e+00 3.694440963475112971e-01 1.798698214709517851e+00
8.516471097979217975e-01 6.821319022889680284e-01 1.426008271947242001e+00
1.062364975611012952e+00 1.372722524231577257e+00 1.691964527615373637e+00
9.423807628636687861e-01 4.611443810824996659e-01 1.369199871173400584e+00
7.570759253298193769e-01 3.880245319344671762e-01 1.873246252310142523e+00
1.363080076613069735e+00 4.698332265646649186e-01 2.984567916499202056e+00
1.982391162037329124e+00 1.352400891371721148e-01 2.477999720473827772e+00
2.426546091568233088e+00 -1.594472589203011492e-01 2.724443261525814286e+00
1.877197022435615370e+00 5.066209568137596264e-01 2.501090631257801622e+00
2.055654230710943775e+00 1.048907661212630238e+00 2.544511404287418621e+00
1.804834805977998613e+00 1.142679483591794831e+00 3.085750135424351726e+00
1.140778637516060234e+00 4.682860991652298965e-01 3.362825645088188153e+00
6.528475453489896996e-01 7.925409201885793564e-01 3.516571021960074983e+00
4.537076324479688560e-01 4.708970027786189561e-01 3.298996704807727554e+00
1.094420310936125684e+00 -7.638379226168748315e-02 3.368960841447443677e+00
7.654365140843976123e-01 -1.156507509266546663e-01 3.428017291314297665e+00
7.225514741775349581e-01 -2.838724359552159404e-01 2.793010959657323156e+00
4.802585719789131402e-01 2.181272851714418648e-01 2.621122530242051774e+00
8.728894840106889985e-01 1.649379875396084771e-01 2.322713310026449651e+00
1.042075275817174740e+00 -1.751414881301786297e-01 3.062873526492805087e+00
5.067011082237616870e-01 -1.213774288983122535e-01 3.047200961677567488e+00
7.864414483664333710e-01 7.755629153920537977e-01 3.201011061898148657e+00
1.487410383759915078e+00 8.966806195197584151e-01 2.903035509937788028e+00
1.034524805768542999e+00 5.301118239530584475e-01 2.510773348299156105e+00
1.199306719100814433e+00 3.711024159925383481e-01 2.861557516544313895e+00
1.211324200119910710e+00 4.419897615708998084e-01 2.703368005978093347e+00
1.232114635806212055e+00 -1.839283097995143834e-02 2.558062207212311367e+00
1.592305871706679588e+00 2.724352449366378437e-01 2.265167796514568455e+00
1.618200442027349917e+00 3.138711343479906879e-01 1.234033754885196732e+00
1.226816227462095954e+00 1.385417610775848130e-01 1.040536546510133942e+00
6.872394925047843328e-01 8.349135423658649025e-01 1.819391903420922052e+00
1.087140199147466513e+00 1.550277364116751377e-01 1.545755863627836124e+00
9.582703840074220381e-01 7.073348158843666411e-01 1.559667437276424318e+00
6.666973458530768282e-01 1.082907038658313281e+00 2.261877804746434961e+00
8.448000201414807009e-01 3.336248878661719486e-01 2.081040815506596253e+00
6.677611584493912122e-01 5.095505553271266752e-01 2.132931605860187485e+00
3.692721641770661534e-01 9.860458301710256501e-01 2.161714291969607959e+00
1.263502546980981855e-01 5.791745728475814481e-01 2.411408036988456960e+00
9.600949116566620534e-01 4.659581232558797637e-01 2.186024104705394322e+00
1.757644633837072812e+00 -1.029675793341802564e-01 2.242777967792080052e+00
1.396772382680520064e+00 2.859699268025586161e-01 2.497351169433217333e+00
1.131284117335638717e+00 7.855628317062323118e-01 2.757611372325346810e+00
1.167096040281846214e+00 3.784370350686485640e-01 3.314570725543352303e+00
1.658110947692970516e+00 3.981915999706868159e-01 4.202970050576811722e+00
2.005913152969271085e+00 3.074141911806204663e-01 4.047868758480533735e+00
1.925475393729071838e+00 5.447124741594717712e-01 4.380939682863552953e+00
1.821222215394475707e+00 3.771770950742023287e-01 4.852126037993616414e+00
1.254588861080780493e+00 3.351973981609447373e-01 4.572395782439386380e+00
1.106243990318233505e+00 3.956883292226486271e-01 4.372894799663824550e+00
6.682244237014178800e-01 2.437651347975998972e-01 4.246353393831042489e+00
8.614191449430769199e-01 5.813092153502010806e-01 3.818488361579836621e+00
9.917241018872590130e-01 9.402469009757509211e-01 4.602231482551709441e+00
1.189792723254137208e+00 4.643226330340565200e-01 4.534867368848562563e+00
1.161816471196521094e+00 6.087321723132248508e-01 4.507205554680814075e+00
1.415166059029982382e+00 6.695032449007202180e-01 4.594332304460214011e+00
1.029566777808273770e+00 1.473153432135811958e+00 4.495365536097928327e+00
8.876363151630376480e-01 3.574544963551695709e-01 4.158581281004675390e+00
7.486043726199912429e-01 -8.543704644268393378e-02 3.588366892605290737e+00
6.169635319872632806e-01 -4.415546917555696754e-02 3.750291273081981736e+00
7.078562586276372359e-01 3.797486556914870803e-01 3.610831856457642708e+00
1.009737488691809126e+00 -1.902295961425228277e-01 3.941227844136571346e+00
9.977309160841553171e-01 4.258047709256435609e-01 3.739132062420165603e+00
6.009411590762318012e-01 5.756148001919272339e-01 4.351913736720065096e+00
