5.450902979188657627e-01 4.081567551498835877e-01 4.658177407504082268e+00
6.698667348781336406e-01 4.128351492963652225e-01 4.423724929771092995e+00
1.016310820824942951e+00 5.261974789386631990e-01 4.591558958609692098e+00
1.128368238633593146e+00 -3.533536941386328234e-01 4.566718948029834024e+00
1.347410988244020835e+00 2.829383213767221461e-01 4.872339231758817668e+00
1.107535903809249156e+00 -1.085864739370586557e-02 4.377760772675287626e+00
5.521238983733656180e-01 -4.363061780369753562e-01 4.474039787118192280e+00
1.053845228769928033e+00 -1.276207109593088251e-01 4.118946459613820110e+00
1.173608331030127516e+00 3.613255327386946658e-01 3.671332560862156313e+00
9.949612089706293405e-01 2.433770683505731003e-01 2.664926268288632105e+00
1.121245456185809619e+00 3.030896542190866239e-01 2.374970622404226628e+00
1.185174979286956143e+00 3.132316193976542595e-01 1.791073736926930282e+00
1.569270882112494991e+00 1.117029333636950339e+00 2.365217018073567434e+00
1.443477456832142236e+00 8.947633473880305388e-01 2.177721356486923110e+00
4.893072543481162828e-01 7.380160335125262039e-01 2.480198821837848566e+00
8.464911299837523107e-01 9.004617752435101208e-02 2.506642542236237059e+00
1.007975609953292162e+00 -1.750809252653326431e-01 2.479739667317141016e+00
4.963743156077217722e-01 -3.929961957800930938e-01 1.840184791980922663e+00
5.384309850908562955e-01 -7.580065019629402823e-01 2.743774932424578150e+00
5.384309850908562955e-01 -7.580065019629402823e-01 2.743774932424578150e+00
4.611149312697158664e-01 3.135931600406883790e-01 1.811945786926943747e+00
1.188675864505459590e+00 4.368305565392472944e-01 2.065247602170640739e+00
1.030280894000355829e+00 7.744126383527339952e-01 1.636993992343974691e+00
1.929767081603838808e+00 1.035112230557275526e+00 1.851343697850241998e+00
1.981662709090509011e+00 4.567657621073277774e-01 1.802259961087933737e+00
1.618362783202205168e+00 7.046942120109004337e-01 2.665778493092155088e+00
1.814968104463066778e+00 8.512372732879239789e-01 3.513954125622940072e+00
2.183616149788544902e+00 5.587949733610433345e-01 3.580371578603707583e+00
1.453081685087329156e+00 5.138453547833343737e-01 3.280193599208466093e+00
1.390320959819056679e+00 -1.587709355925395749e-01 3.158296957660592597e+00
1.147792689860539062e+00 6.085625010356259662e-02 2.999610687893998762e+00
8.228687976936364112e-01 3.420713937363037971e-01 3.298861962380292390e+00
5.574568806287024669e-01 4.375929889846223997e-01 2.779497629533624448e+00
7.055488411096845491e-02 -8.065939830083435069e-02 1.944687833285011269e+00
8.298371722026604003e-01 -9.496355814898035930e-03 2.767468801289323377e+00
3.958238270641734058e-01 7.601445691997525955e-01 2.986696524743128300e+00
7.803203443619461943e-01 2.749186178226759592e-01 3.236166275120976987e+00
1.213920319843629914e+00 1.976979874889356059e-01 2.963224350058706769e+00
9.326056262692561383e-01 3.262252027564121470e-01 2.754942486917309363e+00
8.428017259886045887e-01 5.816443161827273833e-01 2.334929019366015712e+00
6.458286978566012415e-01 6.984597034328393628e-01 1.532872189842712229e+00
9.376546185559785362e-01 3.548424024936263077e-01 1.579077797313540366e+00
1.595176853992036570e+00 4.168388316874848676e-01 1.419836077184753353e+00
1.049981923688791285e+00 5.200750646925798026e-01 1.444411048315841439e+00
7.832057031610377695e-01 -4.176709387753395619e-01 1.715902573655503582e+00
1.339589445289965042e+00 -2.106520989092117713e-01 2.310389329703585126e+00
1.712811198819627956e+00 -4.767593934786369669e-02 2.861391214289658258e+00
1.133885348321433062e+00 6.976475985081952436e-01 2.841830258064757864e+00
9.304230419093844073e-01 5.785180037009640674e-01 3.280840781981636756e+00
9.074697795055667315e-01 4.100484481402720816e-01 3.549611256715310414e+00
6.522896345840962784e-01 3.151424590379632296e-01 2.874723927204863916e+00
6.119979639692987305e-01 2.238745665136090690e-01 2.969030421288662680e+00
2.921908624289414336e-01 2.524321397924361166e-01 3.304056928326645437e+00
4.408512444154468746e-01 -1.089369552026850374e-01 3.278074594988770407e+00
2.638212031501796506e-01 -1.747766820730883158e-02 2.551319458649766503e+00
3.406072682346265035e-01 4.304669853748289698e-01 2.439766705107262013e+00
9.206398595688634057e-01 -1.321430704848602367e-01 3.049373343417932869e+00
1.313747266543558334e+00 6.705188049390882199e-01 2.875635117772961102e+00
1.658746183077608904e+00 2.476447328178386087e-01 2.633642605207796805e+00
1.563385227774872988e+00 3.995545083752638504e-01 3.100100775971617484e+00
1.427157609100447866e+00 4.860148626784644571e-02 2.932424433836065436e+00
1.245623032161278454e+00 -2.739480702759399255e-01 2.729491860327369679e+00
2.111256966351834130e+00 4.722301239885086099e-01 2.832788892642438494e+00
1.604505476580848189e+00 5.921290166975731184e-01 2.454911569097853796e+00
1.439563903812057122e+00 4.564105701196525811e-01 2.364276969569779840e+00
1.526031884285292461e+00 2.018885072459634111e-01 2.153842440698527927e+00
1.440338121710604824e+00 4.127903150771791152e-01 1.946968326438093255e+00
1.026181413515211416e+00 5.232133590485070762e-01 1.841162008886926049e+00
1.231250855888072593e+00 1.176173927404182917e+00 1.956836341736042595e+00
1.157112138183392869e+00 5.474744767346809704e-01 2.899616566954478447e+00
7.181571759372628039e-01 5.955710205340316588e-01 2.695711782261041023e+00
8.604025297277637652e-01 1.167680536516888745e+00 2.254727927066206394e+00
7.041257003252109348e-01 1.022812208677975843e+00 1.628644565267472588e+00
9.336423498275322475e-01 7.041575472489196574e-01 1.882956982239091470e+00
1.328457104447758663e+00 6.074220212105744254e-01 1.743385327129284290e+00
1.201170544011857633e+00 3.900935470540703998e-01 1.938513158176673246e+00
1.542450828161117338e+00 1.188460291585301531e+00 2.410993281304762093e+00
9.206850435560569590e-01 5.396084970375742973e-01 2.685393934137803917e+00
6.056673125984490813e-01 5.194742898802070519e-01 2.203637929268649653e+00
5.454489657607340947e-01 8.791797110502918011e-01 2.567829074519495602e+00
1.572908514020380233e-01 2.525661912475449800e-01 2.073940872016470927e+00
7.561377519161986971e-01 1.036201298703497836e-01 2.074826585061875228e+00
9.720817254659407380e-01 2.740530467126272088e-02 1.439636908456061404e+00
1.237075100657948568e+00 5.606047446738177120e-02 1.645413819096728902e+00
4.844035451679206128e-01 4.745858833655544270e-03 1.985874717140596601e+00
4.238616854244228183e-01 3.412915176015196561e-01 1.968482281585392846e+00
1.335520578811898673e+00 3.590234912107194143e-01 1.591981954895541174e+00
2.045689041054886470e+00 4.996015467268666993e-02 2.322989495139389682e+00
2.080233611200601906e+00 9.844748529810104509e-02 2.175672399115772926e+00
1.695132175006453412e+00 6.331191864593384011e-01 2.239294538968312320e+00
1.593934101853953011e+00 1.118270611213515009e+00 2.229652287202604111e+00
1.884985643984913972e+00 8.922410634140316432e-01 2.344447914035298730e+00
1.745414328928137637e+00 8.014027727783223920e-01 1.953943634548875652e+00
2.225444461021292675e+00 2.680091036195873522e-01 2.686068743673566406e+00
1.687414287414581660e+00 2.091097641809063212e-01 2.162175173733554612e+00
4.889982414019273804e-01 2.898636070986833624e-01 2.429189301621481167e+00
7.424773848600803028e-01 3.267210739527862673e-01 2.636744029020182900e+00
7.907529396151600221e-01 -5.125706654700954434e-01 2.657870891174479056e+00
9.835045652142750949e-01 1.021526132316930568e-01 2.439321177921774275e+00
9.848941931081814927e-01 -3.922085368208585443e-01 3.042296287661757859e+00
9.638831144942107132e-01 -4.179576768762166550e-01 3.440324606218031711e+00
1.225108405465410888e+00 -1.185702275888239621e-02 3.103170689237443991e+00
1.835201895858930232e+00 -1.276931147834502456e-01 2.741757959376151632e+00
1.269500493284493770e+00 3.542408629616409232e-01 3.008792080379784739e+00
1.451465982153696377e+00 5.550413985706407205e-01 3.299656584533348536e+00
1.566946396620908288e+00 6.185688759871089681e-01 3.650024966084519651e+00
1.777782432919248645e+00 9.938695461418185495e-01 3.288620164300454007e+00
1.939021563122842684e+00 9.111921999359196001e-01 3.264591702958796748e+00
1.559149529491237418e+00 1.238241291797989918e+00 2.543124356615128256e+00
1.335054105110301981e+00 9.198123273365813590e-01 2.050292577435051555e+00
1.101308722854700273e+00 2.676557795748036872e-01 1.878390229962164204e+00
4.132639414879792916e-01 1.220409508918901126e-01 2.314105586625494926e+00
8.620352644901748684e-01 7.447820569912254607e-01 2.483274031110337177e+00
2.024470673320974967e+00 1.324581266616233322e+00 2.285739419311556997e+00
2.431534331977985630e+00 2.168810221943686223e+00 2.250344962665581150e+00
2.726354902803848290e+00 1.849597126446004491e+00 2.238785567934067355e+00
2.098123593339361825e+00 1.750011656056170706e+00 2.495369694524655735e+00
1.898242880943776356e+00 8.288256904227291333e-01 2.785715110252001470e+00
1.727422053428769200e+00 9.120849547035382310e-01 3.039719189714283676e+00
6.191252428636520033e-01 6.268607304501039312e-01 2.358346551004714353e+00
8.162726207847040838e-01 6.812936923581187632e-01 2.142621377407836203e+00
4.022926865342295599e-01 7.125973666303917486e-01 2.087726454161076273e+00
8.003820122353244582e-01 6.192429615782067964e-01 1.785554596952121820e+00
5.037275969030937661e-01 -3.915681762705677804e-02 2.033391764546224945e+00
3.824824612669163598e-02 1.990889055181786216e-01 1.873958032914114336e+00
5.483514839727480217e-01 -1.192646405519654507e-01 2.304563081858987061e+00
9.540235427001644286e-01 2.062483870266116903e-01 1.970852489170804356e+00
8.293421812605651366e-01 -2.634565844984543270e-02 1.537859233718399832e+00
7.536105804918017403e-01 -5.038594585745713728e-01 2.234840075667797521e+00
1.143229952711927316e-01 -8.180066454194293013e-03 2.254021371565309906e+00
3.910516438917096549e-01 4.762700281218450876e-02 2.266118505055025878e+00
9.265466214410816859e-01 4.233721781776322857e-01 2.204963514515985157e+00
1.548096362653414992e+00 7.018657850143174004e-01 2.033225308487542016e+00
1.337731475480510079e+00 1.208827588445921641e+00 1.746221559036877258e+00
1.127593080953396276e+00 8.627484405676402179e-01 1.349044329656595709e+00
1.213411910371757774e+00 8.991549155015842176e-01 1.636698065775650912e+00
1.460543391125523449e+00 5.205535320451147863e-01 1.774971594166055988e+00
1.587002681897591083e+00 8.618237420244916347e-01 1.909106391929589197e+00
1.453965074131314150e+00 5.821142454077607997e-01 1.666474660300053534e+00
1.009031283470668061e+00 7.027794592340615987e-01 1.696812894118855386e+00
4.801324964922872307e-01 2.357968828108973625e-01 1.839856388232413709e+00
9.921019126300667512e-01 9.683186738407364436e-01 1.626024915079288924e+00
9.271295529597938234e-01 6.644860181678662325e-01 1.911198604966611425e+00
6.189066013215990258e-01 2.543631388090402679e-01 1.918410304793826127e+00
2.078478271165195290e-01 -1.619198500514771599e-01 1.884758652417330094e+00
5.586759128115585948e-01 3.001433417426346284e-01 1.550763521911675769e+00
1.647936451001450475e-01 1.248778022048180752e-01 1.596357109160597032e+00
9.877895184530078865e-01 4.194235647666062494e-01 2.513344277343029898e+00
8.301366686992172061e-01 5.085659368685891968e-01 2.684870835915457832e+00
5.908578507555831694e-01 3.116231946842805689e-01 2.748755319473566328e+00
7.187773976451721225e-01 1.267166352290662046e-01 2.897962027266490104e+00
8.559110474746988162e-01 1.694810154731139218e-01 3.064678574491065621e+00
9.708421928209213236e-01 -1.135117131183036310e-01 2.205110336450490927e+00
9.107382321188361995e-01 -3.120367874992933110e-01 2.290162127706930839e+00
7.367184440101457454e-01 1.558672368782775819e-01 2.575037811652340913e+00
8.767476458549537943e-01 3.486187444066617958e-01 2.781930369588976326e+00
3.572761047530412237e-01 -6.412033325288765684e-03 2.582919325092672302e+00
4.993193300717798655e-01 1.732655994704373481e-01 2.358503299820592147e+00
3.556755448281986309e-01 1.124274820391676810e+00 1.581934517941729901e+00
8.249489827593490254e-01 1.228922294955622885e+00 2.233772662344323923e+00
1.146913991184301151e+00 1.489955399836355054e+00 2.606373589218533127e+00
1.329391526837751858e+00 1.320603718433461138e+00 2.455330694981590511e+00
1.142153334521901709e+00 9.595856071778772201e-01 2.116661895274964511e+00
9.474321915778265435e-01 4.446407237452479344e-01 2.319650706544189589e+00
1.080449553019644071e+00 1.880364952368933917e-01 1.813869527125842263e+00
1.263265851759073577e+00 4.118400729299817042e-01 2.017788012583991542e+00
1.612725505495829159e+00 9.690957371168230639e-01 2.479126966463866655e+00
1.961232109932573353e+00 6.030417056053245517e-01 3.798614367502713307e+00
2.298712665341072547e+00 2.404406022434554813e-01 4.055602292620117844e+00
2.383173467463434836e+00 4.730246762117745196e-01 4.253437935845902906e+00
2.462422579248088716e+00 5.691204800660835950e-02 3.709053890889163263e+00
2.348802438474866250e+00 4.997871296274108976e-01 3.922921290053665189e+00
1.994678045647888309e+00 7.954511784201742097e-01 3.500694981490313662e+00
1.812635366122464564e+00 4.855493236474565100e-01 3.379748592069433677e+00
1.656127500236563188e+00 -1.565805609708662838e-01 2.932884096224099846e+00
1.603614555177095946e+00 6.578894145207023758e-01 3.310776351508771587e+00
1.966380891134055675e+00 1.082906656842057780e+00 2.921732942532072386e+00
2.135340670297285914e+00 1.022736916206728131e+00 2.892697109367394326e+00
1.800341775014360657e+00 7.357854627042362816e-01 2.361574034348509432e+00
1.512610415728308011e+00 6.222946717519528548e-01 2.294245329952667500e+00
1.873563710266189508e+00 3.627747664769692126e-01 2.201524791428121741e+00
1.210944318379899132e+00 8.386160056466510082e-02 2.457323672601844589e+00
1.105405678989859641e+00 2.591214551515731435e-01 1.682504202608521959e+00
1.379624415656513614e+00 5.328604454960227388e-01 2.154820749414666725e+00
7.979015268619320533e-01 4.772674542471167514e-01 2.764891204523238333e+00
1.393124497003476847e+00 6.198329246846350227e-01 2.712244505626544289e+00
1.593053510593763766e+00 7.523599227814106172e-01 2.395821279992940589e+00
1.286976935673865841e+00 7.168644093164679987e-01 3.430926181081653148e+00
9.270473911050486349e-01 2.483326290220976562e-01 3.284709495409520397e+00
8.321699781404777729e-01 3.206206529185314791e-01 3.517655429633638420e+00
1.029673198278474144e+00 4.186498580567373784e-01 3.441493472065645154e+00
7.594020439733054628e-01 7.070493680197078579e-01 3.453537582809200757e+00
1.339193541231792794e+00 3.057577872339673486e-01 2.928438516222490851e+00
1.384385341648503909e+00 9.613608355276151984e-01 2.840467991346234733e+00
1.384385341648503909e+00 9.613608355276151984e-01 2.840467991346234733e+00
1.238111502969319488e+00 2.558424916692572104e-01 3.667356152115367252e+00
6.393451166443936406e-01 6.071140517414110871e-01 3.208325061416675172e+00
4.963145808749238608e-01 3.566481454116790517e-01 3.458562466162154347e+00
8.450499845521518560e-01 9.093638062183355686e-01 3.513847527109620561e+00
1.207725824845682805e+00 1.164066928144188440e+00 3.776708993653399293e+00
1.482469025514572269e+00 1.519561346959154013e+00 3.620483737498622734e+00
2.180855632415669376e+00 9.491323118533470105e-01 3.827672419118123948e+00
2.205155322532492690e+00 2.441924974817482608e-01 3.585169875664997452e+00
1.595432874248725152e+00 4.914836652018803598e-01 3.290228599006099763e+00
1.111523020770175174e+00 1.155742562401287643e-01 2.985465420640985190e+00
5.868584403336036814e-01 -2.152164563644633211e-02 3.470703715365677233e+00
2.498825615683182566e-01 -8.822716078190911970e-02 3.728761282487268236e+00
4.312875917441081342e-01 -2.996914945419204557e-01 3.512123896229306208e+00
1.110506246297301880e+00 9.843818802969304116e-01 3.081571998476451135e+00
9.041409446807284755e-01 6.276669462316053494e-01 3.411534045375678836e+00
9.940213032853222330e-01 1.055954258988776484e+00 3.664099721446345992e+00
1.002916105707592154e+00 5.755827672978732767e-01 3.904266816887303815e+00
1.240684785344913887e+00 2.610123747256458682e-01 3.864240264223458343e+00
1.265395207867455518e+00 5.432413495990039420e-01 3.803507769579121511e+00
1.924031811555584781e+00 8.511274121190850472e-01 4.060744714679342948e+00
1.730145584364148670e+00 8.118900745907614569e-01 3.347162290915088434e+00
2.102491264244179536e+00 -5.893117823820007151e-02 3.549786531151519764e+00
2.526850867538150247e+00 2.535219862665644697e-01 3.927083919200634821e+00
2.516887823171633620e+00 2.603349188428978889e-01 3.353070311093882871e+00
2.400844674177542881e+00 3.261145939803185567e-01 3.613683640971107280e+00
2.223616597776568948e+00 -2.699110688634794308e-01 3.728491903099564020e+00
2.033937595515925345e+00 6.184650783064433721e-01 4.351256311965136625e+00
2.485623322910397004e+00 5.799179810622768771e-01 3.234375937062830886e+00
2.637044201309523217e+00 3.612365206029879983e-01 3.263804224343548555e+00
2.250806239801173891e+00 3.405463432638727306e-01 3.717396444965035851e+00
2.096178353741912748e+00 -6.100336221691650407e-02 3.957116363649666457e+00
2.064848786416960902e+00 6.165696446469660225e-02 3.383293167635476717e+00
2.593715436417224574e+00 -1.219862034518973126e-01 2.969996045155651299e+00
1.758521859557388600e+00 3.196537172519078318e-01 3.806869609101486862e+00
2.472853943997625592e+00 1.129360412547911530e+00 3.327085628021992481e+00
2.786472426654886370e+00 8.615025074088824564e-01 3.233357985728682937e+00
2.466946426570080231e+00 2.667161994436124117e-01 3.446551579452629799e+00
2.078217956661030819e+00 1.139824501557098912e+00 3.522394287958892534e+00
2.596713679081644077e+00 1.099315419616635259e+00 3.460631585432317969e+00
3.010210181431648202e+00 1.184402315206629641e+00 3.367073921806583048e+00
3.032214319862972740e+00 1.092045106202969240e+00 4.032027866674702032e+00
2.733219858300003580e+00 4.757083082565340959e-01 4.301562802943676544e+00
2.794062527064807178e+00 5.277724394370035821e-01 4.569897501788716454e+00
2.191523143053897726e+00 7.917866455862629937e-01 4.400972822397199558e+00
1.762120597637350627e+00 7.896356425997301809e-01 3.641182833045685463e+00
1.576089692557069766e+00 1.533718148010997651e-01 2.771833514973278234e+00
1.334963034262392378e+00 3.762120399024113104e-01 3.078370888142820228e+00
1.536912953173009244e+00 5.287838159796748316e-01 3.228786449379080103e+00
1.216772741090988985e+00 9.753696427236555611e-01 3.555963696260667106e+00
1.972388435692261410e+00 1.172083404030450193e+00 3.025567047157970091e+00
2.159759544168194267e+00 5.376696768329798370e-01 2.752877222440704319e+00
2.288566854814846341e+00 1.218842696919361535e+00 2.865894446455460987e+00
2.247242689282935135e+00 8.895536004883489722e-01 3.001989518852933081e+00
2.192689152557200316e+00 1.621004043766497649e+00 3.031600814464606941e+00
2.802678015384841625e+00 1.579068709355946787e+00 2.287386922997484806e+00
2.222524476618813249e+00 1.676603272828864011e+00 2.089150241912371975e+00
1.742281240005821852e+00 1.895482526799161738e+00 2.326519609800830057e+00
1.603943401226720411e+00 1.222119264243993975e+00 2.117436493233802786e+00
1.567129603898715029e+00 1.548075266668661243e+00 2.551209938301616464e+00
1.430599258638156623e+00 1.364774683783791742e+00 2.263879646595359230e+00
1.202828019447189423e+00 5.150278978484030823e-01 2.532921707616911711e+00
1.303626664624510934e+00 -1.929712058898596649e-01 2.013636834334425085e+00
9.211682462985538722e-01 3.280743886153728722e-02 1.947541524076836117e+00
3.617892756639716767e-01 4.404498580790464635e-01 2.821012087520564204e+00
5.285140111692491205e-01 9.511350220511484155e-01 2.815273410982317870e+00
1.068480394284264001e+00 6.378819048672360048e-02 2.867853453988783663e+00
1.361261504197019967e+00 5.116809606384331577e-01 3.015523808297542185e+00
7.190713368338609301e-01 4.791639613037824985e-02 2.411180899342014960e+00
7.544577878641396396e-01 6.925429101074218607e-01 2.083596672743061706e+00
1.086842648730188099e+00 6.096959927607783492e-01 1.721331443926709337e+00
8.536731308971174936e-01 1.446259745566042809e-01 1.966383382422983050e+00
8.349119690524600124e-01 4.004924499298984086e-01 1.810086027026374333e+00
8.968787264063996512e-01 1.444792109541063740e-01 1.547504796038928765e+00
4.868279465586595744e-01 4.610629963263326858e-01 1.610520908847812072e+00
1.194481365225312341e+00 2.357613129665104557e-01 1.877797169778532504e+00
1.048801972808689476e+00 7.199576637839544269e-01 1.919628762713968095e+00
7.405297080947398358e-01 2.327309928604952005e-01 1.903161602566166621e+00
5.720817390422305859e-01 3.327357400838895640e-01 1.558084755497810781e+00
1.011524354580047413e+00 6.449104389331893339e-01 2.652606150774116767e+00
1.354874279774038293e+00 7.043298393369517019e-01 2.525504313596729222e+00
1.783621386611789372e+00 1.125647205190650535e+00 2.269580942789558797e+00
1.306994881864207869e+00 6.325215102238256337e-01 2.426360708278405998e+00
1.606938407159036242e+00 3.782489919635797504e-01 2.534472350288828224e+00
1.237050952816267646e+00 6.074259435844391319e-01 2.527802694509921899e+00
1.031088203867763342e+00 6.747519774449468599e-01 2.139382293351505204e+00
7.375276864339004312e-01 5.336787761148151232e-02 1.768560707568584078e+00
8.149937401361175837e-01 -2.781681240512237085e-01 1.907089204298457963e+00
7.204995957048552224e-01 -5.427338430020629823e-02 2.034162539658598501e+00
1.224059927121044389e+00 -2.328764449030630568e-01 1.619733873021387938e+00
9.490644733306877745e-01 1.726006771466403467e-01 2.545050281604641640e+00
8.339494609296188576e-01 1.040423752427534487e-01 2.642193566971835050e+00
8.815636118988039449e-01 3.478279189340632849e-01 2.846039935063401582e+00
3.936815460885478291e-01 6.710175571935263206e-02 2.301849411977041626e+00
5.411528234587500430e-01 2.580328861754165315e-01 2.687334417354406479e+00
9.069786504641745573e-02 3.912548108695396848e-02 3.177147710455215268e+00
1.705071227507349851e+00 1.799697927584661961e-01 2.610413387874479962e+00
8.886697108519225896e-01 4.950144323796389911e-01 2.540090426687543257e+00
3.715156296729250629e-01 6.930315632705711382e-01 2.093529234684750495e+00
5.180506490510640161e-01 5.119122873903115822e-01 1.827202532562520965e+00
4.673799834460997116e-01 5.070286860097481529e-01 2.173249979669521270e+00
4.561988546714608184e-01 7.032303010829943357e-01 2.366793595092964164e+00
6.393262157783144994e-01 2.607911856035027842e-01 1.970284466313217298e+00
3.096461267633261460e-01 -6.384024619181564164e-01 1.406293345947644768e+00
5.218920780758475875e-01 -1.798356691107736438e-01 1.285981764516559434e+00
8.980457484534782875e-01 9.192141316592680744e-02 1.345295682092231937e+00
1.393343713160631214e+00 -1.276913717906514867e-01 1.754102175277698628e+00
1.213665520715963675e+00 9.677828525197107457e-02 1.649693778785754628e+00
1.636702108505723841e+00 2.935263185786922135e-01 1.742026195581006132e+00
1.194804796348102993e+00 6.705218704074930036e-01 1.936645167558909808e+00
1.249625905413714433e+00 1.102044179068009999e+00 1.712987630808558981e+00
1.998037191852688688e+00 1.589679932334946422e+00 1.598084361636951556e+00
2.202257436810874491e+00 1.029965826669974049e+00 1.767943592902500916e+00
2.024505518830486128e+00 1.075060946852060439e+00 2.248673311669527664e+00
1.734798829807939979e+00 1.050999797418374682e+00 2.032404698547683353e+00
1.237005545028129205e+00 1.102929245625531074e+00 2.283787082844866756e+00
1.472557560564573986e+00 8.580690628443583545e-01 2.071861204498882003e+00
1.383854051810041730e+00 9.236222672162029967e-01 2.714400252877126718e+00
1.785469868726128118e+00 1.061439708794117642e+00 2.688054892460213896e+00
1.897239109794180312e+00 6.923983905242192538e-01 2.805930176978389756e+00
1.745324378121028364e+00 9.844390111223407791e-01 3.300928454299089321e+00
1.814339992904632437e+00 5.577633497305893862e-01 3.622128630890872891e+00
1.210572135823591911e+00 8.386936836078432433e-01 3.564456478464370193e+00
1.062896241542770293e+00 -1.219142617236402826e-01 3.925783702289499466e+00
5.188700077092610607e-01 -3.439792092478090035e-01 3.404636765256440878e+00
8.982490573800354650e-01 -2.117903925903671936e-01 3.241168644221567252e+00
8.764195274272686964e-01 -2.729579757255472527e-01 2.569599789670644618e+00
1.116358912082767052e+00 -1.838867977643357243e-01 3.291054503983394053e+00
9.497233152811217494e-01 1.811440820611452951e-01 2.919021604560678718e+00
7.313542547442425379e-01 1.530175173143856759e-01 2.491355608254483212e+00
9.262000743004085157e-01 4.000759069486379826e-01 1.843370183852370170e+00
7.215238016361092965e-01 1.614066438695505312e-01 2.983587725241236388e+00
7.420689848095652907e-01 -8.011909868369057608e-02 2.176637823552864059e+00
8.212175149928626627e-01 -4.417835777168633848e-01 2.524705547421430829e+00
9.901230753020627828e-01 1.626554697626348134e-01 2.345686266345643478e+00
6.555678764056438457e-01 1.062497345095299695e+00 2.678084900920860267e+00
1.284063647324778179e+00 1.138646666464466106e+00 2.706621261879488483e+00
1.210565441964247979e+00 2.129582465515166501e+00 2.669790715720561369e+00
1.242219303841844980e+00 1.366083897041763251e+00 3.234870246345354694e+00
1.786127885877974331e+00 1.684900707074668658e+00 2.735137779045669681e+00
1.153063402175942942e+00 8.096787189328548129e-01 2.954808591322089395e+00
9.736302269460750392e-01 7.935192571750632196e-01 2.838730870477665036e+00
7.802169498370734591e-01 2.264186453536295995e-02 2.274202463072048985e+00
6.524103356009534060e-01 4.657706441357832294e-01 1.961195755143037012e+00
7.426437551305742346e-01 -6.485205470592982080e-02 2.085424521845551826e+00
6.324356441173354382e-01 -1.832620446871525144e-01 2.226184819905936418e+00
9.488207641412985671e-01 -1.184473473400792232e-01 2.318226052042731133e+00
1.174496666715659776e+00 -1.863451070152010586e-02 2.784799752684904206e+00
1.319975582941433023e+00 6.685805992412912069e-01 3.090644554919439901e+00
6.449012573330641374e-01 6.362437804542217523e-02 2.543608081018200462e+00
9.824570925147849687e-01 2.300548208181941723e-01 2.554444712919284655e+00
8.105213848504677632e-01 -1.637756545182778578e-01 3.030644239026791364e+00
1.220166447390225173e+00 2.117760343916388899e-01 2.652696898589146368e+00
1.033843258074119698e+00 8.077524494065200233e-01 2.270352384999944739e+00
8.542293627485770813e-01 4.150520978917807136e-02 2.379334520449014612e+00
1.094795998477909871e+00 4.077862344701345676e-01 2.283365541778072050e+00
1.492416359117175073e+00 5.336942977719949521e-01 2.669153376604502359e+00
1.815126987774082323e+00 5.159329469952896874e-01 2.871935142533855956e+00
1.517195571058555181e+00 -1.080404579125990305e-02 3.652276570974275938e+00
2.165371985682906786e+00 7.472166776384574216e-02 3.906428924689270943e+00
2.430332283401143822e+00 1.189045970777795752e-01 4.127276560108184000e+00
2.073241231094486547e+00 6.775544249058704782e-01 4.228581681393959180e+00
2.203094879426007680e+00 4.554738725987450554e-01 4.049167658875180820e+00
1.798447674538596219e+00 7.531682280618989811e-01 3.627381460553995129e+00
1.751523129558565151e+00 1.038753648713933497e+00 3.475744867187920306e+00
2.251756103805761633e+00 8.248898820433145929e-01 3.283380447273477554e+00
2.003974153164545413e+00 8.779276645980954585e-01 2.990581329455486159e+00
2.365453448310144147e+00 1.149357720245642422e+00 2.689210022079878915e+00
2.434830189707013925e+00 4.385651000603949523e-01 3.011630337069394425e+00
1.952684135226457451e+00 2.235113331471582088e-01 3.099147649996892184e+00
1.947444218220538703e+00 9.450423450041900431e-01 3.261916010618914452e+00
2.674567626583435054e+00 1.148335316844428133e+00 2.958153456088092437e+00
2.746572065169141208e+00 1.931112952384817394e+00 2.750388700866661207e+00
2.040634506015861493e+00 1.272625715256899159e+00 2.371963984186050478e+00
1.727780909106999552e+00 1.042401639608267150e+00 2.354606870564436960e+00
1.750573908890118435e+00 3.902825335476544644e-01 1.923947619638631590e+00
8.357244723933232589e-01 -3.377463930795013280e-01 2.140719699148966981e+00
7.089482786835111794e-01 -2.995101303801937509e-01 1.965241978719927785e+00
3.468967817939984655e-01 -1.045050932080499595e-01 2.431621210756303331e+00
6.481872929819862961e-01 1.635853717556240705e-01 2.801537644968365548e+00
4.036365436664260398e-01 2.437895758308807892e-01 2.256950365311295226e+00
5.639153668897604055e-01 -2.754491034151551609e-01 2.804211106361691463e+00
9.826115301713050920e-01 -2.469180039422362027e-01 2.984794303209815869e+00
1.205434594213792732e+00 4.035910070023943086e-02 3.250250066820553396e+00
1.739871994468798144e+00 7.031479316961342096e-01 3.478043006448985786e+00
1.770364929024601963e+00 -2.935596578082875219e-01 4.156692009638041085e+00
2.117585473504394411e+00 -2.332838939065867145e-01 3.720735021839861378e+00
1.431805468768849288e+00 4.332947014288300314e-01 3.634109850303511191e+00
1.605674554597643411e+00 -8.305076052771957762e-02 4.223324001697690733e+00
9.405194884307342962e-01 -8.058656685002962838e-02 3.679486229774195483e+00
8.100449523334067869e-01 4.762341735632670270e-01 3.025775637494182213e+00
1.168943788746187096e+00 1.153146639411462449e+00 2.599044097454360269e+00
5.358014465606858456e-01 8.931293788253131805e-01 2.721192803753927247e+00
1.344897858230146737e+00 8.401479642040823315e-01 2.594994912936194886e+00
1.428978942449987910e+00 6.466965347231146133e-01 2.675296370244748090e+00
1.880291389382999556e+00 6.122659593184001103e-01 2.200614876567975831e+00
1.312175482330612208e+00 8.855213297646025161e-01 2.490654824045037685e+00
1.295710773294664220e+00 1.455410416567874510e+00 2.481190215104621899e+00
4.707785273900718659e-01 8.657108836177024314e-01 1.959172439673022126e+00
7.760682451163775086e-01 4.087487474417803579e-01 1.820343566286205750e+00
8.933222080929003051e-01 6.718810316239039182e-02 1.721912717452579900e+00
9.437495073945736945e-02 1.993083700762193766e-01 1.999451617919584701e+00
9.071374391740838483e-01 -3.425411625893917678e-01 1.625861095856709237e+00
5.848090792103666224e-01 -7.017881780827803784e-01 1.935412821420123608e+00
4.156841675229371313e-01 -5.710370963411043332e-02 2.380978704160921389e+00
1.056081768922869424e+00 2.859934446827149257e-01 2.790169721495355581e+00
1.194187189698594054e+00 6.437051008924583595e-01 2.184076785737082638e+00
1.614563229914301790e+00 5.020234123698650297e-01 2.218596676036963977e+00
1.270716591389534411e+00 1.868711475862701588e-01 2.638622317825908059e+00
1.221174036204139668e+00 8.008832406899057954e-01 2.473101757073556506e+00
1.536934064200841776e+00 5.852058299734184121e-01 1.733857420243111402e+00
1.392654191480934500e+00 7.107271765226147453e-01 1.442739968599523692e+00
7.292861024843759754e-01 6.501572643311128719e-01 1.389136965750856767e+00
7.487134221320569383e-01 5.280677287587931534e-01 1.260230010691891556e+00
3.892702571689745650e-01 3.036451804205856919e-01 1.849293638826863706e+00
7.934744371109245797e-01 -3.665908844755635387e-01 1.653819970947654650e+00
3.050126144621591595e-01 -1.085494886868029474e-01 2.382400831372430972e+00
3.739706849659830690e-01 -5.611879463312239441e-03 2.259346494178908760e+00
2.596143251879249325e-01 5.412549382756747240e-01 2.396032042276536433e+00
6.646312731114110139e-01 -2.051637614254901709e-02 2.280522873510288484e+00
7.616743925780058433e-01 -4.273357326420288566e-02 1.782949312559522825e+00
1.076030846024442100e+00 -2.223224559528681407e-02 1.961817807941261593e+00
1.181751207372097046e+00 1.650475110463066331e-01 2.522580761706492147e+00
1.088471905178043819e+00 6.434346219116429122e-01 1.990818273741888245e+00
9.800484578268822133e-01 8.214015350835347506e-01 3.034782178683612663e+00
1.591829466462154397e+00 1.011131335337510873e+00 3.649868004584305048e+00
1.360691750733642236e+00 1.110076215416524903e+00 3.798234968133621159e+00
1.040155313947724425e+00 6.407203059320185634e-01 3.789397046635714084e+00
4.498711747753687540e-01 5.873477882675101069e-01 3.719281542851065492e+00
7.124600118150706818e-01 5.502156275574490163e-01 3.832344054689213575e+00
3.748557628860733071e-01 2.968098287954729075e-01 3.639680129874780956e+00
1.202987200312927996e-01 -1.362498854590844799e-02 3.115822510234523168e+00
8.853819458775317175e-01 2.019507287775954008e-01 3.137052501081609268e+00
1.197303173264382181e+00 -2.317691163475525951e-01 2.602036671378614052e+00
1.499480084298445481e+00 -1.001538237253713215e-01 2.743648928080214766e+00
1.171208082716437060e+00 1.889868804489538978e-01 2.464720525794069417e+00
1.156869469471803136e+00 9.005156280020005788e-01 2.709090182015869708e+00
1.019582878883747101e+00 1.166040666548448401e+00 2.481061139943594895e+00
1.470607401512158852e+00 5.364397174832010728e-01 2.284808755169964289e+00
1.077627945668882425e+00 1.356049380024385020e-03 1.737530484642970219e+00
1.136176243996731339e+00 2.126052055395627749e-01 1.661469982414482072e+00
1.016818393383571051e+00 4.844718954678595146e-01 2.176377310625665640e+00
1.334326819813099085e+00 4.654955762692642995e-01 1.952738953237554309e+00
1.103526786603461485e+00 3.524986554948405515e-01 2.108607483952809059e+00
8.106101552508223618e-01 5.063750439707217499e-01 2.180945829280978465e+00
1.053564484811907453e+00 8.342634207401750102e-01 2.509431755439810452e+00
1.176681853227764529e+00 1.167528048326307077e+00 2.325581889538274272e+00
8.433042302317047545e-01 9.108307200053411545e-01 2.342193789001259852e+00
1.269933721820326378e+00 6.340445976143496143e-01 2.981869617384264703e+00
1.432403909168294298e+00 8.176271287192329318e-01 2.949149565727915867e+00
1.388331765770505433e+00 1.026898969832736208e+00 2.752531375514761347e+00
1.221523170112650325e+00 8.523399648176290810e-01 2.462724039002056831e+00
1.015414947453069372e+00 5.588055270496787852e-01 1.924284207810704084e+00
1.035703061126525215e+00 7.814869777539389384e-01 2.139705450949600518e+00
1.245536736618439999e+00 4.224486788810772886e-01 2.822467884167731089e+00
1.561121531330651457e+00 1.696282013746536199e-02 2.661190231868393763e+00
1.435180128606554195e+00 -1.741005242023101196e-01 2.283267294404037528e+00
1.725964172932184626e+00 -1.145966548273707475e-01 1.926106363533853560e+00
1.725370245887617004e+00 7.529963551502014685e-01 2.567134442615079060e+00
2.149109179013310555e+00 5.952208132074603419e-01 2.349496992267517737e+00
2.070230795903612808e+00 5.523490867530885806e-01 2.316882544362953933e+00
2.354848645730559298e+00 6.595449821931818057e-01 2.356500964537910470e+00
2.578001181628514882e+00 7.893379822640357313e-01 2.003124770604394644e+00
2.200834127776739368e+00 7.679505729331976838e-01 2.132858516547173622e+00
2.177030424038589373e+00 7.084721263665979540e-01 1.627684991174527696e+00
1.631801186751760335e+00 8.127172065396940370e-01 1.741957660953959097e+00
1.302080266084060689e+00 1.225738408447845318e+00 1.771109719458981768e+00
1.375633800675237328e+00 6.764335534910753678e-01 1.339609914648812294e+00
1.312672956715423833e+00 1.544469288830185860e-01 1.706848123986176136e+00
1.461850965968781502e+00 -4.214334336874492326e-01 1.201200625052676996e+00
1.026079900213902052e+00 -5.893415762623256393e-01 1.053382667630598846e+00
9.054341528219554958e-01 -2.928792569240146193e-02 1.730833018610130614e+00
1.097800776575774462e+00 1.691114177098761717e-01 1.705776515727994269e+00
1.164522251407637654e+00 -1.417430280768340600e-01 1.793365538897060185e+00
6.578516882992541115e-01 1.219670725793900457e-01 1.862967745449839896e+00
7.193386072032180723e-01 2.330998643730616271e-01 2.370363744916106352e+00
9.035679022867685317e-01 -3.163304175496718662e-02 2.601350668787154596e+00
5.679989107569042295e-01 -3.869742893716979215e-02 2.581110220450879122e+00
1.346270899934464693e-01 6.327878008173040136e-01 2.132403960130546672e+00
3.720655699052919374e-01 6.044906267028450353e-01 1.844523427078572420e+00
6.608787002523524023e-01 8.279279586070653618e-02 1.630805882097045245e+00
6.674855681925246920e-01 1.417858920975977044e-01 2.314835148042367230e+00
8.317525775777776520e-01 -1.156394435969188353e-02 2.111319346130328789e+00
4.320490426584263632e-01 -1.075835630011724997e-01 1.996532195627205297e+00
6.113834356104707046e-01 7.703538380538371699e-01 1.777151101486392104e+00
9.960618827885237003e-01 1.319064575120390881e+00 1.695213317832111599e+00
1.839298938361737523e+00 5.755735968815789416e-01 1.574080612495827092e+00
2.050090036487616896e+00 2.333349901710191354e-01 1.975886370885920895e+00
1.777040680028890929e+00 1.597218167280537449e-01 2.004594874916918013e+00
1.794138014081315902e+00 5.486254138595094698e-01 1.669381809471098155e+00
8.775539942864400977e-01 -1.380592521944659645e-01 2.600831414290703414e+00
8.140693749391227918e-01 -2.416864970934251566e-02 2.740441723661932283e+00
4.515225001781641434e-01 2.501908994937962483e-01 3.012067601184263310e+00
3.193237878236008243e-01 2.185362924689382425e-01 2.636767428584765316e+00
8.063260881549143555e-01 -1.335056602885382471e-01 2.328017986463174260e+00
1.576994966914847973e+00 -6.131799298042688029e-03 2.378327635602519585e+00
1.543640292565313432e+00 1.828559774919275710e-02 2.075842573933075919e+00
1.665037250407588099e+00 1.311480580809569751e-01 2.435987964889147595e+00
1.143286443951347486e+00 5.746508148414799511e-01 2.748806941698133333e+00
6.915217727525739821e-01 8.514285147109333929e-01 2.664467368341105313e+00
6.869595285394740625e-01 4.236288934851369925e-01 3.174955596982110606e+00
1.534334373478910996e+00 5.978587390898159049e-01 3.344734504026056321e+00
5.631165216988636146e-01 3.727162790586518448e-01 3.635067014323627443e+00
3.445690323614778450e-01 3.904433962694356386e-01 4.217272848723450096e+00
8.005129237154832156e-01 3.257089171879825051e-01 4.279869330399188598e+00
1.052943036727111981e+00 -1.343477260861399569e-01 3.679867043152694084e+00
1.160487129473270596e+00 -2.833535378581208963e-01 3.410663818387534185e+00
1.592003521373293706e+00 4.428317465390327889e-01 3.118674290969889462e+00
1.007888328465356143e+00 6.656650585344940640e-02 3.488659732955812665e+00
8.899235671395305802e-01 -1.472114280313719936e-01 3.484715667314960186e+00
6.188301606258735932e-01 1.052188946191308372e-03 3.996100002707081877e+00
6.821718762274737724e-01 -5.332668783342557894e-01 3.768078826476310983e+00
5.844695791538759844e-01 -2.629685828792365232e-01 4.033718633036065704e+00
8.995273506827831111e-01 3.593208916707932299e-03 4.017750594066541225e+00
5.137431932167196846e-01 2.002739034284103936e-01 4.290769470687862075e+00
3.125812573787606352e-01 -4.761109550943094099e-02 4.493944993180850389e+00
3.872412348699295626e-01 -8.486791002237250581e-01 4.345895436131679723e+00
4.855964614450591910e-01 -8.071316833294400750e-01 3.928471946476453702e+00
1.059099311151693978e+00 -2.190205684004460640e-01 2.945126064401536237e+00
1.328452543220356441e+00 2.375073928341475682e-02 2.840452259159945925e+00
1.351862368143440962e+00 -2.381075026849681919e-01 2.752809196686813564e+00
7.645002146325083903e-01 -9.116021177118160956e-02 3.476295766280457222e+00
5.113868860830662610e-01 -6.248419444722776162e-02 3.713103416041071192e+00
6.158330242126034415e-01 -5.600732707271526278e-01 4.141216004162291853e+00
9.306216702223761850e-01 -2.647956731400042951e-01 4.545860847569492158e+00
3.897458624220138113e-01 -9.992588296847065843e-02 5.002647056867361997e+00
4.755900600009194124e-01 3.138196915900995920e-01 4.682968725604967908e+00
4.045513353040822851e-02 7.198345548540166505e-03 4.783072720687242096e+00
7.106936194262627460e-01 2.006916206867399854e-01 5.434209504029489324e+00
1.278767816333556961e+00 3.946117619920643804e-01 5.353896276578877789e+00
9.313609067132148089e-01 3.066337538738221902e-01 5.001780913354218150e+00
9.399362032568117087e-01 5.882862956479320005e-01 5.263606943492377788e+00
1.453679465126187287e+00 -7.224443520724735390e-02 5.142253548730771229e+00
1.239776462717446348e+00 -4.136254902961760682e-01 5.141740131149871829e+00
1.061451067962735140e+00 -2.503682783125765754e-01 5.821671378243799211e+00
9.100457085449622507e-01 5.514263270597812294e-01 6.197637922901627405e+00
1.227333363751593520e+00 4.743545817153208000e-01 6.034324671777557825e+00
1.154176154676369359e+00 1.241489524359552066e+00 6.040535424652617280e+00
9.030128989712151721e-01 1.719536148451198398e+00 6.087873599223321719e+00
1.158467994712118365e+00 1.089909108684167460e+00 5.578850627145125252e+00
1.347412250655591004e+00 7.763363484539705928e-01 4.430476023441607403e+00
1.898471129082235587e+00 1.177468086928028068e+00 4.728402998959333914e+00
1.913416874395129641e+00 9.077737323108061585e-01 3.981289581650319320e+00
1.676261717569859977e+00 8.070879691495030928e-01 3.755288009365738588e+00
1.572913979314248145e+00 2.020896566667168548e-02 3.535452357101185772e+00
1.961245099593578844e+00 5.519691285614566345e-01 3.285463900313194685e+00
1.317183242351152694e+00 4.350375937412888638e-01 3.983783813152494524e+00
1.161623667953016747e+00 7.119764410502485985e-01 4.116610246119599026e+00
1.844704177850124527e+00 -1.592924278930796800e-01 3.692097029652505302e+00
2.008514620563612407e+00 3.706343349321729042e-01 3.667213963723202852e+00
2.241562299281844695e+00 7.656676876893516726e-01 3.847373318228478833e+00
2.635802404580342095e+00 1.208227195446097690e+00 3.290549414889280211e+00
2.385958487186232269e+00 1.331166530734803732e+00 3.784011563139031864e+00
2.964572937671271724e+00 1.007910880896705441e+00 3.623842603737912338e+00
3.371351930288152055e+00 1.026944639738592624e+00 3.916894086240199524e+00
2.944739051553912912e+00 1.391723903005062546e+00 4.275188850951541220e+00
2.956661589302363780e+00 1.256549659640506134e+00 4.430422468595170749e+00
2.003454199756716569e+00 1.684917095016040589e+00 4.471389582944237162e+00
1.697915833553843346e+00 1.577788818133472271e+00 4.875228532848776553e+00
2.068452751595601047e+00 2.174304184713939048e+00 5.583509039101778093e+00
1.459326596229176154e+00 1.985948718040274397e+00 6.185374391561202501e+00
1.704876438620873458e+00 1.900946358003295256e+00 6.006473677291833013e+00
1.766130773733553871e+00 2.104016926827440681e+00 5.946646100901718413e+00
1.329459338735990759e+00 1.088511342138648752e+00 5.725348635794995644e+00
9.426670022209598931e-01 8.577182205917373015e-01 5.524720842977472124e+00
4.634552641590703459e-01 8.530389093624289876e-01 5.442221314999052595e+00
9.426094091476386883e-01 3.159351715991485787e-01 5.744035595762060353e+00
3.854910796380248694e-01 -1.076908137656336500e-01 5.681992681143777979e+00
5.400291207220319079e-01 -3.039553846515587188e-04 5.404555209171030938e+00
7.264607370036925138e-01 1.339781415543466747e-01 5.970491732414997976e+00
9.549690876910861270e-01 4.062744517070844830e-01 5.793993462840528963e+00
5.513643288910635709e-01 5.663461616599613224e-02 5.926940216775405723e+00
3.611251758173713577e-01 -2.609565219540800340e-01 5.961389986272186192e+00
7.987697658385785326e-02 -5.524991701917548736e-01 5.403275796245416984e+00
5.373467598710399695e-01 3.930830213846173704e-01 5.848958562270457406e+00
7.064730059493034009e-01 7.292479881544625675e-01 5.806135170800704515e+00
1.468370525525500625e+00 2.741310225871151918e-01 5.047615761355027431e+00
1.356742216795187028e+00 4.812828292634845073e-02 4.961879571745192230e+00
1.421129545418552853e+00 4.159850165291358037e-02 5.017155320248705586e+00
1.262979026330395049e+00 3.248291067221855677e-01 5.061416351463211782e+00
1.148652604164468682e+00 7.099903089528227795e-01 4.304670315162502980e+00
1.175199850874876217e+00 9.934928540324414747e-01 4.464137468458377889e+00
1.921684615106290961e+00 2.612564428086561197e-01 3.951484292320588398e+00
1.591132106647163091e+00 -2.284668232784320407e-01 4.033445583203703499e+00
1.737645916924256184e+00 4.239093788554809672e-01 3.860412471945260826e+00
1.784476480528246478e+00 2.788965707139838268e-01 3.819891085096943861e+00
1.201328098504336417e+00 -8.984380656893609096e-02 3.608021078641594492e+00
9.144943076373410751e-01 -3.334596270973512466e-02 3.638650767791356877e+00
6.221361544722744386e-01 1.667420570288755677e-01 3.418470048333913880e+00
1.116730775397591913e+00 8.469650257727268094e-01 3.370629479973960230e+00
8.128049491292248518e-01 3.791769696607417139e-01 3.371701566391040572e+00
1.114105706387208405e+00 5.999455047341198943e-01 3.358781438490635374e+00
5.685573658353526572e-01 2.972122849398445288e-01 3.364252018811824119e+00
8.139263344711851200e-01 2.995752689643194078e-01 3.734782102345765686e+00
3.255724057059892207e-01 3.163012462657047719e-01 3.536571026413792396e+00
7.395713772577938716e-01 6.125921778485787783e-01 3.696135023814970388e+00
9.378387742489904810e-02 2.839128040731416780e-01 2.867389661943784862e+00
5.749593543719754285e-01 -2.732484258287322665e-01 3.254290062538153894e+00
1.120674588652105008e+00 -3.373382416529757677e-02 3.115136086277024763e+00
1.327580316147443762e+00 2.546781431965998710e-01 2.955130889681186535e+00
1.556524166027817735e+00 2.143039882964140608e-01 2.741500385324563194e+00
1.059033110507403563e+00 4.330306142981616979e-01 3.345034303800883624e+00
8.559657855220872413e-01 6.349573655087257240e-01 3.546342736078788249e+00
5.848956934686619924e-01 5.051848619065423263e-01 3.241203468608706562e+00
5.951545671024980333e-01 1.308238574970372325e-01 2.727899054793415434e+00
3.267798442975464734e-01 9.311625423533007595e-01 2.312336749795597779e+00
2.277426590952090768e-01 9.220839179108434314e-01 1.577148267496062628e+00
8.855968627331646248e-01 8.258723974311026339e-01 2.103261427908767800e+00
8.188727385780991685e-01 9.723335282816810698e-01 2.348921958482626415e+00
1.300592122012908414e+00 9.976371000370105602e-01 2.778287041744169183e+00
8.451232467284772731e-01 1.271409687233720387e+00 2.852871068355875117e+00
6.132648633609628641e-01 8.494367829652405000e-01 2.020638401181431121e+00
7.993898364707314741e-01 8.666618909660482872e-01 1.337817045935383975e+00
6.783682144596059338e-01 1.384008034559208067e+00 1.371235790362633988e+00
1.381327036871157876e+00 1.609243357228783422e+00 1.697003987949736725e+00
1.775462421926107703e+00 1.554537327767480548e+00 1.285481339480267549e+00
1.110429465554891193e+00 1.401010374646527223e+00 1.638130308794960577e+00
9.981269572764870368e-01 1.551527058129316572e+00 2.042767147804315009e+00
9.538594305947556418e-01 1.063623847865605931e+00 2.351806365505137109e+00
2.247151781044424812e+00 1.051236955328732625e+00 2.721117902876114325e+00
2.269217525221261411e+00 1.314096096570308347e+00 2.343201565632084815e+00
2.068106138162404850e+00 8.685279137683465933e-01 1.886887612205440101e+00
1.718915658972643534e+00 7.266765410124834679e-01 2.888168204626330393e+00
1.652485225638939959e+00 -3.065567101429212404e-01 2.867412204515447982e+00
1.835021357143463927e+00 5.086822638010988218e-01 2.950963227627183105e+00
6.303806323004708112e-01 3.407376441979119153e-01 2.739686632832724733e+00
1.019270973738880537e-01 1.293577823973553476e-01 3.340072794103493781e+00
7.615270194653619429e-01 -4.697887531422694773e-01 2.675440238817499594e+00
4.980734081201293462e-01 8.618369887447055455e-02 2.934017522570107950e+00
6.848939097321756764e-01 4.087244933547257153e-01 2.625520504028819868e+00
5.362474831688773813e-01 2.368059564937382566e-01 3.207380825581119144e+00
7.784275821173873844e-01 5.423223929330713844e-01 3.072173763286812687e+00
4.386457294328154344e-01 2.337016575930749573e-01 2.945986184886973724e+00
7.062861404852653902e-01 -1.502937508936982303e-01 2.445675809258439859e+00
1.269494744582370771e+00 -1.437874366743754073e-01 2.483435137511500024e+00
1.644468179362754912e+00 1.273867199217332269e-01 3.003960617112122033e+00
1.725065927294634482e+00 7.123599500808093510e-02 2.383050899887152241e+00
1.451370969623932972e+00 2.674540713029438521e-01 2.592157948288355662e+00
8.141230383912163582e-01 1.019604437139097319e+00 3.464195898906694548e+00
5.722331175111003976e-01 8.008492763381659385e-01 3.529380640452441487e+00
1.489693475047692228e+00 1.220043139766017193e+00 3.972688387622012485e+00
1.093479298734068461e+00 1.878751717064393589e-01 3.704326813098038240e+00
3.509349492747912969e-01 -9.615392555822036003e-02 3.000823294793669938e+00
7.687473110341671578e-01 3.877222430739561687e-02 1.903004396293610068e+00
1.125441394265476180e+00 -4.228767446709393030e-02 1.975194892856998008e+00
1.454471361109599625e+00 1.102907327277091176e-01 1.898727323897189567e+00
1.834516675458988111e+00 3.724584459801654202e-01 1.169329999059290914e+00
2.029368066155472494e+00 8.592064203381285514e-01 1.791552580245830528e+00
1.577697199255097660e+00 -1.315001144740310379e-02 1.992140676841983815e+00
1.085188052046229368e+00 2.043553816232231146e-03 2.183724605862137125e+00
1.449563955044181673e+00 2.404909564350713458e-01 2.689626193218110028e+00
1.528956936468475858e+00 4.014554526668731027e-01 2.461826127375087214e+00
1.572088665041779132e+00 6.443199144173656912e-01 2.182751807486871254e+00
2.092009579903018501e+00 4.745666548978398902e-01 2.213466015733034808e+00
1.815260350725347527e+00 3.379360631997957443e-01 2.244735179698233551e+00
1.558079126038904638e+00 8.028814467235807772e-02 2.572225353184583341e+00
1.489922683392373992e+00 3.295836313144934193e-01 2.455776203248779765e+00
1.348962500505006545e+00 3.444101131715821551e-01 2.170933245455874516e+00
1.046873316152206801e+00 3.266315357679385190e-01 2.005833175582200756e+00
1.274242028230947898e+00 -5.477972187716995817e-02 2.400623686025732173e+00
8.181954697508477814e-01 -1.505585711814335925e-01 2.694230822127371194e+00
1.330267736619202390e+00 -1.935846808483387971e-01 2.741687138398840595e+00
1.139311587516630420e+00 -2.634447649376782663e-01 1.823390181530416321e+00
3.902876357419864384e-01 -6.391810587625736118e-02 2.883618423234759032e+00
8.272199106716267014e-01 -2.079800825063775893e-01 2.954433199660682519e+00
6.717478023973877388e-01 1.264787732871996973e-02 2.243463213035353565e+00
3.796321249942462006e-01 3.338675994194942320e-01 1.589699467879594152e+00
1.206203914581659431e+00 1.063755565152323390e-01 2.268149746841421344e+00
6.509131734591725449e-01 1.997560430901190454e-01 2.310414051735519170e+00
8.858638743275769611e-01 -1.946160677685164209e-01 2.641344091401096161e+00
7.284777779163248423e-01 -2.664942413137755262e-01 2.627552982019437433e+00
7.275152310863315375e-01 -3.039052723312109516e-01 2.337646869059506027e+00
1.557620645578000618e+00 -1.101408491205062290e-01 1.866606062027707846e+00
1.283116327951899782e+00 8.283143965097214956e-01 1.750490318946625434e+00
8.323679680833464545e-01 2.983579293704270996e-01 1.735709580017693154e+00
7.654197612565575293e-01 4.276498849618896037e-01 1.204472705901054264e+00
1.018570548812720356e+00 9.110497221151445668e-01 1.380820963330340545e+00
1.095844688249638210e+00 1.083166659670158127e+00 1.773946600811901808e+00
1.411456288251385471e+00 7.436594263572176011e-01 1.806243531267867519e+00
9.712198372423455073e-01 6.199292061782961660e-01 2.033802694085513174e+00
1.482604243531291388e+00 1.116699380609153858e+00 1.497176400674266050e+00
4.635443127285949205e-01 3.016416491505825581e-01 1.208993869828754564e+00
4.380777438284715330e-01 2.036818161104570202e-01 1.195781717802555155e+00
8.779632510053522187e-01 -3.414360151174362923e-03 1.727298507858265442e+00
9.613524689960880609e-01 2.171288900318652793e-01 1.723385325927410339e+00
4.738820027240805977e-01 5.990136818621178971e-01 1.471411943043937631e+00
6.399883766087028913e-01 9.766160142520110554e-01 1.706023448239518903e+00
3.371553098426633421e-01 1.445215622261342814e+00 1.939159656338705240e+00
1.238691328833303018e+00 2.382233759048217325e-01 2.640136579150741625e+00
1.319016835410379951e+00 4.817849642722456527e-01 3.022920516211907049e+00
1.125545518070410589e+00 7.116838861930572246e-01 2.690783159182487783e+00
1.581555070359970561e+00 9.484458026387915242e-01 2.586598571036715200e+00
1.679121800723249347e+00 1.702552004184123779e+00 1.979268336098696235e+00
1.159339497363347737e+00 1.749912826491474505e+00 2.404454414621036040e+00
1.425621564909496097e+00 1.711864109726429328e+00 2.651466656869103211e+00
1.523048379018607568e+00 1.231201419414722720e+00 2.628889299366433452e+00
1.092731503726859454e+00 8.114193121983017676e-01 1.840291887454578834e+00
3.106609824885971927e-01 5.510644661886385798e-01 1.536913457597111510e+00
9.179113439115121897e-01 4.964009216457899720e-01 2.456246802264466123e+00
3.177128130101201098e-01 4.053521157361070215e-01 2.028534013467708341e+00
5.469876696828188667e-01 -3.458802696101111185e-02 1.293375978280689731e+00
4.985836112967493849e-01 -9.072797404136632993e-02 1.689290628782407433e+00
4.985836112967493849e-01 -9.072797404136632993e-02 1.689290628782407433e+00
5.079374373882131755e-01 3.283981775149143467e-01 1.747072827984314181e+00
3.658225030028448010e-01 5.914330915736428773e-01 1.471687974216589589e+00
9.364989421638463263e-01 5.452937324237069339e-01 1.614314430324818472e+00
4.580556161853264197e-01 1.887039062358152886e-01 1.467392318518778271e+00
3.468597475511709938e-01 1.888951029370563306e-01 1.586763982482217727e+00
3.983542779919255761e-01 1.564990089585244215e-02 1.306639883727022777e+00
7.897107712870342355e-02 2.628196034121398905e-01 1.964709319743038973e+00
8.806194639825427606e-01 1.865433165881536653e-02 1.716494667554193443e+00
5.889443857754592671e-01 1.692886838640725866e-01 1.693569748659542462e+00
7.832011036941372017e-01 1.542670984252989819e-01 2.128339048937590405e+00
6.362304537872477406e-01 -1.413633118482833795e-01 2.614094535580699041e+00
2.820848638805289466e-01 2.861725997620604978e-01 2.120023307193216411e+00
2.487800599166238302e-01 -5.345546858517465083e-02 1.285735818882083104e+00
4.353199858671184530e-01 -1.098871712861709121e-01 1.412208565525632453e+00
9.067057156289874964e-01 1.118425067151597729e-01 1.633838299938430438e+00
1.206899124608393103e+00 3.009618001679098542e-01 1.649015331678515883e+00
1.293734769323429123e+00 8.681917240097454247e-01 2.068082654416331767e+00
1.652706483139126270e+00 6.724251322742976766e-01 1.366827996988414284e+00
2.049693899335553571e+00 1.053165305154099896e+00 1.419965115536081735e+00
2.663905026357543449e+00 1.513193321551399961e+00 1.727443613602209105e+00
3.181735885190993596e+00 1.376935908183469559e+00 1.630052211621923597e+00
3.175311487877890304e+00 1.602078134240821239e+00 1.257277123825608633e+00
2.824073384853138080e+00 1.900131990656936054e+00 1.719712160229372566e+00
2.713243092846231885e+00 2.201659316878513017e+00 1.286065996920640497e+00
2.806902843410756354e+00 2.352770116625768182e+00 1.400796505782577084e+00
3.869192573513038802e+00 2.708879421652728325e+00 1.326955629543339343e+00
3.492098916927504959e+00 2.616088987829195300e+00 1.155381354342353895e+00
3.282436399508924740e+00 2.707331511812796965e+00 9.186123739244137498e-01
3.294115524042143139e+00 2.365887319630460617e+00 1.570889492360486361e+00
3.682048413445933921e+00 1.865245475632711480e+00 1.737699950705051899e+00
3.164867594923911120e+00 2.086310092974016150e+00 1.949890816084924205e+00
2.955543512783428639e+00 2.214273943016137558e+00 1.808820350785506070e+00
2.786428140693198330e+00 2.326502178120625430e+00 2.269671672666354389e+00
2.309405769668858799e+00 2.001769683395705268e+00 2.446399944341616006e+00
2.418016410742072519e+00 1.504062508268429132e+00 2.219094369107727616e+00
2.207902518207633502e+00 1.334960774589349031e+00 1.317640495702300685e+00
2.394842914128780809e+00 1.082153967185042198e+00 1.714374286471880948e+00
2.211086886582715128e+00 6.311734609969396059e-01 8.700144923555279686e-01
1.789018107259297885e+00 3.077275789690999130e-01 1.233018982066761637e+00
1.210772891777603499e+00 6.844112408302316375e-02 2.122531774014047024e+00
1.008718619873272271e+00 -2.380174589915428907e-01 1.840238772048108373e+00
9.405875220259845015e-01 6.004214644074942764e-02 1.803138457346453283e+00
9.756420534370598974e-01 2.507600903603524056e-01 2.321046348611893073e+00
5.749086907237140887e-01 6.998719539705208215e-01 2.633140993639034200e+00
8.465734022465192243e-01 7.062941047705123543e-01 1.651144722261732589e+00
5.947507078808008663e-01 2.272630722958016714e-01 1.244172138311006481e+00
8.585643256008869129e-01 2.785555910142585301e-01 1.830620016026506480e+00
6.642466929416300792e-01 -1.413562063711980288e-01 1.974075703724195163e+00
8.718469993952413510e-01 4.937126379922082697e-01 1.787936241729796372e+00
2.376999316928539718e-01 1.255814284575606510e-01 2.010050385730580924e+00
9.582776129965243639e-01 -6.132550222446964128e-01 1.676761111899241152e+00
9.405578030747951956e-01 -3.078847562022833939e-01 1.718269893004362725e+00
8.072213795700294847e-01 -7.091949538802143627e-01 1.453526678812820494e+00
5.429711770561068684e-01 -6.002676022637127851e-01 1.560020686434536286e+00
4.192491013681854950e-01 -6.284428560849517620e-01 2.262463607417601885e+00
4.877862618661222838e-01 3.683462168589796137e-02 2.038070213766712158e+00
9.514498270111996225e-01 3.016455627246118071e-02 1.758100795032426333e+00
3.109863605289012178e-01 5.467291209310366495e-01 1.676996137407411158e+00
9.988776208163354653e-01 3.872266252068279346e-01 2.202314741208225790e+00
1.131856648711639046e+00 3.451725251235827630e-01 2.254044692045271692e+00
1.174900022246651243e+00 6.468223536565647080e-01 2.419440885241195716e+00
1.697341991138324957e+00 5.455115474809177911e-01 1.781156037778467205e+00
1.464731720421516670e+00 -4.727192322110672362e-02 1.219100524291124810e+00
1.200589365818762522e+00 -3.104513757426384801e-01 2.519449608912914584e+00
8.445863210864992254e-01 -4.566102405917991658e-01 1.903589977359247731e+00
9.572508603438241170e-01 -1.726373006697493051e-01 1.540181165703132127e+00
8.090024544319611710e-01 4.836992966517517090e-01 1.030919439244972979e+00
9.601534888425279357e-01 2.352163549044081758e-01 1.301877661446068313e+00
1.062446467439459807e+00 -3.167393981147968995e-01 1.847842418055064329e+00
6.326369102261553135e-01 3.864653407261298690e-01 2.055490225679259098e+00
7.306140935164571193e-01 5.353623661040711745e-01 1.848648440109673441e+00
-1.267909634534482299e-02 -2.307653435992362279e-01 2.760828614979968787e+00
3.857583622843633875e-01 9.873940893528117269e-02 2.049139001357881185e+00
5.290937052892968895e-01 3.710247471199003555e-01 2.026306403904572395e+00
1.041777259765576780e+00 2.486915578113333414e-01 2.296642314629358417e+00
1.280976198655826570e+00 -1.481017311625492661e-01 2.505468437477262444e+00
1.100714287096849375e+00 2.361627399545165873e-02 2.534904278803300937e+00
7.441238310284651325e-01 -3.518406091046117901e-01 2.292507346155558956e+00
7.106141826207139633e-01 -2.191378120719734146e-01 3.077027858665976723e+00
1.144784972526566191e+00 2.262727271676578944e-01 2.932506908831189030e+00
1.091625351309927661e+00 2.722271445954254632e-01 3.256037750244575424e+00
5.132116616903220629e-02 1.148203246553386181e-01 2.909115365644779239e+00
3.801849169079584145e-01 2.424377742389133561e-01 3.223461539924745267e+00
6.555950297110479941e-01 3.427806555078256046e-01 2.656331881551901031e+00
2.211148685331818520e-01 5.531905210564183051e-01 3.130428237550758830e+00
5.190262006511271453e-01 4.396130462804946348e-01 2.597949828116902449e+00
8.583845000356846722e-01 4.034817726322955100e-01 2.256738587917769490e+00
1.013940729913796579e+00 3.641077788670740722e-02 2.060544086108317074e+00
1.083090155176900993e+00 -1.565312598490330442e-01 2.480216658727497858e+00
1.890842519094563245e-01 -3.381534434308494097e-01 3.000744462785920774e+00
6.523926748182654611e-01 -4.324615258146190522e-01 3.320377639843204776e+00
9.135520483516461621e-01 -1.290472516910960432e-01 3.406423294660945178e+00
6.518432259013654528e-01 3.407373763394763166e-01 2.947486839359557020e+00
1.084134342601380752e+00 3.375477966143492492e-01 2.659571486153868403e+00
1.474012575746614040e+00 1.102902332024474075e-01 3.303447938772061221e+00
1.568244434114452579e+00 1.306696987635031504e-01 2.359205610010157717e+00
1.317983679677586784e+00 -1.244676334979280818e-01 2.804384220007632322e+00
4.811291360184217769e-01 -2.042959022268701352e-01 2.308029470264410854e+00
6.622853099988214032e-01 2.773591434741227157e-01 2.505908624236260707e+00
9.447943664421915022e-01 3.083399734909606504e-01 2.704858346607932340e+00
8.909139658045009957e-01 5.914344562830085028e-01 2.679295159071513055e+00
9.040218766692632579e-01 1.304542316765149534e+00 1.993666381419299638e+00
1.233080658839463606e+00 1.179941984271726252e+00 1.950995944356701317e+00
1.598103186945483367e+00 1.720927657629182761e+00 1.693628346665254414e+00
1.749254720499247018e+00 1.638087657788273699e+00 1.600789285095474801e+00
1.718520492172346259e+00 6.159363799995092315e-01 1.429665176151373451e+00
1.640909442854675993e+00 7.270684623747469821e-01 1.895085508498049132e+00
1.456007077263876237e+00 1.047838805152341290e+00 2.139376207219280346e+00
1.039019566378778459e+00 7.923996282886546227e-01 1.975563074199928382e+00
1.360992014112512472e+00 6.314902907419276401e-01 2.451210482065936613e+00
1.470357571048298784e+00 1.166398211867721635e+00 2.155372903165175380e+00
1.370749707070521239e+00 1.436060089219707736e+00 2.358642838898505456e+00
9.223351070498175819e-01 1.330169058859875797e+00 3.381424708525369027e+00
2.900490130067182037e-01 9.448167954911528277e-01 2.524627127342231159e+00
9.597687892198711879e-01 1.110146243714401848e+00 2.746515970259232997e+00
1.377180179418014072e+00 6.876938590251784333e-01 2.831079753775884722e+00
1.950198113377711318e+00 7.841077519955773623e-01 2.996124730216885634e+00
1.645447657359807803e+00 2.087755600719737870e-01 3.143137931589202516e+00
1.353916683201134896e+00 -2.634878702741285661e-01 3.172439674416288380e+00
1.100305215925259539e+00 7.106461362329208331e-02 4.010761733864667278e+00
1.163150710924242492e+00 1.579979321797576330e-01 3.093036525923915647e+00
7.360613282177056460e-01 8.695712854776954659e-02 2.400512660316193259e+00
8.033620151353563221e-01 3.480742618901544461e-01 2.716794669561673370e+00
2.465925833444544968e-01 7.375361932482292771e-01 2.568390189469716312e+00
8.104215141602267858e-01 6.378133629834593643e-01 1.726598391255679044e+00
1.455884169721901822e+00 8.035417812135468019e-01 1.561000380170444402e+00
8.827847460522965095e-01 9.553235845615329902e-01 2.277275649053267959e+00
1.578084823224950695e+00 9.121364245809725491e-01 2.382329040895335037e+00
2.107510907998360050e+00 9.929124428093941690e-01 2.142006310848635575e+00
1.816374990865692984e+00 8.817982237968823300e-01 2.725244797057463586e+00
2.420522353876309207e+00 1.358081226403998532e+00 3.147604716442783612e+00
2.726516740625781754e+00 1.552480702860989270e+00 2.399199557917666592e+00
3.134681902998324610e+00 1.244520844547454486e+00 1.443055238624457948e+00
2.512526326249790110e+00 1.149853226461768907e+00 1.964932947575345867e+00
2.759218925881264273e+00 1.845241882838960290e+00 1.896924262460066402e+00
2.317681032293131160e+00 1.809979419186561911e+00 2.091279104420748158e+00
2.093224054185265359e+00 1.154624783032961455e+00 1.653910763542768780e+00
2.363361339135298778e+00 9.731854241898747482e-01 1.740059729039102887e+00
1.888376069081161290e+00 8.031192472554963269e-01 2.093754299766191096e+00
1.963676635297663120e+00 1.094249417446470529e+00 2.109824860169024152e+00
2.256156717478313922e+00 1.446286289519901125e+00 2.593100615004083842e+00
2.121192772964335838e+00 9.968556074319188109e-01 2.603174016224931275e+00
1.522807505582921994e+00 8.305964579968720951e-01 3.039479000506539741e+00
1.285583533521345245e+00 1.168470854937636361e+00 2.790557609441414844e+00
2.120690147341539600e+00 1.079516105577953189e+00 2.613572535315272116e+00
2.149210681657037991e+00 1.232115849750725189e+00 2.627499848014216877e+00
1.862664450945620498e+00 1.290272881637084312e+00 2.570375939983668978e+00
1.810981282679223536e+00 2.318630442958165006e-01 2.572355952828875303e+00
7.549833405074131143e-01 9.779678895987038434e-01 2.348330755458981844e+00
1.244644523917717738e+00 1.024702319603529199e+00 2.671403797996728002e+00
1.056135503050632307e+00 7.948774850461024499e-01 2.150445372888823314e+00
1.214921781247629839e+00 8.461688603560697519e-01 2.598050117184247387e+00
9.204919345965222321e-01 1.610259958827144344e-01 2.721451472925952686e+00
4.249122669644557204e-01 -6.762327279993186890e-02 3.307125275215723192e+00
4.483025293308448567e-01 -2.889761413455428918e-01 3.402163133751502144e+00
3.589712114329974835e-01 -2.058947860481567527e-01 3.108201001508769767e+00
6.759978667463391044e-01 -1.477822905799317521e-01 3.058217431968601296e+00
6.938558703014824358e-01 4.781726975533568402e-01 2.693212424795985882e+00
9.263137908224389205e-01 5.144605214374446955e-01 2.354431353899942625e+00
6.139737589033646969e-01 7.204028766268021355e-01 2.323361452420324547e+00
5.874297658584523019e-01 1.643764546225969791e+00 2.097536333816515608e+00
9.967144361504081118e-01 1.286737086866933888e+00 1.845728824709002680e+00
1.824643582420354404e+00 1.094200593747527650e+00 1.171878096497460664e+00
1.629489084390914222e+00 5.658769028072716534e-01 1.766310447939760220e+00
9.073727994888295401e-01 3.413082558546551293e-02 2.120442384034761485e+00
1.115787065091882635e+00 -2.165042279905320943e-01 2.171446050431667718e+00
1.226010812629390268e+00 8.339684197852379466e-01 2.194565958663714955e+00
1.223857444632599378e+00 1.496234215598931439e+00 1.796865136084295322e+00
1.642249011172758344e+00 1.297891777198025620e+00 1.719950870374757246e+00
1.305848183600758494e+00 4.957752626245989225e-01 1.504972839048459132e+00
7.082439642752118569e-01 3.131074791968911364e-01 2.530394975336092589e+00
4.379475554829962425e-01 6.967049397792728083e-02 3.046183505415192450e+00
3.344365555878529017e-01 -2.499786693143108696e-01 3.027944870125714782e+00
3.378764351772884922e-01 5.923892828590785475e-01 2.694193031876889854e+00
9.659408250472396595e-01 2.855818550878523876e-01 3.173323500877725412e+00
-9.590353679590565839e-02 1.227886208182622646e-01 3.783193758688830677e+00
1.155750772167967622e+00 7.782481829175632582e-01 2.712883079357168992e+00
7.662452787409471666e-01 8.773385168936347345e-01 1.837415369294267853e+00
1.007248449893205500e+00 1.186549188214103712e+00 2.170533815307492453e+00
1.052040045354053932e+00 1.156839684155174908e+00 2.441380556177512151e+00
3.324063667458916349e-01 3.955050043830770079e-01 2.097998044881253854e+00
1.231333609743444857e+00 8.251891241746626138e-01 2.680654506946661186e+00
7.948865826087178066e-01 7.634187950021495972e-01 2.112016555371515558e+00
7.992307529703118751e-01 8.774326536893954920e-01 2.529620286420322550e+00
9.204606970291093759e-01 2.886588934586314936e-01 2.920258417098529069e+00
7.956587885643798819e-01 -5.255268807543231890e-01 3.079724632838642506e+00
5.410696047450334056e-01 -4.248558356658400093e-01 2.190738337975357108e+00
1.942175391983675947e-01 -2.568714389850674795e-01 2.107740988035987861e+00
4.988874985597686607e-01 4.019638933819419946e-01 1.663520735730286804e+00
2.221232329003290651e-01 2.504628595510715594e-01 1.530141198112286105e+00
7.369544358075982293e-01 7.267025591635103421e-01 1.552004760741435563e+00
1.139009176154603065e+00 6.287038728623451922e-01 1.564870132264405411e+00
1.686010211350136734e+00 1.028802074779028297e+00 1.756395415171785102e+00
2.185080702651134299e+00 1.185970542510763837e+00 2.149801722386445402e+00
1.915391547912744352e+00 9.555172833458818182e-01 1.304907244688582102e+00
1.371952365060554513e+00 4.358372446464091055e-01 1.277153291457477469e+00
1.168387210351885086e+00 3.369701514653812291e-01 9.794385564068415206e-01
7.143321357150974604e-01 4.187676876781110114e-01 1.402133661394670661e+00
7.368960526481825868e-01 2.479123760450528957e-01 1.842629133741892078e+00
6.534369126185534116e-01 6.784053726240028004e-01 1.517054111289395379e+00
2.135502547576932919e-01 3.451906114099794198e-01 1.498502424450091519e+00
5.920779241486797684e-01 6.469718353667802679e-01 1.732539467467445027e+00
3.009712347074519623e-01 9.458533163822820944e-01 1.676386265303948298e+00
2.361604287081285336e-01 5.769344594511111035e-01 1.881898975832115628e+00
5.018619494050527985e-01 5.228712701500506377e-01 1.828437170079663110e+00
6.336624551908907055e-01 5.598706982054826309e-01 2.235461752411256331e+00
5.711298662776113089e-01 6.232574666977197531e-01 2.137027893519134469e+00
7.416719671262159697e-01 8.759758827104724421e-01 1.970618070429585256e+00
7.024622219960903191e-01 1.047024890951048448e+00 1.811937256249356309e+00
1.052686567881879975e+00 9.530740378940021351e-01 1.527206816559624425e+00
1.386807113118403656e+00 1.292484825746475163e+00 1.223185855307268310e+00
1.282393506101930258e+00 7.387173893728329332e-01 1.848511547238809616e+00
1.306087799199268762e+00 8.312697081915249031e-01 2.042071662188207348e+00
1.566265395659023785e+00 7.042543725423160428e-01 1.537105394774031852e+00
1.213218974909626935e+00 3.380477291539670803e-01 1.439612077031337423e+00
5.882290361643928156e-01 -3.231749104949545037e-01 2.220397429128164735e+00
6.221962124253627158e-01 3.132583365465250735e-01 2.573886616570667307e+00
1.153716173448956051e+00 4.180826452756586376e-01 2.557551426166149167e+00
1.374423979471262713e+00 1.006339102659125073e+00 3.177542266150553907e+00
9.193886434333955471e-01 9.034334429367095742e-01 2.713181136398597371e+00
6.419357699135745943e-01 1.551691017474425838e-01 2.223530892908396783e+00
4.790582362838942676e-01 3.162495580119064065e-01 2.382590040991429348e+00
3.491446026305112804e-01 5.743345260911424388e-01 2.798362340169103568e+00
1.015604951133618483e+00 9.879224856329114068e-01 3.031175949708087458e+00
9.190533891603741568e-01 1.034825953908599994e+00 3.265578734951568585e+00
1.254410373485810526e+00 8.496580863783597115e-01 3.567521672305086433e+00
7.411895071049657835e-01 1.311584336074233637e+00 3.521603470655247481e+00
5.235395463647789516e-01 5.593189797382265294e-01 3.123518787982725087e+00
7.598601714980911526e-01 9.703925163236865048e-01 3.301496392124662282e+00
4.177087752263224374e-01 2.728751951482135674e-01 3.247045735300240210e+00
7.271856668087746112e-01 7.990523340976447564e-01 3.093530769063113084e+00
1.051402131487986003e+00 1.079674438040809870e+00 3.494326746037018872e+00
5.253948408972940465e-01 8.673784915811901808e-01 2.590473623124092128e+00
6.120407087872704599e-01 2.682025514153930645e-01 2.514983865107992766e+00
1.766229259273121854e-01 1.999644789793869615e-01 2.479752046194251047e+00
4.369618423692871456e-01 8.618883002032184937e-02 2.661724313998683478e+00
3.868543682863361810e-01 -1.943047348720585710e-01 2.617251685873478895e+00
1.130963718740752411e+00 -5.961351049458312179e-01 2.515804187484127485e+00
1.406456648708542811e+00 -1.796930560813590760e-01 3.220613513611018774e+00
1.550055455920439362e+00 4.322403573948544464e-01 3.625603312740749651e+00
1.383026337880654211e+00 4.566774582076738032e-01 4.785192260062223646e+00
2.400464305279677302e-01 9.177772943902577918e-01 5.224510699955428272e+00
7.817371725370041435e-01 -5.412696591328344797e-02 5.288676595222490562e+00
5.726312790598686586e-01 3.067453377926571134e-01 5.004274758493058251e+00
7.556835624248368077e-01 -1.548040781152636158e-01 5.435730404374795377e+00
-1.720714668315585782e-01 -5.309151398127802401e-02 5.347867331913284339e+00
6.621205926595181701e-01 3.948007703476197339e-01 4.947197007878417985e+00
5.334526648347901467e-01 4.146932107193785910e-01 4.614895531993004063e+00
5.488825293636604430e-01 5.575342231653396263e-01 4.308265098686423933e+00
1.127930641834289149e+00 3.931035066956992119e-01 4.793320917468018472e+00
1.271089048043390068e+00 5.231461161978727681e-01 4.856708343051113097e+00
7.796689814885072733e-01 2.666784484431917179e-01 5.308731415541254606e+00
7.825119274453032903e-01 -1.411274844750068647e-01 5.041395869080760761e+00
1.270702886675228793e+00 2.781516981704579283e-01 4.244620704762393615e+00
1.133466893872462800e+00 8.426410699520190395e-01 4.115414982516697684e+00
6.536455496055260106e-01 1.450054611351571099e-01 4.486575969244991136e+00
8.377699970721376177e-01 -1.226470493302814907e-01 4.699909155040300490e+00
6.529141455771625413e-01 6.205818738190169853e-02 4.553193700089709139e+00
7.050614056332943358e-01 9.056005767373076498e-01 3.983943567520721984e+00
1.114868916038962432e+00 1.095428620545777942e+00 4.008869446500423095e+00
1.088855619113325179e+00 9.884267558407620058e-01 2.972846102805752899e+00
1.087464338589411605e+00 6.622162679206701208e-01 3.057321344225390369e+00
1.212092459306450598e+00 -3.707192470948199592e-01 3.381912732183581571e+00
6.138605217526507118e-01 -2.736719473988562523e-01 3.711579604611927596e+00
-6.519351659362761231e-02 -4.025750340027366425e-01 3.765338240299259454e+00
6.345838510382355580e-01 5.397769452976415583e-02 4.301549254929033062e+00
1.011432219681891453e+00 -3.838980202549845955e-01 3.578223294641812657e+00
5.398131631084231996e-01 -7.559097384093932392e-01 3.536365969297797118e+00
9.103100710099329973e-01 -5.497107662376883308e-01 3.683459617187511803e+00
6.977426445499105290e-01 -8.171153903894579074e-02 3.985920401358099330e+00
8.621239530786508620e-01 2.387263644896560622e-01 3.981783483626981202e+00
1.194312975583492920e+00 1.229742918816842390e-02 3.551460726248458322e+00
4.616831622781207844e-01 1.819017871079338655e-01 3.780836134593957620e+00
1.192219857580797404e+00 3.623415169435956207e-02 3.286109147879701098e+00
2.807725454067245829e-01 8.498491072662979484e-02 3.529284303775295228e+00
2.814062613285319703e-01 1.047306467896774729e-01 3.734835408217969999e+00
6.569048434104894918e-01 9.974153247457326343e-02 3.762948281027484132e+00
7.013054620884949519e-02 3.388544703216982978e-01 2.890179297584565710e+00
7.694201349389883093e-01 -1.270583159912270776e-01 3.302716281160494205e+00
6.668869829038344132e-01 8.896230894305481862e-03 2.954186044961301327e+00
8.022727441091074274e-01 -6.137339138958017304e-02 3.135416527126112740e+00
6.483684713584063619e-01 -2.646375767962551653e-02 3.260436624605760780e+00
1.262986271310304165e+00 4.535970658997506288e-01 2.545227581034299469e+00
1.499495083184732458e+00 8.609236931088746214e-01 2.648495415207005266e+00
1.001063157127754621e+00 2.316803538050623557e-01 2.253125375240898176e+00
1.020770485691692153e+00 3.196971628954510258e-01 1.933474520284756748e+00
9.007383876533262557e-01 5.233513870305384064e-01 2.254577962738516295e+00
4.061825072430429451e-01 9.671209473549768898e-01 2.203085172781391599e+00
9.418241053275056007e-01 -5.381227853631090352e-02 2.401387331336774178e+00
6.372499206302489894e-01 2.770580131512955235e-01 2.895284762297274828e+00
8.027362604039215421e-01 8.311725484417972210e-01 2.796405613340026353e+00
4.021828995551887109e-01 5.141388364756769302e-01 2.771157985583069472e+00
8.424059523913797198e-01 -2.838798304756584567e-01 2.918232021903788276e+00
3.045144781048799709e-01 1.590876567992313140e-01 2.426267277716705362e+00
4.381585560530731893e-01 2.916632954278427503e-01 2.400590779640324968e+00
4.741484809899401687e-01 4.248491587973887706e-01 2.620494422843235416e+00
5.734924843293482954e-01 4.592914218256368142e-01 3.192989202523260239e+00
6.292124907254534882e-01 4.071469195105312799e-01 2.967839267675987269e+00
1.036707060328391439e+00 1.690450600966366124e-01 3.560688437124487127e+00
1.326781748566946861e+00 7.674117987160017362e-02 3.192364913628228162e+00
1.304428540687931237e+00 4.685143004848257853e-01 3.312685127318948819e+00
1.671601944888316371e+00 1.231449834912902386e+00 3.443807200260884382e+00
1.422770727208177322e+00 1.771707357264327376e+00 2.589407521350735930e+00
1.685874426497390166e+00 1.259409593052918552e+00 2.375720225089754667e+00
1.872562089343012603e+00 6.179246556227675491e-01 2.150085333617569816e+00
1.754127534847369052e+00 4.585748878926358407e-01 1.538870724649043398e+00
8.857385253138125858e-01 -8.365364977167644156e-02 1.827387472781266453e+00
3.485825041262323731e-01 -7.540572364518471904e-01 1.983560262589223688e+00
8.376228432376664479e-02 -2.230029990193588552e-01 1.406249237507740668e+00
8.227905927424240540e-01 3.919239937069134427e-01 1.835006396529469397e+00
1.137667441609489405e+00 8.233746794631591204e-01 1.126580181462212282e+00
4.073992506278668602e-01 6.535009576903852979e-01 8.781111635803779958e-01
5.086145879130493652e-01 3.277441723177151878e-02 1.369489840557066573e+00
2.417680454549677171e-01 -4.464879692083212337e-02 1.992240643629778818e+00
5.902225277055270780e-01 2.818432305229430224e-01 1.721885852440180109e+00
5.023949316542286603e-01 4.345904869456881370e-01 2.454721283649449859e+00
9.335806125182309900e-01 5.381467034600998511e-01 2.147627904321747661e+00
7.533153298224162242e-01 1.318714972946366526e+00 2.558024566275435951e+00
1.702012423940627295e-01 3.628075237175270584e-01 2.907305946450040146e+00
1.048068479795345009e+00 3.262194720235955803e-01 2.770100720140638906e+00
9.811328764028576233e-01 8.768113717370532023e-02 2.986308761060490369e+00
9.900949884642488152e-01 3.727418739727718089e-01 2.970680853493004925e+00
9.084776191142535096e-01 2.340680837620980337e-01 2.171004500290365069e+00
1.310049397107099223e+00 7.820156510451785614e-01 2.094228681842501327e+00
1.468390462981328026e+00 1.596330980419768508e+00 2.984734630001216527e+00
1.902346086607256570e+00 7.892757409330543039e-01 3.338263937153841621e+00
1.596854695192094331e+00 5.238538997214901016e-01 3.822644979891713035e+00
5.574109514374094854e-01 -3.676003200904749413e-01 4.216482221981702416e+00
7.278744770568510436e-01 -4.431665810069791711e-02 4.086536088213447826e+00
1.355574416311509656e-01 -1.456801943171680443e-02 3.893924127571767979e+00
9.665266869533598593e-01 2.618918924483937816e-01 3.553159232538149137e+00
1.037315737257026305e+00 6.841040113984518944e-01 3.741158495030150188e+00
9.067692879695227193e-01 5.720218381885935344e-01 3.801168364073364447e+00
6.002225569822351448e-01 4.578368023260889208e-01 4.453438818016380196e+00
6.460345936441744819e-01 4.017300196260804590e-01 4.214510236022174006e+00
1.180504557343309946e+00 -6.312115569459808562e-01 4.054336278103716218e+00
1.045724600674857063e+00 -1.358963103600709099e-01 4.463465282575515225e+00
1.508331912138237030e+00 -2.201587194924008173e-02 4.233771175612350390e+00
8.798072920155453058e-01 -7.226527817811476129e-02 3.446464976677370284e+00
8.165885730909022699e-01 -4.929585402711351705e-01 4.315220974685039401e+00
9.203416173578181370e-02 -6.620881908548906791e-01 3.913461957973722871e+00
5.808706997203030298e-01 -8.283958512913452976e-02 4.121570037731108194e+00
5.624476354487959462e-01 -1.563245598404757464e-01 4.287297188996460839e+00
1.078364741081510703e+00 1.322706593401874464e-01 3.428255128790781647e+00
1.447153104474689922e+00 -2.403347635835283436e-01 2.809076032115571664e+00
1.272029170447725788e+00 -3.135177646593027001e-01 3.104290092739066420e+00
1.086132795579906940e+00 -1.387602233680291786e-01 3.020434987371765523e+00
8.057613140698548504e-01 -1.984692121275831445e-01 2.544022385752919835e+00
5.381751473655721485e-01 3.903629218273449997e-01 2.543302378982400302e+00
4.377962895273999622e-01 9.184428442992716157e-02 1.859872052437081758e+00
6.606654620291486646e-01 1.616000771736944286e-01 1.932542638680571967e+00
3.045036506665751430e-01 5.776657489345253804e-01 2.128297692205314284e+00
6.531682734462381790e-01 9.377949815054629212e-01 1.617816181350529625e+00
5.109850192781045797e-01 1.238301920564728320e+00 1.851150986019128863e+00
5.243773154510678047e-01 7.939340820846999547e-01 2.182700127366132392e+00
6.171144097407721407e-01 2.326139792117553895e-01 1.365023545580425601e+00
1.175610887864701803e+00 1.189143452704934656e-01 1.286003364037422214e+00
1.072833467210776437e+00 1.331352456135217743e-01 1.987041152069917160e+00
9.298867866421963724e-01 -4.807925315115926801e-01 1.822355495728242403e+00
6.437413234695773534e-01 -1.941229309887397003e-01 1.857238773236576268e+00
3.712409071916301651e-01 7.331605598440246729e-03 1.805478325302168230e+00
8.160926479287333724e-01 -6.479322230905537605e-02 2.213350621631288373e+00
8.370182446012243149e-01 -2.507113107035046085e-01 2.125223193183813475e+00
1.555076505479897897e-01 -5.598712197657891299e-01 2.036118928264814887e+00
3.431714969136411275e-01 -2.923002385443270734e-01 1.938817751157179359e+00
6.423891899310761877e-01 -1.686993498907266575e-01 2.355846185915375202e+00
7.294587607192521972e-01 -2.286234318438298829e-01 2.411363420912534750e+00
1.095391785936536744e+00 -2.257812372493170072e-01 2.423632243433094580e+00
7.351116892165878713e-01 4.563140737637295108e-01 2.131849820546981356e+00
7.094673827347233175e-01 2.004027506938561021e-01 1.768477175007070246e+00
5.317154905110891283e-01 3.194360529053785203e-01 1.686549613286252747e+00
5.972979015735817576e-01 5.827537103307587341e-01 2.214933749376628569e+00
6.843875635486532660e-01 -2.296680706078330636e-01 3.149160801976367274e+00
7.508635442849364017e-01 -4.191074494996149813e-01 3.779731382693638508e+00
7.805348782732051127e-01 -1.090196995668454988e-01 3.283069124683062334e+00
8.881943567395448325e-01 1.017359317756316162e-01 3.519420355909828046e+00
1.530824845449167082e+00 6.447571423279718772e-01 3.602371562072641531e+00
9.458861195340541039e-01 8.471115759178091675e-01 3.509238480272184102e+00
6.664268076287434006e-01 6.401434577299339734e-01 3.812863505164045375e+00
8.107352584979129473e-01 9.686752012700884373e-01 3.532761130885470280e+00
7.001578585639958163e-01 1.353753681118860852e+00 2.629210250831814921e+00
1.158481519423945061e+00 1.279829805054653047e+00 2.818900484816194929e+00
1.763087444905205636e+00 7.523521568369450074e-01 2.561866738519216202e+00
2.127095126774288580e+00 1.373547203833311414e+00 2.246156170466584889e+00
1.464363814905873529e+00 9.372736127285277163e-01 2.491393551322035549e+00
2.036152866716994136e+00 7.705718039640002681e-01 2.045132092497658594e+00
1.681466237985700385e+00 4.384121482336615916e-01 2.390394485711953898e+00
1.954718245572323987e+00 1.159264331416583471e-01 2.939131161419846539e+00
2.206517358560033504e+00 5.483482222741871137e-01 2.677853688816314026e+00
1.745889895444126427e+00 9.750151303126624036e-01 2.307929264980784101e+00
2.008958798400251489e+00 7.792318479151292276e-01 2.421058718659372833e+00
1.978415429072019061e+00 1.053976987313004265e+00 2.197148696135271084e+00
1.491952608235303845e+00 4.748708735034949946e-01 2.349063792285272179e+00
1.372851566048018279e+00 2.316354410763759586e-01 2.372637471475571136e+00
1.858414159449022662e+00 3.897090097158939503e-01 2.826266877193477800e+00
1.762397300259087585e+00 1.296083235285233615e+00 3.521122949553307180e+00
1.991789965681711960e+00 8.402588474567371790e-01 3.712215140801752522e+00
1.615167901319423338e+00 5.651740995717596805e-01 3.843775838407654355e+00
1.986844552531871866e+00 4.182144788424567716e-01 4.263201450553080640e+00
2.288250127423376856e+00 5.313120293700122065e-01 3.898028607576663251e+00
2.456090810834027582e+00 9.436876641470329785e-01 3.251013756361465390e+00
2.253068109507100569e+00 8.593423294844363403e-01 3.312142312272269962e+00
1.582721814186686338e+00 4.809434639100628184e-01 3.794233452668279050e+00
1.753512018246035753e+00 9.088394441540531554e-01 3.864166422604217388e+00
1.791800127460383862e+00 1.194851666725781358e+00 3.636915300959919772e+00
1.671107488473468239e+00 1.588519163053039307e+00 3.377245744890647661e+00
1.010088219356846784e+00 2.029323631896545521e+00 2.899670656752517228e+00
1.145894208739595577e+00 2.023540316213168211e+00 2.405713750570741549e+00
1.540468001104770890e+00 1.919692745091859054e+00 3.036499632298619744e+00
2.048105821563281026e+00 1.379276110115072784e+00 3.043527293794482613e+00
2.072614874730322576e+00 1.659064605759097866e+00 3.120639169939217528e+00
1.576538594125171722e+00 1.372508914168148353e+00 3.021175762612030802e+00
1.549377008515432141e+00 1.210005923661483518e+00 3.067948809703816782e+00
8.284403623157989838e-01 9.124960131469431746e-01 3.023131211965642606e+00
1.264128748167260508e+00 8.352630264297914442e-01 2.082001065874152346e+00
1.462996994599566447e+00 7.250872284343420349e-01 2.315966434993298240e+00
1.422511830982956971e+00 4.983327059519224167e-01 2.938033023718056302e+00
1.341673514038421278e+00 6.500690573106220338e-01 3.603951435643337753e+00
1.607033911627137712e+00 1.315123961032259370e+00 3.066284667995396784e+00
1.460138618212031059e+00 9.086770817940019729e-01 2.273470225413164680e+00
1.078074009299357039e+00 1.036733512172234306e+00 2.542076533298896379e+00
4.893088454514719632e-01 6.370870842627025521e-01 2.832369219298462415e+00
8.159490810317960863e-01 6.039640835340693847e-01 3.027155736078479098e+00
4.843855397209729241e-01 1.415370159037823705e-01 3.206811240597488233e+00
9.347887115127415658e-01 3.071216241771442257e-01 3.458818661019217089e+00
1.732483575832669265e-01 -1.466938770185512164e-02 3.048256654266746413e+00
6.024790770985386512e-01 -2.623272993150260746e-01 2.752365708627201979e+00
3.683586738100938507e-01 -4.547814038909517298e-01 3.167905343623903747e+00
4.163013027809196465e-01 -9.390151767471237310e-02 2.461227113092512742e+00
8.336842627497106362e-01 -2.440178703653279602e-01 2.298363378456908634e+00
6.240398340699303548e-01 1.137073635900494872e-01 2.876832749724055116e+00
5.493551910806350191e-01 4.038219657793494233e-01 3.123051571757677003e+00
8.743365713213108181e-01 3.008384940376261918e-01 3.186629040804978885e+00
7.058519010929386051e-01 4.727299658149282657e-01 2.947574647799046765e+00
7.588595049389567082e-01 2.050244282559501030e-01 3.209926791529549739e+00
8.259014481729169965e-01 4.044425648084264413e-01 3.524936805557862485e+00
1.047426847367177061e+00 3.705932951796087060e-01 3.416577137701179545e+00
7.720292582902108514e-01 3.642842785807208772e-01 3.645406513151656647e+00
1.319454717945305555e+00 -2.090553462510851002e-02 3.417548585811511330e+00
1.304892592043537691e+00 2.860521296658237178e-01 3.228098925032501842e+00
1.441882408962142925e+00 -3.381544867565033918e-04 2.597150311415414414e+00
9.470686335902982478e-01 -4.661227795346588598e-01 2.920106237062053633e+00
5.072020029837491784e-01 -1.988877118915858278e-01 2.289775475604871602e+00
8.097068378836109748e-01 1.720953343970638150e-02 2.380336981303438737e+00
3.025362049352127158e-01 2.553477812687190429e-01 2.065815195182645336e+00
7.342090168977530862e-01 4.180803173945961682e-01 2.436923009741932322e+00
5.865883984648350147e-01 3.489770145298519421e-02 1.612783127835067942e+00
7.977144028802692910e-01 -1.758970546355867470e-01 1.974151537348330487e+00
6.859074550308963403e-01 5.602019769886965594e-01 2.196516256831803293e+00
9.929310004836473524e-01 3.856051512807358028e-01 1.845936802226792572e+00
8.117169653729821022e-01 1.172375343111543566e-01 1.881622790835366432e+00
6.231606697738187872e-01 -2.330013524517612344e-01 2.321906690722647326e+00
6.231606697738187872e-01 -2.330013524517612344e-01 2.321906690722647326e+00
8.028465848422614570e-01 5.754313573245372071e-01 2.929439027945331286e+00
8.670735733151585523e-01 -1.852049200245016181e-01 3.766221988863045045e+00
1.181216020028216906e+00 4.373207761923312287e-01 3.618982141206342096e+00
8.798699673333056914e-01 9.012150253278518042e-01 3.418788840930589323e+00
7.588164979298168689e-01 8.759611418820520967e-01 3.552845199327216985e+00
8.344681589693874191e-01 8.166851031160388130e-01 3.332032598639941945e+00
5.523154887304123628e-01 5.685087925810502485e-01 3.015042626574470308e+00
1.153275880745353366e+00 5.086868206381081059e-01 3.187515075938109899e+00
1.312224906707837757e+00 5.774544377331793932e-01 3.064207637736779510e+00
1.442733727713343628e+00 7.612303686953970638e-01 2.681370731917377181e+00
1.313647569124980707e+00 6.324057445202876382e-01 2.249945444538037354e+00
1.095070218386912320e+00 3.510085747284873436e-01 2.273813396164448442e+00
1.433698043593648386e+00 1.737033317301320545e-01 2.843377331072210357e+00
1.314947559919041886e+00 6.870611029890734134e-01 3.776973154884276429e+00
1.099850484348062540e+00 4.537772513293777954e-02 3.934412676377528673e+00
6.825747726407671578e-01 -6.496263889435703598e-02 3.728728602783657475e+00
6.496338802391334877e-01 -5.851165203266771586e-01 3.210408939381356852e+00
8.239429509506334126e-01 -3.729000935106111525e-01 2.894080580959144555e+00
1.192317316353898260e+00 -2.939128751462559141e-01 2.640067028792369541e+00
1.305825833738607056e+00 -6.759536667027842005e-02 2.840660908289970088e+00
1.360150447999939116e+00 -2.876361650959343153e-01 3.189252576666931738e+00
1.124975174673299882e+00 6.401190355734660831e-02 3.151079481400135496e+00
1.136018861031055538e+00 -9.845010448341150189e-02 3.009510246974946845e+00
9.599947895453783131e-01 -7.395566031156294295e-01 3.119372259386006263e+00
1.105604154125275240e+00 -3.007380515817463795e-01 3.250497631105265572e+00
1.198075405295560003e+00 -2.437548033959514859e-01 2.629816019031215646e+00
1.218875613086671361e+00 3.322983783661930257e-01 2.873859980579215989e+00
9.632545084626528142e-01 5.355952255947895591e-01 2.376457258680675810e+00
9.755014914149942040e-01 3.177215316333869000e-01 2.113350032151602331e+00
1.558642636370872303e+00 5.343390979453558343e-01 2.440958835817609085e+00
8.870770619500418785e-01 1.432324970518700225e+00 3.653527843010500042e+00
1.189567578491833366e+00 1.399461137706290437e+00 3.257103067816903064e+00
6.825417319142158545e-01 1.176752108816326414e+00 3.535821551393116824e+00
9.855026792059798924e-01 9.207951491460597548e-01 3.443449032702608825e+00
1.140731013984208175e+00 5.964257245418138620e-01 3.456335560278264385e+00
7.093305285916422509e-01 -1.894918786676216826e-01 4.385266222390430180e+00
8.822314400075894625e-01 -4.716780296669808442e-02 4.010091863225761166e+00
6.626883885685440623e-01 -4.660962757297548720e-01 4.371406574668082357e+00
5.111678397751263647e-01 2.766619125892810782e-01 4.252373769790388280e+00
4.722301597338368628e-01 -7.069968869359201102e-01 4.765971435797886180e+00
8.746093600052752270e-01 -5.659397269192285584e-01 4.116753912328240617e+00
1.450026844502048329e+00 -9.121972269624940566e-01 3.972863726491360215e+00
1.386210885850749142e+00 -2.271922044696562393e-01 4.338040456984242788e+00
1.483824447671121982e+00 2.958842005000867914e-01 4.737396405887613682e+00
9.268165314641925168e-01 1.405593389779739855e-01 4.317892832301948758e+00
4.446940052580619640e-01 -4.104103102842026063e-01 4.389033751111982795e+00
1.525435519872049839e-01 1.057878597505301360e-01 4.143847286431530108e+00
7.962292060941202898e-01 -8.677724100819969588e-02 3.293421811862309756e+00
4.977337038404008873e-01 2.365920223331735017e-01 3.789726926694717335e+00
7.256786868041750216e-01 2.096501069560328945e-01 3.999122149597406306e+00
3.611262828512858958e-01 5.399065153719492249e-01 3.547742731227456758e+00
9.517921634524620922e-01 7.556656969811862412e-01 3.555842423370861649e+00
1.144049209785334975e+00 9.383183522124419751e-01 3.070228019064281000e+00
1.032375879405470931e+00 5.128249362192368599e-01 2.384578596091738945e+00
1.433842511381123286e+00 2.320816920358799440e-01 2.518998863127076770e+00
1.363703975530046186e+00 -2.041715015422363722e-01 2.463898646740912746e+00
1.458643068497553985e+00 4.749303398767980300e-02 1.961159602652794209e+00
9.387660892313572925e-01 -1.553923814465894837e-01 1.702140216981269827e+00
3.467794738252134579e-01 4.210461683831400737e-01 1.652111893533256826e+00
2.298437204264151823e-01 4.201273749634489851e-01 1.549996065336193496e+00
5.152929746005835421e-01 1.643710775255342316e-01 2.269243945161430354e+00
4.344719927313348551e-01 -9.103460033293320208e-03 2.202005260259892960e+00
1.373506335896084452e-01 -5.829774004646395280e-01 2.175212854680288910e+00
4.417728074379277392e-01 -5.362915158960013251e-02 2.202340480989573024e+00
5.741967998121458860e-01 2.094760545464789125e-01 1.545090249399519777e+00
5.323857657079460459e-01 2.983865765581787954e-01 1.616163556972552096e+00
1.197918623872495258e+00 4.794578967580643419e-02 2.319829202197581264e+00
6.289172581003099616e-01 1.276420779451654108e-01 1.901017955859172437e+00
8.101357707174479117e-01 7.177917571248877693e-02 1.595068882156914114e+00
5.534021520981000641e-01 -4.878735400035215386e-02 1.702127372431521124e+00
3.515174981187471070e-01 -4.022214212896132457e-01 1.536910302137093121e+00
5.211416413287490723e-01 -2.834377035937543643e-01 1.980082512347104418e+00
4.877544165589120517e-02 -4.982011799120180107e-01 1.966867698032654266e+00
7.701211191569847792e-01 -8.825158383240198079e-01 1.968545434677316575e+00
2.869994004406505317e-01 -7.888613503710268926e-01 1.513757970230967365e+00
4.026009005782101857e-01 -3.546274799200633265e-01 1.352814420590848332e+00
5.481736299087119901e-01 -3.361020583012763185e-01 2.081271682167178838e+00
4.461350149973841162e-01 -2.618559817748155050e-01 2.331378214429562501e+00
3.914366041413226416e-01 -4.630215700968460801e-01 2.337073198953643516e+00
1.050134392246833581e+00 -1.870345101579339309e-01 2.166763684555244041e+00
1.181222888405989879e+00 1.251052638026746155e-01 1.743409722763703762e+00
5.533840072301574597e-01 3.717172853274893773e-01 1.211945142605606485e+00
6.662837006102881876e-01 9.086286941566558140e-01 1.498729205259154096e+00
5.793488857004404080e-01 8.960426807307023678e-01 1.573973006488589732e+00
1.032238158020795771e+00 1.214121128535317062e-02 1.548788307822486665e+00
8.367654593322623180e-01 1.520348920905995882e-01 1.746745838660524575e+00
9.858120290828528143e-01 3.756289440239902189e-01 1.834795665754143990e+00
1.418551673758746245e+00 2.932918218567878710e-02 2.343339334034086452e+00
1.330118611764930847e+00 3.606078986234038108e-01 2.492293394483648505e+00
1.600075112171644776e+00 4.763861802830675063e-01 2.881586556776459584e+00
1.254573029416159669e+00 1.348981333766838819e-01 3.079686626060226473e+00
1.279598836840632359e+00 -1.587779984800385402e-01 2.992065919396495133e+00
1.076873469930258675e+00 6.107052399814378862e-01 3.323045825244669960e+00
4.778125967662744666e-01 -3.036207309168464374e-01 3.613578145834812183e+00
6.866126827829558410e-01 2.214411003596141736e-01 3.043885334607141502e+00
3.502905202092441161e-01 -2.652476304117696859e-01 2.919735513403197480e+00
4.215791498803913018e-01 1.317976740655212031e-02 3.555369084240595168e+00
1.037324727184527173e+00 -2.355943737172433439e-01 3.495348062090084973e+00
1.280389945015019126e+00 1.788213329452887912e-01 4.105521200043281027e+00
9.955335725827946236e-01 2.921856618909139391e-01 4.045855914817480858e+00
3.541495123546981039e-01 1.786501089132720987e-01 3.518997231539340298e+00
5.584347446039679141e-01 7.343763098539981549e-01 3.863765569717143578e+00
1.248227436610763741e+00 7.187449677611538190e-01 3.068271723827163733e+00
8.559763333684898834e-01 4.469038523244107664e-01 3.239912942981028721e+00
4.023649358125456210e-01 -1.296939964842926396e-01 3.697384800096022328e+00
5.029298605458404348e-01 -3.186584822260918326e-02 3.317036213739316786e+00
1.277549548838730509e+00 -2.192452918060990019e-01 2.783301452505919649e+00
1.220635569089687067e+00 2.914877606537957799e-01 2.605050991703677710e+00
1.267394891010972469e+00 1.851334726823058441e-01 2.646731993932513571e+00
1.318952502842420271e+00 1.111574059335072695e+00 2.263223329321696120e+00
1.219748626016752491e+00 9.244126052786935110e-01 2.667268383377120688e+00
1.163946438367857272e+00 1.500905378214846264e+00 2.839419681518923877e+00
1.229066938729105551e+00 9.683099987226166938e-01 2.369087711834213295e+00
2.066903834144969032e+00 1.475261181395736809e+00 2.581654744903037813e+00
2.504661411568640528e+00 1.352272429887143579e+00 2.720080145889383516e+00
2.268827981401766447e+00 1.103100315443288570e+00 3.498495819474107371e+00
2.601348852697311642e+00 7.159496258220539033e-01 3.886399774319473810e+00
1.991880810539350399e+00 7.093991004080749674e-01 3.862900522504638001e+00
2.093775807282599821e+00 3.891395785348509828e-01 3.769721507567850516e+00
2.535185203067664261e+00 5.957159529030957301e-02 4.418307722615264055e+00
2.371681718104007963e+00 1.473715266225598397e-01 4.384951971511844349e+00
2.588761704028395449e+00 1.257756503913391721e-01 4.390856159450698293e+00
1.858831621854640126e+00 2.060629798251494560e-01 4.215362677114010914e+00
1.543810755462540429e+00 1.312332253939384186e-01 4.681363069865422055e+00
8.240541888902026546e-01 2.194361820245835926e-01 4.168631487705479977e+00
1.015489558766415668e+00 5.255630767176438373e-02 4.620280807452843419e+00
5.601890574366520381e-01 5.557615032148071066e-01 4.343168743548510236e+00
1.119166073147233709e+00 4.097388602879836750e-01 4.868661987227868693e+00
8.052803497853944226e-01 5.384038753495882235e-01 4.292986256650524801e+00
7.860385050593520218e-01 -1.564492928411033434e-02 4.123847472331186204e+00
1.087967962416437784e+00 2.239832720428736601e-01 4.173571766465124178e+00
9.868329311081500688e-01 4.577364067438881023e-01 4.367136690252617193e+00
9.739261541515744636e-01 9.395110666509312036e-01 4.593499003166629180e+00
9.608527885756341647e-01 8.483947271960748937e-01 4.902023725907049823e+00
5.686434901675010423e-01 -3.440523633339842569e-02 4.705681878433129128e+00
1.142079628407888903e+00 5.356321356828755431e-02 5.167734358004313577e+00
1.364680237574066535e+00 1.835128674825566852e-01 4.970803623110760405e+00
1.365308709429328138e+00 3.434076504518350226e-01 4.908911525051106395e+00
1.909155827692054830e+00 8.399607110767648432e-01 5.071493732430398360e+00
1.660778343502329113e+00 1.053621319153706659e-01 4.934922772449424677e+00
9.209722586539703659e-01 -4.387732183982150924e-01 5.353228908588340218e+00
1.152737821124971473e+00 6.788522589544422614e-02 4.504072698995691404e+00
6.851873860876269706e-01 -7.187823801887377462e-02 4.111454919215033144e+00
4.865408535892881692e-01 7.092478409687210522e-03 4.455690612497924974e+00
7.331652919986730854e-01 9.280156986929756491e-02 4.780498615221941527e+00
4.437804261652491533e-01 -1.928624161526157343e-01 4.400989853089917858e+00
8.883038493025553484e-01 1.497213741097432882e-01 4.423195270757587672e+00
9.641817596137831625e-01 1.194758707616933729e-02 4.477036318141819571e+00
7.882681350058412528e-01 -1.012123310336409537e-01 4.319329613469811591e+00
6.426803484582727100e-01 1.603113492015386943e-01 4.618083406159725790e+00
3.416156439677041634e-01 -3.956100167933492284e-01 4.865554202524649874e+00
6.096726217602320697e-01 1.948162180870631754e-01 4.061626952212273878e+00
1.094774291146138445e+00 3.962609922228695902e-01 4.170510942125508436e+00
8.767827183681498049e-01 8.146966631079382015e-01 3.298936469041832797e+00
2.032861646052496474e-01 6.264081701388238832e-01 3.246447077390318015e+00
3.883326823163840702e-01 3.701890809182032394e-01 2.684523471652199067e+00
3.775381269996836986e-01 4.140434274733455489e-01 2.832598043656771925e+00
9.944949473745634538e-01 3.497073297120379953e-01 2.463145491152224142e+00
1.569957642155115796e+00 9.744077858431456907e-01 2.688390287208505036e+00
2.107196301135069394e+00 7.503841133829239896e-01 2.831310212641011237e+00
2.121929645004355436e+00 1.114806985709335674e+00 3.241354701708102581e+00
2.250914832271423638e+00 1.200452592168690602e+00 2.491951897719964837e+00
2.449031335152953570e+00 8.430795618337019182e-01 2.415859341368708169e+00
2.989172146239808647e+00 6.139425502177010552e-01 2.405903523078699369e+00
3.362368007206511855e+00 5.125070313206545602e-01 3.273984877887149647e+00
2.109646265267629328e+00 5.396977382678824764e-01 3.851714032362471229e+00
2.137194302524882517e+00 2.361678438450151296e-01 3.623037719833500425e+00
2.035450976379505228e+00 9.364574516690723494e-01 3.716965829158887846e+00
1.638722201059985561e+00 8.391215963798629440e-01 3.496096232865488318e+00
1.663798744700881294e+00 2.849494317737432114e-01 3.024436361593200395e+00
1.653312319967549682e+00 3.352316528925761707e-01 2.809922503039732788e+00
1.229918411101901699e+00 -8.050008867370872512e-02 1.978443993268782286e+00
1.041607083935830680e+00 3.811168018932420964e-01 2.213110881105925465e+00
1.024129405303835894e+00 8.076755996002484839e-01 1.913002216690594892e+00
9.667023212337791938e-01 1.128727030945376741e+00 1.514526916005953572e+00
1.336503622885577780e+00 9.284374305650504589e-01 2.214080697810668852e+00
1.503312653676984523e+00 8.506971151754360028e-01 2.576940623370290950e+00
1.295624060224089602e+00 6.451703334004015300e-01 2.273500458841278160e+00
9.116483194390843092e-01 -1.355928307517431930e-01 2.665721477472780432e+00
9.713098162054676354e-01 2.073039213605052111e-01 2.606243509871828401e+00
8.449444582307815699e-01 4.514403170534032061e-01 2.674143224410193920e+00
1.344086833609058562e+00 5.985871917584363322e-01 2.886302327103878795e+00
1.255035647426213208e+00 1.824280163839349655e-01 2.715651515592716780e+00
8.304088907993234514e-01 4.384690396827214953e-01 2.421770922949723293e+00
4.438207684809796216e-01 -1.016064409691076476e-01 2.732250321275436988e+00
4.983284781108427985e-01 3.682855020867534801e-01 2.978222372474315094e+00
7.401626096769847729e-01 8.036438033091590771e-01 2.502844429905081824e+00
8.737205971676498262e-01 3.484117364734400923e-01 2.569428784827263001e+00
7.664829115172731022e-01 6.595185609024646345e-01 2.740748497485922641e+00
9.552811489911497977e-01 6.179462050565195375e-01 1.805863965190912523e+00
9.661332564013226376e-01 7.494201795072326089e-01 1.703575122945358844e+00
5.706183550189021236e-01 4.971699761731191436e-01 1.369362545105742957e+00
6.352413188348704498e-01 2.610307881418346687e-01 1.062822889013623762e+00
4.445542473504556780e-01 6.239146054629115534e-01 1.485532548803879527e+00
5.759250680203125139e-01 1.951826408197275264e-01 1.574702211260730067e+00
4.751129515915158974e-01 5.683134697123456425e-01 1.917718740161955093e+00
9.097889946262728289e-01 4.433499912630528561e-01 1.556958920719857309e+00
2.810587455655965128e-01 1.150312360903745362e-01 1.232832120567705081e+00
8.013869001802957914e-01 4.030618968241884148e-01 1.624419823282370112e+00
7.646492928462740313e-01 -2.263071642720262955e-01 1.913541501444217641e+00
4.335904235954979313e-01 4.932842210531998006e-01 2.303009790175429838e+00
8.392694859498496252e-01 2.922481071333934421e-01 2.650637486847458923e+00
3.260583355161327246e-01 1.292020212085223108e-01 3.280206759588340848e+00
1.297974784098602452e+00 5.378437306101204740e-01 3.764598230209736052e+00
1.135832778358167872e+00 9.595391733692369696e-02 2.827010703719033735e+00
1.005356631041725901e+00 2.341452889132256687e-01 2.830030278512432051e+00
9.135014055846191194e-01 5.885911898788444008e-01 3.057200257957967793e+00
7.916683534992352556e-01 6.093192678733583278e-01 3.037917445477891221e+00
9.133287760103711017e-01 5.582604943877841341e-01 3.048244638881709712e+00
1.022339443602506170e+00 3.311018986115100704e-01 3.176234286885964764e+00
8.359042281934783158e-01 -5.095320528927270443e-02 3.133279945852527337e+00
7.806000197903942839e-01 -7.005025606737909083e-01 3.108326145501417059e+00
1.031829287171736720e+00 -9.989700874201459802e-02 3.306889638362191075e+00
9.857195280204342769e-01 -1.195048185977300864e-02 3.433209398064649864e+00
4.431411278275814714e-01 -3.215530265913186803e-01 3.376576750505272617e+00
8.533722062098503258e-01 -1.538269442592496428e-02 2.920829137223087013e+00
9.859152724222305375e-01 -1.841495300292949611e-01 2.515629873540410344e+00
9.594099866600176441e-01 -3.963069213071916952e-01 2.742341785926515119e+00
9.594099866600176441e-01 -3.963069213071916952e-01 2.742341785926515119e+00
3.477604117239351256e-01 -3.584963969317093158e-01 3.191604841456577191e+00
9.548750211261558540e-01 3.269220884456645604e-01 2.902498191139267103e+00
8.107132114791414379e-01 -4.445309295579690234e-01 3.314917679371332415e+00
3.275588502514762412e-01 -1.868186098450382582e-01 3.064197626838813360e+00
7.189976454626220148e-01 -9.318669800835251982e-01 3.522946858537997716e+00
1.324568074491720981e+00 -1.228397732528368147e+00 3.699546095043828586e+00
1.490363608255333983e+00 -2.939448935090305803e-01 3.934016285237098565e+00
8.042335955765271827e-01 -2.094449102529445661e-01 3.585794276762027444e+00
1.894379927020274801e+00 6.823495685956125489e-02 3.643873457607968991e+00
1.359780562094887735e+00 -2.310091620747038721e-01 3.653846349614699562e+00
1.287886658030190423e+00 -1.981905950567416363e-01 3.903558630007919916e+00
1.032376865402786947e+00 5.521072100338711985e-01 3.191824553985293633e+00
3.685715280465979293e-01 2.950243420668198779e-01 3.145463186764214658e+00
8.067894532299741961e-01 9.954097807914981388e-02 3.095575472180571719e+00
4.999990725872017761e-01 -3.333667472108293173e-01 2.854012560421526512e+00
2.365780687063697985e-01 -7.535006785706459542e-01 2.833976295212207397e+00
4.211249107923750179e-01 -7.301392507432524770e-01 2.876327086588107207e+00
9.233657549457688907e-01 -5.614646930803626201e-01 2.917071457775771925e+00
1.214177989030822413e+00 -1.951674656077505010e-01 3.129836084903629079e+00
1.169445678191055604e+00 2.280470036846123372e-01 2.350741466772861443e+00
1.219213300659746979e+00 3.895382131703588047e-01 2.632081139705154449e+00
9.793351228390839713e-01 5.233061027139095378e-01 3.043409664240855239e+00
1.695903276434209461e+00 8.097744788280110129e-01 3.227296658540328433e+00
5.934375584883857524e-01 9.398849321062956452e-01 2.327449916135023500e+00
4.483430274552834272e-01 8.435381739969293191e-01 2.435572931669508279e+00
8.923495312367113463e-01 5.784906903212808649e-01 2.685176959507118877e+00
1.320871789371886873e+00 5.543913407827251449e-02 2.459632547707792050e+00
9.509149979277682352e-01 3.493964761603206570e-01 2.615977006427233409e+00
1.082594519112459741e+00 1.335857000729950173e+00 2.595060893247229217e+00
9.500529900728699184e-01 8.477320473768651388e-01 2.516394393623422321e+00
4.697040920383623308e-01 4.762871680051336543e-01 2.618032808128955669e+00
1.294457682330002690e+00 4.728841045458295755e-01 2.969694864682211666e+00
1.661408831367723993e+00 6.629406745047857763e-01 2.637303636894256620e+00
1.252153196086144726e+00 7.963860688600785664e-01 1.769366747225846526e+00
1.137780431369717071e+00 5.043831934087230628e-01 1.394286066670242352e+00
6.368610285805126336e-01 8.611801477667474503e-01 1.896020602132475696e+00
4.902722925880508287e-01 9.241263735188434136e-01 1.559266266381427180e+00
3.817410972335971153e-01 4.648111310710717481e-01 2.288278377470088998e+00
6.156310194872478547e-01 2.211570049790826942e-01 2.485587082585585694e+00
7.467413954352623007e-01 3.908290116866225961e-01 2.396031422300826552e+00
7.120995254420365850e-01 -3.551176993453739050e-02 2.016489076543496850e+00
2.288388843074938173e+00 3.292805104000069982e-01 2.795281499025414007e+00
2.428470444845196141e+00 8.319234813297721187e-01 2.938756136496685212e+00
2.787133170072299215e+00 9.339902929997423442e-01 3.445305550613733114e+00
2.893186620566016387e+00 1.330416074443218744e+00 3.999217270907777788e+00
2.288958336091890367e+00 1.433277776712513329e+00 3.782573145488749233e+00
1.748557697573925207e+00 1.419223655172050291e+00 3.139065544498352178e+00
1.359139146483779204e+00 1.777260703329062608e+00 3.216878104722921794e+00
1.406347120505161197e+00 1.097157237126053175e+00 3.767084335413195095e+00
1.376089507849373561e+00 1.551371057058198000e+00 4.001376016215129283e+00
1.727768046494865040e+00 1.111812238157487087e+00 3.629961049650415994e+00
1.324817981549870183e+00 8.684753287964938062e-01 4.308224506858226555e+00
1.341806669007454156e+00 4.053855365403462585e-01 4.075734489308522335e+00
1.482652029149810202e+00 7.112595649171472578e-01 4.426856056233357428e+00
1.476076137585504933e+00 6.503199946475717308e-01 4.873012669224351612e+00
1.214657935309718884e+00 2.835483226566061221e-01 4.638260793992378339e+00
1.488622351001615884e+00 7.211105634169011624e-01 4.221569718946986960e+00
1.188281220962643880e+00 1.468365616366787418e-01 4.244851427244656250e+00
1.198109652612103559e+00 5.889709925156121351e-01 4.173320014506485265e+00
1.575600405911969704e+00 2.766729115846775500e-01 4.653537641159199545e+00
1.122083006385251824e+00 6.592830445418150775e-01 4.365862391687182154e+00
7.116456194968538984e-01 4.350263739336987512e-01 4.127666955870643584e+00
6.700345295175464955e-01 8.986734359095776004e-01 3.798096008915542665e+00
6.963018760598569390e-01 4.215168503980138426e-01 3.955895020715113564e+00
6.802321200946392921e-01 2.284876244597942030e-01 3.274605964819314874e+00
5.723183828916513782e-01 9.182480027809742928e-01 3.966942764256929710e+00
1.552724325755560519e+00 1.247068011431511803e+00 3.828431320807366589e+00
2.089139136988069190e+00 1.521922948107722107e+00 3.367726608768588648e+00
1.813416644668558009e+00 1.002228976962249218e+00 2.926552767142220901e+00
2.346062459119089727e+00 6.662996789632039674e-01 2.911806663242247240e+00
1.663152534236079561e+00 1.136645095321740406e+00 2.577775550883686151e+00
9.701112714480426558e-01 1.135186347624189462e+00 2.893768546323121527e+00
9.492142547436194233e-01 9.061655954071734520e-01 3.277375303614519453e+00
9.806447311474315587e-01 3.045778933939686239e-01 3.328757179292940460e+00
1.236107541398078213e+00 -1.841060757043267992e-01 4.069663470978325037e+00
1.152774798406088763e+00 -6.575003964848623594e-01 4.164926354253485563e+00
1.116687560399999279e+00 -4.701606821204613595e-01 3.797881759214957853e+00
1.264797472449800120e+00 1.824083899413999343e-01 4.551858088209724151e+00
1.516132020126160551e+00 5.834594939388418888e-01 4.537531288896303749e+00
1.848701398081782798e+00 1.669695712068709759e-01 4.854709252671565167e+00
1.435993553924699295e+00 3.528402223887058820e-01 5.059378651696488483e+00
6.155936863362976297e-01 -1.040380166844774440e-01 4.112791292437209201e+00
9.340972977255312948e-01 -6.078264829115805901e-01 3.086173173078098575e+00
1.572953592477286389e-01 -2.623672975654564032e-01 3.565238138768409559e+00
9.318494538363272794e-02 -1.577608271109990634e-01 3.153279663179265224e+00
2.395373513272871790e-01 -5.645740204562057496e-01 3.457641937204382288e+00
3.438651267882018026e-01 4.688052762860278611e-01 3.657906137158167148e+00
8.595824573982585592e-01 7.112978987565835576e-01 3.937830966059091775e+00
6.944614133877176076e-01 5.337773942921482107e-01 3.593370996324220190e+00
1.249319446342633588e+00 6.906638062133281242e-01 3.349212538567570174e+00
1.387458339466409507e+00 5.446782951149685692e-01 3.043774402052263905e+00
1.061015581621682191e+00 6.381691602718235767e-01 2.956987947226553448e+00
1.749824839688009170e+00 4.297622518207783182e-01 2.977896707656802366e+00
1.374374830079522436e+00 9.791017963873760444e-02 3.094238898976529484e+00
8.888698963204535453e-01 1.609596983964670658e-01 3.403414317362935648e+00
1.338950178002350277e+00 2.625373392675758866e-01 3.474399529743852799e+00
1.326662279530853361e+00 2.258524246586184059e-01 2.892404671035755381e+00
1.316888930596520346e+00 6.690917876566373490e-01 3.003165328813052426e+00
9.588896762010910013e-01 7.708536479527708929e-01 2.912842312502441633e+00
9.486090261509028121e-01 -1.631009260146523698e-02 3.496491969155572477e+00
5.743044893130646589e-01 -3.407253621149273215e-01 3.768498455027641914e+00
2.514352309500823557e-01 -4.852462936344131839e-02 3.387675000655068214e+00
1.185651677407119298e+00 4.422574347176909670e-01 3.458119772816473869e+00
1.970782151954679318e+00 4.326501140371356025e-01 3.071053001273773120e+00
1.920427874139866820e+00 2.685777096293432975e-01 3.576699479749002375e+00
1.483073080263897614e+00 7.288756180573827681e-01 2.709107335314730580e+00
1.608045829025918971e+00 7.441700184562499709e-01 2.291589940551232996e+00
2.400594514613559660e+00 8.569806707395615231e-01 2.149640072577931438e+00
2.807105030468957985e+00 9.216735486548085499e-01 1.673126344447489311e+00
2.521254724075609133e+00 3.583584076052855338e-01 2.242242127915857530e+00
2.955114574813604289e+00 6.899196534176273987e-01 1.804178402567579331e+00
2.614356619128142878e+00 7.359371037359198064e-01 1.937082678789512347e+00
2.893378804849470853e+00 1.054271730763996606e+00 1.945854581617914247e+00
2.345496356549804595e+00 9.664438504936333496e-01 1.618422485057530613e+00
2.592024071915626227e+00 8.890855699737630902e-01 1.461490947935203177e+00
2.594355395301671585e+00 5.220718302683389211e-01 1.045557575008925877e+00
2.746874739628141882e+00 1.280894504107564114e+00 9.633872437677336587e-01
2.079882876691772520e+00 8.188182518122605336e-01 1.583965891687006300e+00
1.333386263712152076e+00 1.120087560388585368e+00 1.915874453402298672e+00
9.742563348717164784e-01 1.185199094587320534e+00 2.012375152558310454e+00
1.468034945359878440e+00 4.552409041888955121e-01 1.719026847408912539e+00
1.298901611247619270e+00 5.385897050038774836e-01 1.741545831821609491e+00
1.103045052968959494e+00 5.065777175176946479e-01 1.692793233595800251e+00
2.742581239544312766e-01 6.753554332253046411e-02 2.083062922690377849e+00
8.755823607839882117e-01 9.395761833602186974e-02 1.979995940752896200e+00
7.248951812766801783e-01 5.661064666134575374e-01 1.593969430745293625e+00
5.206925351325258911e-01 -2.044575412593549468e-02 1.613604980584382620e+00
8.822180523633906812e-01 3.477766141585352244e-01 1.989290323200453292e+00
2.002106015241576220e-01 8.783710200194569384e-03 1.798797994346143847e+00
1.133268527580872487e+00 6.509739736093931306e-01 1.493130335490340910e+00
1.017963540790357113e+00 1.841591874094147818e-01 1.955217668026267175e+00
8.340500527154470767e-01 -2.030190512606659947e-01 2.493387520954152947e+00
9.568286805432718589e-01 -1.639907133420094865e-01 2.055174168656418665e+00
1.054799997508447884e+00 -9.610946446505373719e-02 2.571514777945184793e+00
8.485771584355324970e-01 2.973107494425344943e-01 2.663799549985002901e+00
2.693297343044907532e-01 -3.150272347513662918e-01 2.684117071667376564e+00
5.485981252003683251e-01 1.987707721206870559e-01 3.137763763161446562e+00
1.276947404699252109e-01 4.040424735959823321e-01 3.025611579245265581e+00
7.149620677884336306e-01 1.997327916109592760e-01 3.134920550054056676e+00
8.125182715796984700e-01 3.200499508252810932e-01 3.345948917586137217e+00
6.079130757288074838e-01 2.521947762709760288e-01 2.897527959178256118e+00
2.814920768247193283e-01 2.651728734181476588e-01 2.679822586709593057e+00
2.937027411740338323e-01 5.411643408978263903e-01 2.795338500661138870e+00
1.476969246354191245e+00 5.268200577753772151e-01 3.026151637445741560e+00
1.773771163255093208e+00 5.332632948703873721e-01 2.779461303087792157e+00
1.675839586830051076e+00 -1.110702986801039849e-01 2.782927552897456636e+00
6.428165187897827426e-01 4.533109560909866220e-02 2.827791539717029234e+00
-6.252642502936001101e-02 -1.209929582368983458e-01 2.852763620052824578e+00
1.158236768633625624e-01 -1.961344303802122629e-03 2.710962832491864649e+00
4.774540082433600396e-01 -3.518745537684244140e-01 2.474619587838139179e+00
3.857130867954725040e-01 1.262797341596373912e-01 2.736826223835618244e+00
5.576887023221839268e-01 6.094426152019745135e-01 2.244541614296160059e+00
1.088842611617924616e+00 2.649002631777838679e-01 2.311915597281260393e+00
1.328680305603908707e+00 2.864303963536374287e-01 1.643468530278441975e+00
1.578860032250983370e+00 4.180185148720095833e-01 1.187061243568545699e+00
1.520805046130507598e+00 5.924172482542737761e-01 1.549949928344987349e+00
1.497522574569924991e+00 9.340891763949027427e-01 1.854187124351601490e+00
1.405715612076883225e+00 8.436208282317463336e-01 2.047877783778162986e+00
1.507217173609965322e+00 5.003182892982797059e-01 2.289649581634768172e+00
1.593817332983938462e+00 -4.986658351223893781e-01 2.965824179914156478e+00
1.420095677546357571e+00 2.415099017251289004e-01 2.773959904701384538e+00
9.142232087754856851e-01 5.029024135078140612e-01 3.014429322626673624e+00
8.514985875872487231e-01 3.085571775668889405e-01 2.359764671057983154e+00
6.150877006626013221e-01 6.419482875942261746e-02 2.816530089512070401e+00
9.074915420191025373e-01 2.411905602608812316e-01 2.689284244711814154e+00
1.453311753797476236e+00 -3.217256722973669270e-01 2.862660379337999661e+00
6.928832044012909197e-01 -1.063169588098140383e-01 2.413967923686858530e+00
1.171475395016262411e+00 3.804170533573684176e-01 2.503956148145372484e+00
1.081753582439955341e+00 2.300495712300648365e-01 2.068486900560245090e+00
5.383847810819890611e-01 9.835570683722312246e-01 2.141585525625509412e+00
1.028663725867038359e+00 8.389918032474330545e-01 2.295190281880564509e+00
6.300151117724885896e-01 7.465052912303529187e-01 2.232640414185495636e+00
6.848062792233270413e-01 1.509808028596257845e-01 1.805625034451043387e+00
4.441615793151232339e-01 2.381162589325508949e-01 2.075813673920937852e+00
2.187051036820573946e-01 3.465135694502458064e-01 2.722624884736152495e+00
5.929009294255161988e-01 -2.625031359563129163e-04 3.034619809224579079e+00
9.858733674477597742e-01 3.008528986485813905e-01 3.058640946274934436e+00
1.442380174648243418e+00 9.142796974520623898e-01 2.520809234527757070e+00
1.225038513137498120e+00 5.548289581728900188e-01 2.775048530685018111e+00
2.577990162632492144e+00 7.623605676659290786e-01 3.322586243795199845e+00
2.685083207941476147e+00 7.503382759378040001e-01 2.927308065539953930e+00
2.669167647622159301e+00 1.068673861766325617e+00 3.425843752832806288e+00
2.171759596526260161e+00 9.728233155084969885e-01 2.390713276435883827e+00
2.808016158731593936e+00 9.975974553392358279e-01 2.610569656985407327e+00
2.506209014218305331e+00 1.464281190843392810e+00 2.538008623806971897e+00
3.325517699599595645e+00 9.033954368046359651e-01 3.178650717271271464e+00
3.399337160066899344e+00 9.801343329908015489e-01 2.909122038644953001e+00
3.442756096576359059e+00 1.148099101972011704e+00 3.261259975420760959e+00
3.362498022963327671e+00 8.907321069504955391e-01 3.018895186504829020e+00
2.773402335798160756e+00 1.196050307732669848e+00 2.683212824810816688e+00
2.768499151000338721e+00 5.570708058566518073e-01 2.060021934210436001e+00
3.166483609789264353e+00 6.754177091376381004e-01 1.890878023910506522e+00
3.214033863409974323e+00 1.086485551902008018e+00 2.359258738217655083e+00
3.204944618618246643e+00 9.401246494742554471e-01 2.252852552564871935e+00
2.676634268783637083e+00 1.040639287334230056e+00 2.349842580113437496e+00
2.538125171435443583e+00 1.314342120991260687e+00 2.648485455975710945e+00
2.528449050780078533e+00 1.226081395131849661e+00 2.776268073726584351e+00
2.602172431272246289e+00 1.847332103749489418e+00 3.078654815222624741e+00
1.674112453496478414e+00 1.434241010597743671e+00 3.488902907139499909e+00
1.538295999825178617e+00 1.277689090375902614e+00 3.871204259570470985e+00
1.565679941829331012e+00 1.375088222316305897e+00 3.864781173943888426e+00
1.867844063261559162e+00 1.284977137999866015e+00 4.502046370811687126e+00
1.397140267954318560e+00 1.692646593705010583e+00 4.923432852650568847e+00
1.959097287185418867e+00 1.414806009053706459e+00 4.611655851508515092e+00
2.034848275524714367e+00 9.503315212429935821e-01 4.900964783298864980e+00
2.066941324659921975e+00 4.211810429907438813e-01 4.220968256596117740e+00
1.817742951867631129e+00 4.401992522270810615e-01 3.872251319009822002e+00
2.097161343310939063e+00 7.424356217321880225e-01 3.274337648835197179e+00
1.986597061328113201e+00 9.413186089814431501e-01 2.826539228640245760e+00
2.272428702463573202e+00 7.703632323428694084e-01 2.409778715839461682e+00
2.294309171096946987e+00 5.571908892544508163e-01 2.631524189515145995e+00
1.459714236753439698e+00 1.208643945414319187e+00 2.758748144256586876e+00
1.111487797867541927e+00 1.361379903782909295e+00 2.479239436757964210e+00
1.280441253295802939e+00 1.240565766150983018e+00 3.536671705935834353e+00
1.699227998256481742e+00 1.094559429388130001e+00 2.646590753440544397e+00
2.363956331656340559e+00 6.708372544407389393e-01 3.114778054149903053e+00
2.738247262053962849e+00 4.250158898851882361e-01 3.159223896860174019e+00
1.741075974025713125e+00 1.362830436401249457e-01 2.876199292831997045e+00
1.973091337123374256e+00 3.387629513658192426e-01 3.248407238578340905e+00
2.424872075528536453e+00 1.273267914986307314e+00 2.835588650643496855e+00
2.382004191814056426e+00 1.068243778315947301e+00 2.841211389703542256e+00
1.828847478893681711e+00 5.352145916143400406e-01 2.665031686584614867e+00
1.571643455597595995e+00 7.882018552136857981e-01 2.755700198309667392e+00
1.067830708846087884e+00 7.938943020850871557e-01 3.034344191524288359e+00
7.352162891033464653e-01 6.663825240813725514e-01 2.516720168081951758e+00
1.057902195617033136e+00 2.260359384697535334e-01 2.478120351691008860e+00
6.286821650221927626e-01 6.367806426613152881e-01 2.606056684384565614e+00
1.263310657489464250e-01 9.695640057809126189e-01 2.368378491761638838e+00
4.446807660652812855e-02 7.013366710727710895e-01 2.103216614930119466e+00
1.626231690589874657e-01 3.591207129945435117e-01 2.299626791476112153e+00
3.999892858306064447e-01 4.272552386597945895e-01 2.886467616395187008e+00
1.156658329288459797e+00 1.196184109485874281e+00 3.092237967775502749e+00
1.144155562799814341e+00 1.290778083855159242e+00 2.573926549626567084e+00
1.087811583893987466e+00 1.310244631667429660e+00 1.611822922987815154e+00
1.170158973586740370e+00 9.169107382976803278e-01 1.600633401877683104e+00
1.620995687313150357e+00 1.538657744024999774e+00 1.573350226906584659e+00
1.237664994533392404e+00 1.666566095167610451e+00 1.492974960733193912e+00
8.591495929205141824e-01 9.993559502495645841e-01 1.322775426186098668e+00
8.516330702375155548e-01 5.495576319462464054e-01 1.945021748554380592e+00
1.201566829214489651e+00 6.554088497876020547e-01 2.006173102876628533e+00
1.416372234191276780e+00 4.510261529517782253e-01 1.535488607517025317e+00
1.162681601983832413e+00 5.292144549728108882e-03 8.617097863635592159e-01
8.952139770512862471e-01 5.470556789128740993e-01 1.652917637886127222e+00
8.097344278441233056e-01 9.047779596830070048e-01 1.699118392252307208e+00
1.013963864883902222e+00 1.315258779805573486e+00 2.741447543131421138e+00
1.295289198124921271e+00 1.218151113744248226e+00 2.618008124610040177e+00
1.146846029515878218e+00 1.061990174236779438e+00 2.595366272254505891e+00
1.226373639962711648e+00 1.085979574048329566e+00 1.821809736745406028e+00
5.226627658628640871e-01 1.158378658184707310e+00 1.426756307279650082e+00
8.482901295326237268e-01 7.668269171537522855e-01 1.203258451309754173e+00
1.130748373841161447e+00 2.895531653813190331e-01 1.527735505777644720e+00
1.445183920539080846e+00 5.569762824294054449e-01 1.353865765598154525e+00
1.062702943411751200e+00 9.124948859118846567e-01 1.137416728793135379e+00
1.081227460052079481e+00 9.353484898517535617e-01 1.514415271620853876e+00
1.355322771632656353e+00 7.982000115372885896e-01 1.744127992737366739e+00
4.029190901123776425e-01 4.821802997667592461e-01 1.777675066374477808e+00
6.066008888007652367e-01 4.209400891180872795e-01 1.207292980441390773e+00
7.668644805643891615e-01 -2.124320575021366175e-01 1.328786901611446414e+00
1.339393282583457023e-01 -2.840094143187069653e-01 1.488561787762523458e+00
3.866937114920587781e-02 -4.888678582407181283e-02 1.274319144203560850e+00
1.899334314478107189e-01 -3.554487141339106593e-01 1.415549736436050754e+00
3.883463016551883529e-01 -2.533883687815562946e-01 1.480771750518512730e+00
5.307075978825317453e-01 2.228670006257501002e-01 1.479941552145161543e+00
1.616015344844781154e-01 -8.030963819620540178e-02 1.873025219146239095e+00
1.694305101722253515e-01 -5.600404521054808821e-02 2.223730791502241733e+00
8.610905862862893168e-01 3.405950975859808327e-01 1.614451330719610000e+00
1.374611088233962164e+00 4.398754571520205325e-01 2.368192095779651396e+00
8.306134358058632206e-01 -2.273971389178587321e-01 2.233361982143407420e+00
5.620799438712749119e-01 -3.719800824058430710e-01 2.705768081777826684e+00
8.193461102750827507e-01 -2.534982627121146748e-01 3.218841751081591429e+00
6.024204523955730695e-01 -3.788853929444515045e-01 3.424947473297453193e+00
1.225778640333995972e-01 -1.258464517420677109e-01 3.702752106302653168e+00
6.908240864639508816e-01 5.521268147782827374e-01 3.826126744975874239e+00
5.917500415977057227e-01 -3.857588978992751438e-02 3.820050743544149530e+00
9.397090206860624351e-01 -3.898244153922565403e-01 3.925334166295903149e+00
1.069667928134595325e+00 -3.226463986842920684e-01 2.874218465988116922e+00
1.622199927628515947e+00 3.491762312580914962e-01 2.965535310065829044e+00
1.199813387860928282e+00 8.742013764710956925e-02 2.040368978245516107e+00
1.078470850733942665e+00 -4.279248393581766563e-02 2.382493643561582441e+00
7.087286834171790950e-01 -4.300169566745242616e-02 2.788966665920157961e+00
1.006903316037426777e+00 -1.554399884922272879e-01 2.575634959748994479e+00
8.682457182712982613e-01 -3.798771070038120534e-01 2.885203207679542192e+00
7.364584407287105838e-01 -4.649763753200740757e-01 2.913498968992487725e+00
2.832451187476408005e-01 -3.667999952156155152e-01 2.826460101716064433e+00
5.393023266259122650e-01 -1.131718321634282570e-01 3.101921518481266737e+00
2.798360555857993814e-01 2.291168395600151272e-02 3.368679744472236059e+00
1.287656469538381643e+00 6.681403048473873174e-03 3.337215388681865846e+00
1.038996290168256564e+00 5.908475149046014951e-03 3.177348760056871502e+00
8.179882200192101216e-01 2.848028145675873257e-01 3.433249921219843070e+00
8.843424065950268587e-02 -6.575811299131527343e-02 3.797929663698810909e+00
3.184513964124610075e-01 5.336380856040788545e-02 3.895166599685893960e+00
9.755592577221613437e-01 5.972280389034649861e-01 3.731481679301610566e+00
4.935257243564359908e-01 2.771292990404697898e-01 3.771425090612951614e+00
4.989440885275781001e-01 1.128708087212021149e-01 3.437079174642556190e+00
2.799720823789369484e-01 1.751574967967359231e-02 2.756771702590047113e+00
3.708211897874920393e-02 -1.284904569918915995e-01 3.100351105267407537e+00
2.831462406195593973e-01 -3.890535381756319300e-01 2.752310164315311614e+00
2.208690458857029970e-01 -1.092238878181649858e-01 2.227244217023043316e+00
5.162491374382092157e-01 6.072638358410802351e-01 2.316294321109442667e+00
6.546033687563072023e-01 8.348514654563909954e-02 2.027897001297552126e+00
8.562833297859657744e-01 1.107907590803731829e-01 2.227338372067987571e+00
1.470146454547856640e+00 4.116353843119952005e-01 2.135614085066307233e+00
1.159397309142597976e+00 3.168534592102192349e-01 2.591141076144627853e+00
1.390387927803031776e+00 2.026862588445413338e-01 2.308118399267998111e+00
1.557830976642038179e+00 4.456836736211009509e-01 2.109213381985211466e+00
2.009653410425426667e+00 6.784016245580524185e-01 2.287734673106736949e+00
2.110275712416871841e+00 7.202892589689633418e-01 2.257090774825399215e+00
2.149753487617072523e+00 2.890120371309777836e-01 2.106946775917756920e+00
1.695484708078594638e+00 8.716963744634141920e-01 2.366507921206931986e+00
2.102163027104267723e+00 1.010138093203725163e+00 2.163927211497364222e+00
2.151612415753912266e+00 9.525107569917476980e-01 2.221883227003294881e+00
1.858350624899636871e+00 1.247325309403706006e+00 2.738067038720319868e+00
1.099248619898232748e+00 1.395891173069053526e+00 2.470846893193591409e+00
1.338188261535354195e+00 9.539319557648433534e-01 2.231917743591683490e+00
1.371412607691575136e+00 1.328653962553234313e+00 2.287957920311701088e+00
1.204556680894055543e+00 1.373696770353132868e+00 2.359821206480559042e+00
1.433127990991996947e+00 6.741262899202473680e-01 2.576957132302283515e+00
8.007209741352930843e-01 1.127759460645312739e+00 2.104252588930882517e+00
8.974498673638672819e-02 1.060601156167626735e+00 2.485410326713828777e+00
4.729198024195508387e-01 8.453357697497362322e-01 2.247999445117833339e+00
1.348665691026197822e+00 5.538373284657985285e-02 1.796743675918319294e+00
1.272999535622368228e+00 2.429853093391654562e-01 2.109968548262759036e+00
8.003108276932909826e-01 1.700824630058314357e-01 1.987039673328102607e+00
7.106815001067391391e-01 3.217648181225840065e-01 2.343525320360599462e+00
9.411479134449187711e-01 4.807957101306620240e-01 2.516075822514740601e+00
5.655006309485651750e-01 2.856651064501843362e-01 3.278238107285096348e+00
1.436226571352592352e-01 -4.942824679624571171e-01 2.965317084413166882e+00
4.025599138104504759e-01 2.532908586108327809e-01 2.929882343449418336e+00
9.989818413353837023e-01 -8.093152245474299900e-03 2.610875189760641035e+00
1.403063385604939484e+00 -7.719922827768788132e-02 3.090558058767172156e+00
1.602384647173908494e+00 9.803231439998022489e-02 3.108162558075749260e+00
1.571348039681441655e+00 7.261002228508134371e-01 3.552144195156734963e+00
1.327059931598538967e+00 4.188069960869493791e-01 3.254738544771620834e+00
1.441759077797850397e+00 6.214438415846457175e-03 4.154952668957720086e+00
1.104742605405432121e+00 6.043241689932115079e-01 4.776532495615810170e+00
1.333339153082338413e+00 6.822165880058942422e-01 4.545237480156031573e+00
4.605092208911051865e-01 9.765855922152697488e-01 4.564533427123433462e+00
5.367220966800850812e-01 9.489070660078708919e-01 4.169463761369213373e+00
5.976112168288726378e-01 8.726241237178217203e-02 3.389659342548729803e+00
1.439779798888481288e+00 2.144881678339445874e-01 4.052539771524412693e+00
1.128203188088892084e+00 1.461852390431180870e-01 3.547219710770789014e+00
1.211456296207643391e+00 4.133631863502557069e-01 3.068952193230618075e+00
1.290673708246735440e+00 6.390233019123274794e-01 3.153746485864266536e+00
8.937325518080012632e-01 5.870468209857664377e-01 3.048892552056091443e+00
1.346650023810622709e+00 1.196364171629631934e-01 2.371728133914803305e+00
7.554281088819222445e-01 -2.104047874220292824e-01 2.093670274723586910e+00
6.334625262516704325e-01 3.047410467838029269e-01 1.548977086269813785e+00
1.591461471337365596e+00 -1.226047868608875907e-01 1.012364229358953871e+00
2.392338626119113520e+00 3.916259711542146027e-01 1.694574044567949356e+00
2.472125643209872159e+00 7.253542030566411114e-01 1.969766163576540219e+00
2.417648622121613133e+00 6.675345137162603804e-01 2.008936290897226584e+00
2.077252897509799023e+00 1.659907080395990331e-01 1.947926204922647120e+00
8.944449776910048389e-01 2.961972564956978360e-01 1.598271062160932177e+00
1.035485119537645105e+00 3.949672995787428254e-01 2.008096191614965331e+00
7.816705465874884684e-01 1.376482084040008824e-01 8.040585321211094483e-01
7.392553029241587526e-01 3.900632156013053575e-01 1.480192037486931067e+00
1.229748694230974548e+00 1.109229856204732440e-01 1.309309752095164869e+00
2.894038448966889110e-01 -1.898764262985733475e-01 1.125263494209656212e+00
4.181627970390459081e-01 -5.952381170011349781e-02 1.300185284372618266e+00
4.453613743047425411e-01 -1.690377588396401731e-01 2.237275087071026736e+00
5.828313118426240447e-01 -1.167243426163656894e-02 2.431686921732298945e+00
8.127001680795515881e-01 6.730369958131108277e-01 1.965928974731594669e+00
1.525644675123744021e+00 5.810232199407093789e-01 2.113400895847224348e+00
1.987509160534073116e+00 6.966706139802818498e-01 1.752738704017650750e+00
1.536367618130545010e+00 6.738719011988437702e-01 2.122674484744046186e+00
1.192257460865489005e+00 9.819898749269164728e-01 2.008495895196392045e+00
1.690681362245344266e+00 9.552247641584732385e-01 1.790391168519486431e+00
2.088707737874541781e+00 7.618177241893755447e-01 1.806971329205944388e+00
1.326616563916894087e+00 9.028522599979694752e-01 1.774316844049725006e+00
2.120848582984914188e+00 7.844543089917100920e-01 1.965271605739033811e+00
2.576184379854610906e+00 3.884667870407438883e-01 2.248428378664284022e+00
2.529422214445296468e+00 8.460754410936438541e-01 1.854176305190305962e+00
1.871778227783488013e+00 7.224164287071216384e-01 1.982302847112134891e+00
1.986629024502506224e+00 4.638584401919358946e-01 2.206984987044096513e+00
2.171043084958328429e+00 5.810840430316475125e-01 1.159023469189363942e+00
1.753078225018603886e+00 1.314076559828877722e+00 1.407583640789374702e+00
1.565772076440155258e+00 9.864943490317281682e-01 1.982360396079343667e+00
1.674776504865265414e+00 4.773686280090274625e-01 2.574191219125668617e+00
1.600159323231943764e+00 9.707555521085161621e-01 2.642670788883316302e+00
1.579037562432175301e+00 3.112575360672310554e-01 2.874105790451478626e+00
1.608732050759748011e+00 2.878000914103904795e-01 2.971493084401492624e+00
1.272698906575104649e+00 -5.991989196901937459e-02 2.800959976687272590e+00
1.016481672724552476e+00 7.733440826111918076e-01 3.235562629132988643e+00
2.890651927045385650e-01 -1.387660069695495491e-02 3.173731252321820406e+00
9.621823537997694631e-01 3.733251939001331343e-01 2.433485166252449261e+00
1.079900827461613311e+00 4.667114448540896077e-01 2.662058318989325212e+00
1.175329447214808365e+00 5.615198933914689050e-01 3.578181994356295803e+00
9.703474261028649517e-01 2.671161314713799140e-01 3.975934136954331510e+00
1.808091319501602179e+00 3.892866277427523003e-01 3.376642756359234276e+00
1.932199243362796137e+00 8.193981482511109027e-02 2.813882454395358224e+00
1.599564886993213308e+00 5.442729689879955979e-01 2.740348894647612887e+00
6.209489630132701832e-01 8.696043204353960387e-01 2.650682552764076938e+00
1.077059383791409974e+00 6.800570402448762319e-01 1.967699218971940667e+00
8.409260820072436138e-01 3.298339696351055839e-01 1.668368348451426009e+00
7.257876045651834307e-01 -8.074485487127289196e-03 2.130511251251829385e+00
6.927013589420110140e-01 -2.899253976025428087e-04 1.868026363186348737e+00
5.142891017175522661e-01 6.171933728782768025e-01 2.046309217862100294e+00
7.604452949971688414e-01 5.560025585037410290e-01 2.093034609617026476e+00
4.674020027323356197e-01 3.084019749648126973e-01 2.854003079517115182e+00
2.716374244961599072e-01 3.942484639049502748e-01 3.148855581037803830e+00
2.923684311348503373e-01 -1.417319027705221668e-01 3.093076919461560603e+00
6.801537867588411945e-01 2.085561853481335826e-01 3.513492393711499240e+00
6.719883649035596207e-01 1.039518163102931270e-01 3.471491777328505002e+00
4.242047637146299094e-02 5.639693974818573707e-01 3.393776178726305215e+00
5.682170539243752705e-01 2.303850379702396811e-01 3.857382142360936239e+00
1.059085587702852216e+00 2.770915881290061389e-01 3.873453526537016689e+00
9.313747723695636749e-01 2.671726170335229633e-01 3.247189820201533461e+00
9.346980575558768711e-01 7.494018109383542292e-01 3.628807888409877780e+00
1.056424168417723575e+00 1.018143270873984152e+00 3.627179138353057830e+00
5.994525891584853161e-01 1.048029415466334324e+00 3.133292028502594917e+00
3.549817861361857507e-01 1.241155664355107491e-01 2.977303417772882543e+00
9.876006393619614077e-01 1.380352843411024599e-01 3.207389786475616678e+00
7.955521469154551717e-01 2.235032688614931040e-01 2.876486050834884622e+00
2.720942132502905397e-01 7.999783772586979702e-02 3.294055277840016061e+00
5.789144094614022684e-01 2.467686794829842545e-01 3.313819186160901431e+00
1.068246499484285961e+00 9.929267612811197574e-02 3.118779862797375291e+00
8.405102738425312969e-01 4.799087875869750830e-01 2.778924153233845118e+00
4.281101834923941585e-01 9.917874337964822928e-02 2.400708248258311528e+00
4.281101834923941585e-01 9.917874337964822928e-02 2.400708248258311528e+00
4.864749520241500313e-01 2.603831195973388968e-01 2.473549591453649388e+00
1.402766226248572945e+00 1.749867500848839019e-01 2.672914786512329943e+00
8.657915521089303290e-01 3.196110388839971117e-01 1.895794319112321880e+00
5.953166397957034839e-01 1.624426071919812253e-01 2.625615341650674228e+00
3.043368401616817209e-01 2.812485921270067579e-01 3.566808732720455399e+00
4.129914989205323850e-01 2.492164106222896636e-01 3.471804479091722850e+00
1.003599939252292517e+00 -4.494356132300521972e-02 3.075530761772766741e+00
1.083203234161792539e+00 3.559153992896735286e-01 2.709282490932991116e+00
2.897521454393138240e-01 8.935970175728178422e-01 2.578834760690698946e+00
9.261506423575314173e-01 5.870061269571182905e-01 2.564863723138250950e+00
6.694382684615680645e-01 8.953967770323176811e-01 2.514752479650149919e+00
7.101560502370523054e-01 6.772344774136858092e-01 3.101747203469494174e+00
1.302047430569723607e+00 2.533447824172065377e-01 2.922016927593081626e+00
8.544933305994868444e-01 5.761133931658302121e-01 2.923070633453811240e+00
3.519656549540439716e-01 -2.225490586566676587e-01 2.830136040096939087e+00
5.750832054932628612e-01 -6.562242384409688878e-02 2.776500303264531233e+00
2.969220586608398715e-01 5.298232297711182870e-01 2.879185291875842267e+00
5.547301791888705758e-01 7.879020259671062343e-01 3.492323521498395422e+00
3.023490959920784316e-01 2.896261574573954500e-01 3.860410096156998261e+00
9.754541144917435735e-01 3.271348865162874292e-02 3.485977046514840083e+00
5.113927297773533942e-01 5.047334721738956365e-01 3.168334239836657851e+00
5.120339934171223018e-01 1.475801135534095254e-01 2.561183430967519215e+00
8.935481966798147768e-01 1.001375097652219770e+00 2.835557952710070939e+00
1.284142032639095543e+00 4.096906198373507224e-01 3.019480981721615276e+00
1.524084333111875411e+00 -3.847817680073341018e-01 2.844429946544596799e+00
1.211846008614331449e+00 -5.501080673403648813e-01 3.280714780130852049e+00
6.873903081850776253e-01 -1.996215438719349811e-01 3.412321053356305089e+00
5.677551899909715205e-01 -4.151823845077105557e-01 3.079084904595515315e+00
6.849844215034285311e-01 -6.013935849156226698e-01 2.689439645764214237e+00
2.855259059603285077e-01 1.848981148036547284e-01 2.901134951846031207e+00
1.163747631272757932e+00 7.185581926096319683e-02 3.195607473734734860e+00
9.320544256212559553e-01 -2.658205326529464868e-02 3.426805481852988500e+00
6.743004152972486009e-01 -2.166383380564997629e-01 3.195367482980891349e+00
5.940172651707333884e-01 -5.864279357023884920e-01 3.616143131649491860e+00
5.749213292204027326e-01 -1.492311646007207782e-01 3.166215211196269586e+00
2.918740629699729250e-01 -1.987224120167735697e-01 3.143519582973512083e+00
9.853055079600866462e-01 9.419137721020254261e-02 3.766927637779061477e+00
1.514995390088128779e+00 -4.650601692412693611e-01 3.652358798894435488e+00
6.342981221655061841e-01 2.384597960781277559e-02 3.471848869092807099e+00
7.434739247510094851e-01 7.943248623913684581e-02 3.826478958653432461e+00
7.468720825970909249e-01 -3.959443777796214578e-03 3.267049113852656284e+00
1.181830791212815202e+00 2.886110246836621762e-01 3.372911348907084328e+00
1.187319145900175288e+00 7.758128481204213944e-01 3.316615343396787985e+00
1.433376924170476352e+00 1.016631509700477221e+00 3.041103179511341903e+00
1.107833625624659257e+00 8.439339196331197002e-01 3.559157653143917521e+00
1.604771455346833076e+00 6.802762930010956000e-01 3.682608089270574592e+00
1.569537844640306545e+00 8.473029600538652950e-01 3.843994865918594961e+00
1.416696189830337405e+00 7.476736135683468287e-01 3.519716844388131261e+00
1.399684200008980417e+00 6.026101849088015827e-01 2.741027880215866741e+00
5.582863631566450380e-01 3.992107917447559329e-01 3.353870928305541455e+00
6.995062037116647202e-01 5.191869681413312509e-01 2.983015496185562831e+00
4.457179882668558246e-01 4.629211413568496969e-01 3.114121469726862657e+00
4.663364151769844312e-01 7.559375365305420758e-01 2.331332586412506735e+00
1.324315434311853945e+00 7.211061232504331064e-01 2.282233814450127518e+00
6.869227950272456251e-01 1.010017155581521275e-01 3.036540504705634191e+00
5.711446529268487948e-01 4.512237715580273423e-01 2.430850191017279727e+00
9.860203349122952377e-01 4.411644250170801973e-01 2.484307798488905039e+00
1.506234665551811736e+00 9.314543807989449364e-01 2.391439807394859507e+00
1.858609302069414770e+00 7.349059033589104839e-01 2.312301328887574670e+00
1.678405087806053908e+00 2.097406839459917405e-01 2.195071205577847184e+00
8.181298836532060470e-01 1.386321858290749109e-01 2.106620170909557554e+00
5.070776644840476743e-01 -1.898504802845069062e-01 1.596754271746322562e+00
6.061575315109047901e-01 -1.456598766998725425e-01 1.398425380465746493e+00
3.637055622597582527e-01 1.046009545310993966e-01 2.369334722480921140e+00
4.525813179604823988e-01 -1.178118245809263442e-01 3.230686598885974536e+00
6.789299713431943273e-01 -2.452391351914328943e-01 3.152689400654839158e+00
8.873911933195184343e-01 4.412019314150537053e-01 3.007486185356375241e+00
9.536017514867248801e-01 7.163682690736054015e-01 3.035447327037049003e+00
1.050585658935867972e+00 9.328964263000885104e-01 3.216146001631694951e+00
1.391883851101156422e+00 9.493917123888794274e-01 3.069863213231133425e+00
1.436344316798423115e+00 8.099781107423098536e-01 2.952781896380520799e+00
1.303684359643272561e+00 5.414170905411658241e-01 2.847440402095903433e+00
1.210899983267407665e+00 3.022712192767357253e-01 2.821198734292943211e+00
1.406078077355647382e+00 1.410774436669289533e-01 2.756167047505917900e+00
1.252030214646669082e+00 2.334302443768314916e-01 2.639802557856880227e+00
1.757825703394868988e+00 7.049662370913720721e-01 2.594302326817291782e+00
1.609987395162554513e+00 1.261177029182238174e+00 2.369106464591673955e+00
1.726055391488846569e+00 1.288325953861368056e+00 1.797470768880779390e+00
8.096563534184770816e-01 1.426298686456167530e+00 1.574752213119463340e+00
8.613429063570324784e-01 1.044149604412416332e+00 2.036506537860723220e+00
1.009789277231848192e+00 1.280076194972046499e+00 2.147796052101438757e+00
1.009789277231848192e+00 1.280076194972046499e+00 2.147796052101438757e+00
1.639262659712078518e+00 1.619003748342227711e+00 1.604204494662794023e+00
1.785474853453647537e+00 1.983677416877512201e+00 1.598867579393022043e+00
2.176859269100517746e+00 1.775098898343405285e+00 1.712156249107609218e+00
2.394638822947355639e+00 1.562831180801349085e+00 1.745734282623802924e+00
2.297937808759022982e+00 1.407879774939672757e+00 2.235709855571669902e+00
2.644630433912254830e+00 1.700423004720589493e+00 2.640371049191823083e+00
2.198043852879134619e+00 1.140379778366946262e+00 2.176218462914813578e+00
1.870806938685745990e+00 1.451284499808598305e+00 2.504466296699479511e+00
1.235513894893091491e+00 1.405832878377115680e+00 2.775831944719303834e+00
1.002022501817954492e+00 3.976593448211685478e-01 3.299903940225272780e+00
1.034232371024201180e+00 -7.961063234863202664e-03 3.207091383744055335e+00
1.145815051384018624e+00 2.726921717440713294e-02 3.613229666256432715e+00
2.760948286268982699e-01 7.128039594852166733e-03 3.742564393140083823e+00
4.797500612315951374e-01 -1.053652964132511388e-02 4.137124405107147851e+00
9.655055535450921544e-01 2.571980055178323399e-01 4.528782164366244700e+00
8.235317377026689645e-01 -2.840070827355418298e-02 5.142855605048534784e+00
1.042705676348562482e+00 1.067799002674707953e+00 5.209422942208750129e+00
1.442425507179969424e+00 4.037337150422140031e-01 5.218825864022192285e+00
1.261736767055979591e+00 1.118055483475376199e+00 5.037252122735015547e+00
7.433274642061876714e-01 4.850021571685563249e-01 5.098442914684461869e+00
6.923575802183518091e-01 2.708379879747337959e-01 5.036166529016983695e+00
8.598344644290343286e-01 8.293945221789833511e-01 4.191276445917936577e+00
9.820336640712766796e-01 1.282149577327668988e+00 4.341725571547552676e+00
1.321920965080852328e+00 5.204974844002645540e-01 4.872150440436586294e+00
1.948339950916637031e+00 5.381933873981039618e-01 4.613359749576657620e+00
2.110245210606651156e+00 2.953555994299784104e-01 4.389291118414509363e+00
2.160993079628453106e+00 -1.227581657787528702e-01 4.090218774883283004e+00
2.095498165999694073e+00 2.862151189379718574e-01 3.904485335193775608e+00
2.624719714740482601e+00 1.137274711246230474e+00 4.339970721933436693e+00
2.338143044160811090e+00 9.604996869370447943e-01 4.769201226964420393e+00
2.836029006141303821e+00 1.233340207831312485e+00 4.561327917676451627e+00
2.757630586825298380e+00 7.192889586511654887e-01 3.895256254355810466e+00
2.214497837995609952e+00 1.000566082023449654e+00 3.785662108328176956e+00
2.480552825556390228e+00 1.347433121622890750e+00 3.639572185250909975e+00
1.932490369862600144e+00 1.170291681682445573e+00 4.205494283536241440e+00
1.343437019533737287e+00 1.315586948233858688e+00 4.104188006945197031e+00
1.861545995100351680e+00 1.151559398767293629e+00 4.467786581226640408e+00
1.806431974980930999e+00 5.619295902911721763e-01 3.295262930543181312e+00
1.431714755960895369e+00 6.995408182987404855e-01 3.166483174390454458e+00
1.501609709273884707e+00 2.173019895768850962e-01 3.083622308073997065e+00
1.078328173432547610e+00 4.991940619764386744e-01 3.374751988750069653e+00
9.284699646737355483e-01 -1.985049760089734883e-01 2.960060811163729433e+00
1.359942871704293177e+00 -1.748992484925923907e-01 3.710339554520213134e+00
9.301132647320825564e-01 2.515752082158902447e-01 3.851466511973423046e+00
1.037674081072519350e+00 2.570510929124315141e-02 4.434919342780805351e+00
1.768150728706891384e+00 -2.039469931511390388e-01 4.744989075615432483e+00
1.612265085775537399e+00 -4.975900146472098107e-01 4.955981680071699813e+00
2.795208882164191833e-01 3.695568250887264483e-01 4.555303882011650707e+00
8.235920920227745023e-01 -5.680828338692207879e-02 4.046501233103843020e+00
9.738155853018388708e-01 6.117863498675100153e-01 3.934228568254571901e+00
7.114081785053040230e-01 7.478800608312176079e-01 3.334068734982844617e+00
6.374903565397259664e-01 6.340631192286763085e-01 2.690990064748536970e+00
7.571837183695994122e-01 -2.437536484708111573e-01 2.788487210309520403e+00
3.493183253189081072e-01 -1.329321234592252265e-01 3.054851654923151916e+00
-1.242692415305241133e-01 4.651472213052121885e-01 3.564312545731330495e+00
6.363180473439705720e-01 7.508498718808553907e-01 3.993777360598167903e+00
9.297571460695470691e-01 8.168013523209549653e-01 3.695405233511373844e+00
6.159062745107406478e-01 5.158469417529791823e-01 3.239475443810955646e+00
1.701326883687442892e-01 3.031819501501696879e-01 2.875079735678001569e+00
7.889017994382665488e-01 5.842509277170205850e-01 2.771026405142947624e+00
8.508058721740924257e-01 1.100925529613822951e+00 2.824480147786805340e+00
6.963614381370425432e-01 9.514086226603792884e-01 2.694728707758923925e+00
1.285974576208576137e+00 2.828606154599369038e-01 2.044202293005991766e+00
1.248152982661215882e+00 6.926319146135720972e-01 1.849147419686832938e+00
1.117754073886885857e+00 7.901466541111659136e-01 1.717750704624015468e+00
1.161247618359267264e+00 1.419403882287421981e+00 1.758764036298170463e+00
1.124122814992850605e+00 1.504388712669605610e+00 1.718178708755832895e+00
1.444398842021475948e+00 1.472120986097141149e+00 1.229307721907142215e+00
1.613763370288245236e+00 1.187030044199756773e+00 2.173800397392636530e+00
9.557968819840396701e-01 8.547648740066536854e-01 2.823875777297285783e+00
9.578530055117118192e-01 1.695257507613393277e-01 2.595940022721435092e+00
6.738798537425392254e-01 1.529805557978933597e-02 2.216984735571736032e+00
8.441827856268075969e-01 5.205555097239986662e-01 1.532312729957071129e+00
1.473147123690344396e+00 1.526145521503495806e-01 1.905145644640720892e+00
1.015729529152517685e+00 1.419572719627666124e-01 2.252776272259741308e+00
9.777388609785254703e-01 3.599153228042161201e-01 2.430765378388130227e+00
9.899813802552133168e-01 2.896538397496763451e-01 2.351974055585797974e+00
1.195082191189074328e+00 -3.082982404510681285e-01 2.871797650642319955e+00
1.659637317127732548e+00 -1.345365668588027752e-02 3.342395279331836555e+00
1.447772681731653632e+00 2.565900264750457516e-01 3.151249610666352119e+00
1.669604202522849912e+00 1.610009357283319689e-02 3.541020470275800136e+00
1.439578895328955666e+00 2.900220449588486460e-01 3.383720263282580909e+00
9.545715461960544435e-01 -6.862074689747703349e-02 3.762128772541325716e+00
1.433433819382233798e+00 -1.330053550594972045e-01 3.642649104070471822e+00
8.949071655568388017e-01 8.436596874011559333e-02 3.059116605897785668e+00
7.005900204032446954e-01 1.575632573976990802e-01 3.231069068365265640e+00
5.052872385416541379e-01 7.942118830659949946e-02 2.616041311562814720e+00
1.116024585790027057e+00 3.336232994645014216e-01 2.291150289558535391e+00
6.683444864126819596e-01 -2.679901571011427674e-01 2.266787067054908622e+00
7.702289400801618502e-01 -4.350425002413262909e-01 1.779094839950051687e+00
1.104803199645306933e+00 2.179359682732879833e-01 2.173153724966827571e+00
1.318047764679876499e+00 3.483153205322876977e-01 2.072355059639741093e+00
1.284807978012087570e+00 1.145553947468518130e+00 2.446192345062574880e+00
6.192839840540762530e-01 1.171748634543659628e+00 2.235298278198060373e+00
1.084122486194695201e+00 9.056479355976045920e-01 1.730190574074217391e+00
6.050354505391668525e-01 2.410508341347475381e-02 1.431407544131846787e+00
6.809411953309442156e-01 2.375531382316746210e-01 1.368234243950233298e+00
9.107950070233363782e-01 -5.322483570596809876e-01 1.890810692329478293e+00
6.038496970437591260e-01 -2.505549823776389573e-01 1.771915917285876718e+00
1.285201831913850068e+00 8.353382318100038839e-02 1.714386353792813455e+00
8.923802447394020287e-01 8.488672160612853457e-01 1.765127899433436287e+00
1.049067563086288013e+00 2.727185657138329611e-01 1.539322157320478723e+00
1.908512930476281344e+00 4.604473453768729851e-01 1.283531587184783884e+00
1.007144294743202106e+00 7.727117728700195753e-01 1.951741291471553730e+00
7.315389423699227844e-01 8.521821623366654386e-01 1.703597246114828545e+00
1.217464080069120547e+00 4.382445625228572617e-01 2.178522433938828051e+00
1.112905900268234216e+00 4.702481827034244999e-01 2.019012097679903306e+00
9.583137684356431985e-01 8.736847873850097645e-01 2.370506699003998907e+00
7.828535056274222859e-01 8.839725359366772395e-01 2.419527965413866610e+00
8.430955244444235941e-01 6.087069120536313660e-01 2.677579152842491705e+00
8.301585778810833816e-01 9.552060420611752090e-01 2.640057594147741771e+00
6.986233382799956759e-01 7.420013799271720778e-01 1.991053257210154026e+00
2.411686979137140918e-01 9.075387904906515590e-01 1.504213262537051454e+00
5.407274256984817562e-01 5.036669509668203482e-01 2.023635307787762905e+00
3.871768873365649677e-01 6.032833455750632456e-01 2.075137986917038546e+00
8.996667084623615196e-01 1.835328956977907711e-01 2.397930353196652042e+00
3.609915727179066613e-01 -1.420409661952499181e-01 2.279736105591115614e+00
1.227380141931528668e+00 1.035515687844230232e-01 2.560023996850559147e+00
7.410539686267502146e-01 -6.681498505944294397e-02 2.914808981358993911e+00
6.271582694543702541e-01 -2.386911110784192547e-01 2.938888386293471378e+00
3.106886174304339110e-01 -1.413413961274931352e-01 3.149245867980640323e+00
7.730581560961728993e-01 4.878560420034937506e-01 3.436219030719229295e+00
9.480647562255284377e-01 -6.497380864901819431e-02 2.716688289771870046e+00
5.613146562528444905e-01 -2.635321773141949264e-05 2.497690658705714384e+00
4.885078973196210206e-01 4.270594777193371661e-01 2.275775965306665150e+00
1.044365117242365137e+00 2.452230802822761291e-01 2.690421779971834848e+00
6.403803682999249514e-01 2.219405297235312602e-01 2.654830244519078342e+00
1.131735787375158120e+00 7.041211002897028726e-01 1.970736646873749942e+00
1.771294985545768474e+00 6.539647547934109850e-01 2.407355256285828471e+00
2.301450015235856128e+00 8.537211942316327296e-01 2.918690393175725539e+00
2.395328860628581413e+00 6.030902147324688212e-01 2.660819569727210343e+00
2.587183416252849977e+00 9.537972142037030032e-01 2.053846627204233943e+00
2.876130404634350324e+00 1.406007774459589577e+00 2.450587641851895704e+00
2.069171326314033887e+00 1.030864766064512272e+00 2.770760731295956791e+00
2.076944221328697715e+00 1.227933970117694562e+00 3.200279239065672243e+00
2.586164247497931168e+00 1.122603146219616432e+00 3.148734393169408285e+00
2.617723046398604758e+00 6.203465540209773810e-01 2.975537938776061431e+00
2.731683563950136229e+00 3.762544795608401271e-01 3.194795085216635133e+00
1.864042433356593698e+00 7.105072601988173808e-01 4.168939512637561684e+00
1.355411751317522784e+00 8.093389672700762594e-01 4.060107422766686014e+00
1.353350413902475902e+00 5.991939203101496192e-01 4.625806172181554210e+00
1.301764995634888900e+00 3.778396523291149833e-01 4.444033969386476990e+00
1.131964431973006890e+00 8.088512595418631546e-02 4.336966374640347510e+00
1.016471503930307607e+00 -4.935888932236384002e-02 3.899258181960451708e+00
3.761375415509787268e-01 5.361540788050647155e-01 4.194026723950610602e+00
6.095148421498031155e-01 5.380597657639684117e-01 3.993142740759429987e+00
8.586020083875119946e-01 6.155854459605589746e-01 4.028389601364349204e+00
6.003727910452277827e-01 5.633579314043558606e-01 4.472076354724372038e+00
8.827274754255853839e-01 4.771478649957406892e-01 5.059865399653407536e+00
7.469842076235743145e-01 1.035287902592567866e+00 4.822668624884410171e+00
9.056878845410190060e-01 5.830220480589477505e-01 4.535889563876149388e+00
9.343500386365786170e-01 5.658539530075069601e-01 4.611737223273168595e+00
8.225718175053907677e-01 4.811044318892808702e-01 4.582981778532564832e+00
4.352801718978201451e-01 5.166030268018573235e-01 5.007454143964117144e+00
8.906376348652795816e-01 4.758929404244499062e-01 4.473569739875079776e+00
6.324303643941666664e-01 5.726410813560326440e-01 4.565506636542804308e+00
4.371728346882152172e-01 4.114733862683070398e-01 4.429517024185794405e+00
4.544512135310618817e-01 -9.601297949367587625e-02 4.262141058030391783e+00
1.242296911172747986e+00 2.326835536490624023e-01 4.677018771338253167e+00
1.873556303721681138e+00 -5.826563751417327408e-01 5.080008284307178990e+00
1.517797831890805194e+00 3.148674458341262361e-01 4.645270444190031434e+00
1.869207689033131725e+00 5.867226272962271505e-01 4.302854020323425566e+00
2.095026204263811920e+00 7.649439255235851443e-01 4.313714631407508548e+00
1.900905928043206128e+00 9.095675754588218309e-01 3.660912139196058845e+00
2.086358742450414638e+00 6.723703700483993906e-01 3.313688484907088228e+00
1.437492376573343167e+00 1.397330949982548143e+00 2.755225956965531076e+00
1.893639751079620570e+00 8.502358526584842258e-01 3.158942322246540257e+00
2.244802514823699635e+00 3.660567042449768826e-01 3.344270664504416235e+00
1.737405620761490743e+00 8.840955642781811452e-01 2.859477719270672402e+00
8.258194410247818862e-01 3.801883640707334200e-01 2.830241156755464615e+00
8.151679223466480328e-01 7.433814313729080192e-01 2.021626651925859885e+00
1.039409918233933583e+00 6.370382956080854475e-01 2.900820528504959750e+00
6.274238318537738168e-01 1.608057527724677804e-01 3.642168197397871676e+00
6.072779107741648197e-01 -2.369165589370699626e-02 3.840409742848957197e+00
7.483192760254375742e-01 2.796297300609945635e-02 4.368210742763110943e+00
9.812572497590539289e-01 -1.529298348199119306e-01 3.895556386423755679e+00
6.365357652005826372e-01 1.532423218028425849e-01 3.405356961237380187e+00
7.938061707690260427e-01 -3.223660660505462960e-01 3.639838935993363389e+00
1.196986794302285079e-01 -5.838233963799057680e-01 3.816230714967357329e+00
5.433191323811499274e-01 -6.115685296661640402e-01 3.942701506142993750e+00
1.105973396403586939e+00 -6.074473402297506652e-01 3.357484311077996608e+00
1.311186522093317208e+00 -1.468320411914924573e-01 3.136281536674309312e+00
7.781939692412489507e-01 -2.597453349003275846e-01 2.964660032681963653e+00
1.071089562548506846e+00 1.533530162924329754e-01 2.270113270806318972e+00
4.525332792270708171e-01 1.603777460044989722e-01 2.717724614759573498e+00
2.221530874755283658e-01 -3.897150572655235234e-01 2.512364009892658512e+00
5.622087375304942736e-01 8.900891264788045321e-02 2.001731594209372744e+00
1.205473171082914963e+00 -4.451326522175555467e-02 2.148337684359205912e+00
4.392365100001494049e-01 -2.332352864798636904e-01 3.188218426940064187e+00
8.578373027275690843e-01 -1.693515108207197528e-01 3.699586448856224230e+00
4.366186273374169091e-01 -3.300916762597687071e-01 3.956189499149789235e+00
-1.785322739197107711e-01 -1.331525203794607648e-01 3.572382377296029698e+00
7.052292008919880395e-01 6.336365484126703640e-01 3.181406097632709873e+00
9.830375143316978370e-01 3.191874194311012380e-01 3.262023239319984835e+00
3.239928581000166563e-01 4.923244943170009824e-01 2.846555903653502195e+00
4.949760627502551857e-01 5.521518313770003017e-01 2.322439325865821136e+00
3.905171173303063625e-01 2.764326855673804317e-01 2.713932593515324676e+00
7.573595469292853100e-01 -2.733770922621483468e-01 3.066846742060183928e+00
1.479822945997989747e-01 -2.882890783576518845e-01 2.339230677372709177e+00
3.052383061787861118e-01 5.808801922570908660e-01 2.036710279969715209e+00
7.787904371412063265e-01 1.025434944253425407e+00 1.774043382934436863e+00
1.313573438157341622e+00 6.713594223128379612e-01 1.518305669890720466e+00
9.784862704261170219e-01 1.134776195734422233e+00 1.602039772043509336e+00
1.107162148946366331e+00 8.092798812680013221e-01 1.369841339764608312e+00
1.104861678371806155e+00 5.456861185775413459e-01 1.943530919086843944e+00
6.574884649672266823e-01 -8.158610907376930010e-02 1.440925789890195041e+00
7.057940329059255724e-01 -2.008050257777193037e-01 1.221615245637702962e+00
6.340192516888035756e-01 -4.904139584414544117e-01 1.602169922741244479e+00
4.396553121293130806e-01 -6.788263278498835041e-01 2.009806425603351432e+00
8.494056930953659545e-01 -2.625372242828305502e-02 1.577534021413393273e+00
7.272375164165854056e-01 1.942445931447287291e-02 2.367550441223340574e+00
8.514541571244027551e-01 3.538732500635596301e-01 2.251138958952358049e+00
7.997694146115321701e-01 7.576915959193180061e-01 2.443520032708461187e+00
2.216316538824497639e-01 1.111613031846537814e+00 2.522795723229730669e+00
6.023157187311724003e-01 1.007313931839238563e+00 2.190494821707706485e+00
1.118902623347529435e+00 1.299520105077935694e+00 2.056085264017371461e+00
1.400413293467683173e+00 1.183920379431552261e+00 2.093102427572125723e+00
1.197296177952045015e+00 4.937972153693362953e-01 2.642267551602662579e+00
1.052633433807010688e+00 4.158301701125065031e-01 3.275937484615299322e+00
1.178484675339411369e+00 1.070646816391674916e-01 2.721940832231501961e+00
1.099824597631263945e+00 -2.253609574125395310e-01 3.409845580272702570e+00
6.494189996529227127e-01 -1.308509299701050149e-02 3.486027475911132711e+00
5.728051957738435895e-01 7.479188122212575458e-03 3.335863495132927348e+00
6.260749419076641065e-01 -3.987497933045425214e-01 2.982413841078657146e+00
1.182523086136365142e+00 -1.971359022585269516e-01 3.138887328538320975e+00
1.214305316255263723e+00 2.672089017183599813e-01 2.959900204245239141e+00
6.417533926082690243e-01 5.836413422894853875e-01 3.287883119712090796e+00
7.662477623286413353e-01 6.505000408373171061e-02 3.251471523256355578e+00
6.336538412238570395e-01 6.059067548571108741e-01 3.639975885824137780e+00
8.527208398396061151e-01 2.007172390258935846e-01 2.796743388082188808e+00
7.159634473975651225e-01 3.385250104357109824e-01 3.555285115704784449e+00
8.108735076731461433e-01 4.930671090007136548e-01 2.521635658992201101e+00
6.741393231131702635e-01 8.373387793597627526e-01 2.063645098255940002e+00
9.071831161120713638e-01 7.718263100037983104e-01 2.349041238184973679e+00
5.728117060639401625e-01 7.793237187372690222e-01 1.937847913747082096e+00
4.165212430232160812e-01 1.034093274193979894e+00 1.489578335371668727e+00
9.427752043801894688e-01 3.204029810863175953e-01 1.694585081941246907e+00
6.654780818947831911e-01 -7.631686882056383514e-02 2.420967211892016913e+00
6.279769418461826902e-01 1.949520375460374322e-04 2.440483207451736636e+00
7.233625491403097296e-01 -7.605150615560905825e-02 3.258977309269711853e+00
9.894056766514118806e-01 1.835125574643539925e-01 3.371024995193892870e+00
1.351840288125690570e+00 8.703310202260977624e-03 3.035326176224352857e+00
1.337687109567983867e+00 -7.569002948610376036e-01 3.243687698653739737e+00
1.361371757313515785e+00 1.340061615854957755e-01 3.404013601463856453e+00
1.438679593727587802e+00 3.920311748885450531e-01 2.249756931506518232e+00
1.599301676713602349e+00 2.850142834645758017e-01 2.382040427066725474e+00
7.223147063931645295e-01 8.737445275235722342e-01 2.254900880775162264e+00
7.963098466123637031e-01 8.523357557948447738e-01 2.736662673799096002e+00
6.167140730544594662e-01 6.443788146155613461e-01 2.962628041062262518e+00
1.100248320297894988e+00 7.744875852624142354e-01 3.444626374104097888e+00
9.461833018408942753e-01 7.896673949345897059e-01 4.552436253710063774e+00
8.181263350975968018e-01 1.353973673448578774e+00 4.915548889384740328e+00
9.605583242356457996e-01 9.738773005170358044e-01 4.801259583221581195e+00
1.526119647842176796e+00 1.278452843553306684e+00 4.223372747545904637e+00
2.031925538178839918e+00 1.788598368580989417e+00 3.591102715224823161e+00
1.555295047175373480e+00 1.661628220805146494e+00 3.163656158477705205e+00
1.500839334717986695e+00 1.615894619764643325e+00 2.833530632640136826e+00
1.452161827804669736e+00 1.278671145291502054e+00 2.435488078252309396e+00
1.037781442033393731e+00 1.317840267374810193e+00 3.101938404147527972e+00
1.229000390737847281e+00 1.247159594379438241e+00 3.536522031062985238e+00
1.294267290011061888e+00 1.140159958947553953e+00 2.658861863457825603e+00
8.836993709762426263e-01 8.925914939103239965e-01 2.859081165786524714e+00
5.329100887729132374e-01 4.447996666483972072e-01 2.489754287859748949e+00
7.618072415686873988e-01 2.260059608161126277e-01 2.447430714843048083e+00
1.108607412105117040e+00 1.205429437617065030e-01 1.744285622240872469e+00
6.880840830928053320e-01 2.061667957366286053e-01 2.105615427844350407e+00
1.143662703404456860e+00 -1.779824898727531690e-01 1.757627343076235693e+00
4.184060792933730344e-01 -3.206594461083768777e-01 2.016007888942365600e+00
3.244527332387527330e-01 -2.833621235246308601e-01 1.839308935962201907e+00
4.289878478778171855e-01 -5.355775926703043588e-01 2.111121922552991137e+00
6.585748347215604204e-01 -7.235265488899963460e-01 1.779847321503194690e+00
-5.055520860169833430e-02 -4.649409408659785914e-01 1.984750968877466493e+00
3.705466506885223277e-01 -6.738964377511982851e-02 1.906690255894007091e+00
7.845839582549993807e-01 1.129511889777684713e-01 2.493586470269533617e+00
4.567942991251272566e-01 -4.321621089714428043e-02 1.980810404053008122e+00
1.106302617069857774e+00 4.057845832206671832e-02 2.226945863939125747e+00
9.305468224000175148e-01 9.504305141734892270e-02 2.082517358589198508e+00
1.206750699336450072e+00 2.492061727507909052e-01 2.401454616061337699e+00
9.654835762556305268e-01 4.177843626903829932e-01 2.216167865081158705e+00
5.745275440701005376e-01 6.161011199846806452e-01 2.846714787906172273e+00
3.890856917964287676e-01 1.485171962907698151e-01 3.306414610302283119e+00
6.286967396343527970e-01 3.267988532799972479e-01 3.761499000357096278e+00
6.495415239404067620e-01 -2.889628996682028217e-01 3.958274670827703900e+00
1.331301819048048785e+00 -2.521387659573555706e-01 3.707323015831418100e+00
1.062431960489628402e+00 4.373559860541349487e-01 4.219207684957588356e+00
7.866986735964069943e-01 2.918702456991494887e-01 4.095745691963312396e+00
1.036370897324654372e+00 6.437493172602127833e-01 3.670622095227427106e+00
8.349006938423055857e-01 6.266168370544836774e-01 3.352468895922160019e+00
8.412660643146049333e-01 2.114163221769018719e-01 3.644481646043462586e+00
1.069787039026088182e+00 5.578840633957352635e-01 3.291878168240984337e+00
6.957193580803204824e-01 3.711704801700311807e-01 3.281598917158926820e+00
3.495664384923095058e-01 1.139972020461033769e-01 3.561888986832821402e+00
7.361727429807254364e-01 1.906890829030173651e-01 3.140672548949245968e+00
7.610073576367819559e-01 -2.442663636049129394e-01 2.649306483847463145e+00
1.006541649327312715e+00 5.937043034057789548e-01 3.469838572030398360e+00
8.590631406717530449e-01 1.074681798841441216e+00 2.826164259162268433e+00
1.177895004140398383e+00 1.204487974495829894e+00 2.587256760232452546e+00
1.146863526237095199e+00 1.101841350994068325e+00 2.658674977775235426e+00
6.998372392325102886e-01 1.390102423428015710e+00 2.561297160709296250e+00
7.717931974072207713e-02 7.816120255822752716e-01 2.061735730160688007e+00
6.827860488671073647e-01 6.254886935154306826e-01 1.629858470507384416e+00
3.143943000053988079e-01 9.539792699716054258e-01 1.034247851947745156e+00
9.007497587439694531e-01 3.676834178505077322e-01 1.665517506471504205e+00
1.120114176943695528e+00 4.638828056485617135e-01 1.605304792156862614e+00
8.105575100744479844e-01 5.644424406790957693e-01 1.840946400880565159e+00
1.270990154397950489e+00 4.915534752873711444e-01 1.545220318806672655e+00
1.038258172393141665e+00 4.402962081608607914e-01 1.765383636593868433e+00
1.823440331393975100e+00 1.060433407194268263e+00 2.790579069391555755e+00
1.033681288474927351e+00 1.358754497162918851e+00 3.396327721309185588e+00
4.496135881403731105e-01 8.559292730732981358e-01 2.696920218389496693e+00
5.443836361871885465e-01 -3.998352847807121191e-02 3.355413117623739172e+00
6.639332220213710611e-01 -3.672104595527588833e-01 3.528467347693390987e+00
7.574679987779935342e-01 2.627081294687053648e-01 3.350540618850135655e+00
7.576410541814319055e-01 -2.548303509711500325e-01 3.484107678184951151e+00
5.087877697111783393e-01 -7.619348315785395842e-01 4.028008037539840380e+00
2.771500817590198951e-01 -7.703063789096729064e-01 4.173975449991626618e+00
3.586502378135210112e-01 -3.135285189059208721e-01 4.409615970430960097e+00
6.348586776762989992e-01 -8.532623369957700321e-01 4.301876170313351011e+00
9.340022802528501478e-01 -4.792891703057280406e-01 4.210246880238166511e+00
6.470852978938499422e-01 1.397706359602666482e-01 4.690430586128361945e+00
4.597101991391987497e-01 -2.494261821592918538e-01 4.535978708482976351e+00
1.100347416203048434e+00 6.773153581805382850e-02 4.368117568750268909e+00
7.248490100016389270e-01 5.903466239841991259e-01 3.819559819244270571e+00
8.699360910310933725e-01 2.423018856494145723e-01 3.876877759773325494e+00
9.284650560017371212e-01 7.180825737747762449e-01 4.904039975868901280e+00
1.480320221083520682e+00 1.751391316450864322e-01 4.705192455708915311e+00
1.200424785619402135e+00 1.508128938964730659e-01 4.955785839354089006e+00
1.261166514254419724e+00 -2.846380596475155400e-01 5.508256350121127909e+00
1.713774612311577128e+00 2.171645430700011592e-01 4.967606181193435333e+00
1.458018660114473564e+00 3.663030938383394219e-01 5.166590395526781343e+00
1.933845742856681316e+00 3.666175668158766499e-01 5.155553791717196965e+00
1.632351151138855094e+00 8.699661441071016021e-01 4.964964626218764110e+00
1.566338689751252122e+00 1.428371023622914404e-01 4.927342278672186104e+00
1.601196262271921578e+00 9.284540315720019032e-02 5.606290385667727527e+00
1.962829771538462387e+00 -4.930568235073215511e-02 5.231808369687588112e+00
2.084971209866611996e+00 -3.956974508139374930e-02 5.113516027304218170e+00
2.179849433932424585e+00 1.788219935127097759e-01 5.301873838594556965e+00
1.712257548208333313e+00 2.031903906323787035e-01 5.504364636486383411e+00
1.640560713837252216e+00 1.330758908531275431e-01 4.984045227665872879e+00
1.735253681744268306e+00 2.958072212460715056e-01 5.032522531082402217e+00
1.386400015938243024e+00 5.241159836762433466e-01 4.453511169940809644e+00
1.273153702824537437e+00 4.758262872036216340e-01 4.854646535837410681e+00
1.158544426842057717e+00 1.928951688106719797e-01 4.833148785897336097e+00
1.103830924994975593e+00 2.379209457435085828e-01 4.600304369824610440e+00
6.140888867191446332e-01 5.633942437345389881e-02 4.204461227385155375e+00
2.701276327066832739e-01 4.856863296394295371e-01 3.593206120574248708e+00
7.557542845422824396e-01 6.794526293989670007e-01 3.947403216906153034e+00
1.287925926618650241e+00 7.037831964331973111e-01 3.875023102248536855e+00
5.107708148643117507e-01 1.189018974842953824e+00 5.129167042452084324e+00
1.715953416029112777e+00 8.145561817857814857e-01 5.277377584883896411e+00
6.713978033364461639e-01 9.802322713558827560e-01 5.554842909799612372e+00
1.197550537549859850e+00 9.943911947806836071e-01 4.826071934489838178e+00
1.774395888376010033e+00 6.636137789597759129e-01 4.906890137148598008e+00
1.119862789261508063e+00 9.091673601908583091e-01 4.348243611061285208e+00
1.143901261795308155e+00 8.033992724287543075e-01 4.228543611119603973e+00
8.031639379375685728e-01 6.150947156138937277e-01 3.651378475310871785e+00
1.304784229047625033e+00 1.032050148734862782e+00 3.697018166531676808e+00
1.945743824618535234e+00 8.409768241435167102e-01 3.451708963184705770e+00
9.549499341098851568e-01 1.071592326108408821e+00 3.428478893656286886e+00
1.240816516905066003e+00 1.299131779262693964e+00 3.130306716643228349e+00
1.568540902805040549e+00 1.432858384825036469e+00 3.301162172724996235e+00
1.177513436791222112e+00 1.120351505185195107e+00 3.547070721980183805e+00
1.002043625512897718e+00 6.407354883144330548e-01 3.843101198533966478e+00
8.019210887128263021e-01 6.228719122819440512e-01 3.632377224726573761e+00
7.664984784682359331e-01 2.966264497265362898e-01 4.038290804300602055e+00
1.025260184452655876e+00 6.392234292784085281e-02 4.214584826387307359e+00
1.275696157451471358e+00 6.673208629659737046e-01 4.547539509246041334e+00
1.464580710376497619e+00 9.897718629334869567e-01 4.345329885468373732e+00
1.359591138262459697e+00 1.832608336952780692e-01 4.051496746088102618e+00
1.899109522808187789e+00 -1.674582486231626921e-01 4.579360678608645152e+00
1.634769831417067332e+00 -2.931992603345968951e-02 4.405661073962678032e+00
1.734418553142023312e+00 6.620442853483590184e-01 4.683539021002625979e+00
1.917946117432496100e+00 5.411956283711375493e-01 5.166026695813817682e+00
6.739584457536140771e-01 9.569266648881314952e-01 4.914202895375618496e+00
1.216238504579091328e+00 6.651893876387836579e-01 5.387801878196843752e+00
9.739574921877096614e-01 6.812912626658702564e-01 5.914262923679965311e+00
1.357707562141199586e+00 8.181022523999110785e-01 5.364078725773414824e+00
1.434642497642487191e+00 7.601545206756018525e-01 5.528859830649740736e+00
1.012478343415644799e+00 1.710734306884248435e-01 5.800105773765950268e+00
5.809673216238651072e-01 3.408292560964615303e-02 5.980429448608201248e+00
5.918522758685188512e-01 -1.178195226110844429e-01 6.845234289439019904e+00
3.785471637236626496e-01 3.204033825046852524e-01 7.215995208142668815e+00
6.296090430655834069e-01 -5.347568019148207785e-03 7.254429719238012275e+00
7.682583587246620827e-01 -1.344322382347651335e-01 7.196085774609556118e+00
7.846985334212537300e-01 -3.831170125753473044e-01 7.127102659037656274e+00
1.398555816168331578e+00 -1.932491742025281567e-02 6.792870931119081135e+00
1.262987569362114426e+00 2.698285734927369228e-01 6.687791960631883192e+00
1.433605585920180170e+00 4.089199752909281060e-01 6.103122038566314522e+00
1.699999172429977445e+00 4.632847831832117014e-01 6.003895642145414158e+00
1.354571390972316269e+00 2.764961362463697059e-01 5.752459350315001885e+00
1.713813143729665533e+00 8.181262945534205633e-01 5.991145677467353714e+00
1.487526188658852000e+00 9.440159089571869000e-01 6.418152890661600551e+00
9.642340156860050859e-01 2.102438130127845251e-01 6.201821520698954870e+00
9.837800831675248547e-01 8.013669891668977474e-01 6.025865503762922515e+00
1.156231853012804400e+00 4.747876538213668396e-01 5.931900987045981566e+00
5.959616210448965834e-01 4.183296142273839058e-01 5.939056704355495597e+00
1.143933247111042606e+00 2.249359783914822164e-01 5.958022685262389651e+00
1.138525783749899656e+00 2.922734307089286943e-01 5.526222154610075599e+00
1.242560643745635351e+00 -5.126591150230384863e-02 5.083488080516150198e+00
1.250488224327061859e+00 -8.032643318254520381e-02 4.955573535249595984e+00
1.045569965571264248e+00 5.246013063924409581e-01 4.408195315750761623e+00
1.471996021761120099e+00 6.498706164998986345e-01 4.298560600254563546e+00
1.742700342830233229e+00 9.150930718548764276e-01 4.215726339845345727e+00
2.227287957194514778e+00 1.029509158093672383e+00 4.101588307268177580e+00
2.417751116217892182e+00 3.709053655256586701e-01 4.224824391360398224e+00
2.627589169693177684e+00 2.740353977088792470e-01 3.771993109651517351e+00
2.407219731781929717e+00 4.725443191321126446e-01 3.527461137680710124e+00
2.012699127196034610e+00 2.319268693669314096e-01 3.476236827111724548e+00
1.830713285418956504e+00 1.854771425328332612e-01 3.166983827777405391e+00
1.549035794265962718e+00 -4.210145103196172994e-02 3.232073545838487050e+00
1.007535904401934079e+00 -2.484594552203377993e-01 2.830875112066634447e+00
5.292875395771945435e-01 3.464298144001818347e-01 2.863228942070328298e+00
4.908598379271718048e-01 -8.107499771747302131e-02 2.638721484986052079e+00
5.690149321583384268e-01 3.718254596644892107e-01 2.919658785420937708e+00
5.664077913791273344e-01 3.464350819821667704e-01 2.843236105079271159e+00
4.602968941890591137e-01 3.198105985459546163e-01 3.513894906219223291e+00
6.181862892151804845e-01 -2.381491384831874170e-02 3.089138686892478169e+00
6.372022059458454235e-01 6.547014317856134080e-02 2.952714500584894708e+00
9.366334066453555485e-01 5.654366362395191192e-01 3.282282606401888181e+00
1.868492625293537657e+00 1.023069300698889128e+00 3.085976100056228244e+00
1.522608345888945225e+00 1.203083617285556128e+00 3.026829809067102861e+00
1.528141650181384703e+00 7.330773152990557318e-01 2.001627530713638858e+00
1.205243446642717986e+00 1.199260169547271992e+00 1.789085332590240718e+00
1.404937757459685521e+00 1.306135158988479539e+00 1.390081593797627413e+00
1.400643104686474461e+00 1.159737980095423504e+00 1.296086821528502186e+00
2.014459155299358262e+00 7.624479527782518362e-01 8.343348328049298157e-01
2.562727099915205198e+00 5.898889550648479529e-01 9.614351579008202364e-01
2.160950489542858843e+00 8.202417894784237440e-01 1.086005018934088184e+00
1.463467256595308186e+00 7.561296985191842124e-01 1.869121727009126488e+00
1.356083195294170762e+00 6.452166181000468237e-01 2.733238594236789609e+00
1.291902410299298420e+00 7.837091986211769390e-01 2.113450793267343641e+00
1.187508233313303130e+00 1.517360712497083819e+00 2.721020936173800475e+00
1.545426750856244702e+00 1.079332243944082448e+00 2.515602103400435219e+00
5.965817851950082629e-01 5.029580542727708492e-01 2.583672399668945019e+00
1.176281516830296914e+00 3.834259775357156119e-01 3.373225287962505980e+00
1.206909833200023652e+00 6.506271405003689889e-02 3.938385256634790998e+00
1.373543790016358290e+00 -1.933127878981270309e-01 3.996698819811192127e+00
7.074306974036694839e-01 -2.874696284107053357e-01 3.865638577673226273e+00
1.216079112147194552e+00 -6.495322695178482597e-01 3.681967346483393744e+00
5.902700898007946506e-01 -9.216187545660452507e-01 3.564836598102012921e+00
7.183613177053460586e-01 -3.698043002963394832e-01 4.092463658190272469e+00
1.198453610755439713e-01 -5.866110044376783295e-01 3.845491129086669346e+00
3.919166004419047944e-01 -2.504462058029032212e-01 3.344956933857213155e+00
8.491040838712076155e-01 1.546445022874295971e-01 3.610438597993824494e+00
1.065787932330165777e+00 1.969231960324137054e-01 3.626337474218028767e+00
6.833749132368638346e-01 2.790311971251676626e-01 4.016163679062928260e+00
8.983910701157200585e-01 3.687702669632149099e-01 3.748510407775611064e+00
1.519072365105210043e+00 1.119766278421576444e-01 4.237719564018240348e+00
2.121282299038819819e+00 9.412468183747969841e-02 4.015976150113670151e+00
2.550819141818088553e+00 3.354272070890007007e-01 3.797335270984054212e+00
1.613208641163320634e+00 3.681382830014510721e-01 3.562258072473386328e+00
1.465716983655276362e+00 3.384662393633046662e-01 3.672057615690176746e+00
9.459812777551747098e-01 2.472361888682936548e-01 4.072628764209949459e+00
1.081471437928166468e+00 2.404489319315606388e-01 4.289376826170169466e+00
7.456863450786409553e-01 9.257052601094711841e-02 4.722796847633810913e+00
3.442132508221318887e-01 -4.508537688141258659e-01 4.821819124354271402e+00
1.224228304253763167e+00 -6.732862370447207923e-01 4.262077072669838707e+00
1.289742213257540682e+00 1.919479849436692143e-01 4.923725558368977850e+00
7.461675212261945633e-01 2.602985325201588318e-01 4.557029702538601512e+00
9.694190394628439122e-01 2.177305919294444947e-01 3.661041419632019789e+00
7.944044041041298243e-01 -1.960596292868907187e-01 3.583725686120383447e+00
7.939421905964729742e-01 -2.137343961725932939e-01 2.844187318432468636e+00
4.989508693779846626e-01 6.152344377189039593e-02 2.257256390271549229e+00
1.137856754180659236e+00 3.277764671981063249e-01 3.017385927097519183e+00
6.749299014384262385e-01 -6.059805091394934728e-02 3.265358930801920412e+00
6.749299014384262385e-01 -6.059805091394934728e-02 3.265358930801920412e+00
4.536836394679288897e-01 1.989816797948337768e-01 2.921864318570917440e+00
4.884733360835257221e-01 1.394656753531613724e-01 2.731391580369932903e+00
3.525009095547535498e-01 -7.456780892793257731e-01 3.313761241462945595e+00
1.144587729157340084e+00 -7.982495569858858442e-01 3.362061483008609741e+00
2.523056781507491686e-01 -1.625094060300340537e-01 2.644506322897499651e+00
1.753056719839738431e-01 -4.879720649172247793e-01 2.946903869218361560e+00
6.235622049561352354e-01 -1.183127211389479738e+00 3.446894803361573167e+00
4.455420212214526998e-01 -5.735603066387413573e-01 3.357369930020403181e+00
9.432386095306852791e-01 -6.685065269519750997e-01 4.215025702185288381e+00
1.058093184682256105e+00 -5.033882593039884501e-01 4.546204835376898679e+00
8.155139476001505017e-01 -6.679823235726065622e-01 4.396153186558972692e+00
9.928601159247079089e-01 -3.467560400454106628e-01 3.738396675255784007e+00
8.478493280474729277e-01 -4.459851498374027279e-01 3.702967161049465439e+00
9.157489616129118604e-01 -4.888375858797660567e-01 3.751365325228461778e+00
1.181282813991071934e-02 -1.301185029774966084e-01 3.631001369466448914e+00
5.977361470904679619e-01 -3.094528885842809940e-01 4.025999172974795037e+00
9.984252750933311216e-01 -3.263413553878832807e-01 4.026085986525886007e+00
8.109627746637272372e-01 -6.286316008388010967e-01 3.597068572189815239e+00
5.406646714497878037e-01 5.563268064288640069e-04 3.609494388558011302e+00
6.126207652984803076e-01 -2.374048826274622048e-01 3.750596995947655721e+00
4.862674373824000251e-01 1.136333468361965249e-01 3.895041644520694568e+00
2.204526679197507943e-01 -7.831761571463156935e-02 4.438103127240581536e+00
3.818941161298498588e-01 -1.245889938569143679e-01 4.206507007305459567e+00
9.811001686923501164e-02 5.514106392257377420e-01 4.222394513674967875e+00
7.200947066809344488e-01 9.208792585402620912e-01 3.702018441993867093e+00
8.326106480753465711e-01 8.631864654928536051e-01 3.311834240298009213e+00
8.390236096484819939e-01 8.498745874749482621e-01 3.815487022159689712e+00
5.787069687893497960e-01 6.737060967733103922e-01 3.490010521702376245e+00
7.260581364683431627e-01 8.318850215925006619e-01 2.906989378185634632e+00
7.191323615709314110e-01 9.162635546707107448e-01 2.486480397147982746e+00
1.088005736406161494e+00 7.207367646411819706e-01 2.207849251264432322e+00
1.014857484524203990e+00 6.479070326159164228e-01 2.175988949990403931e+00
1.064744634862978323e+00 9.188273860796944970e-01 2.123952889237044506e+00
1.123714056185106669e+00 1.309723637328340962e+00 2.286980113753194210e+00
9.440613864789538789e-01 9.947579986032029087e-01 2.608506799322998670e+00
1.617579994346424854e+00 1.161137871385041320e+00 2.744527665114365522e+00
7.120150200549162367e-01 1.355421077255457574e-01 3.003796459330691171e+00
6.090532457832564805e-01 -1.975256757107870728e-02 3.630847144338781529e+00
1.042141609399330759e+00 -5.450370463546687638e-01 3.738616133173621403e+00
1.203118012340499199e+00 -4.183358275998860787e-01 3.749159081494386925e+00
1.635615293984406637e+00 2.031291256805786705e-02 3.598375783199077471e+00
1.563081076480425269e+00 8.835179627455542750e-01 4.059797269842015055e+00
1.252118109831542370e+00 9.434418915659374960e-01 4.788926844288916129e+00
1.188341126502759471e+00 8.693722104792893646e-01 4.304836729134215112e+00
1.719846703285047740e+00 4.455029307070170752e-01 3.607618205311020620e+00
1.928496320751183157e+00 5.667723047201258524e-01 4.045950315641261952e+00
1.558999390571310872e+00 6.268888940815011690e-01 3.140393898450623666e+00
1.232119283434513823e+00 6.223591568468932467e-01 3.666114801495789610e+00
1.183444184041886338e+00 7.390411225082035296e-01 4.173229284758599000e+00
1.463633797609637410e+00 7.062026758491777301e-01 3.431317930272146377e+00
7.321702701884678088e-01 9.825354809404475143e-01 4.267382837535633300e+00
4.104492322202092369e-01 4.268233545212227753e-01 4.643886080849987330e+00
8.318134395181068230e-01 1.658362797540247069e-01 4.167540738324984062e+00
1.093572372091839773e+00 1.258528486694937554e-01 3.375059948416678335e+00
1.532411047028841233e+00 4.274732652396688315e-01 3.755644958238479436e+00
1.342391511391527015e+00 4.352584673960510631e-01 3.419607231303987582e+00
1.368397523270171501e+00 6.716326046053955334e-02 3.590015001541852158e+00
4.523629294358786357e-01 4.220029408562442907e-01 3.544257926615807186e+00
8.763394540932719634e-01 5.736369374069834048e-01 3.970417568839306188e+00
1.064767596283703321e+00 -1.521341139996736092e-01 3.355751354146063736e+00
6.634761548829677391e-01 -5.130427288090366744e-01 3.323744834551033644e+00
9.673085087885320288e-01 -1.201758568793218074e-02 3.183809084413363077e+00
1.419821669804752329e+00 -2.887173580495910330e-01 3.233283320129522576e+00
1.722796348770326391e+00 1.164435858604377649e-02 3.335809384685171075e+00
1.524323443491607311e+00 1.343856355742578390e-01 2.999742314365094309e+00
8.523677389766549650e-01 6.130006115922456145e-01 3.306911366213632686e+00
8.374077957704348929e-01 -3.341364032240091708e-01 3.083766821955570503e+00
5.209402993620824152e-01 -2.447134675423876526e-01 2.790305255683059649e+00
1.021454263029174303e+00 2.677915142454611597e-01 2.708425685130619431e+00
1.183333537571247041e+00 6.924543126452296082e-01 2.793835839135214272e+00
7.988615583223608319e-01 1.147391380764098523e+00 2.456768764661915405e+00
6.605263841387405410e-01 8.553124200665309651e-01 2.937909009296623353e+00
1.238428278082909895e+00 8.452634852744741467e-01 2.937032801305431207e+00
1.462429153848160635e+00 7.039219925234077024e-01 2.582210565880286079e+00
1.173677345042939413e+00 9.926957038949351109e-01 2.713137736490427443e+00
9.027856737264623455e-01 9.835326981968883775e-01 3.015258185311797678e+00
6.707528780829697945e-01 9.143415169118344066e-01 2.896331593323809628e+00
3.260346046490811278e-01 2.322239774468004003e-01 3.402058310352999548e+00
9.604920557268810111e-01 1.812532616398805363e-01 3.153773805254123097e+00
8.665248922726795922e-01 -3.319115878019656685e-01 3.055429479039086793e+00
1.027761793125713252e+00 -3.660355466546140191e-01 2.689221154818601356e+00
1.046439445944493229e+00 -3.765980674984950038e-01 2.871198866641642589e+00
9.678735091586495587e-01 1.875422156223716108e-02 2.991848537936175223e+00
5.294241330109417110e-01 -5.624727074110482533e-02 2.716716859470395651e+00
6.103586267129681442e-01 -6.843813839018829670e-01 2.564203429789184696e+00
5.422767223456465696e-02 -4.571282590890272113e-01 2.260454126789742890e+00
3.101536670644396976e-01 -1.899974088585675014e-01 2.590058339379682106e+00
4.142369630154256743e-01 -4.076815241620076469e-01 2.340784848421377795e+00
1.716566977406756567e-01 -4.434021248261112991e-01 2.914265933570635791e+00
-6.677471679357627199e-02 -7.996636469880709086e-01 2.139121623546082596e+00
7.089839211482319437e-01 -5.013936235973075473e-01 1.910026090172252111e+00
5.086968004840140001e-01 3.465440006680506335e-01 2.448260044930290924e+00
5.630092412350466979e-01 -3.449864666693631676e-01 3.103696953296288807e+00
6.081541707201472136e-01 -8.995438226712207941e-01 2.801173888642973342e+00
8.154481959171593353e-01 -3.911710859612150815e-01 3.726321891969680777e+00
7.053241964168497358e-01 -1.197833013790656348e-01 3.451490138345780334e+00
9.758117662980705376e-01 -6.021983646556796632e-01 3.183032787279548970e+00
7.652175741532788456e-01 -4.297457842696493779e-01 3.244765070263923246e+00
2.557939615419885238e-01 -2.609533706649092011e-02 2.871849818570906709e+00
9.481052590726397611e-01 -3.074968790684432518e-01 3.133335154783650989e+00
8.005781116211794224e-01 -2.410204148841804395e-01 3.826340073222306071e+00
4.002715750081663471e-01 -6.960759585397569005e-02 3.458237276350019318e+00
5.318040901619823790e-01 -3.656511634001288757e-01 3.363401746682984861e+00
6.564769634026973444e-01 2.009399785898910440e-03 3.177612970577092799e+00
5.071714868373420337e-01 3.618432477297592875e-01 2.543496586437652418e+00
6.601414309777421385e-01 6.608550357654962015e-01 2.542636921699520158e+00
1.325788476034485130e+00 2.564987108797884274e-01 2.143511796542710179e+00
5.601258148675580806e-01 4.762743771142906035e-01 1.665526919790241811e+00
4.383680718341688154e-01 8.239854503870772673e-01 1.359649794932338507e+00
5.403273289385199796e-01 8.949796337643314281e-01 1.032204250520049271e+00
8.761381242667554137e-01 9.622944118141214531e-01 1.731320303703713259e+00
8.505159204868463219e-01 1.300107483594151514e+00 2.514106158842019934e+00
1.008977529444449850e+00 8.757519015732552203e-01 2.576756244650590499e+00
5.802011843751218034e-01 8.119176324561897529e-01 2.569383159160909091e+00
1.019174824832109749e+00 -2.725466720332505033e-01 2.330059158303086519e+00
9.426528314892621552e-01 -3.181085220789974799e-01 2.226950585606386035e+00
1.236402801432758825e+00 -7.375098804792239171e-02 2.449041568717538198e+00
9.436365844491803045e-01 1.768174197439937034e-01 2.371590721020720771e+00
7.777436910090302913e-01 5.657899957516692169e-01 2.139158874524909493e+00
5.423446626210763899e-01 3.371369027682724062e-01 2.516487855565038068e+00
8.558983938835217076e-02 5.097997812050120148e-01 1.862604774977713706e+00
4.208119566185539728e-01 -7.017373541831323225e-02 1.893566544586572142e+00
6.868950589306899168e-01 1.137419264642500899e-01 1.661257643843219611e+00
2.019163670679418598e-01 4.109758274131625200e-01 1.379415354483261247e+00
5.846277919699318648e-01 4.147954015520169957e-01 2.665757506416685629e+00
6.907985224323975881e-01 4.937116668622498206e-01 3.140636882717392719e+00
2.156255775014556120e-01 2.832266763506478546e-01 3.173944055280867982e+00
1.222901314400922423e+00 -8.023423444582217234e-02 3.210593764081472568e+00
9.560813063454618455e-01 4.649166041297401186e-01 3.514485122080311719e+00
3.368050298078580362e-01 -8.408982325873443076e-02 3.139044642694406750e+00
9.658451218145510664e-01 -5.394214917421392697e-01 2.630811985109855922e+00
9.033372731936776256e-01 1.677413981116948338e-01 3.121591017192636652e+00
1.237952459021699925e+00 2.517834920485802486e-01 2.903254822318940498e+00
4.658740325906433055e-01 7.531302107327692008e-01 2.324658215346692369e+00
6.978886887024189356e-01 3.715612916056970638e-01 3.059620031190719125e+00
9.170594018538594794e-01 6.233739750359753584e-01 3.065981916897017712e+00
1.668417616847068574e+00 4.387968999223864630e-01 3.517143270186168902e+00
1.397717759273300109e+00 7.205027744178437166e-01 3.425686803725784824e+00
1.446603431886015922e+00 5.842172345746694528e-01 3.739927419784033535e+00
1.062218123626019306e+00 1.073165537525382573e+00 3.591991103136122909e+00
1.023031634240969989e+00 1.361737335032676688e+00 3.461442173207280426e+00
9.268892006410174300e-01 9.135409871142980975e-01 3.561039259278288682e+00
5.804801342563383759e-01 6.177650492115431824e-01 3.373793066526838302e+00
1.108782214336562433e+00 -3.018928364250268448e-01 3.506384991807194318e+00
1.211728021326084592e+00 2.715248003828903967e-01 3.438426330411516130e+00
7.762239084942447187e-01 -4.056316610487257224e-01 3.455495173486790250e+00
7.615381216182814939e-01 -6.470008146782851854e-01 3.428329820328190447e+00
8.748891670871278281e-01 -1.975926301024327203e-01 3.319239318554728868e+00
5.119920540276673426e-01 3.229558363523237774e-01 3.658323626263494166e+00
6.051688146573767080e-01 -8.591294161423899955e-02 3.387352163076347900e+00
4.829460609779822611e-01 -6.228785911555405619e-01 2.883469707547020366e+00
4.381686975254703298e-01 4.783965359415909280e-02 2.761475381183754685e+00
1.802041935931353589e-01 3.270219227315509514e-01 2.718863576414439986e+00
6.910281551760422136e-01 3.567876243222710131e-01 2.675284317790739497e+00
1.682192717502416723e+00 3.178282660652021613e-02 2.657010550842746177e+00
1.815534394961259679e+00 -1.237210447858323736e-01 2.785460056593000999e+00
1.575482717547756373e+00 1.270188645772585556e-01 2.752890592575035100e+00
1.988281432578953289e+00 1.751141406226108810e-01 2.616029214189381058e+00
2.345335681995301957e+00 5.887975383082446612e-01 2.608978588963776435e+00
1.894082524467377571e+00 -5.557966922422802325e-02 2.193590241734023838e+00
1.597120661947469600e+00 1.035761949972508589e+00 2.093494861645022631e+00
1.067163065928314003e+00 1.172182314441902351e+00 1.415792734092927496e+00
5.101370207349805730e-01 9.334471560680397406e-01 1.769805622465169703e+00
1.109089959358651623e+00 1.819468950650844075e-01 2.422104161611908779e+00
1.337982382734539621e+00 5.029189964731968221e-01 1.360554317694605775e+00
2.580908519906892185e+00 5.635149861188116782e-01 2.092375828747019106e+00
1.800489021317288607e+00 1.148821064473600995e+00 2.593231565121144833e+00
1.670628820193439390e+00 1.279207895528721384e+00 2.783249902169704804e+00
1.969856882413663302e+00 3.341261709299717664e-01 3.160605071183217429e+00
1.151199171103582053e+00 1.894532884509512183e-01 3.721932995455186521e+00
5.672201463709238833e-01 1.668610994130362291e-01 3.814922902185231113e+00
7.190062963778940386e-01 2.475739339949611928e-01 3.795938749230952425e+00
2.290566227215047879e-01 5.311166311396925410e-01 3.221551872314386333e+00
7.664202790509585528e-01 2.382943607436593392e-01 3.341355150731262214e+00
1.307531118425650618e+00 -1.174183833397347276e-01 2.817211652630162710e+00
1.121983881523270332e+00 -9.500845632817481179e-02 3.323032918946777325e+00
1.144275933314073290e+00 3.250483619243659805e-01 2.780341624332096195e+00
7.541064365952353521e-01 4.710844632848896207e-01 3.284207749440724466e+00
7.945064482580476151e-01 1.194310708404785926e+00 3.345418641598354448e+00
5.638193334291131675e-01 6.330253896921506085e-01 2.945717355975345342e+00
3.141969936670722663e-01 9.118976219815834172e-01 2.891664819473038328e+00
3.588074957929077713e-01 1.058491137587404207e+00 2.711004688035372645e+00
4.045395572634138404e-01 4.541694194032582232e-01 1.933875894761885483e+00
2.841027232597928553e-01 9.569877855918661191e-02 2.335777680818578617e+00
5.226344163267462317e-01 1.053129806660002277e-01 2.430243766184429166e+00
5.226344163267462317e-01 1.053129806660002277e-01 2.430243766184429166e+00
3.543597419215721578e-01 -8.558908103713343957e-03 2.214400682926535247e+00
5.225755589872221885e-01 4.803136219223030356e-01 2.328177294941367048e+00
7.162847254923915274e-01 5.641726345651743024e-01 2.896936347034755332e+00
7.135746063847541176e-01 5.541681094702490817e-01 2.551288656192866711e+00
2.698460270054462429e-01 7.882947352392428719e-01 2.755868937250771644e+00
4.698606099654850099e-01 1.273973623002221389e+00 2.380508627907746089e+00
3.432468128446579669e-01 8.459301096071781823e-01 2.542053792891023178e+00
9.984404677686237184e-01 2.953134968000936666e-01 2.049762937764923798e+00
1.184197605438495504e+00 5.843328344473687208e-01 1.902321337044961869e+00
5.974595419949301212e-01 3.903639857759998444e-01 2.090941504747249713e+00
7.276769742216220305e-01 9.445785638537722573e-01 2.337496054530263656e+00
7.276769742216220305e-01 9.445785638537722573e-01 2.337496054530263656e+00
7.224701990718547240e-01 2.975026014194250834e-01 2.468817531718113134e+00
4.263807094180152024e-01 -1.794897373601429813e-02 2.769210636169169071e+00
7.074291227758654210e-02 -3.892254191358793802e-01 2.206070438076529250e+00
-5.701213464734483649e-03 -5.215944995928543937e-02 2.024140369737232437e+00
6.889817948339861386e-01 -1.674475681269850524e-01 2.344791655242043138e+00
4.557041733948239970e-01 -4.552217890146705304e-01 2.499548756882321143e+00
4.624872138480379258e-01 -9.230114006091202916e-02 2.154320370070061053e+00
3.958042460482424363e-01 -1.067041644822847024e-01 2.653212810159310209e+00
1.494554779680806744e-01 -1.825773844706299887e-01 2.347624726295852948e+00
5.510515785345725392e-01 2.524163089577997621e-01 2.119623129503986458e+00
6.755716334476349338e-01 1.175392311219272568e+00 2.321808014004166587e+00
5.873320958483059240e-01 9.133043216100424910e-01 1.943758547333321207e+00
1.049583565666053708e+00 7.833092061200579437e-01 2.392635596261499131e+00
8.067507927962723757e-01 7.775635202260878787e-01 2.122043783010999718e+00
2.981419815679505758e-01 1.863602989343373373e-01 1.831253724049195286e+00
8.935679657169146584e-01 -2.667263493259627860e-01 2.403943137139722186e+00
8.670014055500130379e-01 -4.084113542903495819e-01 2.691957242952383478e+00
1.675180666108359917e+00 1.715898661428524319e-01 2.719345936051867696e+00
1.525694146424173780e+00 2.001332953669422154e-01 2.168145331425675781e+00
9.216595925243965537e-01 4.240457461874926059e-02 1.982673617807279465e+00
1.289114754264785612e+00 4.252273935741657240e-01 1.604245056401620406e+00
6.115091505162530972e-01 7.263529780619492060e-01 1.456020026666345224e+00
7.464352507869715936e-01 6.661105631721518927e-01 1.543546254588205713e+00
4.094460716504298436e-01 6.691923031308725234e-01 2.355687626615254882e+00
1.284991945515383982e+00 7.407241470438284958e-01 1.740654418084204069e+00
7.711483513442625171e-01 8.526978523013011291e-01 2.086514937371434453e+00
6.243312504245448480e-01 8.493558058162868907e-01 1.881618194981057979e+00
7.968282602836327388e-01 4.500085253873210012e-01 2.215631404381096292e+00
9.535801106969173935e-01 7.909396854351841144e-02 2.727455453241436345e+00
1.177618423058568231e+00 -1.095003776621895769e-01 2.655601596681636423e+00
1.119821148717003112e+00 9.616361137194782971e-02 2.333321893179031825e+00
5.433871486144907781e-01 4.630283830911884890e-01 2.080655958215579471e+00
3.615636628179192402e-01 5.211324377227840587e-01 2.930436711086094270e+00
8.308049765061279457e-01 -1.030515196853274140e-01 2.732640081111112007e+00
8.186209985182255622e-01 -3.035342532556248862e-01 2.745140617467595412e+00
4.790678763356693293e-01 -8.856987644218194955e-02 2.643156728617464424e+00
8.460763144289916715e-01 -3.361018975391135699e-01 2.353491535902785703e+00
4.386679432371386467e-01 -1.853376828230231532e-01 2.570904415094147133e+00
1.402745584703413595e+00 -7.133005286730462746e-01 2.468366852377153808e+00
1.375088836663331371e+00 -5.448377606283646424e-01 2.453429570129211701e+00
2.112635221757123816e+00 -3.297039669005078499e-01 2.577610178885329173e+00
1.363204320708735651e+00 -3.252939499972213322e-01 3.351387880209795611e+00
1.320072282125583252e+00 -2.969078832928973011e-01 3.342084817700690991e+00
1.482156635037444214e+00 1.819003657879684765e-01 3.112819670901388225e+00
1.223534245496831208e+00 -7.020749620992837448e-02 3.165739447494916092e+00
7.190563540551913047e-01 4.998946701291233641e-01 2.861900553002190595e+00
1.038741073316154839e+00 6.765918515886337747e-01 2.385358234288025958e+00
1.198089255765869110e+00 9.292195931606196668e-02 1.950732660186316636e+00
7.212971815486668437e-01 -7.675091887658344603e-02 2.083795270642863073e+00
3.855791586587651310e-01 8.534569870075317533e-02 1.947589039760259100e+00
8.813461930338448713e-01 1.495393000102043235e-01 2.151338856142311240e+00
6.743256669542693205e-01 2.426762500546099099e-01 2.681266208744439439e+00
7.657279905685757670e-01 5.749090244302799135e-01 2.373886560695060766e+00
6.552332398006673886e-01 5.139315658099815609e-01 1.959703430973425808e+00
5.253896806379326767e-01 1.593895137996540479e-01 2.079633978760063950e+00
4.643752912397540178e-01 1.478430325312050930e-01 1.837633154336273389e+00
6.292601066608937144e-01 3.333382932467909288e-01 2.299029046049524627e+00
7.247007016158288906e-01 3.038633468758501766e-02 1.869937076065348425e+00
1.171860098445353993e+00 8.257996960964834043e-01 2.398088090487033863e+00
1.425564985134751383e+00 9.723851361963733453e-01 2.377007181187794416e+00
1.189607950397902014e+00 8.240920396057439534e-01 1.978589585805598627e+00
1.588128467597122784e+00 1.761285073777124066e-01 2.024065547373989915e+00
1.725540837889873336e+00 1.550539009816188640e-01 1.984768349587986869e+00
2.100232347976821679e+00 1.329493843161954070e-01 2.072273245492038729e+00
2.418171328604787451e+00 5.358667783527043538e-01 2.664690227663756961e+00
2.335338403551325381e+00 8.066984134191885758e-01 3.425345542716901726e+00
2.085649440760336759e+00 3.834881182148526246e-01 3.245319610345605899e+00
2.085031995093843626e+00 8.611484664310862236e-01 3.596276754800670439e+00
2.103556180771793294e+00 7.057416551966791962e-01 3.862666979098297482e+00
2.638219256122628309e+00 5.610223207658360245e-01 3.946278547153948324e+00
2.278862063918173586e+00 2.479850430108215265e-01 3.666743816075711315e+00
2.236274851051661905e+00 8.117053234955708962e-01 4.024250307302105867e+00
2.162647629203199529e+00 9.746966098200715578e-01 3.989990648743651391e+00
1.651905968263464697e+00 1.106414283309198776e+00 3.839338872555368098e+00
1.649863739802252205e+00 4.966197299355112338e-01 3.685479602748636285e+00
1.414516629567171169e+00 3.843074879271577982e-01 3.953388478980746079e+00
1.116298310769290314e+00 3.328712573813201181e-01 3.340933996240668780e+00
5.221356658328671907e-01 2.954485901925627545e-01 3.051896225983296684e+00
1.029361252987166964e+00 4.804970071901337736e-01 2.665067357336413867e+00
5.687133319849888569e-01 1.701876010566337194e-01 2.771299891470317966e+00
3.299258846322536964e-01 1.623144932167234211e-01 2.760601405668488884e+00
6.078294421923786661e-01 2.933054854240330078e-01 2.183932814039465153e+00
8.395982798896245436e-01 6.346548442830859393e-01 2.471549273641096889e+00
1.629282676683434294e+00 4.746353725655923506e-01 3.225415146260758537e+00
1.572759291907437795e+00 8.494228607086449223e-01 2.683904565458172797e+00
1.310515284664768076e+00 6.431401324780002815e-01 2.149639345103525834e+00
1.598374235409833144e+00 -2.133824999115386534e-01 2.581214072587298070e+00
1.691965632553706689e+00 -1.882823604232829462e-01 3.068678989936007184e+00
5.694430070039068204e-01 2.789318514735111137e-02 3.415396294953511713e+00
5.420416846763120855e-01 5.493206099728372704e-01 3.292121818502616204e+00
1.592893251276099598e+00 1.602369759636259883e-01 3.316243202978105931e+00
1.415561000912000322e+00 2.665488035128610322e-01 3.001336842858680853e+00
1.495855646998176747e+00 8.148890262997712242e-01 2.336080557958454040e+00
2.198722041603854649e+00 2.829907604414109712e-01 2.589777426790503601e+00
1.284608108427890638e+00 3.581320786462294792e-01 2.965662753643993010e+00
9.207185615231499032e-01 8.510601898040289770e-01 3.066390667123573888e+00
2.627743351131953675e-01 3.451991267873119051e-01 3.701770248414033571e+00
4.800858463956411692e-01 5.891949201605617414e-01 3.612078719068731569e+00
6.458971604253959109e-01 9.100353812855774271e-02 2.824900591206990885e+00
9.360938806565608505e-01 6.501124245759773990e-01 1.666585040919579708e+00
9.746938024225509922e-01 1.989528455958941289e-01 1.564651850186003612e+00
5.863879569974108641e-01 -6.159212184431431258e-02 2.372253312983011231e+00
8.324796917087591286e-01 -2.129003890255364850e-01 2.701057522402718458e+00
4.491131402978024711e-01 -5.314820516143037299e-01 2.886971366288426211e+00
5.768396045049331011e-01 -1.387216480351169956e-01 2.926706848244038817e+00
5.137977881300195282e-01 -4.555145181835660306e-01 2.901941841793183929e+00
3.546523977726362409e-01 -3.326194071392803153e-02 3.309280243067679539e+00
7.260248957915670376e-01 6.048757830489153164e-01 3.531440071853343632e+00
5.960715082456001790e-01 8.953478740204795505e-01 3.355012891873158765e+00
8.976956118295796871e-01 1.044457382340751250e+00 2.455229703588853951e+00
6.130689592704248181e-01 1.053622692178971088e+00 2.754223801266075800e+00
5.906337152820556602e-01 1.631915327062731791e+00 3.015879910630945293e+00
1.156343689257527396e+00 2.692791501597324166e-01 3.343756126764310999e+00
7.509432908119924033e-01 3.806949448746985154e-01 2.940194595040137582e+00
1.282130097687339099e+00 1.544400072657085843e-01 2.946043322623388416e+00
2.320444292376843798e+00 3.559563247175513978e-01 2.898873549159052931e+00
1.842426455196711554e+00 9.691044485555359023e-01 3.488114886659929859e+00
1.985141484919857646e+00 -8.398114722578256530e-02 2.647291025937964282e+00
1.512393884788504561e+00 -8.825006053383398219e-03 2.083177952183241199e+00
1.732741733738695222e+00 -1.528724376720512756e-01 2.038356282073100711e+00
1.470815914317459727e+00 -8.355458527428046012e-02 2.329946663149959463e+00
1.041523813597523995e+00 -4.262635173186946069e-01 2.953923409813540069e+00
7.587929741224276325e-01 -1.313687604308381163e-01 3.716784108957509325e+00
6.459189205120188237e-01 -2.749870555794423077e-01 3.662198069583085136e+00
1.048603156230985656e+00 3.971437005289195354e-02 4.184924716210712603e+00
1.512494848785749468e+00 6.410053834828202124e-01 4.088387356705707631e+00
7.971213570662909476e-01 1.974493916021494988e-01 4.376696501417403518e+00
6.456910814171469282e-01 1.287764789455419223e-01 3.346712159018296884e+00
8.201160092493932074e-01 -2.323699244451589430e-04 3.036570110661769295e+00
9.282799850686197507e-01 -2.573806819260086032e-01 2.979183462799902760e+00
5.930006102754046271e-01 -3.251809815711658724e-01 3.508700680142354145e+00
5.694551151361481045e-01 8.423355742469103291e-02 2.587234843505498816e+00
2.961504166919121106e-01 5.932053204422986781e-01 2.495106902554533601e+00
5.627637333446349199e-01 1.765131375000806302e-01 3.480634581146541340e+00
2.365066635276098506e-01 -4.720964785646857842e-01 3.272994188569246621e+00
4.042876444673909608e-01 2.569375184089316144e-02 4.058214941084998806e+00
5.576675474692093237e-01 -4.122967332183878897e-01 3.899436783755946490e+00
7.112763566553576000e-01 -4.715046380637605838e-01 3.383485505925207359e+00
9.690929619025767661e-01 5.363413864252278285e-02 3.230656332127415986e+00
1.486605756757134245e+00 3.188222330675596350e-01 3.646569695116612664e+00
1.373747504062923230e+00 4.245421154587075141e-01 4.571249383953848167e+00
1.434711390116562235e+00 1.242544026131561008e+00 4.552453259211990400e+00
1.163703644779548130e+00 5.765035837355030335e-01 4.150757357566358330e+00
9.599024303300276451e-01 1.216392735071955139e-01 3.760888673493796297e+00
8.462273342673465315e-01 2.747071300775424246e-02 3.488153655302528744e+00
9.892005264815197929e-01 -2.509829872191348121e-01 4.151204754936567376e+00
3.094345345223815658e-01 3.148015211190925700e-02 3.935169024689514572e+00
7.607017853508397653e-01 -2.151937809345133568e-01 4.374064284188784235e+00
9.839787172790585013e-01 9.520057649479427009e-02 4.435391897453653698e+00
8.333189043180289080e-01 3.000631624615794357e-01 4.539949378355583320e+00
4.233110640369598388e-01 1.193949440383299976e+00 4.400396660794910986e+00
8.600430385181838666e-01 1.349595007294561944e+00 4.706878211188828764e+00
8.561262697466978100e-01 8.590532669265883436e-01 4.648045271119091382e+00
5.446226181616868889e-01 -8.352234716112691415e-02 4.427564220945691353e+00
2.388224820647792679e-01 -6.375270993586127366e-01 3.540434712642317905e+00
9.978565166125233921e-01 -2.116943637308972281e-01 4.096688793350370617e+00
9.587696656533141182e-01 3.617998567075771110e-02 4.045603517620742551e+00
7.527090676651259082e-01 3.722262494484462336e-01 3.425025341555686609e+00
8.131512703643114515e-01 6.815894954465595568e-02 3.349516125576028180e+00
2.167558200712398353e-01 -1.782705725011669295e-01 3.704163650679463959e+00
5.705241475129916306e-01 -9.459761586145135071e-02 4.006948798591738914e+00
8.801281347277404299e-01 -8.385888264754860766e-02 3.943302547271607672e+00
6.682810707116855209e-01 1.858705878176962756e-01 4.496786855772700875e+00
7.447874112200801866e-01 -2.166874136814535556e-01 3.717175530190279797e+00
5.342109678294802988e-01 7.595963011024656208e-02 4.126006305187418732e+00
2.807271298636830892e-01 8.673799613342079995e-02 3.700259260920096160e+00
1.214570321594724334e+00 -1.878493260627926709e-01 3.792354652156443517e+00
7.905371953450820444e-01 -2.706585024323459598e-01 3.777288831712046324e+00
9.260844356904979202e-01 5.224990873394341762e-03 3.455493345710282771e+00
9.898089669703256099e-01 3.573805902487008357e-01 3.662161824045520042e+00
1.498364240423658345e+00 3.643509994814267405e-01 3.674064314485664173e+00
9.340632992157525960e-01 4.518727006226815335e-01 3.772677795899126885e+00
1.461086883829026739e+00 7.089056525501080674e-01 3.217750418676045054e+00
2.023949644236976209e+00 5.796600201421112653e-01 2.371589269338393979e+00
2.308439918537363855e+00 1.160925752202836669e+00 2.817731446701434717e+00
1.975439273485796843e+00 1.320486027870743539e+00 2.504246861424148651e+00
1.477476583762324269e+00 9.881638512229669047e-01 2.808939619739417637e+00
1.347088153404297550e+00 1.204939341075551340e+00 2.908680381575814877e+00
1.295259122449601730e+00 1.013297197812010886e+00 3.026241817407401058e+00
1.346658206325232365e+00 1.098238091603971567e+00 3.304811599802985889e+00
1.080117214400284631e+00 1.127366997520169001e+00 3.167867119263860332e+00
1.052727066009243151e+00 2.763636463879381999e-01 3.112954781572514928e+00
8.345333424897567465e-01 -1.396620196176230067e-01 3.368978943273768678e+00
5.446565410369179627e-01 4.233419414413742698e-01 3.157647903779928100e+00
6.983491260156911018e-01 -1.756134323177435119e-01 3.793104913568885017e+00
4.179447485271462481e-01 -1.646415998065290098e-01 3.248864528476736346e+00
1.192099913313978465e+00 -2.405944392855892122e-01 2.917291849318156327e+00
4.343947859463667127e-01 2.340564276517080322e-01 3.175725859629284109e+00
4.732854673394634171e-01 -2.552242298447325863e-01 2.723740339014749434e+00
3.956230112473076987e-01 -3.346109761826032702e-01 2.820587247822146537e+00
8.766779399005419915e-02 -9.988181652950897660e-02 2.528476271774047213e+00
6.114313844170977674e-01 -2.714189620713227183e-02 2.406219674974388489e+00
4.782125949295110146e-01 3.322171723892843320e-01 2.661954398752753193e+00
5.756290935748693549e-01 3.049745424822122852e-02 2.488873727365924715e+00
9.273679939931660510e-01 2.638463566834677310e-01 2.126816881731930842e+00
9.264113229031215591e-01 -4.995058599414622380e-01 2.242577352916861777e+00
1.241100168761223532e+00 -1.145069564513293003e-02 1.891167085192217989e+00
8.389481446207486259e-01 -4.922109505641015792e-01 1.842013207079777004e+00
8.785021298395140343e-01 1.935516568247646896e-01 1.600145790000705448e+00
7.473513449056459201e-01 6.959241763091083000e-01 1.782361547426643211e+00
5.791848201049375477e-01 9.936087588429017847e-01 2.178645748025652917e+00
1.203023503502364200e+00 1.020619702496261549e+00 2.016666212394945479e+00
9.126946471238479575e-01 7.723153923664605180e-01 1.862587180359521311e+00
1.291293571915426597e+00 -2.192659790902701522e-01 1.457121011322109139e+00
1.081594315970016984e+00 -8.050442172363317384e-02 1.246851636790420326e+00
6.433018966771036906e-01 1.986282457350498909e-01 1.507343847717209417e+00
1.045028173708462127e+00 -3.335529474638465053e-01 1.617645207041581212e+00
4.784894887240024319e-01 -2.583695602671810532e-01 9.964228089272988420e-01
8.899516964576732470e-01 5.534671941315661980e-01 1.544853172156044341e+00
9.230396251486983061e-01 3.067659505721631596e-04 1.628195599757858991e+00
1.359446080788011990e+00 -3.220359107976533686e-01 1.885748284452936963e+00
8.321144361262494682e-01 -5.116694992118466789e-01 1.309646745459007500e+00
1.151928742422938079e+00 -3.381200300793828495e-01 1.891726366261086367e+00
1.108926533516666701e+00 -4.902029754803589601e-01 1.687208712620944961e+00
1.042080493259098128e+00 -5.179429710777522233e-01 1.818259575415627216e+00
9.159063861971568077e-01 -2.375664797079679591e-03 2.073962463057893668e+00
1.137931072995982618e+00 -8.029396815172984425e-02 1.627150386377652413e+00
5.715316485923849221e-01 -5.109844027345887829e-01 2.089674707510498664e+00
-2.493547740729262774e-02 -5.056081227067065198e-01 1.647912849387522582e+00
4.213275493265950522e-01 -2.791435851077863628e-01 1.780868975628626671e+00
2.628619921099129009e-01 -4.198503099044338938e-01 1.866282887903354171e+00
5.716675394364982843e-01 1.985182818351868828e-02 2.047190692407063306e+00
8.153641583036201901e-01 -3.658292899584639768e-01 1.882582501133627018e+00
9.366848051225216132e-01 -2.690145037957442642e-01 1.129030975226261280e+00
4.485867313518964172e-01 -4.249252386027275730e-01 1.668768035563318763e+00
2.688927807052845509e-01 1.058095378281477955e-01 2.221714574530783359e+00
5.669699471187394924e-01 -2.220940166343978173e-01 2.442231988261910569e+00
3.904497921675650907e-01 -7.134009106943292600e-02 2.690691560656578218e+00
5.305429542405957211e-01 -5.050191973671750434e-01 2.866472630863253102e+00
4.039569004082531611e-01 -2.668469464256257306e-01 2.258922455547450525e+00
7.433275669301884214e-01 -2.292702150964637253e-02 2.304955682003281936e+00
1.260771714646262975e-01 -3.504961235159120836e-02 2.019442827001820540e+00
9.094568974769930980e-01 2.688116305323154376e-01 1.383678786648214087e+00
7.723947177310181988e-01 -2.405577892418535035e-01 1.671314238639381777e+00
4.308284858895796710e-01 7.554699320578632804e-01 2.129323550464207848e+00
7.894331766673124973e-01 3.247510574620604551e-01 2.602904214921742287e+00
6.929626527151301341e-01 3.244775696849004909e-01 1.671933550792298551e+00
1.170896560477850734e+00 -3.597305611900452060e-01 1.476065765466187063e+00
5.795297845491469424e-01 7.495236458457160689e-02 1.530734179355977886e+00
5.245831692090077158e-01 9.934496726223472976e-03 2.061848471344408740e+00
4.881572764839441358e-01 -5.055574262210310588e-02 1.709393506685350728e+00
6.545364610897950186e-01 9.117876199418989414e-02 1.497887994062616634e+00
1.220951024453685196e+00 -2.508693469218776784e-01 1.740052364974928434e+00
9.664980232009001693e-01 4.361039072088809254e-01 1.805410821917332154e+00
9.338696125978257490e-01 3.462389256759428879e-01 1.803790752148957122e+00
3.920832615960838097e-01 5.745763886232100326e-01 2.185310210546999254e+00
6.380198972588089212e-01 9.844204433644692109e-01 1.510261755446477228e+00
7.033527194876100230e-01 1.010924810673189622e+00 1.874105695804705096e+00
3.794473261432022015e-01 7.457067308041518405e-01 1.795350155054196373e+00
1.560314903712053836e+00 7.557529119566716025e-01 1.745380606255604761e+00
1.388006188145209041e+00 1.044794082399002288e+00 1.988409562221561844e+00
1.265078345637201673e+00 9.609725500988771651e-01 2.594354173449170187e+00
7.971336799664864303e-01 8.183193206334987702e-01 2.571020518475537919e+00
4.381425635006171437e-01 9.371694289745331474e-01 2.523443079929572175e+00
1.188488643802284583e+00 9.171999010013318632e-01 2.868819402797825102e+00
8.746594762576651583e-01 6.935188596478805145e-01 3.009907048651129458e+00
9.649558612848746497e-01 9.335585357831346354e-01 2.920988976559247607e+00
5.436367215196852287e-01 1.214341017995518524e+00 2.820798917729562927e+00
6.997171205156075269e-01 1.029407845642035912e+00 2.815999477496752501e+00
5.172035521037843253e-01 6.388338739365206909e-01 1.970972189304347699e+00
4.951890582150364484e-01 6.158052030717269254e-01 2.956266720750217569e+00
4.106105708079975658e-01 8.542955573353241405e-01 3.123986579375742423e+00
7.321863589386414795e-01 4.950909704757783247e-01 2.910181249426841088e+00
8.607261416050062675e-01 4.531605500130302389e-01 2.679443426703751019e+00
6.923947158151053660e-01 5.672740329075393051e-01 2.632707364614157886e+00
3.931229632299342303e-01 6.153028439349668144e-01 2.903486926654203604e+00
3.969824999782449737e-01 -4.484449503097764911e-02 2.779675147291422288e+00
2.806094651116762817e-01 -3.891544965580796545e-01 1.993916675366762092e+00
3.150989062794296025e-01 -5.385226365735289455e-01 1.946893069404263432e+00
5.227431972708572738e-01 -5.115394469412205547e-01 1.895767656241318377e+00
3.291170579441923816e-01 4.308640901728386097e-02 1.953861383740070234e+00
3.157962298224756825e-01 5.412163714016077209e-01 2.413753245865961183e+00
1.037548268912579674e+00 8.561547949468273355e-02 2.983263035813647601e+00
1.134812436212118580e+00 5.454467752778148493e-02 2.831878466543837458e+00
1.924349666536246950e+00 -1.215678734332695521e-01 2.486228322998347284e+00
1.704546304975409710e+00 5.008758146028740033e-01 3.114876756089451248e+00
1.561377019338099581e+00 1.027165908274321193e+00 2.661978411498474362e+00
1.456923710713985853e+00 1.170499567622225845e+00 2.680444407763218795e+00
8.425456707644481957e-01 6.462468242223440296e-01 2.504365529254291456e+00
1.177756376335105770e+00 1.021081724674097302e+00 2.566328344141817652e+00
8.381899044568832391e-01 7.588322603634075625e-01 3.642435024373749552e+00
1.334031072140355656e+00 7.785726192798161915e-02 3.480758178869185926e+00
1.275285309331942285e+00 5.189936823643133135e-01 2.964061626266648819e+00
9.286107756406766223e-01 7.807485773755553637e-01 3.859468112042739651e+00
1.212092894263837373e+00 9.111043516589405478e-01 4.456476138769263962e+00
1.953746636586231045e+00 8.490354522750883648e-01 4.306650135104369781e+00
2.471927313468448961e+00 5.708885127778470236e-01 3.180866457202553121e+00
2.412827373837027167e+00 8.205254922127158679e-01 3.576496478399817214e+00
2.293173038079336923e+00 4.439593820008460590e-01 3.312463589266156916e+00
2.733088253012488256e+00 4.844006386819320609e-01 3.832078124510257311e+00
2.358110057535387050e+00 -5.906530809687927930e-02 3.003634785654659467e+00
1.613360908532651017e+00 6.856324257860615390e-01 3.441173903850542004e+00
1.200775880029191445e+00 3.873679137643871173e-01 2.793765243927615494e+00
1.212663752614026924e+00 -1.125036192010829550e-02 2.339819417972035520e+00
1.453256167709906510e+00 9.113858457329975238e-01 2.268550478575802831e+00
5.582997693566684738e-01 7.809444753282316354e-01 1.952866575808425376e+00
9.809616727213237297e-01 2.298102767758782028e-01 2.461298682631926749e+00
1.609903117049771293e+00 -6.625183969567258191e-02 2.341777712411567958e+00
1.153156125536333398e+00 -1.091628084031892598e-01 2.670902745259961186e+00
1.680141999259110230e+00 3.058451741867247442e-01 2.223608800691725840e+00
1.220383157195989998e+00 3.961031871983266422e-02 2.411835538281809743e+00
1.203486960137284623e+00 5.455498239570920616e-01 1.948988168068193083e+00
7.122348900442717623e-01 4.736916263837266938e-01 1.851972943918483772e+00
1.169574213035735166e+00 2.172062505888140982e-01 2.259225617802383290e+00
1.448011078522397854e+00 2.176078382648694576e-01 2.226224291366965868e+00
8.594845516153597487e-01 1.613706773727053567e-01 2.166687432036273897e+00
1.862364274406617559e+00 7.290440437501894966e-01 1.876736498930400954e+00
1.458815758805323659e+00 7.674614050571489932e-01 2.059722615086925224e+00
1.491003405804868231e+00 4.962520402735646208e-01 2.195965369871733852e+00
1.385884105176282466e+00 6.578215790398510288e-02 2.694440117236351906e+00
1.585070667858111237e+00 3.135174513533860452e-01 2.843067142430802274e+00
1.390649585109872799e+00 3.748064160470213624e-01 3.698108276731226329e+00
1.248447340375074877e+00 3.972963857961037681e-01 4.311551807745868103e+00
1.062294161452979058e+00 2.995951406329515343e-02 4.607403294552195661e+00
1.157872463048850387e+00 7.631563902970593949e-01 4.845006215758562718e+00
7.783919077281898913e-01 6.363792759300455071e-01 4.120987429552935843e+00
5.366792539261074912e-01 8.022677532016920798e-01 3.531399519474181847e+00
9.007172942061814069e-01 9.787666570353731332e-01 3.422573261945021095e+00
1.179555089881170860e+00 7.248830916207652519e-01 3.297749815907522919e+00
1.487663730562398534e+00 1.075805926124714595e+00 3.320281154272058721e+00
1.732869523086846053e+00 1.326348765720271938e+00 3.026679398876732652e+00
1.435317045314934647e+00 7.354239554888860608e-01 3.133976317363051489e+00
1.498494511024154985e+00 3.622000405168768200e-01 3.314186514444507736e+00
1.314672043749861352e+00 1.548835988567479061e-01 3.751625147132293669e+00
1.427846936810148959e+00 3.075856800281692172e-01 3.159941387973435933e+00
7.262539290369441902e-01 2.341837459879670957e-01 3.147078173229111542e+00
1.515577729671744089e+00 1.179595920091803807e-01 3.966564992902363418e+00
2.665604191005008339e+00 3.058367184763206570e-01 4.410614356990042673e+00
2.849136311019507151e+00 -4.781247009967139472e-01 4.914562319960594117e+00
2.709341254618599759e+00 -4.402710672460495300e-01 5.150167211836688352e+00
2.152830320747060711e+00 -3.046455877262354006e-01 4.404401079018628096e+00
2.352277748910386101e+00 1.657949032016805546e-01 4.894682582809212867e+00
2.435076181997360312e+00 7.282502162984778593e-01 4.927161023765624925e+00
2.326150218705280270e+00 -1.491680792568423619e-01 4.725267958466615958e+00
1.612667184665293796e+00 4.097964209021907056e-01 4.981303963441681582e+00
1.484734159176801072e+00 1.005784036670811510e+00 4.505845728231110847e+00
1.218944315479620677e+00 -9.392716687328775405e-02 3.982216398613136921e+00
1.299471956211386336e+00 1.330190240942195623e-01 4.112043193480661607e+00
6.493816284701698915e-01 3.164526559326585886e-01 3.908927102346448912e+00
1.159664274371714709e+00 1.976957283880209082e-01 3.302987309635623703e+00
7.267781309223705355e-01 -1.383362439085589202e-01 3.075549048941657482e+00
7.033535411112578073e-01 2.693750996427313193e-01 3.698728227804815027e+00
1.143368255327100291e+00 5.925668350879321755e-01 3.142787228626471752e+00
9.464665132081571119e-01 5.645233270194922603e-01 2.752657274163402779e+00
1.247969848989032016e-01 3.451493695032056275e-01 2.624641153434087215e+00
7.992389607416356956e-01 2.096804078938313554e-01 2.020476724058298146e+00
1.087274871890527406e+00 1.839413809245163955e-01 2.387239165739202917e+00
8.951029551981568577e-01 -1.778555513512687092e-01 2.341758217656838781e+00
9.605472395786693873e-01 3.860973503690028341e-01 2.113455867971985924e+00
8.125376972074078719e-01 2.825958222067227466e-01 2.488311671997475383e+00
1.108506309054122729e+00 -2.811086156753586640e-01 1.986055804379082357e+00
9.761407067721201702e-01 5.869306964037190877e-01 1.938601970786566264e+00
7.842205410505616037e-01 3.857270146209737516e-01 1.698423757676271517e+00
1.460272701011524177e+00 3.760509550797978551e-01 2.129187319213805107e+00
1.011895240739340895e+00 1.055201559455216098e-01 2.078593208493117128e+00
5.791990241064692846e-01 2.653001421711012608e-01 1.508652723060464718e+00
5.833012388633010969e-01 5.802498202036918684e-01 2.541480206300811062e+00
3.271243786981122281e-01 7.305890788304576500e-01 2.703656054983460955e+00
1.036916199899054369e+00 8.233775598369028614e-01 2.709173430937560578e+00
1.726938935177416257e+00 4.242098900200552136e-01 3.508244141779978342e+00
2.239861022752815067e+00 8.810521709896187992e-02 3.623495562279110960e+00
2.324661881277443332e+00 3.921476283270239893e-01 3.679844337794475617e+00
2.862769772082710773e+00 5.433645048300734803e-01 3.586979931749383343e+00
2.797624710698649597e+00 2.380898740126141944e-01 3.460951131622120869e+00
2.866682873961752698e+00 -1.044961090507422058e-01 2.488264495212634930e+00
2.360510053735852765e+00 6.296478789422463862e-01 3.108719643171153901e+00
2.024345845244862829e+00 6.446102873513516185e-01 3.560861807647735855e+00
2.730727652837910746e+00 1.091779251205901469e+00 3.418821073897315266e+00
2.139729303451289422e+00 1.608731390735929967e+00 3.951412891656829629e+00
1.883408462242720072e+00 1.157028155363360122e+00 3.953022535529280734e+00
2.064789985798401784e+00 1.751373264189344470e+00 4.309373017024817010e+00
2.277310134835974775e+00 1.113571856198176890e+00 4.063839352159102525e+00
3.096636394282353599e+00 1.255448820246336528e+00 4.171305828327112941e+00
2.679507634067470168e+00 1.374337790890765909e+00 4.356589540739404853e+00
1.903379733056182133e+00 1.255831867104628241e+00 3.710918494991936267e+00
1.945322149257994848e+00 8.830911141908612816e-01 3.437062969062133266e+00
1.613562388418429139e+00 3.326352008905416047e-01 3.447551717483137157e+00
1.997206920056089574e+00 4.737215173413528713e-01 3.947792028164591738e+00
1.756921194298203703e+00 -1.439894216369674296e-01 3.393829162685380929e+00
1.857268506682745013e+00 1.222647569832925885e-01 3.534408528820819129e+00
1.267552132643936513e+00 2.149437892348145807e-01 3.729962369414442147e+00
8.631536588114907538e-01 6.504211060641514053e-02 3.729581523080891525e+00
4.761495071786388533e-01 -3.015400830590922454e-01 3.750897542101858217e+00
7.106621271028916720e-01 -2.032933720037389813e-01 3.357092305751573136e+00
5.052847776243646338e-01 -5.815323243220279492e-01 2.669735940367427229e+00
1.002101524819207334e+00 2.450842984094591948e-01 2.655958207574352414e+00
7.470011720808306110e-01 5.349829095565108439e-01 2.967500911479632464e+00
7.169271822589944332e-01 7.672192797371704120e-01 3.080112890450313223e+00
1.006909791906050344e+00 4.709690517312685731e-01 2.755086957278550575e+00
8.476008155533677479e-01 -1.140900020717921515e-01 3.036228468502198297e+00
6.908101221966068683e-01 -4.703199131640977138e-01 3.329782416142340384e+00
1.064803972092067896e+00 2.270270759169294161e-01 3.301828522232068686e+00
7.898030123591673890e-01 -1.313557717919902612e-01 2.874083500767117272e+00
5.924730480664798238e-01 -6.541089721122245182e-01 3.012300311447605683e+00
-1.517806656842654589e-02 -4.881210226290901844e-01 3.189930470872239354e+00
8.324113599980134115e-01 1.048360250468794996e-01 3.004079043127199533e+00
4.289316995705652058e-01 -2.832910011527654537e-01 2.471086468413299819e+00
1.523155198901014196e-01 4.206668761711979121e-01 2.153362293281846807e+00
7.803114635491091855e-01 2.722831560527348427e-01 2.177642628570557459e+00
7.365274905647563042e-01 3.715449983700154502e-02 1.169973292002238985e+00
4.737940369503521598e-01 -6.362427143221153214e-01 9.164434652336274079e-01
3.813143141523397395e-01 -3.984648831251739187e-01 1.651015480810235747e+00
8.660384308930269004e-01 4.234576933776157404e-02 1.564005975867628573e+00
4.392242859646691699e-03 1.334291158044935699e-01 2.174745577617136938e+00
9.534619280650076245e-01 6.099599126341461730e-01 1.955663763647397246e+00
1.170420030667470801e+00 4.031905306884951967e-01 2.145405080532464481e+00
1.084055501077729300e+00 4.958024826314714750e-01 2.337441739356549864e+00
6.960698501995850052e-01 -1.141372157744059007e-01 1.611038419379687392e+00
4.415482262185632667e-01 1.369565385869444263e-01 2.107664418925538907e+00
6.528791961377250486e-01 1.096005508809328594e-03 2.603104268194381898e+00
8.994393555496584813e-01 -2.937079674158310505e-01 3.355101103379910743e+00
9.761556713280667985e-01 -7.891987058305080516e-02 4.199871521237698246e+00
1.738253208960164331e+00 4.258215189430940573e-01 4.179569509568221264e+00
1.457576064144317618e+00 3.779357752710963414e-01 4.295870659124391366e+00
9.427452619277901791e-01 8.720329275812307990e-02 4.259218478919903461e+00
7.820411182429707342e-01 -3.467972201633507945e-01 4.250274338964903365e+00
2.984284896897194117e-01 -1.218210144896182540e-01 4.522668201900454932e+00
3.195726444336779992e-01 -9.267962787776782285e-01 4.438343537567219776e+00
1.101464254269720833e+00 -6.244735086362052101e-01 5.095993700419039207e+00
8.659647969328677641e-01 -5.471820894991428208e-01 4.948567880588147894e+00
1.293615535815743733e+00 2.522786976153368332e-01 5.372838222784126927e+00
9.548765677375048444e-01 2.165184551421956149e-01 4.545278955329606241e+00
1.072438343010298833e+00 -1.963384008084435167e-02 4.532307110754389967e+00
6.031204915583926462e-01 2.084954084101254546e-01 4.134446973276722836e+00
3.232314930928158470e-01 -8.385516992486080623e-02 3.474745128326810040e+00
7.883241670073558582e-01 -1.670253698759110172e-01 3.770686320272633729e+00
3.448741354379316615e-01 5.798476228163353952e-01 3.460152170503762559e+00
3.247368426964138410e-01 -2.088200641461404050e-01 2.895351201512651684e+00
8.016301080373497978e-01 6.092039805216837856e-01 2.621667445959132703e+00
1.023855065634629469e+00 1.938199052276272649e-01 2.609280908093455587e+00
1.198208272231608973e+00 2.120496848181475102e-01 3.096291456935973407e+00
1.528531356288001852e+00 2.396066837971860541e-01 2.385703623059882705e+00
2.123351786847122113e+00 -1.795951007339338656e-01 2.637134604369809399e+00
1.501361901160216172e+00 1.714203740891696026e-01 2.988265938807608713e+00
1.049556303182494377e+00 -4.615811066904777771e-02 3.079982020850573932e+00
3.183782613116266091e-01 7.212293714069466233e-02 2.855752036110953629e+00
7.397877416467254497e-01 -2.805905973025545064e-02 3.352980599931371319e+00
7.921243753095104090e-01 -1.108416796418606465e+00 3.195258948135206722e+00
8.573944768203525246e-01 -9.618089986458077112e-01 3.256531093325151449e+00
4.799579734538796938e-01 -5.953639828176798821e-01 3.587726971422635192e+00
7.936715838890381347e-01 -4.471502912211462455e-01 3.269075307157326638e+00
4.246147506777077085e-01 4.238835787690168333e-01 2.896953319878046607e+00
5.736777547144570333e-01 3.930638159187074820e-01 3.183015638273413828e+00
5.279600074180872404e-01 4.849996645774222737e-01 3.072158047423814597e+00
1.113265875502260860e+00 -8.880186261110797896e-03 2.842762373925060704e+00
1.189217585037721125e+00 5.289710129496372204e-01 2.499070581361892529e+00
8.752089899635098202e-01 8.384110315363948462e-01 1.690197452192907512e+00
9.779051683131969597e-01 1.118327914972644388e-01 2.150061031937170242e+00
1.320087558652597970e+00 1.406729216553418704e-01 1.558926532053258818e+00
1.200572853255732264e+00 9.238972669953716688e-01 1.287778602637468461e+00
1.110296908975271890e+00 1.081757028629485529e+00 1.914153548897369328e+00
9.912081074033516348e-01 7.807949287730712173e-01 2.503940271995759304e+00
5.333992670462455177e-01 3.286859207575198449e-01 2.621894411385643053e+00
7.889978978265812515e-01 1.059238870190817305e-01 2.601121943310224172e+00
1.274210232662028597e+00 3.617054905219604238e-02 3.298476921610973278e+00
7.028512095530937698e-01 9.619828260619058824e-01 3.210663321178850893e+00
9.056924969064551467e-01 8.921409664991435395e-01 3.106954029028677677e+00
7.821116704464552427e-01 4.973484328826986989e-01 2.912156110693166600e+00
9.748453869023839813e-01 4.187515281404513567e-03 2.843146817624416567e+00
1.377893298212848450e+00 -3.659094946337165810e-01 3.078165278763632884e+00
1.150407394464916022e+00 -1.863797614398137736e-01 3.006901972171066362e+00
7.858494460030269746e-01 -5.771233560980535415e-01 2.301717600289550969e+00
4.782292777158705377e-01 -4.033784068723388350e-01 1.905865521704041665e+00
9.170173719374778987e-01 -6.109809309288498635e-01 1.962949300165089506e+00
4.648517543677128661e-01 -4.004114961427938657e-01 1.987217158183301358e+00
9.305787596466744693e-01 -5.645259884056587074e-01 2.269013375344346883e+00
5.297448745714806728e-01 -2.035279566480920066e-01 2.417878676616422862e+00
3.989734097323527351e-01 5.120360457061199494e-02 2.705265225187295730e+00
8.638520469295302151e-01 -3.001321328056242299e-01 3.329674717263022554e+00
3.299796486813627583e-01 8.003400585863190697e-02 3.344600149121722765e+00
1.028450959984222202e+00 -3.945367855158401493e-01 3.688330224072999375e+00
8.813133448033783068e-01 -6.084433657838784759e-01 3.145061399443758621e+00
9.690762893407390832e-01 -4.465891512760316595e-01 2.596431121354563665e+00
4.629831231032159877e-01 -7.529201831062919403e-01 3.545795314454041058e+00
7.973403263036856758e-01 -8.474776806317657618e-01 3.296105428816615834e+00
7.582862629249295106e-01 -4.129839007630328185e-01 3.149914910570016158e+00
1.187642958491983425e+00 -3.940761182262970674e-01 3.352842374777858403e+00
1.187529444121852684e+00 -9.413143904347198720e-02 3.200115569503429569e+00
1.355714285303886824e+00 5.089543454448998139e-01 4.021029219567311408e+00
6.040494463106793610e-01 2.994742460896163694e-01 3.951409714606083590e+00
6.712271549065810250e-01 1.443212648886380289e-01 3.852489347158401412e+00
5.999010434773330847e-01 6.690306030640758017e-02 4.301504799567646309e+00
4.932361436914728947e-01 -3.273416187506547614e-02 3.751506813090702774e+00
6.919021346498871461e-01 -7.533254898834707003e-02 3.330716857250673790e+00
7.511671626965114035e-01 5.234361281793254994e-01 3.337781909039108985e+00
7.052886128812864142e-01 -3.166551732111684558e-02 3.247246207877963808e+00
7.854683626220911874e-01 2.213352122365915275e-01 4.088193012611434973e+00
2.105296271030069888e-01 3.957040553742430800e-01 3.801920188237605913e+00
3.879198517943783786e-01 -9.721686333099553712e-02 3.978659863268723562e+00
8.310864049235791029e-01 1.072332913096728096e-01 4.164860581058862365e+00
3.920811285613079455e-01 1.306075346890855915e-01 3.343846885230313148e+00
6.263098126257085063e-01 -4.890524878466578351e-01 3.887418415843017616e+00
6.257143506865424643e-01 -1.595826774121558156e-01 3.947993063716151330e+00
7.721137875302065412e-01 -5.116516062954150623e-01 3.163774006070235068e+00
1.294849377556370529e+00 -9.888600713318485003e-03 3.765378087077317026e+00
1.080701240088590254e+00 4.222475379859231270e-01 3.806256257552237621e+00
1.496774440862018052e+00 1.009444402149691500e-01 4.046337440568315458e+00
1.408478556857347908e+00 2.988476487365878675e-01 4.006373600163669835e+00
7.799894610036584019e-01 1.253392270449731061e-01 4.106317823257281674e+00
1.178088281390674119e+00 -1.058570843302110986e-01 3.843274660747158844e+00
1.018646441252846424e+00 2.399991626889897423e-01 3.620920518647885000e+00
1.086583647845903666e+00 3.644956637154178059e-01 3.479347573730342980e+00
4.837179574928042181e-01 -4.788786600474842503e-02 3.051414007159575448e+00
7.322594089129568218e-01 9.856527118898117390e-02 3.140651411423625472e+00
6.650259250367319686e-01 -5.105906704526887996e-01 3.674539960305252873e+00
6.755471481825999769e-01 -3.248530568584023781e-01 4.266743418232905150e+00
1.201342731135822683e+00 2.612204588362791735e-02 4.102012661928307047e+00
4.766559818384172864e-01 -3.182831853382979137e-01 3.772564855012331630e+00
6.884460247164684299e-01 -3.158667501343338513e-01 3.629789008909528825e+00
5.157427285923834592e-01 3.629640964491953614e-01 4.062420907801599590e+00
6.097683160883644593e-01 -5.117264935578151874e-01 4.463726834899533813e+00
8.640971752622812474e-01 -2.225113625278828389e-01 3.970629813745230496e+00
7.638099624163692258e-01 -1.404784534959022807e-02 3.966492020522662365e+00
1.197955640426509483e+00 -5.356569626618036262e-01 3.779968850912484690e+00
9.140897117108983672e-01 -2.201305462612736519e-01 3.838216800603973855e+00
6.495819743001405300e-01 3.840056208785096459e-01 4.515821961793048622e+00
7.089410677572155484e-01 1.066711412774673962e+00 4.616866570620530297e+00
7.492337985203721962e-01 1.346762450770051522e+00 4.642836522955823497e+00
6.798962646916928421e-01 5.836240089731608016e-01 4.931143974574834665e+00
8.045906841576663249e-01 1.381733205562900024e-01 4.269854572200367571e+00
7.487115048099540759e-01 -1.873593504621373640e-01 4.112150641359306746e+00
1.030768988024344912e+00 -3.641945623047433411e-01 4.314146775307901471e+00
1.337089245502391943e+00 -1.778650493641444064e-01 3.761062108766814127e+00
7.434720328970207959e-01 -9.877186829850292948e-02 4.056574856799567641e+00
6.136307325773258103e-01 1.343349336418360462e-01 4.293539901786484592e+00
6.455782044340764303e-01 2.529851379239352882e-01 3.992437363449528043e+00
5.928715978013467947e-01 -2.004672753089885018e-01 4.339986755182318134e+00
5.411441743653011560e-01 -4.127340095861216085e-01 4.143726697631333167e+00
4.103166694423678318e-01 3.280571103105122122e-01 4.801753641531283812e+00
1.271652339377680629e+00 4.257504866439751900e-01 4.888122102882057618e+00
7.289925907453767007e-01 5.511974205279134287e-01 4.763878085115141658e+00
4.365461513882885058e-01 3.953697149474700301e-01 4.544753929628046585e+00
7.848737653222507271e-01 1.604397638331216125e-01 3.639181761999240372e+00
1.579590695937236555e+00 -4.462978372867087429e-01 3.879208646119711279e+00
1.316054474081329806e+00 2.583936725077816687e-01 4.206664895435641149e+00
1.003414413503177727e+00 6.194436864442772750e-01 2.898841221900294141e+00
5.871732215768685759e-01 5.415130501935975227e-01 3.213704091488283066e+00
3.748556750779537539e-01 8.875956967414753984e-02 3.461812901780376706e+00
8.853512972707754392e-01 3.926898222457818333e-02 3.993887073879661465e+00
3.557186921701488425e-01 -1.965561859900575858e-01 4.942272467510971268e+00
8.643928719960172202e-01 5.769163659246081405e-02 5.208177058433239637e+00
9.744106499027179735e-01 1.524570744994944715e-01 5.016462453615598172e+00
2.970003377685691559e-01 4.722132122834944989e-01 4.333111103932277608e+00
1.435156375487103286e+00 6.675851164325735665e-02 5.313913991304703544e+00
1.036210456455979756e+00 -1.975017118644180059e-01 4.849635887086865438e+00
1.787449428601766144e+00 2.255146766708280293e-01 5.183068467619601272e+00
1.467727200351656824e+00 2.534090654282561972e-01 5.287383489981539952e+00
1.933700288915549459e+00 3.028487422850353328e-01 4.750772669945319215e+00
2.248408188800186114e+00 6.146536455391569120e-01 4.351732464726268290e+00
2.162705463790754123e+00 5.572310012863226358e-01 4.296358174622264769e+00
1.658728515270511572e+00 9.255539483690540248e-01 4.677848309104005509e+00
1.268962858509743441e+00 1.368424123476775778e+00 4.561696062774402982e+00
1.165495452779741425e+00 1.303781013698084745e+00 4.799045253473923189e+00
1.456954917679766481e+00 1.202815647052441594e+00 4.545410772394935961e+00
1.296871960182055528e+00 8.192327266891694659e-01 4.586457371975399155e+00
1.435048047649559733e+00 1.091528110791273543e+00 4.594203861001056488e+00
2.170504073482204532e+00 1.275958467198234025e+00 4.215566333887320383e+00
2.448618716842560605e+00 1.491131489379664554e+00 4.596559884623552250e+00
2.288719424403868885e+00 2.216014029294066212e+00 4.561295751713510427e+00
2.512560844213596045e+00 2.054025065402358852e+00 5.224601112352073251e+00
2.439115500469168030e+00 2.133262313487512607e+00 5.461439635117002034e+00
2.564907680822935188e+00 1.957934243564366961e+00 5.280039118356370409e+00
2.749203788983571872e+00 1.811559635654312217e+00 5.472096220420833212e+00
3.124781638440269571e+00 1.282506799982452872e+00 5.222886140442964731e+00
3.345637680389994983e+00 7.858084758651567858e-01 5.048473496662673199e+00
2.711689109498153893e+00 5.644563821971588791e-01 4.983943812786256089e+00
2.491167992652767005e+00 3.265504380170813348e-01 4.082224230976698287e+00
2.775000119211109784e+00 -1.069835638989689586e-01 3.836030247858722042e+00
3.324637751441177347e+00 6.292143223366484239e-01 3.740964466721102166e+00
3.136721599739507926e+00 6.483601832257060993e-01 3.358815797374211876e+00
3.383324177112610354e+00 1.170034707196448975e+00 3.943803570559255345e+00
3.337313137210529579e+00 1.120734805012284729e+00 3.324079440201362701e+00
3.221048943717421231e+00 1.292079349819037715e+00 4.466574893744093444e+00
3.005679464426813219e+00 9.856685526880843984e-01 4.029840739979966280e+00
3.057540439380077579e+00 1.302120127800299842e+00 3.816193773988681315e+00
2.703740812553002471e+00 7.405788859207690367e-01 3.885425241988019529e+00
3.005782862564247537e+00 9.396073838127856348e-01 3.603137948972217952e+00
2.577494970775468186e+00 1.580010111626394487e+00 3.700053242014143873e+00
2.328042733562287303e+00 1.098801294381061444e+00 3.722500543775359994e+00
2.243320055355690013e+00 1.162697328916322270e+00 4.174026318142231240e+00
1.700168346310732881e+00 7.974724129181040011e-01 4.449588999243204057e+00
2.048472646895715510e+00 7.826725736772248698e-01 5.107180700002069251e+00
2.181460407837949145e+00 1.067510799288826195e+00 4.922441896551729812e+00
2.693881570879465226e+00 6.463723893033657131e-01 5.501387693100391552e+00
2.634464005391178976e+00 1.064008577557618684e+00 5.653417415681064817e+00
2.163062152828705287e+00 8.604557681680361503e-01 5.708319584857059148e+00
2.202310065644213832e+00 2.515417133791662541e-01 4.568936138254756862e+00
1.932196977318333619e+00 -3.363415640054325667e-02 4.783081567447759141e+00
1.744002160073960805e+00 1.788464477393447716e-01 5.136062144428525045e+00
2.217190765499341687e+00 5.351308831374808062e-01 5.412843653647859021e+00
2.694535774350162338e+00 1.233528412779517636e+00 5.466390001925268471e+00
2.106269019984450708e+00 1.388205055189252857e+00 5.603340664790841252e+00
2.289741349738074305e+00 1.162461159721686510e+00 5.091991961930403043e+00
2.569552386607155015e+00 9.254359582523350447e-01 5.221025153841243771e+00
2.188073810795057472e+00 1.186403188925941654e+00 4.792245877845258129e+00
2.621535153358224957e+00 1.139623080600056682e+00 3.959547365703640853e+00
2.212557568660732610e+00 1.085584827711266298e+00 3.917233731267772967e+00
1.819407439562816142e+00 8.521547827628817018e-01 3.562058679319883403e+00
2.056663475750883485e+00 6.313664850843156984e-01 3.014211313046840424e+00
1.788677399455437467e+00 9.967367279877320518e-03 2.971993962279317891e+00
1.827082066712170771e+00 4.309280920963748374e-01 2.695075592990540780e+00
1.081828016600461684e+00 4.717304859511826653e-01 2.017178448428452953e+00
8.707428755900799011e-01 3.286841407683490646e-01 2.269944429118001317e+00
1.191764204675529237e+00 6.344499089585913243e-01 2.167214543910239044e+00
1.410210680834449226e+00 7.936622320939243913e-01 2.059492638759335303e+00
1.583210475989646149e+00 6.264398172838331336e-01 2.627916541320210353e+00
1.366910379963997446e+00 6.480979135235389599e-01 2.325196053256711970e+00
2.269050153471086517e+00 7.384836629547542053e-01 2.656516204602915376e+00
2.646607154863380718e+00 7.000486348136668591e-01 2.000669266182589556e+00
2.104506616398042151e+00 1.349742276526529894e-01 1.914790088129217915e+00
1.709826597440511353e+00 9.035344625212686775e-01 2.000270885901993090e+00
1.391692633396603984e+00 1.086192333196467130e+00 2.502858113856508471e+00
1.287528343726630942e+00 5.898457951753033335e-01 2.405176829890316004e+00
9.773998734363693597e-01 1.199374210430568244e-01 2.292014440421168864e+00
1.086855467150279253e+00 3.291207812577355840e-01 3.013521673882566976e+00
9.364238913018998467e-01 -4.068330990989516005e-01 2.863609659546863195e+00
1.149045606703221756e+00 -1.410205400625272332e-01 2.503070221400196527e+00
8.626593463558483998e-01 6.504379344761057613e-02 1.914737381763318869e+00
6.614501478641597876e-01 6.131036780047146584e-01 1.470886668807409592e+00
5.975832197532457979e-01 -4.266353095106253934e-02 1.571965344472562309e+00
7.021271808670019876e-01 1.769329577013894483e-01 1.585513464479856305e+00
3.768940479125361676e-01 6.825260843007459055e-01 1.898687459645463704e+00
8.092923591887987156e-01 9.537204183430717519e-01 2.176829607480366136e+00
8.531940601539570457e-01 1.188595718898291187e+00 2.089631678316320684e+00
1.143895861255963986e+00 1.218889251603019641e+00 2.551132385565160643e+00
1.173928608898481274e+00 1.502229698622168597e+00 2.549524668545349204e+00
7.507214962944014358e-01 6.616424133624361215e-01 2.249416831767889313e+00
3.503112780813005811e-01 3.988030865639564659e-01 2.335887484974797701e+00
3.450740331705393626e-01 3.195969125056540017e-02 1.930308087791158700e+00
1.133761064572199606e-01 1.613442718161981621e-02 2.387058627696534430e+00
6.225209086577920825e-01 -4.674162129534886745e-01 2.373001093395289196e+00
3.806095352842888135e-01 -1.444958336877508742e+00 2.796983861843398866e+00
6.632115892067148577e-01 -7.800562697052985106e-01 2.413473351067315420e+00
4.759626914170673739e-01 -3.510121197940705429e-01 2.768179860455740826e+00
3.232443430013751118e-01 5.461146407999493968e-02 3.283585399576359976e+00
1.040806089934995793e+00 4.794224164813080113e-01 2.805328589790684113e+00
6.120012174390149218e-01 1.304426123550501138e-01 2.863591524971018654e+00
6.351851025754682301e-01 -1.658984630649209535e-01 3.257064239978792131e+00
1.196262032089548955e+00 -2.529845410247626436e-01 3.042828508258500708e+00
9.133088715560420123e-01 -3.841431814721975313e-02 2.365886935915467504e+00
1.263484392758924102e+00 -3.314482247331487219e-01 1.974672255541849220e+00
5.862000622648835257e-01 5.522776633960914117e-01 2.086359792912444000e+00
6.155668704147910786e-01 5.698672423800164033e-01 1.684926873115795143e+00
1.346306063590982038e+00 5.317778677732732939e-01 1.378383898622434600e+00
1.681393555729362221e+00 5.567037445978039178e-01 2.060197622396790162e+00
1.426512378869829734e+00 4.700287676188124042e-01 1.887779037104416302e+00
1.376934659519252646e+00 1.673688145064508026e-01 1.722861598654840565e+00
8.526408253650107349e-01 -4.189474088358248194e-01 1.894669170797194324e+00
7.400187349100031398e-01 -3.333432920686819068e-01 1.516222750377990813e+00
7.400187349100031398e-01 -3.333432920686819068e-01 1.516222750377990813e+00
-3.757001394250761850e-01 -1.318368377186470708e-01 1.688765251540883749e+00
7.122021383228444025e-01 -3.503232144249286417e-01 1.957226802576170099e+00
8.380582025985914285e-01 -3.306606231442389410e-01 1.550636156035721580e+00
1.246625608893416670e+00 2.886555549087261863e-01 1.729819335252024803e+00
1.207681884539819617e+00 1.030621481491984293e+00 1.488627585479187276e+00
8.624811526451811039e-01 9.901928640925782288e-01 2.042459614735691265e+00
1.039773186021893503e+00 3.605880886641011918e-01 1.628624135682864349e+00
1.000438042249104376e+00 4.172656794854133211e-01 2.179528761097216716e+00
9.337127836917195056e-01 4.814226455852639308e-01 1.769654049318692079e+00
1.689741841405648870e+00 2.353609252175524746e-01 1.438033242451362215e+00
1.419376404015764814e+00 1.983348280554165510e-01 2.147205215526199140e+00
1.183520824524154413e+00 7.865909598896874133e-01 1.907279634163205451e+00
9.105948449334478889e-01 6.663866768147397313e-01 1.794046648910158748e+00
9.304071494754863059e-01 8.743656324386205325e-01 2.205120804192798545e+00
7.432134802048827593e-01 2.550723979890014981e-01 2.007005183433146378e+00
4.850202454652381978e-01 6.353557282656526750e-01 2.494355905861265654e+00
9.117265979069814064e-01 7.649684215795027331e-01 2.946947995356040906e+00
6.201354368850019450e-01 7.833619824292995526e-01 3.178381944462673747e+00
7.348350097040656781e-01 1.014264493529285494e+00 2.664293888666269261e+00
1.359665885120322715e+00 3.879737303515838343e-01 2.287099947593426386e+00
1.295456937146852505e+00 1.035331746956026144e+00 2.643464888773671806e+00
1.424808074445179651e+00 1.083761316431918198e+00 3.392689795143026377e+00
8.661836628751046208e-01 3.759620583925994963e-01 3.549936606218778490e+00
9.212545222015997570e-01 -5.430985852228356059e-01 3.039062734446250413e+00
1.482618498870933443e+00 -3.794058536218983813e-01 3.246673294200123738e+00
6.275626597787943295e-01 -3.697749178476948673e-02 3.300480024395313627e+00
2.508736050637254134e-01 -3.070413458774426951e-01 3.262407558060297585e+00
2.798730503202986331e-01 4.741007211218335737e-02 3.458753790831726516e+00
5.886239368938073896e-02 9.519420666322161995e-02 2.965026622901859366e+00
6.122365931853634979e-01 -5.978220766696569211e-01 3.043768978430028582e+00
3.578994632627154754e-02 -5.380954337853232072e-01 3.072162066254929602e+00
4.839132006010896658e-01 -7.204471211979911471e-01 3.223031833419262249e+00
4.564274687952257770e-01 -2.967992553307214343e-01 2.261224148410965640e+00
4.243425103688097111e-01 -1.361926381903246219e-01 2.052726014626226281e+00
4.727903257746122190e-01 3.008545532317222215e-01 1.989668807293697883e+00
1.443222642678725354e-01 5.826785416110338289e-01 1.806729693305085593e+00
8.959617364056740030e-01 1.937884765297612777e-01 2.177128748678101022e+00
1.014482431648335181e+00 6.116173294644269287e-01 2.780426439888746160e+00
1.446227264927769651e+00 5.362152229399331782e-01 2.515691466452267377e+00
1.799560089249326422e+00 8.684332542396845378e-01 2.794363960186208917e+00
1.447606219518134507e+00 9.046079259251093019e-01 2.813710872077443970e+00
1.915714016148690746e+00 1.141600210776190893e+00 3.012531568721886988e+00
2.191988618659987953e+00 8.385357941080995303e-01 3.805230655763068626e+00
2.057214099944888464e+00 9.216269909070656796e-01 3.562984750489567087e+00
2.434003002029947016e+00 1.113386689615827541e+00 4.194267398810732850e+00
2.404751377732911255e+00 1.166686695702204624e+00 3.818740202528512206e+00
2.574716617961976262e+00 1.378683976118565191e+00 4.401992318604296628e+00
2.831072592678708588e+00 5.291605808491659513e-01 4.932378041107919664e+00
2.747457094373853437e+00 4.213289023222129281e-01 4.452328642304291151e+00
2.050767307092697500e+00 1.980079979010229696e-02 4.788593451970950099e+00
1.238659660745122792e+00 4.863171582431232570e-02 4.737110739827095074e+00
1.383850655832208565e+00 -1.837644555044495170e-02 4.613378467926507298e+00
1.131114916797403946e+00 4.187596250245917417e-01 4.961227809832434055e+00
7.420813791984396390e-01 2.380934832675503932e-01 5.306642146692744255e+00
8.334254741587383553e-01 -5.952296232707402490e-01 5.020921103434159427e+00
8.442824333171131679e-01 -2.783572760913320954e-01 5.151875261886971202e+00
8.608042414820746835e-01 -7.346404252829673576e-01 4.965400401767164240e+00
3.924293009779906694e-01 -3.281155143959787468e-01 4.663276830414305962e+00
5.798946598518821549e-01 -6.746309681479150111e-01 4.680785325083093973e+00
6.225412839805566367e-01 -4.422759280366829748e-01 4.516621211061140784e+00
1.038141417576132319e+00 3.449112978037232047e-01 4.586697253533678520e+00
1.381632461653031330e+00 -6.895202597534219602e-03 5.125085934706244295e+00
8.273707628143250892e-01 2.976320419746954493e-01 5.108380374959014425e+00
1.010693511236604003e+00 3.454685796158024069e-01 4.879938629955690388e+00
1.157632602024551094e+00 1.977002483238954611e-01 4.875947468838356613e+00
8.502920065105860070e-01 -3.457589840453833552e-01 4.978847733807189258e+00
5.540828402048031398e-01 -4.646109345028602844e-01 5.276449517503721154e+00
1.431551595260942833e-01 1.307123992830890313e-01 5.545003921426135740e+00
4.343593783531312091e-01 -1.171891293726796679e-01 4.958961690288180790e+00
1.014802586895831915e+00 9.364814221927437732e-01 4.468454636427206417e+00
1.094931406334283430e+00 7.146701703650474302e-01 4.782380039275204275e+00
9.592924005142996480e-01 -3.099102822364971921e-01 4.017059734644267799e+00
-5.287652129224751363e-02 2.128206943263923900e-01 3.458350850093799167e+00
7.609954658255623228e-01 -7.255824396000944976e-01 3.376842040195333627e+00
7.338230111057983951e-01 -7.521392597688298931e-01 3.464947612432622837e+00
9.121577797408444432e-01 -3.082160650071457120e-01 3.313525912766686510e+00
6.175739853607813412e-01 3.351573342514940768e-01 3.096418184235622206e+00
1.071925659308748946e+00 1.802006744275695127e-01 2.874662169768396947e+00
8.577752699283628379e-01 -3.705989833398471434e-01 2.762910170274793131e+00
7.308140355791583609e-01 -8.489638273324173756e-02 2.448759169007807657e+00
8.198908460867521120e-01 -1.875574577040491631e-01 1.748302783875865574e+00
2.136039958291557905e-01 3.956621284347153211e-02 1.759436123899959847e+00
7.231871326007928147e-01 -1.675563857510707633e-01 2.231612735400763992e+00
9.086465456205065072e-01 -1.097952899423972062e-01 2.502570448504574330e+00
5.814138889981781411e-01 -7.448508077645357162e-01 2.503796268772202627e+00
8.085094249213736761e-01 -6.046438824429503089e-01 2.926943404290076156e+00
1.182608716490313183e+00 -7.006160114944329775e-01 2.907438822740171513e+00
9.943196773617566375e-01 -2.105701431050844286e-01 3.081473369226682912e+00
8.396062806045998528e-01 1.482691529492747434e-02 2.382201753479821882e+00
7.714018526251776864e-01 1.967329665432865637e-01 2.275896450095554080e+00
3.920386509919515095e-01 -6.949113172767198976e-02 2.056064057114410648e+00
5.920486118558976329e-01 4.632945845707732158e-01 2.224825178489930888e+00
1.806513809610806320e-01 4.768367748902481718e-01 2.511925521068433920e+00
7.178611897222511029e-01 6.956630055451276662e-02 2.575994560717941528e+00
1.584585200771625457e+00 2.966842577853409657e-01 2.489196135938785304e+00
1.663595982605453605e+00 4.835639363493354770e-01 2.064406644982644590e+00
1.466393413629821341e+00 1.818083174922597578e-01 2.233173237733284466e+00
1.505683500549433562e+00 3.835206096952821775e-01 2.668849265642879054e+00
1.736394915370453429e+00 5.149015681747418638e-01 3.023781724696147144e+00
1.400298213468160968e+00 1.363560437728223440e-01 2.536594776292919740e+00
1.143055683614324192e+00 -4.450049876185777076e-02 2.158998484161582798e+00
1.356937560672636600e+00 5.087802227499372831e-01 1.970874324004271427e+00
9.891339056031210886e-01 2.041749481262654098e-01 2.472258887968347807e+00
1.494327239869148061e+00 6.163680816538601170e-02 2.093753180629248423e+00
1.216689454394327630e+00 4.672769426669583503e-01 2.068781647384711597e+00
6.050682844629156065e-01 8.384084039295762736e-01 1.946778045679717684e+00
5.085561208826018254e-01 7.606603533214317814e-01 1.919619754143532031e+00
9.168036349741813806e-01 3.281256872540793124e-01 1.860266635290733772e+00
6.860810853673861009e-01 3.450388016887356302e-01 2.383377545667100694e+00
4.689386383002795977e-01 1.558530058893504433e-01 2.671276019789707412e+00
2.688363881987871351e-01 -9.681727041342907958e-02 2.066395591330143056e+00
1.296441775522874984e+00 -8.408095869367813169e-01 2.115681902869317454e+00
5.070581908814075778e-01 -4.276352129747566511e-01 2.257496273644450824e+00
3.691749097153650822e-02 -8.548362264213124062e-01 2.621235791457253939e+00
6.306479337501330606e-01 -6.487092919071606456e-01 2.710464186207168780e+00
7.572628813955352145e-01 3.950876785833754012e-01 2.433199869398595450e+00
1.050082696988297704e+00 -5.934552356337101653e-01 2.478004435787111159e+00
1.009123481644911724e+00 -7.616409479990591258e-01 1.741645814998588504e+00
4.200265715872812944e-01 -6.436135118607622108e-01 2.165014510931429381e+00
3.358407696676796172e-01 -6.074553422922687185e-01 2.425717761906460268e+00
3.390431947448944716e-01 -3.607134622104270494e-01 2.768573408946175984e+00
1.025168811484029607e+00 5.133042659861267176e-02 2.862681714057875748e+00
1.320788581618543178e+00 -2.654021639656563014e-01 2.682185624269354030e+00
4.668125883172948853e-01 -6.536884712153441246e-01 2.824523031553634045e+00
7.053782137495809845e-01 -3.222035724519038968e-01 2.598869924499465078e+00
6.079885733305114837e-01 1.419520164045799393e-01 2.508809009318771377e+00
1.107854650611712621e+00 1.645408218498773875e-02 2.459276435305513875e+00
1.346929726217138246e+00 3.621360411982639527e-02 1.674155899880680032e+00
1.773901138144976519e+00 4.202469510679043285e-01 2.493593962114162288e+00
1.814312843216134841e+00 4.618936523977786313e-01 2.837049509992095597e+00
1.597650667314024275e+00 5.593286264714154576e-01 2.650693139383728081e+00
1.069168301312698244e+00 5.932719688641673317e-01 2.693988654517259551e+00
1.148050182202610570e+00 2.883231512210146508e-01 2.008311760905414634e+00
6.011934377040074606e-01 -2.950826396716486610e-01 2.125208866356994353e+00
9.516544032651719220e-01 -7.502083886677751723e-01 2.080418372682637962e+00
9.205330850467560166e-01 -5.574364016508479569e-01 2.540992524345169201e+00
9.299435865818358460e-01 -1.503220738659638012e-01 2.014408941037357348e+00
6.554099493675791255e-01 -5.253473856772605810e-01 2.593250148810477995e+00
5.669343196553786601e-01 -7.444528031380720501e-01 2.877613741088822064e+00
5.472712838463544838e-01 -5.216674453741335649e-01 2.453563019181884908e+00
5.298392576474723059e-01 -3.633931242417599572e-01 3.143270489395731282e+00
1.391916607968823660e+00 -2.722588259215960593e-01 2.940054903244501361e+00
1.347355873411524962e+00 -4.197929492212353897e-01 3.601536723146832930e+00
1.793589631484593605e+00 -1.400176770587368558e-01 3.431242631621129746e+00
1.163647241616417638e+00 7.695071493321734568e-01 3.933079626234661674e+00
1.846242801626953867e+00 2.826467376309793056e-01 3.543762523631257544e+00
1.461122177481623208e+00 5.729078921797106094e-01 3.313648564696420884e+00
1.447948581892610553e+00 4.169132256194982844e-01 3.130661879637968603e+00
1.416170509091097873e+00 4.544909064135442267e-01 2.934550098203006385e+00
2.020506572505904153e+00 5.733586563343620046e-01 2.472362804004914150e+00
9.924352863060028618e-01 2.062558712173550857e-01 2.709475634761355778e+00
1.166225069572461193e+00 1.565170916839127013e-01 3.321294795179703385e+00
1.389000825520943172e+00 6.246213969285816514e-01 3.143991780203531761e+00
8.803314914373167044e-01 5.095090784197708889e-01 3.293850968342096674e+00
5.948652590734661016e-01 4.316130060002421054e-01 3.051316943513013857e+00
5.695859746853538796e-01 3.469416327012597723e-02 3.034485635903062750e+00
6.106921478077023124e-01 4.005097822879108427e-01 4.039266915001467950e+00
8.446102785513510680e-01 9.568991610102107748e-01 3.834228701370244519e+00
1.199399701231486537e+00 1.119925888166030115e+00 3.761214774624484392e+00
1.832822864645628158e+00 1.162531986169373033e+00 3.939430768454753373e+00
2.957378345563074440e+00 8.013004857010993520e-01 4.035207940306873908e+00
2.690524858271333475e+00 1.196514165119993534e+00 4.031340778639577849e+00
2.258575652606560791e+00 1.302788447026209440e+00 3.327718487484838672e+00
1.839166446424469248e+00 1.091342164230228118e+00 3.400763868564173009e+00
1.087048529098131766e+00 1.780236858404405709e+00 3.415094826911353021e+00
1.418105387492340164e+00 1.856090674488065639e+00 3.133720344527892721e+00
9.626041103545451838e-01 1.812399636477648235e+00 2.773771248066384310e+00
1.723978380086798712e+00 2.152679678564015653e+00 3.141848109891978158e+00
1.889509316422780527e+00 2.091570342935515914e+00 3.495281058167553745e+00
2.457240541392362587e+00 2.636602421858318834e+00 3.840658647665963876e+00
1.737031561519033485e+00 1.747695678653261808e+00 4.522919394481187183e+00
2.089320154641288063e+00 5.334635030364198727e-01 4.529778775451482886e+00
2.326542184468592289e+00 1.391125649125195984e+00 4.504712586151316422e+00
2.043150055656204334e+00 9.719618304420483135e-01 4.752850692816875444e+00
2.174630184220645468e+00 6.053150544777557984e-01 4.616667493478077589e+00
1.756403317509073414e+00 7.637571216454263068e-01 4.445391876756210614e+00
2.435472942213344538e+00 9.966799090112605786e-01 4.774726642818694522e+00
2.449914734868006150e+00 4.186890456728548093e-01 5.001962975486527796e+00
2.076392764362472665e+00 1.437644174174047329e+00 4.623007262523977978e+00
2.494377981683584267e+00 7.001541705242293467e-01 5.050058718372361533e+00
1.568104847911544475e+00 3.318094986043546579e-01 4.755132076058993462e+00
1.378188166857083452e+00 6.810357594205909137e-01 4.196481694358443981e+00
1.433980834699943196e+00 3.443741197855875180e-01 4.012764079016574392e+00
1.126288698255125675e+00 3.090750322530774197e-01 3.739625615254578150e+00
5.065343072291310644e-01 3.236970012049794621e-01 4.161966501752958791e+00
6.616498928321578044e-01 5.240654319742843459e-01 4.164544325332041552e+00
1.241311697083735455e+00 8.944439526130750773e-01 4.105324640779524970e+00
1.360294424551976578e+00 7.861723594992966468e-01 4.018324692669409615e+00
1.493639749851356502e+00 9.908350327707371452e-01 4.397981083299539407e+00
1.132163192893896220e+00 1.679477368646539182e+00 4.084283758320893298e+00
1.069127096516294673e+00 1.571114743081350573e+00 3.957509155202321161e+00
1.288696847703317161e+00 1.125203230982321445e+00 3.977970289025776207e+00
1.107673064490896753e+00 1.214399599778192007e+00 3.531413264028563592e+00
1.472940481758427067e+00 5.943606304369531967e-01 3.064667934180901110e+00
1.981000290904123773e+00 5.619175902782631571e-01 3.069042095620054145e+00
2.434564130089051037e+00 1.209752101615204412e+00 2.568290814322620630e+00
1.662680172616650465e+00 1.258863414088023713e+00 2.414236872852471461e+00
1.033029998472069666e+00 8.501826950063700039e-01 2.614780354004944574e+00
1.511027282147606732e+00 9.272904538274838737e-01 2.858487739023015450e+00
1.308219112047433796e+00 6.332819900286860149e-01 2.747026915109689771e+00
1.014988923138481214e+00 5.567219995306543767e-02 2.481725318218217957e+00
1.111820402948124675e+00 -4.447786521400726167e-01 2.025290788689287247e+00
1.494208033987300066e+00 -6.980943527395144788e-03 2.167418260702261623e+00
1.387259205245736426e+00 -2.505130385804222315e-01 2.593595483695414927e+00
9.719600964768010387e-01 3.551053160730548441e-01 2.696697205916329665e+00
8.241595412236579765e-01 8.165087373418735694e-01 2.366883078310101141e+00
1.073329337995589938e+00 8.526685087729648505e-01 2.213008844427704513e+00
1.475566894829009268e+00 8.472303491477228832e-01 1.857754824489716405e+00
1.979075040566129484e+00 6.660116768635014894e-01 2.017147175527085778e+00
1.845622115000494334e+00 7.541684321866679586e-01 2.029293626750816149e+00
1.563309830899508812e+00 9.166745903689546005e-01 1.704961591811025468e+00
1.162901640605362497e+00 6.627057401271740922e-01 1.671390661072759798e+00
5.375252053350986214e-01 6.239490390084520000e-01 1.378139867853974909e+00
4.864718939994142066e-01 1.110041736070613405e+00 1.554450989767539593e+00
1.096798263420079023e+00 7.427338706123854939e-01 2.498962963307454377e+00
1.266689258848038957e+00 4.298072276378674950e-01 2.520431034137408322e+00
1.293122689845743745e+00 -1.417727416640020832e-01 3.154084040776985010e+00
9.719990059998359078e-01 -3.461952288456295879e-01 3.277172398268946019e+00
1.068393303288273755e+00 -3.751583874993673073e-01 2.962058978152434907e+00
5.269321358861025484e-01 -5.172019043226776525e-01 2.609261529792696876e+00
6.028770234888528590e-01 -8.445140346185594504e-01 2.891926654951348485e+00
3.039024202838608857e-01 -4.412538365474527602e-01 2.815015751202863292e+00
7.594078047953910504e-01 -3.818943758687072809e-01 2.416297790842997451e+00
2.257532383195481884e-01 6.083602767470164263e-03 2.412788782219411399e+00
6.289377674020431019e-01 1.887538565094938892e-01 2.437730407654182585e+00
6.913187389983458386e-01 2.445013306152165611e-01 3.241771360471638275e+00
1.423782035684321712e-01 1.459258835466804016e-01 3.582995250368409934e+00
1.872754721336516437e-01 1.759956543730140932e-01 3.458092583491987781e+00
5.817060407266818611e-01 2.811937811490609063e-01 3.151395016266703042e+00
3.989469561654321317e-01 2.643816174155437237e-01 2.904816728090954925e+00
9.940114336986979326e-01 3.396519243338503302e-01 3.081046012073556106e+00
9.277286540996992903e-01 5.561694543486171982e-01 2.766757164022703108e+00
1.070109974947315079e+00 1.526469832302768115e-01 2.922176770967802817e+00
7.467429051226768255e-01 -1.011520591889281118e-01 2.962678606880903232e+00
1.124318629243630241e+00 -4.295002446553435882e-01 2.743461976237381972e+00
7.460330372723922299e-01 -4.964965875589786859e-01 2.758871373414990114e+00
6.913539091825392502e-01 2.522072030186491010e-02 2.579663203298870666e+00
6.620637259351050963e-01 2.395349662673219304e-01 2.363896806708368548e+00
4.735367924188985111e-01 8.870832974459115228e-01 2.224183814080556321e+00
3.898433316423057238e-01 5.837312955901313716e-02 1.970504443063808564e+00
7.086747747302536427e-01 -1.760018422580354458e-01 2.328791233627724555e+00
5.188649135085429132e-01 -3.529980798970967781e-03 2.104123478135930370e+00
2.446678486013393883e-01 -2.870508963495151458e-02 2.252148582280906641e+00
1.359004115188500172e-01 1.571627078652618192e-01 2.006159454071470893e+00
4.381432415656010826e-01 -4.853848947158698746e-01 2.406441893566725110e+00
7.077484097882767999e-01 3.739898501071614589e-02 2.448783186410688373e+00
7.936285248409398196e-01 2.529968532991982433e-01 2.610814648981936159e+00
1.699376471676066758e-01 -1.543572997204288311e-01 3.136030812955473479e+00
6.015359504402882918e-01 -8.117358750185416083e-02 3.246713645206086962e+00
2.955398205885726437e-01 1.767419871788976360e-01 3.041221322572919217e+00
6.220435401600543646e-01 -1.319998553034681110e-01 2.762551182130161820e+00
8.885689458299760313e-01 2.337541966763138218e-02 3.229272072463803767e+00
6.493926280397490647e-01 -2.623225977512650964e-01 3.316822409156049201e+00
1.227254018966665639e+00 1.406443638879281699e-02 3.971096632216080557e+00
9.355480168216820935e-01 -4.217071753795671452e-01 3.245632768346723207e+00
4.713082846176173679e-01 -6.173325134122092939e-01 3.479420355522714114e+00
6.024681394125628309e-01 -2.883626754897163913e-01 3.675096195107506958e+00
8.089203965107214511e-01 -9.164461851269303794e-02 3.352997429061448376e+00
7.275191268158939240e-01 8.662095376520978496e-02 3.387021250470422906e+00
9.176300272047667184e-01 -5.136498436967937842e-01 3.535186953111796981e+00
4.055805905140353329e-01 -2.368030354761831158e-01 3.475879835920292926e+00
7.489879420757052930e-01 4.801033118471572658e-01 3.355262708726499454e+00
7.651823285452108436e-01 9.511651931258057191e-01 3.201351123283732392e+00
1.799786838637924102e+00 5.571389704948213062e-01 2.936092223281979052e+00
2.572597883231589666e+00 9.297402625755457617e-01 2.717224226524705077e+00
2.186170471584210961e+00 4.407497828512332294e-01 1.978230070888179704e+00
1.871489922466693656e+00 1.066570723053712699e+00 2.329277047050864358e+00
1.521625598402567725e+00 1.378362666126082825e+00 2.370821963176204861e+00
5.981411752176308827e-01 1.620239593817113022e+00 2.586996255902761277e+00
1.180209489810683854e+00 1.573379234674046501e+00 2.973683410248571857e+00
1.625796398259378384e+00 1.494655971092945013e+00 2.967848661356691675e+00
1.607788578837257232e+00 9.908923443818918875e-01 2.806631588301668589e+00
1.183860796442220975e+00 7.534405474638506961e-01 2.121067294309940898e+00
1.304190342828373872e+00 9.974322874390706417e-01 1.776376248901979649e+00
1.201446796438550013e+00 9.383941310300519811e-01 2.532238285438128234e+00
1.400901527375945754e+00 6.309157595074189606e-01 2.870503423416316036e+00
1.385975924176495955e+00 1.026052145719947184e+00 2.810552893053233525e+00
9.435447250541565412e-01 1.495654156305235238e+00 2.593895418355027349e+00
1.152749272985944318e+00 1.162152400944620911e+00 2.075901385125160203e+00
1.556100091982781874e+00 8.706485316179340961e-01 2.683833839187363068e+00
1.235729582176178454e+00 1.287824208349690691e+00 3.223168465656216952e+00
1.568118065470534228e+00 8.739892493587231304e-01 2.350991157495677442e+00
2.340151982503934303e+00 6.434995047644462840e-01 2.608253349589348069e+00
1.743269136177226564e+00 3.839565937926605055e-01 3.206676657118868512e+00
1.919907571139351177e+00 9.544474177315645513e-02 2.630389950972149116e+00
1.463744163486173866e+00 5.074493347127312370e-01 1.875378493804317204e+00
9.836833859937753610e-01 5.303298084389060918e-01 1.613627745712022055e+00
6.470741061810538763e-01 7.332008606202393697e-01 1.773407550352497974e+00
9.216367312877801199e-01 6.225223974425196927e-01 1.116519756278013809e+00
1.145935591235936135e+00 -1.818157913344511933e-01 1.491195555713995535e+00
1.037439492859640655e+00 5.128682795844343723e-01 1.823375151713323650e+00
3.294166417578781592e-01 7.080677217757035402e-01 1.997365893198056908e+00
6.126324015044172233e-01 5.685248983202940698e-01 1.754126714567826317e+00
6.859135544305737797e-01 -1.352439898076525093e-01 1.889637411180925541e+00
8.688370619058296551e-01 -2.080918259076356136e-01 2.138444446878712046e+00
6.237711732975277368e-01 4.842036340212423351e-01 2.165815277369880665e+00
1.446619253344542111e-01 9.014632776372004663e-01 2.774567067018825828e+00
3.547672528406382586e-01 3.449664103743139698e-01 3.010134836641001677e+00
3.997186468830155048e-01 6.055704363107967669e-01 2.317235245867083293e+00
4.749102631856650381e-01 4.368245815383182129e-01 1.968881463951870803e+00
8.912181297378146683e-01 6.492445697039688213e-01 1.548414401843550170e+00
5.284266370251579081e-01 3.328440692356424702e-01 1.545079637218700119e+00
7.313472928161602882e-01 1.221451786051613198e+00 1.597485816589496288e+00
1.260862588449702892e+00 9.198952787934054909e-01 1.673634723528832025e+00
1.578703104563128123e+00 2.421228857109724297e-01 2.159941100912057266e+00
9.004774422402569423e-01 -1.003008773845928403e-01 2.512742719136519032e+00
1.126626224480143934e+00 -5.294348966540913803e-01 1.896033798153829997e+00
1.437754416671146451e+00 -2.636020770613527464e-01 2.209015804715246389e+00
5.702464587091585768e-01 -5.772854877917512617e-01 1.851497794501876015e+00
5.028234570063467856e-01 -6.784121094585119360e-01 1.652808845064214882e+00
4.693604389769855390e-01 -5.952305073397015089e-01 1.267730560448248278e+00
9.633441275479757149e-01 -3.839513395948754293e-02 1.502170630747069913e+00
5.330416632935178756e-01 7.950394740137847749e-02 1.879154452541844877e+00
7.273874235128261478e-01 4.391417388000360411e-01 2.137600345950901648e+00
1.437824135807102222e+00 1.047785829301992822e+00 1.623603847144498236e+00
1.871711250518843794e+00 8.905577488111900974e-01 1.217766317611842064e+00
2.017663646216198980e+00 1.855456265937460492e+00 2.279322789894390411e+00
1.340964227588610447e+00 1.169237586771232573e+00 3.142389658830062604e+00
1.792749788620881857e+00 8.941214382187530063e-01 2.740355231373403644e+00
1.752124432031097578e+00 6.565125355510079697e-01 2.914810681250072033e+00
1.204669422005143709e+00 9.110798563306669040e-01 3.212026570603317310e+00
1.251515732043289475e+00 1.337123045510042685e+00 3.730303123675033028e+00
1.609212789577258329e+00 1.732209341226667698e+00 3.346421220780274375e+00
1.994753955039325399e+00 1.908825990580309995e+00 2.994982879658742547e+00
1.605685759758496811e+00 2.524948964358738390e+00 2.866467803208897269e+00
2.027463398253006144e+00 2.264093473707621040e+00 3.367050318844459156e+00
2.136457889223513096e+00 2.785628259934416651e+00 3.507006976058446579e+00
2.019015715136037947e+00 3.266225961275046608e+00 2.872651741972124917e+00
1.860470101108100183e+00 3.668068574195642917e+00 2.997642491056351499e+00
1.949021106870208797e+00 3.520582375588690915e+00 3.793034066428271345e+00
2.105587550399489860e+00 2.973816926880095579e+00 3.661052662698367044e+00
2.247823151262030361e+00 3.005913841008736487e+00 3.793427063119691134e+00
2.442056753105120048e+00 2.883950172080761654e+00 4.027433365973235091e+00
1.638283849120778068e+00 2.216142372849128073e+00 4.499099102947769602e+00
1.782004819272925644e+00 2.477916720242566040e+00 4.797257424390859448e+00
1.966610684825138344e+00 1.897383189214393084e+00 4.936670527254998220e+00
1.880112777999421558e+00 2.096450167186477032e+00 4.999915675827278250e+00
1.300223238241626778e+00 1.419022182027495305e+00 5.124587662685964773e+00
1.200694357893473452e+00 9.204523949280603023e-01 4.614584450943812755e+00
1.180109183139637086e+00 -2.480597991373859057e-02 4.050373881821798250e+00
9.767736969963026761e-01 -2.279130851841922878e-01 3.751368962600382773e+00
5.745565325738360984e-01 -5.917342195743528072e-02 3.738763955877713485e+00
6.085400826794659102e-01 4.190201960132483028e-01 3.519298295429031498e+00
6.918870546928900245e-01 4.458741770503536483e-01 3.355132602908033057e+00
5.336578550341549709e-01 5.766897544888538452e-01 3.025859989742405443e+00
1.211181913684546751e+00 1.274661810208362056e-02 2.548686853329664714e+00
6.068764662911271257e-01 4.217930040189228347e-01 3.531828864326910455e+00
1.279372388389695248e+00 -8.375385669838097957e-02 3.205912797053662722e+00
1.251160406959976656e+00 1.936393746431666896e-01 3.348871465457717633e+00
1.521810512029143858e+00 -4.496287008347574221e-01 3.028250866861952773e+00
1.539147628389381905e+00 -3.675777122743864589e-01 3.570602430060307864e+00
8.664513507815021498e-01 -3.792573371612793509e-01 3.665265290121325403e+00
1.783771869912845198e-01 -7.596043050178437339e-02 3.275446462504050249e+00
8.890986958695287212e-01 2.913217522612741028e-01 3.212245895479384217e+00
9.552572156208063436e-01 -2.708593972655692905e-01 2.444327476638886498e+00
9.541385654580485376e-01 -5.545248319729967346e-01 2.451219525763869367e+00
7.363792248478624458e-01 -3.364100346870637082e-01 2.342887124132129628e+00
8.208531351481564986e-01 2.755368859641396662e-01 2.950793330441704221e+00
2.003082173156213175e-01 -2.445630988620716706e-01 2.864780646180333346e+00
8.935922261765656405e-01 9.745462341613092550e-02 2.392374034095739788e+00
1.510475729777698839e-01 -3.662972962032874369e-01 2.844903930712236129e+00
6.123872085456391057e-01 8.182333904093934407e-02 2.291774553549799087e+00
7.739729465073300618e-01 2.255485747545107333e-01 2.763269036669324219e+00
7.938244618522343199e-01 1.667699642654787706e-01 2.677991820486086194e+00
6.936999782536065196e-01 9.785072201728636093e-03 2.698078692494170205e+00
4.922972138901212658e-01 -2.500455725179081545e-01 2.348405244501777567e+00
3.644294509502754575e-01 -1.539327399402818375e-01 2.681079805907217839e+00
6.279065994998143108e-01 -7.444912689912651371e-02 2.587418515940665742e+00
8.370351107577380656e-01 -1.224345736653445066e-01 2.125356561986850412e+00
3.275649754208849185e-01 1.661967743967618372e-01 2.087698862504638431e+00
3.275649754208849185e-01 1.661967743967618372e-01 2.087698862504638431e+00
9.345123598531441811e-01 9.487092691593812521e-03 2.369330089819536855e+00
5.129348882528398379e-01 3.086897510546960377e-01 2.454012530957966565e+00
6.194779336476121667e-01 -7.056440497341749662e-02 2.703087071181038858e+00
8.578473535849839848e-01 3.535515373867443856e-01 2.553676077360470309e+00
4.226368300278722234e-01 6.382591339960324017e-01 2.211983308466578979e+00
7.768566157241432180e-01 7.521526662365910498e-01 2.413195808780510543e+00
1.240947011909122155e+00 9.220749280162842121e-01 1.822504886819488634e+00
1.390526331372809343e+00 1.407642655025969081e+00 1.400244835189988102e+00
1.161630577429965561e+00 9.618154642374854291e-01 2.196680894821726682e+00
1.185852402712985532e+00 1.106463994101059223e+00 2.366677053951783627e+00
6.994867277474240419e-01 5.251556914618240590e-01 2.390973365092440073e+00
9.564460543880163312e-01 -3.648163670417797766e-01 2.393961064250003989e+00
5.487378499785893204e-01 -2.558544612538828367e-01 1.811103056731754091e+00
6.944839284570685223e-01 -7.369528311187545366e-01 2.331237549136739418e+00
9.558487472898897774e-01 -8.540985249292440962e-01 2.159456752548503111e+00
8.676737556280447183e-01 -5.351393530038802693e-01 2.601388647149557087e+00
6.112213604209866258e-01 1.339745297967950000e-01 1.980615357018743028e+00
1.061839055541625054e+00 -7.209259152271470239e-02 1.545429967845461716e+00
1.084238024848400705e+00 1.621563979566311153e-01 1.211207082676591940e+00
1.114163909600802027e+00 -5.451493494779509341e-02 1.145822012066997742e+00
1.753563613161291945e+00 1.583691065322342106e-01 1.426421052300494097e+00
9.207066963487140487e-01 -1.770066659530244724e-01 1.420578989409968518e+00
8.776054912019380927e-01 1.524163268519969361e-02 1.275954239145288938e+00
1.318977805297849804e+00 9.880284466058500414e-02 1.523177479909991527e+00
1.179487075413025110e+00 1.392189845599952069e-01 2.129014755210052456e+00
1.512507616627488227e+00 3.621628566766942336e-01 2.723639808930199635e+00
1.830190940892874041e+00 3.861893088661227380e-01 2.903240922437235749e+00
1.279823341323603980e+00 2.495622283545358977e-01 2.790117129083442116e+00
1.184501593351402038e+00 1.019258432331443087e+00 2.351750779144423209e+00
7.935163530401246890e-01 1.206877777367953541e+00 1.938539460329396835e+00
8.240199875300199261e-01 1.584807535911582299e+00 1.929345911201791886e+00
7.118496289222366880e-01 1.805448606076175966e-01 1.710665558653380103e+00
1.538849549110875570e+00 7.640959329225529562e-01 1.649942016716120730e+00
5.303029953898983351e-01 1.185479994711563290e+00 2.149130624398125189e+00
4.318670861213376178e-01 7.219329503218888666e-01 2.439827408676004339e+00
3.938665172688993743e-01 1.008272910767822772e+00 2.429349115653484770e+00
7.104772962478990150e-01 5.611368662420082032e-01 2.782670416837297545e+00
8.669193379317179371e-01 -2.679137920065759182e-02 2.432639476270488821e+00
6.733699903738428194e-01 9.260239372922336454e-01 2.429964495485442466e+00
3.324599433617639321e-01 3.325551168878591590e-01 2.507220409258500204e+00
6.388699753436692941e-01 -8.781003108199705864e-02 2.561889420237545956e+00
4.421270291869739966e-01 3.665614286277683598e-01 1.902445036863426253e+00
4.558182520278916128e-01 6.691291224509712254e-01 2.453886925807019281e+00
5.778532035569643455e-01 9.871657315700812507e-01 3.006695466055124388e+00
6.095967606196445177e-01 6.624691035464886912e-01 2.718815809144854434e+00
8.607077627769363914e-01 1.007492590253989739e+00 2.247053604930125736e+00
5.289121877554657791e-01 8.965510407700814088e-01 2.084143281612103049e+00
1.624614313846949099e+00 9.041316806716259702e-01 2.472552599597526157e+00
1.110980917571457338e+00 3.934116350189869049e-01 2.244131938353368216e+00
9.530238424957736543e-01 2.710423393167856743e-01 2.610136381965475039e+00
9.698433263773601487e-01 6.259097387532540635e-01 2.382227831126923157e+00
1.830501674877057283e+00 1.452237357523275818e-01 2.683436422711884095e+00
1.542680177095563376e+00 -2.039620563940666709e-01 2.287353532416112945e+00
1.347975862085599719e+00 1.170562248701209340e-01 2.760803403898990371e+00
8.400370909902332706e-01 -2.937985718665571122e-01 2.429998368834902056e+00
9.545127809806271957e-01 -6.732144165664949442e-03 2.955917589934312417e+00
1.474822484471421669e-01 7.748530331089809042e-02 2.756830743242892900e+00
-4.431292284409810156e-02 2.702267622555116766e-01 3.476955523678104232e+00
3.364560410138077162e-01 4.300062373090354217e-01 2.955634095607625245e+00
4.420061014945606548e-01 -2.052441182825492372e-01 2.954281487110328452e+00
3.894172379322365929e-01 -1.414379569131234415e-01 2.697106102340332434e+00
8.627525210650915932e-01 -6.548093714200534099e-02 2.737298784352741876e+00
1.071046204737567065e+00 8.063149887204822119e-02 3.065270677988489290e+00
8.147397301995233931e-01 -2.401070469492846415e-01 2.413785596668459377e+00
6.276338567293424653e-01 -1.474603756500685869e-01 1.788430072918024916e+00
1.649340921697837192e-01 4.404869688534555072e-01 1.471438355145387344e+00
1.604656561465755416e-01 3.958543737374897176e-01 1.571987993304839515e+00
9.271462553657204841e-01 9.410698647082191837e-01 1.157415809582127864e+00
9.994304195250482969e-01 1.245402415356563708e+00 6.295426682643323613e-01
7.928333672346462579e-01 1.111878056254991032e+00 2.085833874582916803e+00
1.028099488200907574e+00 5.404464417091014994e-01 2.663023714386140384e+00
9.049206976172317063e-01 6.249818984368130659e-01 2.664694795083219603e+00
4.226453426588167583e-01 5.600628853770422966e-01 2.332316754964739669e+00
1.083556477684440189e+00 3.419526192848583168e-01 2.544357090549377975e+00
1.437383779701843389e+00 3.519827069701090827e-01 2.783912559204461346e+00
1.019645560601469603e+00 -8.908406353216660745e-02 3.126192095415683436e+00
8.455329316602231415e-01 -1.140987231068886221e-01 2.961915242176626606e+00
1.086288692415336765e+00 2.784674637248312212e-01 2.648485295376421078e+00
9.231475724259088356e-01 2.822398970872102009e-01 2.421264554099717969e+00
6.862645044075943446e-01 2.574367735815911162e-01 1.935211719820660647e+00
1.227734598934302701e+00 1.753370334629795468e-01 2.345457360972352578e+00
1.424517836784329416e+00 -9.154196501289736665e-02 2.474184004975114259e+00
8.498636418630266531e-01 -2.749686210891371663e-01 3.032983757746156250e+00
1.099105149846841156e+00 -7.108503405156869626e-01 3.122992670534555426e+00
9.869725792151941013e-01 -4.491344050579270109e-01 3.695709771311199709e+00
1.221587913390263180e+00 2.135152158288235458e-01 3.589174706467674003e+00
1.095588662398549795e+00 3.131788587742971863e-01 2.906947460582308018e+00
1.091511610813431510e+00 3.311547010466255325e-01 3.492471049442325892e+00
1.160164297840532432e+00 1.169541088897183140e-01 3.657176640386909039e+00
6.380375140337922746e-01 5.115162135917359354e-01 4.020686564973981802e+00
8.112027143314329836e-01 4.807414618844487730e-01 4.481954187735879280e+00
3.042914471871748239e-01 -1.419727148273132455e-02 4.875532929130391935e+00
7.987312540451845244e-01 2.645873967174623698e-02 5.048058743740444498e+00
3.688539996311759328e-01 -3.293447807610914713e-01 5.181566034689101485e+00
4.703709411176683064e-01 3.883598649831082050e-01 5.561321002605690289e+00
4.880672356923329569e-01 -2.637467435346328437e-01 5.547156299605219054e+00
2.687515920136073211e-01 -7.024481483729247966e-01 5.311254808781872505e+00
8.930831419190572440e-01 -2.518113514323179203e-01 5.453098022596138073e+00
3.749720588112885888e-01 1.802015402083910756e-01 5.483430658936310209e+00
5.626334223362874365e-01 -2.856926794073974540e-01 5.587831181909981737e+00
2.005756288422631262e-01 -4.533271355675159708e-01 5.029483843123962572e+00
3.638587510251080070e-01 -3.384831796131185233e-01 5.047493836724033400e+00
9.211190554066903680e-01 -5.122320937788106265e-01 4.414960763169005986e+00
9.068736738783507167e-01 -3.780991837762207597e-01 4.263361096718760734e+00
6.915094260115993707e-01 5.098681826922675520e-02 4.400749204225098410e+00
4.973841818961500794e-01 1.714539766975699819e-01 4.310961484760214901e+00
5.169929936667658765e-01 1.575445644720126215e-01 4.543217883409220725e+00
6.432341242260013470e-01 4.117930079608003169e-01 4.252373639055213594e+00
7.705432898068991232e-01 3.044010036153618759e-01 4.039850687925218509e+00
7.716896705013451818e-01 6.526864532732074009e-02 4.375807005545381934e+00
4.486513625780092496e-01 4.749939897781902398e-01 4.399402825391644178e+00
6.449007422261108236e-01 3.366608696047518334e-01 4.259586354725753310e+00
2.285966102840104874e-01 1.179711536938931493e+00 4.572078030253543091e+00
8.077031570281860418e-02 3.238048480559920783e-01 4.741224184946288389e+00
5.992657773761960183e-01 1.564959722206894499e-01 5.090001586240589404e+00
1.190488902716513531e+00 1.949798607959311592e-01 5.595170188199700689e+00
1.085505587581730325e+00 2.889462463463087771e-01 5.542672947248621362e+00
1.187361937554922475e+00 1.968193599621200496e-01 5.701657247426346053e+00
1.168003500695704799e+00 2.256937538717117553e-01 4.909910338017100528e+00
1.010527112442033415e+00 4.239311811759806092e-01 5.372911882437498399e+00
1.248096309989594754e+00 1.953821138087903642e-01 5.050185430290469846e+00
5.583103854568198798e-01 -3.639471665520807586e-01 5.283906031530245073e+00
1.267774359775520443e+00 -1.895219117739688208e-01 5.685198547973643990e+00
1.158737821354535624e+00 1.114644520885987450e-01 6.261667016257384866e+00
6.542784322647210438e-01 2.457106424069534223e-01 6.947213892670117907e+00
1.016462529118084879e+00 -5.368529867628919761e-02 6.604132616152746493e+00
1.326440056927265188e+00 -1.336007219279395086e-01 6.385193469528613441e+00
1.636595142050154328e+00 -2.898238371793365742e-02 6.750549415568465328e+00
1.097594562145159713e+00 3.118393309223338808e-02 6.098642165948406024e+00
1.313167817458771758e+00 1.236741050168242845e-01 6.079047802720580762e+00
1.326911881022193374e+00 8.989958998035404436e-01 5.962927688818438376e+00
1.377411459760097490e+00 9.942354658559873215e-01 6.224350177981500920e+00
1.431803461918683906e+00 9.385823650466491586e-01 6.247351124544479717e+00
1.813476345782948362e+00 6.738178518956003948e-01 6.256858274859538049e+00
2.159618951393662112e+00 6.237777790935076228e-01 5.886098964582437532e+00
1.628706425517508105e+00 2.127485836927573426e-01 5.776722098102557545e+00
6.887181836888820463e-01 2.721283703968470080e-01 5.510024482720775829e+00
1.005010691808614132e+00 6.508207079704992903e-01 6.215512078624252368e+00
7.051748729983260411e-01 4.631017828155148952e-01 6.684964280684287274e+00
6.560753107520258531e-01 8.765805296679131109e-01 6.553842751470620343e+00
1.315952758745704498e+00 1.052595011594233521e+00 7.358013305335079579e+00
1.727781425108848357e+00 1.146455227695602819e+00 7.197416670016781204e+00
1.874623160437825176e+00 8.051791616752014269e-01 7.097659077685801954e+00
2.340370498941328314e+00 7.761718855875562317e-01 6.991804315077356335e+00
2.241077117433109667e+00 7.175716236621380029e-01 7.616125656274238764e+00
1.866856512936407642e+00 5.656128711995903613e-01 7.468573596863182118e+00
2.467216212252687058e+00 9.943495582421302270e-01 7.341974738261131783e+00
1.978660388965436390e+00 1.263157258362170410e+00 7.606655279417472215e+00
1.966778330770052596e+00 8.205965772766549149e-01 7.390932952347512241e+00
2.059070577952931469e+00 2.204757653781078408e-01 7.666376603329883466e+00
2.528008753215251758e+00 2.674822631036673504e-01 7.954361217075838653e+00
2.444071807738210200e+00 8.281746888348570645e-02 7.762070342474755691e+00
1.756962776771064716e+00 7.945472551415324602e-01 7.950904221031304786e+00
1.212846493822745675e+00 -5.687372907274454437e-02 7.771074607663111422e+00
1.058064348463946924e+00 2.080171865367026751e-01 7.346964184951146670e+00
7.032918000544390313e-01 4.773496081631921628e-01 7.352981997044447660e+00
1.216648383940464040e+00 2.400269864908997075e-01 7.398514125723690604e+00
1.945450643124264412e+00 5.366326280358273415e-01 7.597908327571288645e+00
2.124807533979866658e+00 4.341414616420492534e-01 7.583506157801762626e+00
2.124807533979866658e+00 4.341414616420492534e-01 7.583506157801762626e+00
1.634938696257950408e+00 -8.886466690623993914e-02 7.394555441878550184e+00
1.383779464934780989e+00 -3.912430484817798204e-01 7.373188534877353817e+00
1.151943471482188563e+00 -5.119437559536510474e-02 6.431388948902097447e+00
1.058953054965548146e+00 -2.922433368811624271e-02 5.797224768365565772e+00
1.461897817285632062e+00 3.071880896694730301e-01 5.871308014091494165e+00
9.640177240015739279e-01 1.376503265520845898e-01 4.887222376625035558e+00
3.594804754845360995e-01 1.662046047505479907e-01 4.551076586772174082e+00
2.648543132407856215e-01 3.779821236469887991e-01 4.562306596455823815e+00
2.695059166686175622e-01 4.373967634743426980e-01 5.059737607073830468e+00
2.673761775739239011e-01 3.681439316738860379e-01 4.568002288299737756e+00
4.963599155075891223e-01 5.691869180830252395e-01 4.491041562074062909e+00
3.231851329061575795e-01 4.751637135727110883e-01 4.406765068722965140e+00
8.297248252719578998e-01 5.463502335810903610e-01 4.928648374455465664e+00
5.659181415679797045e-01 6.105479165694810417e-02 4.544250527949881935e+00
8.602422580053260548e-01 4.529623845269961646e-01 4.193060569503336055e+00
1.037330109734014849e+00 7.008835814624745364e-01 4.397729645221780892e+00
1.025455760823885898e+00 -4.648341348249440674e-02 4.174751469915602975e+00
3.060757685951649987e-01 2.813885680493965480e-01 4.284788158838517269e+00
5.143675242493917638e-02 8.038900215219295375e-02 4.244082919685867594e+00
9.609692557030131699e-01 9.083556834153327930e-02 4.788208086843178890e+00
8.829005768877183913e-01 5.014979475430697553e-01 5.127518417958182972e+00
8.568295108317665054e-01 3.145955386753367389e-01 4.528154685077928399e+00
6.326266609631459037e-01 -5.920364685708230656e-02 4.039080773680070457e+00
9.676249638454871294e-01 -1.429047208688886961e-02 3.603764954432407297e+00
9.515078818729729715e-01 5.228294686918226741e-01 3.411853288176127652e+00
7.561803099802018036e-01 7.814603109478668319e-01 4.042048641937415532e+00
7.086806022895552060e-01 1.480906748426666031e+00 3.332717397423312633e+00
1.179632295405677045e+00 1.687802432330314240e+00 3.269763007258480236e+00
1.777856654463116248e+00 1.286000452320109400e+00 3.452996146127007115e+00
2.054538618152692564e+00 6.239415230903120335e-01 3.699042979007696186e+00
1.469097060231870921e+00 2.621593050923919366e-01 3.264048938463840699e+00
1.971909220805357910e+00 2.538517588067955993e-03 3.831776627434882343e+00
1.280474144586842833e+00 -2.297509770301784382e-01 3.265380881441295458e+00
1.698334702020692699e+00 -2.675289236338466714e-01 3.353396302305594379e+00
1.478389566248773823e+00 -1.088759114316835419e-02 3.291246053637135738e+00
1.474819020471296316e+00 1.452136239371928927e-01 3.017629542896329564e+00
2.005151769644854642e+00 2.967185751296426699e-01 2.971649352875676886e+00
2.672259947406349756e+00 4.867552827145609218e-01 2.479788530663606494e+00
1.981107213206913631e+00 9.130874374681274830e-01 2.644066350237759710e+00
1.878842171196987154e+00 1.038500990977215155e+00 2.813153222278992782e+00
2.067427474297575341e+00 3.666398794639279535e-01 3.221685560608241072e+00
1.609864689785828640e+00 1.075319459203368799e+00 3.199749559094506424e+00
1.880054490440060899e+00 6.609491199297667929e-01 2.749998865146879634e+00
1.120837951303676805e+00 4.693230692489382405e-01 2.832811801413959163e+00
7.677525516100701664e-01 3.521657982738319315e-01 3.318488121423221138e+00
2.318685529831983894e-01 3.738780244159407573e-01 4.180281063548290987e+00
2.827090815220186792e-01 2.948308700586039222e-01 3.884982744672336175e+00
6.080625247987909709e-01 2.613194073074229240e-01 3.489915052447675414e+00
4.464266020097267251e-01 -5.331795672807453090e-02 4.263454134034826204e+00
3.602738201517378114e-01 -3.867379046287942046e-01 4.720198038712190680e+00
3.706209998202877332e-01 -2.194953439980097121e-01 4.081411765107271883e+00
4.728008488451138636e-01 -1.118717365884814990e-01 4.391899553048446592e+00
1.224507375316854718e+00 4.214764086962564660e-01 5.030313768784862027e+00
1.150889674207794977e+00 -2.463082849117676498e-01 4.522549441361587874e+00
1.236922255563086992e+00 -2.802510163937300125e-01 4.683580219315333970e+00
1.202376990365617626e+00 -3.807569577062646649e-01 5.141359307723077698e+00
1.275643727067452549e+00 -1.786649182089758148e-01 4.592981665104090006e+00
1.275643727067452549e+00 -1.786649182089758148e-01 4.592981665104090006e+00
2.558221634522027665e-01 4.439147699394347946e-01 4.077681443901650660e+00
5.720877416607156318e-01 6.867692360542350105e-01 3.852531768934555068e+00
4.978065531565835644e-01 7.798747541775443715e-01 3.154711231364637491e+00
7.520160655569406716e-01 1.120873146076664328e+00 2.823473390358853141e+00
8.421614032482694912e-01 6.366372729930497298e-01 2.258585773393782414e+00
1.195555272986708939e+00 7.815925804951899813e-01 2.667265913726140081e+00
1.006851627641964120e+00 4.752355043545875013e-01 2.846098603852896147e+00
1.141537500894701296e+00 4.684233228469351640e-01 3.077035762237608552e+00
1.460690965139623820e+00 -4.750350684953226210e-01 3.079853287993081778e+00
1.870359660677406444e+00 6.685616989655062126e-01 3.644088733096903621e+00
1.392507657071795135e+00 1.003087219758868276e+00 2.612063100007302907e+00
1.567237478785110882e+00 8.832281971851582147e-01 3.126529588536526738e+00
1.959684224310733969e+00 1.154459704067097858e+00 2.967685910241034453e+00
1.225807215873566003e+00 8.821796786920818034e-01 3.225221848103302147e+00
1.071614486777654474e+00 3.049795045635751434e-01 2.795388710068439142e+00
6.329231404928378213e-01 -1.079368128993231923e-01 2.809042042079857193e+00
9.695585485229826217e-01 -5.536188705814899524e-01 2.762641473507525092e+00
1.259727832591402752e+00 1.532600674757916837e-02 3.003636802935790939e+00
7.257599911740305609e-01 -1.355676748412981414e-01 2.996440118775624217e+00
8.313890109925013983e-01 1.781130611199442382e-01 2.936842286446869288e+00
1.112057317152388203e+00 2.951651997906855063e-01 2.995157888515020073e+00
9.141507250779228322e-01 -1.421816690673900763e-01 2.817593827146923857e+00
4.983402129348131204e-01 3.700188386340640401e-01 2.793600771387632964e+00
1.185991208713676581e+00 1.925399808073797181e-01 2.440896737522730842e+00
6.970985657969996918e-01 3.962432865691967177e-02 2.563072088922742964e+00
3.261005868159820853e-01 7.431930009669672765e-01 2.785922492305734632e+00
6.150776225081110438e-01 2.095307690622760788e-01 2.976092330312525291e+00
8.524234777100582194e-01 6.549555698718774466e-02 2.834601182888945026e+00
7.628710725883944832e-01 -1.691044995298337239e-01 2.771304284759593894e+00
4.298822687001829790e-01 1.344344778109788918e-01 2.198779924391211171e+00
8.690944041435657574e-01 6.742810126611740174e-01 2.048116212202669040e+00
7.572116975410978501e-01 6.283869278857755480e-01 1.709083628167462843e+00
1.720796519893980747e+00 4.518378689226709710e-01 1.173040188013320329e+00
2.418756374110442753e+00 5.359798363249254072e-01 1.585904449377740999e+00
2.418756374110442753e+00 5.359798363249254072e-01 1.585904449377740999e+00
2.209229023473635145e+00 8.930380574193971244e-01 2.314923649958496643e+00
2.416460944266478172e+00 5.897004275023872699e-01 2.255329941974067776e+00
2.048321162298795350e+00 2.576739898903965820e-01 2.163860792102388242e+00
2.048321162298795350e+00 2.576739898903965820e-01 2.163860792102388242e+00
1.910296460384293127e+00 5.139360062053409672e-01 2.426816735233589650e+00
1.997201894935672684e+00 3.210796053003545647e-01 2.444438294432299319e+00
1.355512584301385104e+00 4.387538152124453861e-01 3.017032893806491423e+00
1.137827186480462993e+00 5.806323815798355437e-01 3.813608355740486289e+00
1.356315866872990217e+00 9.155684530160701495e-01 3.515266142273592465e+00
1.251276097899592710e+00 6.741477307275236530e-01 3.326136548722715691e+00
1.125278972751074358e+00 2.911912154472685033e-01 3.228785620800985967e+00
7.341933377160494434e-01 -4.403364693967649901e-02 3.594329251474421394e+00
8.194295049180659873e-01 -4.674762905359097775e-02 3.373128432805410082e+00
1.241313383620850086e-01 -1.484262152302594229e-01 3.990449388046537038e+00
4.812515177757537566e-01 -2.011053884576405049e-01 3.947300787882290773e+00
7.358139893165731582e-01 -4.871898995108980140e-02 3.480726694545023037e+00
7.984146870530730578e-01 6.101513794857851281e-01 2.834407145547295226e+00
1.003284455210440296e+00 -2.052895036144559981e-01 3.202626751771546765e+00
8.856980389214815785e-01 2.051357876892533766e-02 2.864434234930292700e+00
1.178728566626836116e+00 -1.617065491935708588e-01 3.551513620026776952e+00
1.505979332875423182e+00 -9.208035458949062613e-02 3.111382210855946795e+00
1.449962083923314715e+00 3.575193334420193048e-01 3.685165209946402509e+00
8.531305067957508648e-01 5.805306865891668444e-01 3.597572375402155131e+00
5.686895922715908824e-01 9.217244687743891829e-02 3.679315591536544527e+00
5.982917690410619604e-01 4.454816427798452549e-01 3.970749712294554978e+00
4.447662464519419045e-01 4.925715585238481520e-01 5.272827848669645157e+00
1.195902012472278342e+00 7.415346590946895189e-01 5.408788602810022716e+00
8.981535777270311938e-01 6.156983287290073159e-01 5.705964952384243283e+00
8.190789327898783112e-01 7.289458903895429387e-01 5.905538476207677689e+00
7.342735960026294251e-01 7.993370712878963835e-02 5.956670862456335591e+00
1.460028888286341253e+00 -7.166652275813986672e-02 5.472289088508177635e+00
1.697240204116098550e+00 -6.399170189487433102e-01 5.527167729403466900e+00
1.496069425738464576e+00 -9.619961080203540682e-01 5.133328536342635751e+00
1.048204665403813518e+00 -5.998884741598607961e-01 4.744816724275982445e+00
6.504872580748247701e-01 -4.997501134138148671e-01 5.112366544439229443e+00
-1.061770054370505256e-01 5.674010692707573966e-01 4.475709805529814567e+00
9.459504327042834726e-01 1.452118679221872100e-01 4.223139270061635031e+00
5.687470240270218191e-01 6.964109683238139947e-02 3.876443863886885222e+00
4.590018636335526092e-01 1.543245016814538406e-01 4.246979499583407147e+00
8.795806523755443918e-01 8.283247107225371053e-01 4.039150127419897096e+00
9.601235937056301628e-01 -1.253284786711855170e-01 4.293905458140655718e+00
5.100408659253927723e-01 -2.281251735411135295e-01 3.936910719766194333e+00
3.792117314758421398e-01 -2.144015875995316511e-01 3.506211812853998744e+00
6.237846556603112713e-01 -2.725938802117544024e-01 3.764396868594506618e+00
4.214565782831788954e-01 -7.199852556527927550e-02 4.193924303291936440e+00
3.178442892257415942e-01 1.611893099484253133e-01 3.945167206509971880e+00
8.256064291345081019e-01 -8.446944133785504183e-02 3.512449991104609648e+00
1.204935593387409076e+00 7.336666074399828680e-03 3.380282570597244352e+00
5.351828326614640474e-01 2.110083793828531132e-02 3.422044037163255670e+00
8.103482512740106669e-01 -2.353219678607007537e-01 3.373453099249791531e+00
1.207955953282771722e+00 1.063281166857089205e-01 3.800190413151567803e+00
4.840152500969410188e-01 4.595809526471548168e-01 3.642213600227824699e+00
1.037338000684648209e+00 8.506224933193550219e-01 3.595799547470306390e+00
1.519362648422873052e+00 4.999398463933372727e-01 3.647076386452814845e+00
4.802585615144236986e-01 1.516112886935121473e-01 3.731091284578623490e+00
4.331743843946100347e-01 2.398738706644929775e-01 3.838781089680967540e+00
7.592842896598790414e-01 -1.842355368091527223e-01 3.196219144961164105e+00
3.440422156155955036e-01 5.918131206274537814e-02 2.393988473628315461e+00
6.100253393823794612e-01 -3.417149903797798982e-02 2.718808552004450263e+00
4.336432143749962553e-01 1.168125251404421583e-01 2.471032824704513242e+00
7.517285716073656143e-01 8.079668859834095163e-02 2.279894762519488527e+00
8.328148322539142834e-01 1.105468665415282326e-01 3.064763306055160896e+00
3.987790310928149839e-01 7.219045433395898659e-01 3.006029692702802514e+00
6.379265649398030424e-01 3.671995622210202370e-01 3.010482118773548876e+00
5.706179581418380220e-01 -8.085690469028429528e-02 4.086212977924070344e+00
5.561850727927334370e-01 8.395110169957105128e-01 3.798825095199532154e+00
3.304035988101856058e-01 -2.018843172423013532e-01 3.734079634399021241e+00
7.507017981939854145e-01 -1.193697014356422254e-01 3.641351185050777151e+00
4.735078135288454670e-01 -3.918467099684308508e-01 3.963320842989867643e+00
5.996029263095863371e-01 5.860708033737481448e-02 3.675810601167746050e+00
5.328654372864247701e-01 -5.504569504560380411e-01 3.422228774175799071e+00
2.863573919796558176e-01 1.384301289696338588e-01 3.796214197539510948e+00
9.059600946571055857e-01 -1.816739203086883969e-01 3.954705647644453315e+00
1.092567207033701582e+00 -3.374840063154332936e-01 3.103361941803978397e+00
6.660850014566501720e-01 -6.643051132244628398e-01 2.782903741216411930e+00
7.329954014366424353e-01 -7.142587367052226632e-01 2.622014056576451146e+00
4.356340361765815850e-01 -3.666721730890290520e-01 3.429793024912784816e+00
7.808455404186417370e-01 -4.181781471961261432e-02 3.758193875877691159e+00
1.527146895788850323e+00 4.957524163613902246e-01 4.361706473943889328e+00
1.238473691123437526e+00 1.446348656634380836e+00 4.480671266846340650e+00
1.112013586520929742e+00 4.467976730784488648e-01 4.177230209540020667e+00
8.899286063773665933e-01 5.357115190654059278e-01 4.325794389446824262e+00
1.308413707326303799e+00 5.195467595410818706e-01 3.742087276159273834e+00
9.576184352811195621e-01 6.415121941128932859e-01 4.045248704499494252e+00
9.793083493195597899e-01 -2.411711551848027268e-01 4.430271413702993932e+00
6.406000319766115281e-01 -6.299070323853843689e-01 3.970883356113777740e+00
6.098071258059082345e-01 -1.505162776593526597e-01 3.683111580742340241e+00
5.379297645241049031e-01 -3.330671184598364420e-01 2.949086832332704855e+00
4.874322280454502776e-01 -3.209039504845408453e-01 2.832415548924926085e+00
6.437074111089164941e-01 -4.450339014282680417e-01 2.913167513680525733e+00
2.370681727075428791e-01 -4.071447343709806432e-01 2.644421635808400062e+00
6.036965786728777372e-01 3.281171163045205064e-01 2.408482300120654340e+00
5.343088037216214836e-01 3.484853990753958852e-01 2.476046320972341785e+00
6.468483077436905093e-01 4.298656725429136904e-01 2.931264284996665470e+00
5.365036625194565811e-01 3.536329858668338932e-01 3.243564905194165959e+00
6.287567166927778839e-01 7.244277105213129397e-01 3.288971682751431480e+00
7.552142285946176203e-01 1.333680175344880980e-01 2.984297487655749315e+00
9.320730392492647676e-01 -2.648001715478309204e-01 2.717181819823277777e+00
1.045331560688138817e+00 1.145303821714391823e-01 2.447674407645186623e+00
1.309482923581083424e+00 8.245364968413579354e-02 2.389606915291515143e+00
1.746998605642219315e+00 1.078520190875786211e+00 1.977673262217566341e+00
1.503753839125444580e+00 3.835811937944178518e-01 1.784143886639177223e+00
9.379620816802202166e-01 7.311741661517925372e-01 2.103247013372744334e+00
6.252865918627860120e-01 8.171529707917973839e-01 1.877998557088202292e+00
9.865256803793838181e-01 1.547426904651334256e+00 2.604395900848059942e+00
5.853612616980532479e-01 1.048776754500090558e+00 2.815161752163763964e+00
7.749785441457646140e-01 9.022531261869138897e-01 2.798402589748053781e+00
7.159010675558826753e-01 2.829477357384819758e-01 2.526005962113117231e+00
5.907643548261082289e-01 3.702114619794409367e-01 2.670558274893966466e+00
1.071606562456541845e+00 -2.930722115311440445e-01 2.068127100472741731e+00
4.253854289032040770e-01 -1.392101327762369500e-01 1.622395166081005424e+00
3.174924347095554600e-01 3.692462530295306244e-01 1.865964550573203873e+00
8.163413428897956514e-01 7.737806796513024832e-01 1.767371911543389018e+00
9.236147274772898985e-01 9.602831425309791280e-01 1.636171323455418047e+00
1.222835849279376941e+00 9.541508736568454774e-01 1.615394000873978886e+00
1.017927172260104429e+00 2.862727281223048648e-01 2.131257013922941645e+00
8.230854817406113577e-01 4.717876008039728619e-02 2.540868350239981588e+00
1.779730108155077373e+00 5.793132161754418474e-01 2.934876439895720335e+00
1.483063051258979304e+00 6.061155393260532209e-01 2.493492410668909365e+00
1.518801989976775069e+00 3.658070847958789229e-01 2.603561368234753370e+00
7.943078583312028762e-01 6.137067236993550834e-01 2.332741236919185113e+00
2.538504075708443164e-01 6.773015572349666558e-01 2.934068285229757045e+00
1.485613075327061328e-01 3.758547183448815998e-01 2.278577360933784490e+00
2.797087836091319835e-01 7.552962315915773273e-01 2.839136827933901319e+00
4.596052696103362090e-01 4.575703721849422867e-01 2.980979769922333489e+00
7.547851215739089792e-01 2.416510960214405812e-01 2.959963003446925534e+00
9.841508786288828414e-01 5.586534951445859543e-01 3.052788856637344672e+00
1.352920635542637307e+00 9.787366565829996867e-01 3.098514889377859127e+00
1.323765550290984860e+00 1.333597481369186877e+00 3.231033406274151698e+00
1.821724998106943216e+00 1.386534731794793363e+00 2.952380095844552521e+00
1.944438015229126071e+00 1.031468355395662506e+00 1.946792853587933081e+00
2.073640832701180603e+00 1.115904698195258948e+00 2.209401556172606806e+00
2.435856969266697813e+00 2.681568127871231111e-01 2.143867323752989940e+00
1.567515165461786708e+00 2.476896402300956812e-01 2.501960091995917956e+00
1.519425615622102432e+00 7.503459062402446644e-01 2.358514849490007670e+00
1.887469137174122791e+00 7.790019042288022222e-01 2.154653225134634198e+00
1.735519803612195933e+00 3.536222057926062812e-01 2.145011866067753736e+00
1.810489866902134981e+00 6.845167741377188309e-01 2.004071827615657497e+00
2.235182707700505755e+00 5.438930614140875530e-01 1.745748935665918822e+00
2.207860907227751746e+00 6.699311932171011508e-01 2.543699633754138212e+00
2.289216924932215402e+00 2.526233995045563674e-01 2.550266267458509262e+00
1.899492756794615378e+00 -2.120928130933678046e-01 1.900203166282874889e+00
1.607460907637523029e+00 1.627159726604917589e-01 2.132260826039884982e+00
1.409191325734571398e+00 -1.410931487501115023e-01 2.631205296809847383e+00
2.278036291876103014e+00 -7.217198693086149253e-02 2.534922115381636143e+00
1.832520538040872893e+00 2.195929404489714853e-01 2.338957054292739812e+00
1.675558921026007120e+00 7.043515323676783346e-01 2.700585781192429202e+00
1.619640902728602283e+00 6.064422091825373562e-02 2.688413761390928691e+00
9.918572595639797429e-01 2.604751825915071484e-01 2.091116913439979630e+00
1.230432473022948781e+00 -1.533106966861070009e-01 1.933236637289655446e+00
8.048658807552886429e-01 -3.355327385198876300e-01 1.382842426899077104e+00
8.014128224492554908e-01 4.872005762522720052e-02 1.587635419206248955e+00
8.609375620022328146e-01 -1.190508007500253387e-02 2.417396365505670275e+00
5.157934237472774353e-01 6.811321318706828887e-01 2.103845995286339754e+00
9.524537347848296420e-01 2.883034322936292582e-01 2.255963554091563239e+00
1.086443912228305830e+00 1.796730565551530462e-02 2.192431916077794529e+00
1.060083101341311673e+00 7.760359163477180688e-01 1.475882368674746870e+00
5.939693784437192203e-01 4.811557849438493073e-01 2.157218288630809333e+00
3.130251265220123646e-01 2.631004439089096869e-01 1.874253737107496098e+00
8.864293427351399579e-01 6.692539240725378091e-01 1.659285845830055894e+00
8.284736434815230810e-01 2.332319440763062912e-01 1.824145362050614283e+00
1.190651505127648724e+00 3.430382520473153618e-01 1.836388434494827582e+00
7.225228947958245440e-01 6.507368649995449728e-01 1.903255314552916744e+00
6.938885942043965249e-01 4.103376731910154396e-01 1.463939802558270387e+00
1.030292205970036123e+00 9.232434399032851680e-01 1.822622907969577488e+00
1.053985384500190747e+00 4.335123484375547065e-01 1.627019411139222882e+00
3.801341930550903858e-01 8.599783848200216463e-01 2.132820084468933786e+00
5.564240455704885235e-01 5.807753071739449324e-02 2.742547652459317753e+00
7.161473430788818373e-01 5.370416374487413380e-02 2.693163735102260592e+00
3.418760904928964672e-01 4.295827857612853351e-01 2.259318434016682087e+00
6.372677376852148301e-01 -9.638583056512987912e-02 2.214642098660754232e+00
1.265361014181249910e+00 8.448330953956704192e-01 1.960974456332966076e+00
9.114811492799015369e-01 5.290934519667341851e-01 1.440222703069044430e+00
4.880305838105432614e-01 9.844389865940054163e-01 2.203870772220938079e+00
1.089593066009125533e+00 3.667691434778411752e-01 1.559575788740785285e+00
8.664873187371187058e-01 3.084472274927060331e-01 1.265108024318789104e+00
3.174130140282036550e-01 -9.431760840070733953e-02 1.589430094975698315e+00
3.165265416681220523e-01 1.869341822303295098e-01 2.274305684052802423e+00
8.154518719857044573e-01 -2.103436766309290662e-01 2.385707335345770730e+00
9.796953471316365014e-02 -2.353942691081482297e-01 2.609984492541308043e+00
4.783057484329760745e-01 -3.853660496932322377e-01 2.582106385775181590e+00
2.818553853082088612e-01 -2.037633428967133287e-01 2.653685571029414270e+00
3.187500698490548512e-01 6.746594205182539217e-02 2.820081787683831998e+00
8.534823671927539435e-01 5.903213663249923249e-01 3.103359862079389409e+00
8.251599691476630971e-01 7.807556817087198953e-01 3.059960337611189463e+00
1.274341649517728658e+00 6.942058078297880241e-01 2.992472283868954808e+00
1.149666526541989420e+00 1.450187036257219120e+00 2.851632991082238888e+00
1.527630346270064665e+00 1.408990980444863927e+00 2.658286337573686708e+00
1.299045897054444287e+00 1.039250893339809245e+00 3.073277073237577817e+00
1.340131978982517902e+00 2.880307291655788138e-01 3.684481477538455785e+00
1.412395949041349796e+00 3.228294598640487623e-01 3.465834896947075805e+00
1.603705730373372162e+00 7.662360344360685804e-02 3.034443481326603909e+00
1.405795810983307303e+00 7.004746084618345137e-01 3.093985522304902425e+00
1.370571330023710344e+00 4.880764944597213995e-01 3.190745136654590031e+00
1.759897875222486974e+00 9.336015376575432789e-01 3.333330517897369560e+00
2.284218426936645230e+00 3.386645502334211799e-01 3.602537630838149152e+00
2.356821030132739470e+00 5.265625679851266838e-01 4.153346982398755216e+00
2.400303634659047614e+00 3.517198840109774238e-01 3.770258681691786240e+00
2.802241185650879540e+00 3.680093739531278829e-01 3.360900019521929405e+00
3.090302348068667104e+00 4.317374804857719850e-01 2.864867712841002945e+00
2.263147331897570780e+00 7.712495350437070796e-01 2.832553381674040693e+00
2.281911641158143045e+00 9.102730946729425954e-01 2.645259121769895749e+00
1.990879432890964251e+00 1.047620152228368795e+00 1.722763818856529294e+00
1.114061765417150962e+00 5.355568630620727300e-01 1.745876104320712496e+00
8.517296131789788838e-01 2.939551948723011510e-01 9.558705224292981528e-01
6.924544696563263990e-01 5.673861349675715093e-01 1.746158805149680138e+00
7.203989848919249983e-01 3.948757325403545737e-01 1.870493384845288487e+00
8.740472685666289543e-01 5.104243807199368987e-01 2.154505224612390357e+00
1.325629476602183887e+00 5.306784957172794304e-01 1.915207589858399118e+00
1.920543821886843361e+00 6.616057752164667960e-01 2.220839865309270245e+00
1.774716357848904025e+00 6.890714592907003500e-01 2.394431628304618975e+00
2.177619149247293606e+00 4.938964461609124390e-01 2.763325117265908126e+00
1.387945849777665108e+00 2.145611742583157788e-01 2.557347785241177895e+00
8.522821899275174751e-01 8.414604912932768799e-02 2.219527448838198413e+00
1.341224208548459806e+00 -3.371812718753620097e-01 2.314954802739549233e+00
1.770823680447176862e+00 -6.456709282884617318e-01 2.572324158390706383e+00
1.214667449447378367e+00 -1.598520403214406804e-02 2.524719590889755949e+00
1.130754184331325352e+00 -6.361233708046805102e-01 2.832889791794669154e+00
1.272706136149797995e+00 5.352928068467072142e-02 3.354008056254666137e+00
1.287679146759170834e+00 8.116300209176402491e-02 3.723147526501030757e+00
1.098719940081429147e+00 4.580394466193031811e-01 3.693061245644925883e+00
1.587478556010997188e+00 3.741145374106535915e-01 3.188436117308418360e+00
1.641938450733609001e+00 1.170432442507660653e-01 3.522673742419192067e+00
2.294428968449061301e+00 -4.428927370436779032e-02 3.617262444388875231e+00
2.282899648143483340e+00 4.335430319033115598e-01 3.213023688200228989e+00
1.478864218895580951e+00 3.569069289343364537e-01 2.947713920964857071e+00
1.130823881278840926e+00 3.597527204972111314e-01 2.791400898268688646e+00
1.019487443593357190e+00 -1.536206181137902416e-01 2.653652697363607427e+00
1.005624990153138443e+00 7.049754809968103997e-01 2.578381766232384908e+00
1.500942276370858419e+00 5.827450744226478907e-01 2.002721060730584757e+00
7.487879933325515269e-01 1.785362780090233303e-01 1.668103137906832067e+00
6.839097533304209220e-01 1.022054093744498571e-01 1.132823327369287592e+00
8.616998666001542961e-01 3.775624549545028019e-01 1.340843202958287517e+00
9.871420161148859451e-01 6.865097315666599531e-01 1.776277539938659666e+00
1.145985579308540059e+00 7.358147965122532330e-01 2.230300567735253647e+00
5.578305981845594896e-01 5.438615674413120882e-01 2.265603392052023324e+00
9.002428947488626543e-01 -8.541018636438185707e-02 2.131799501797719820e+00
1.099513090216169608e+00 1.323424612313741644e-01 2.649695801868946710e+00
8.588132238396286589e-01 1.792931614428729670e-01 2.086528512645224431e+00
3.806752844270754332e-01 1.339011406259485448e-01 1.822209437671537202e+00
9.359719238802095553e-01 9.114913345402063383e-02 2.010734238494408022e+00
8.796421287393975108e-01 -1.557199234363170620e-02 2.246474167362899621e+00
1.216176645137999612e+00 1.715923880382252131e-01 1.753667563130582918e+00
7.755258891516577657e-01 2.416226246518123899e-01 2.061666743777932798e+00
5.816544579411903060e-01 1.441511976932111083e-04 2.277126430845141769e+00
4.710611436468080671e-01 -5.617527221679913946e-02 2.194714532402881169e+00
2.685760142982617227e-01 -1.267273950391644421e-01 1.935111717871770720e+00
3.126272377276390069e-01 3.054670636596517608e-01 1.736350240184734828e+00
3.943446275308368221e-01 3.268538834405084192e-01 1.400117713320977897e+00
7.796501883922917209e-01 4.406848636150093035e-02 2.399318775413647131e+00
8.119344003443532687e-01 1.209279124868180852e-03 2.948541108417372492e+00
1.337805922763316557e+00 1.052938824441860266e-01 3.195668177523912856e+00
1.671835832235629704e+00 7.439551157034705042e-01 3.068146493661707552e+00
6.218785128087165326e-01 6.220360545843950373e-01 3.914497286674536003e+00
7.457658322011637697e-01 6.491478681176061638e-01 2.955206744666508012e+00
7.745872098668326045e-01 4.359923785369927973e-01 2.407215397482832753e+00
4.058939035446881283e-01 -1.818903357751141536e-01 2.736542041731345076e+00
3.516150527337201792e-01 1.399877191313892710e-01 2.260300027181785243e+00
5.276017723647498103e-01 5.672476112686593019e-01 2.297325433520830629e+00
-1.274820814886499509e-01 -2.812524782968162107e-01 1.919445582607364198e+00
8.099738228905012383e-01 -1.846186421916159448e-01 2.252125637509744926e+00
8.997361732494638664e-01 -2.105162262147624447e-02 2.282377587142923048e+00
3.945444804852303866e-01 -1.782247772450623602e-01 2.312181171369497079e+00
4.020909629768093518e-01 -2.288386841940733829e-01 2.775841291896701257e+00
7.889347709553092836e-01 3.034563286842071467e-02 2.895119960736209030e+00
6.852522733618883199e-01 2.513272022374551939e-01 3.283375026533846164e+00
2.113213476550293568e-01 1.938909573943311537e-01 3.536747693981564744e+00
7.154197485312275839e-01 4.577985458694948384e-02 3.378360943124548932e+00
7.456855611818211660e-01 5.896821017560877065e-01 3.173968830558734133e+00
4.525816418512648154e-01 3.423769415287980511e-01 2.918037977413642459e+00
4.237515738535141407e-01 2.322693263382244466e-01 2.907515439488299158e+00
4.109865762021756574e-01 5.499055300987908401e-01 2.945709825629490464e+00
6.136644245079350135e-01 2.324304192482106179e-01 2.768044167724825755e+00
9.719357663230070443e-01 -1.725989326752218334e-01 2.544538542467178033e+00
6.151363978091902718e-01 -7.604063996687956406e-01 2.810986432744253527e+00
5.167905949325607429e-01 -3.458670347110353593e-01 2.823392411956491266e+00
6.240547970574015224e-01 -3.604040531170721873e-01 2.760779454446890213e+00
2.384562166178207376e-01 1.372165545872141568e-01 3.187015057728023848e+00
7.375251193702087038e-01 -1.004013290152443172e-01 2.605315448277189638e+00
1.134770015112630981e+00 -3.362408422092004190e-01 2.310536608806824876e+00
9.352989821530162118e-01 5.933283357591289109e-01 2.815819844707544650e+00
1.280962151557635265e+00 5.536796932646833591e-01 3.112678935013721393e+00
1.538819506323887421e+00 6.603921946485403760e-01 3.840234886633589362e+00
6.651044617620616162e-01 3.301902384636267174e-01 3.751147066421582466e+00
9.084145361730994184e-01 6.191526984487613627e-02 4.361608796234467178e+00
1.696801088750112152e+00 -4.022547599695492915e-01 4.081428720367716423e+00
1.198576159428628829e+00 -1.037866651686241815e+00 4.169283641910719318e+00
6.705667069167526861e-01 -5.778188937381599777e-01 4.319936208313100323e+00
4.362677172652851820e-01 -4.573186553423895240e-01 4.523993419756362044e+00
7.998247872685164683e-01 -6.504787167526073777e-01 4.998173250029006809e+00
1.296407080704699566e-01 -6.885813468660422210e-01 5.194013994251372779e+00
7.369525793960146620e-01 3.926155752383972408e-02 5.031474434669783946e+00
8.379258693162751070e-01 -4.805321207284264373e-01 4.432247603559935634e+00
3.975517094211166724e-01 -3.722613367517291771e-01 4.678624460262585494e+00
5.506294764065290392e-01 -1.006809898750131438e-02 4.403155348101758015e+00
4.605016920676607284e-01 -2.033739656320716904e-01 4.089706434391915835e+00
5.427190335344197480e-01 -2.213051264946609142e-01 4.299164608057701287e+00
7.611133526397090288e-01 -9.342844338467994891e-01 3.521912715902718372e+00
6.805505133132112583e-01 -1.811093951225401233e-01 3.785638889288080122e+00
4.020001684629352923e-01 -3.951736735607243589e-01 4.293860996708555255e+00
6.571233074579507782e-01 -7.222028681556726948e-01 4.260389026311326433e+00
6.971114919132863630e-01 -8.147878142743746332e-01 4.141337676694909931e+00
4.208267783182366717e-01 -4.520917407401351951e-01 3.771774749913029190e+00
8.269017870521959690e-01 -6.679800134887334817e-01 3.683742614810416427e+00
6.631268749448402389e-01 -2.894027873283235852e-01 3.133503841301989112e+00
4.862072775057086904e-01 -6.161728552244200019e-01 3.050422134119681328e+00
1.377128526958494026e-01 -2.433974973825132615e-01 3.186387065874324520e+00
5.476420944221452869e-01 -9.174925476132266000e-03 2.818057305510124344e+00
4.139693914066305824e-01 -6.618456530919591962e-01 3.053839581217155263e+00
4.293975106260938812e-01 -6.357477954856070035e-01 2.603032401367249005e+00
1.057876141205050802e+00 5.105415843979069224e-02 2.123405121917799843e+00
1.246167454995662727e+00 3.668901961503716613e-01 2.000527327992619231e+00
6.247712761431413186e-01 1.820991742068706898e-01 2.316242524275385239e+00
4.683995468423400310e-01 -4.049282480200044887e-01 2.759297153039419470e+00
6.343783754377960715e-01 3.903559103132177022e-01 2.233613029888612100e+00
7.703964463045167577e-01 7.333348795873726456e-01 3.215505688352705782e+00
1.049788415169448541e+00 3.975374640795105163e-01 3.505297860026944434e+00
1.299516143009241120e-01 5.480968899073126455e-01 3.676329610311305007e+00
9.889376499839379608e-01 -2.176961713413295973e-02 3.381382373692267240e+00
1.236822513797851908e+00 5.949313963503206626e-01 3.573957088365556256e+00
1.424408855268643137e+00 6.685338735391611609e-01 3.759048150563548685e+00
1.094401742084020190e+00 9.379359723944576954e-01 3.311486427334737748e+00
1.379747200183381928e+00 3.871962683629944224e-01 3.416512914205888762e+00
1.431155551273678883e+00 5.091957579734598394e-01 3.297031407837380357e+00
8.700556914241626139e-01 3.107151201577785793e-01 3.696479199289623097e+00
2.291298861464712289e-01 1.080248459578797560e-01 3.661246452592021416e+00
7.135228758489770007e-01 6.140555513687060429e-01 4.060162050847218040e+00
7.581121605334234514e-01 9.206450850485592419e-02 3.461556885117077709e+00
4.807442420344988365e-01 3.887375397253297060e-01 3.022104415426942303e+00
9.082070112697900877e-01 4.660498823326506002e-02 2.984220429764778082e+00
8.586168894133712204e-01 -2.568862794263422900e-01 3.501401989976806739e+00
7.191105961343811082e-01 -5.405913329781429910e-01 3.963813500952004798e+00
2.032303534755557362e-01 -1.685561411333471038e-01 3.328020550408007594e+00
5.130154429766780044e-01 4.803061272119389380e-01 2.979720874440405787e+00
8.138489052079312946e-01 -1.671430139652965718e-02 3.024814950798837554e+00
1.831256047168153156e+00 2.676098459914376670e-01 2.800575201569063921e+00
1.167464690291048379e+00 2.852847788677672081e-01 3.538142189082764233e+00
1.585924035286328637e+00 1.760225971343535589e-01 3.491853696192462664e+00
1.284369863751005481e+00 2.672262160943252307e-01 3.580969821277688148e+00
9.190412574291160208e-01 7.490808126462931982e-02 2.839795604321247335e+00
1.260465365857828424e+00 3.553011415796136219e-01 2.127617861715260350e+00
1.534227904366895601e+00 4.119348804456741120e-01 1.854067352861506368e+00
1.704455641205598004e+00 6.563620537052140547e-01 2.118902524711063773e+00
1.392795169797746979e+00 6.545575951389849267e-01 2.096412367407388011e+00
1.310767242941596855e+00 6.478541721478338067e-01 2.762602622576669553e+00
1.332505218567030525e+00 4.466598677531503636e-01 2.410864339568945969e+00
5.239320543638137373e-01 -1.250255382648092217e-01 2.332990685590540014e+00
1.127229298115060285e-01 2.591590670310874867e-01 1.955987129337380281e+00
1.241110851858212127e+00 9.274802174873472693e-02 2.261665106751170384e+00
2.131395112290644933e-01 2.789232366927818507e-01 2.366662583176131651e+00
5.238866419554548681e-01 2.778190636530276647e-01 2.690374368726371479e+00
4.077975639672331010e-01 9.712991881688237683e-02 2.461001918771842156e+00
8.252263420438218366e-01 -1.032320090569609772e-01 2.505097482623676264e+00
8.635233511383317850e-01 -3.699891206201282312e-01 2.768474119171747905e+00
9.662935956244291802e-01 -2.832715563028893047e-01 2.125527845766386204e+00
7.136334841086753311e-01 -4.384234713293926888e-01 1.882584263973595462e+00
8.528169525123314720e-01 -5.121589044096918064e-01 2.251470051581264453e+00
8.245535239846231157e-01 -5.566640642760098956e-01 2.900251666011302909e+00
4.821764144502225236e-01 -5.629808448105166896e-01 3.090698817068077364e+00
8.551666446945546118e-01 -5.698346938819037755e-02 2.527082839349549026e+00
1.168724363135840827e+00 5.203004224006882450e-02 2.282883565066494036e+00
9.891443218541535742e-01 9.276289312995880110e-01 2.075730851615959160e+00
7.746149187141354586e-01 2.128248712644664198e-01 2.108798207806601432e+00
7.830460110521532124e-01 3.107532888092512935e-01 1.988712449357593171e+00
1.000875418810249995e+00 -2.232481664982573222e-01 1.753890411888247680e+00
8.988782497445522157e-01 -1.039600411520643641e-01 1.920969632555725504e+00
3.176304024699782014e-01 -6.482830757723424542e-01 1.982663260610642464e+00
3.892749243354030053e-01 -8.307673349116165284e-02 3.347213516770350061e+00
1.528370519275004669e-01 -9.791381425772954783e-02 3.302822908396411350e+00
2.159799728311557754e-01 -3.519949560084910667e-01 3.316838316853790491e+00
5.874911066617447553e-01 -3.215003147509246095e-01 3.804225796120696224e+00
4.871162763354570657e-01 -4.126175317036966939e-01 3.343187552363891424e+00
8.448833611215814665e-01 1.094851859054995630e-01 2.969207960002059110e+00
7.709180808141880004e-01 -1.925229307948038426e-01 3.202318775044901145e+00
1.401716568756612435e+00 -4.016531801531278423e-01 2.973470619406503701e+00
1.131070926868694038e+00 2.002396887719228580e-01 3.153878422421588112e+00
8.363008401982255924e-01 3.910317505657255333e-01 3.224218631237170118e+00
1.343163580624054276e+00 4.026244960499757441e-01 3.545991363871805913e+00
9.570916041548959141e-01 2.503098557466797436e-01 4.363860146815414787e+00
1.728122550215314579e+00 -3.193889964421112171e-01 4.170317027306316149e+00
1.448313149640348740e+00 -2.312938589156431357e-01 4.147940556395483647e+00
1.769968402123597961e+00 -4.273218483611040952e-01 3.896844053529640917e+00
1.566335914226089310e+00 -1.044240801831962523e-01 4.700650371503925840e+00
1.002132114129460128e+00 -3.910597743753125299e-01 3.857342113272214323e+00
-5.621115172520235737e-02 -5.633306871463108489e-01 4.173899543830245307e+00
9.853995801206913985e-01 -4.926464904305299930e-01 4.808705333534954995e+00
8.399860960967144852e-01 -4.400530317694177351e-01 5.658054226420840216e+00
8.840201377951222295e-01 -2.242609129613144514e-01 5.304964552816493928e+00
1.040653869978685142e+00 -6.197507173375484124e-02 5.875758840963007046e+00
1.215925080028676941e+00 -3.539437413135655408e-01 5.534331337142235796e+00
8.306866906122039040e-01 -1.840166397702081291e-01 5.550146006661500486e+00
4.056336656171227184e-01 3.562636174043573023e-01 5.389116771308994025e+00
2.848833616315339309e-02 -1.382142630427496410e-01 5.283082973901763069e+00
6.413766732903771750e-01 -9.859785531129863778e-02 5.167629323629278737e+00
8.177468127104619011e-01 1.156090061178673967e-01 5.200489805881407079e+00
1.187250040638293980e+00 5.812405297436590290e-01 4.236815621842089818e+00
1.594636856070707598e+00 8.775531912782194022e-01 4.164012853473296083e+00
1.242414625926036020e+00 1.266798338472058472e+00 4.314923232465023517e+00
1.311003882963936107e+00 2.305165016435474890e+00 4.298791218934248093e+00
1.810552834833920377e+00 2.131132256172637351e+00 4.591898299329318256e+00
1.767312292946668695e+00 1.636625926119387842e+00 5.098480928955610558e+00
1.186828113060672152e+00 9.859847486311579257e-01 5.918701449492476563e+00
1.540690438229648462e+00 5.266793946703383078e-01 5.146128214343394625e+00
1.510346395073105752e+00 1.368638365224713327e-01 4.841243158484728859e+00
1.284974131223477478e+00 1.502367144947442390e-01 4.454794237916534172e+00
1.736831636035891080e+00 -1.920156896943494007e-01 4.027778573172528631e+00
1.668916789134275103e+00 -1.462438879759418997e-01 4.672100125361439815e+00
2.233717175948004563e+00 2.575138961484313427e-01 4.031285216404043581e+00
1.656856864426952569e+00 8.050316164204950331e-01 3.874051511407641257e+00
1.431545321555689476e+00 1.472190534926318406e-01 3.416304690806548194e+00
1.052537580428018815e+00 8.999865071174293352e-01 3.518179131435222651e+00
1.809037089454426761e+00 1.138198449226090814e+00 4.065396116009600824e+00
1.910650384386580525e+00 1.218896242326668933e+00 3.967481384375117770e+00
1.731611950193048255e+00 1.572880106563920855e+00 4.124813869008932876e+00
1.509419329162795309e+00 1.544541074704644634e+00 4.564696928147243149e+00
1.217969628969951312e+00 8.198854851299401947e-01 4.704790369478643264e+00
1.868366893169069343e+00 1.901413063764746114e-01 3.533374232819668670e+00
1.898538737276245891e+00 3.709590042034313084e-01 2.911120428746416966e+00
8.837544956750325031e-01 2.289613110273892305e-01 3.188148507394546360e+00
1.138539488830991209e+00 7.104072401283573202e-01 3.730995722508628099e+00
1.497851561170064905e+00 6.483474948647406366e-01 4.222670652543721204e+00
1.173617517389045295e+00 1.036802387853341445e+00 4.412207632049598871e+00
1.480735521183932146e+00 9.209382937309298356e-01 4.342023815960316391e+00
1.539889205236372627e+00 9.627076608112975498e-01 4.181246112256888914e+00
9.896523080749964896e-01 5.411718246014559641e-01 4.796445056766222237e+00
8.466307291451434791e-01 -1.033946574024077192e-01 4.428174441601800737e+00
7.909396274399138616e-01 -4.642904762495735360e-01 3.979370138777110100e+00
3.576761354910346635e-01 3.891670452911861755e-01 3.190370326747161478e+00
4.032587690486830745e-01 4.590310162882840772e-01 3.436883222022387940e+00
5.758963262661056515e-01 5.180573960150636204e-01 4.011193046542540941e+00
5.057080302143442951e-01 3.541794325491732787e-01 3.719539601482765967e+00
6.009035686287761413e-01 1.335162992822188088e-01 3.656167389593651063e+00
8.272405901345967205e-01 3.504732014429349785e-01 3.732386613306901246e+00
1.064272038685967425e+00 1.010300147607640503e-01 3.270177090412282439e+00
5.868766137752038370e-01 2.711164796812051136e-01 3.334624223531445608e+00
1.069004999641371967e+00 5.103591105721412280e-01 3.746871557184404899e+00
8.982935481361202790e-01 2.931663193535263279e-01 3.352472065612053242e+00
1.008302184989199990e+00 -1.211773160298560831e-01 3.435812557284124935e+00
6.155634499035910201e-01 5.791620647391862997e-01 3.340226092741832797e+00
1.088387462296476205e+00 6.070139549911141019e-01 3.228948629940179060e+00
9.869110692302300869e-01 7.076431282326397509e-01 3.059239520841767312e+00
1.436588084014581712e+00 3.979246250769249982e-01 3.196639812446953943e+00
1.840928804849250922e+00 7.266764832522928375e-01 3.306886847486178116e+00
2.065054281731017127e+00 1.151395399270704889e+00 3.274239765159202342e+00
1.991863884701761789e+00 9.131406781928878003e-01 3.262816713913239131e+00
1.581817342054781417e+00 1.406573142848547509e+00 2.490032691957846822e+00
1.632595245751970792e+00 1.300419678057617601e+00 1.620300639578888369e+00
1.261303927030672511e+00 9.151856617868286969e-01 2.494170730540143488e+00
8.774129394056620068e-01 7.966401683610805362e-01 2.481580977481377737e+00
2.032867764854640602e-01 4.799459664050904073e-01 1.204782686567741568e+00
7.986095266071315812e-01 6.469968507764672916e-01 1.203555449363268526e+00
8.660347556541756475e-01 4.211425011783316297e-01 1.660358558800875572e+00
1.092581971173331112e+00 -1.050766743333994696e-01 1.366089064548714260e+00
9.557540713016169365e-01 -5.174564771507508265e-01 1.547468505293129848e+00
1.106432877125958170e+00 -6.692571431247595903e-02 1.607183527879534335e+00
1.185191869543688714e+00 8.111222185405325691e-01 1.535151377209885259e+00
1.341232522433768004e+00 7.964190422953193460e-01 1.713386695308130703e+00
8.837546782789800215e-01 7.376397388274431588e-01 2.087634955760761635e+00
1.321933932613669649e+00 -2.072240615716922918e-01 2.918491790107439421e+00
5.170732141680860483e-01 -2.689990939821432225e-01 2.563117114161066468e+00
1.137816087351029237e+00 4.366952023031381303e-02 2.734766662318680819e+00
1.098943490694112457e+00 1.756855945576500377e-01 2.806733491023210014e+00
1.674987055260835467e+00 4.675190281182181051e-01 2.957060838614896880e+00
1.705190353985770235e+00 -1.906735894503852058e-01 3.139842505005427942e+00
1.172330213286484568e+00 4.355397887023157999e-01 2.213749882668189173e+00
1.281455800682167689e+00 4.121018045024964493e-01 2.686655428251942368e+00
8.503715331048978809e-01 5.773918955781770501e-01 2.502979690810533953e+00
1.189998171178767050e+00 1.035808286218547203e-01 2.152846981997555531e+00
1.325784058263530518e+00 1.682993531406304089e-01 2.103971581283692327e+00
1.363804774813327514e+00 5.642344029529161586e-01 2.302240597863722815e+00
1.580168385844696433e+00 5.973873151391375647e-01 2.016809537094498950e+00
9.750959523961133524e-01 5.133548000666986466e-01 2.115563126022397711e+00
4.204602611278385194e-01 7.763203934946799611e-01 2.809177586559987727e+00
6.394606263825085568e-01 -1.830496374959126038e-01 2.357779703910803715e+00
4.566924367490641790e-01 2.059846675041353548e-01 2.265965651580155615e+00
6.253786954750338856e-01 3.360960055406852498e-01 1.985993100838707726e+00
7.726097913803071648e-01 -4.508019014328569218e-01 2.100601709031338249e+00
5.679331244492833441e-01 -2.777740548216237060e-03 2.616961681808686713e+00
5.679548179232610794e-01 4.557938090127322539e-01 2.429522298242343226e+00
7.579034724211015650e-01 8.118893407951282004e-01 3.036314415932073629e+00
9.500020609708912378e-01 1.111139927773311831e+00 2.509169892986392814e+00
1.739328500014213574e+00 4.781267036701303264e-01 2.833415808583556128e+00
1.289929206082414570e+00 9.551162114591904562e-01 2.346208344525052336e+00
1.591355540132069590e+00 2.127753949153012858e-01 2.308056205330551780e+00
6.151519313634471464e-01 3.709449382807034623e-01 2.821370718634311991e+00
4.982562994460579264e-01 3.762771723102263377e-01 2.426916488409678330e+00
5.456711812663926908e-01 4.998645040996332889e-02 2.797894926561080631e+00
1.099374792583605043e+00 -7.103467015119135919e-02 3.542341297014740764e+00
1.709779058049817557e+00 4.008039166194653502e-01 4.377320167238768711e+00
1.871324898875650344e+00 6.126807048233921804e-02 5.009847839279921722e+00
2.249493044917915352e+00 1.526159594606841252e-01 5.539932379507575888e+00
2.419544603713794206e+00 3.886843390752635630e-01 5.424286261788946462e+00
1.319112825313160320e+00 9.642186040404370218e-01 5.914637604002838778e+00
9.311859203691852382e-01 8.207135930678518543e-01 5.717695652831566555e+00
7.047364841885974673e-01 3.272136537607234219e-01 6.071310191235053111e+00
7.334905930173185595e-01 3.173954449899558661e-01 6.177900817165868474e+00
1.249297309949787271e+00 -5.581366892895034404e-02 5.524217898415280992e+00
1.095246537300838430e+00 -4.969508270686149864e-01 5.071219653853291653e+00
4.789451924210016420e-01 -2.060654482103967122e-01 4.948881379425223770e+00
1.132944368984931671e+00 4.040826775389132486e-01 4.617408349318631089e+00
2.733941758212949935e-01 -1.790324631856193838e-02 5.475012722017247313e+00
9.176907073683232552e-01 1.526644025314596864e-01 4.695887964394978020e+00
7.862162230237077498e-01 -2.189936808015294778e-01 4.587940317274188828e+00
4.161509688956080422e-03 -2.331403275121384233e-01 3.810367409943274275e+00
1.739344891374725033e-02 -5.166958695846957800e-02 4.160808324549350345e+00
5.429133889660935353e-01 -2.448349263000893228e-01 4.008420171625759032e+00
7.818149416345645530e-01 -3.249856587867824276e-01 3.905423556695343912e+00
1.491294674438848222e+00 2.191922816061501744e-01 4.119053170949756648e+00
1.872695812963229622e+00 2.153407418162509579e-01 4.125853593965833177e+00
1.555047082881433118e+00 6.694045601930251888e-01 3.192128694986901216e+00
1.381358806635283543e+00 5.265052656675114351e-01 3.253666100964418106e+00
1.171260244285512897e+00 8.936129742159705514e-02 3.220749135376958172e+00
2.648389455308246543e-01 1.016848746536910958e-01 3.405178466891011890e+00
4.213160836095434791e-01 7.349231578182753299e-01 3.153507749031029483e+00
1.198101062295912511e+00 8.507998254684072670e-01 3.434027550148348595e+00
1.502808449353720377e+00 5.951128095960498410e-01 3.077969344277404762e+00
1.697794841958022660e+00 4.624212325242763044e-01 2.548577625149593295e+00
1.389465709365990120e+00 1.327622887177298816e-01 2.432349810504850218e+00
1.038247206213143148e+00 7.539769655273213800e-02 2.514342067692697746e+00
8.712079297367846253e-01 -3.423866663241674213e-01 2.464530107507881151e+00
8.145477815133536081e-01 -1.020965418834733351e-01 2.316383889679713981e+00
1.055474539698660674e+00 -1.842036769418320397e-01 2.457169483591365111e+00
1.077844435858485550e+00 -7.784732077676655149e-02 2.329224459925802293e+00
7.553300921335910356e-01 7.069954666402675780e-01 2.325762997170271795e+00
1.228127688825426889e+00 -1.425110973092556244e-01 2.797552538388329513e+00
8.371772844982434680e-01 3.445100231144219149e-01 2.619038197025127079e+00
7.522385051822239044e-01 8.055354506622561805e-01 2.226953583470672182e+00
5.100575892135850165e-01 7.183405705606310532e-01 2.249400539034501989e+00
1.207955099433106971e+00 9.760048118214098567e-01 2.614683655056520895e+00
1.772144028530676652e+00 3.135161984423465720e-01 1.758463588795042165e+00
1.915854499307304337e+00 2.469867720692558721e-01 2.203565887755293051e+00
1.485712960749616673e+00 3.175225779525894798e-01 1.488490650985233144e+00
1.560617799489848245e+00 5.632426419678169260e-01 2.351514347969732466e+00
7.780256544757387926e-01 5.054402540799085575e-01 2.925514734500517022e+00
1.552199752344955774e+00 -2.008574949628754158e-01 3.274894275929143284e+00
1.898750787186908484e+00 -1.123608162657408066e-01 2.800928545902794831e+00
1.942507846271477767e+00 -6.750643595270734432e-01 3.032985239241078101e+00
2.039962213931761692e+00 -2.316791197169654204e-01 3.184265022948188140e+00
1.527619917113420156e+00 2.098141885130363482e-01 3.555363276711067666e+00
1.113872200515258815e+00 -4.577288278769253010e-02 3.828522645504476074e+00
3.878210063521685402e-01 7.795513585693019110e-01 3.603071242747037051e+00
5.872992679587411002e-01 -1.200573188370266664e-01 3.720724549598718678e+00
9.693687471520398002e-01 4.987198560796226587e-01 3.213555068576746443e+00
5.809306646828571452e-01 3.661294826691453563e-01 3.239728851262952958e+00
5.065847458057594066e-01 -7.575219895348841992e-02 3.131612485766648302e+00
5.065847458057594066e-01 -7.575219895348841992e-02 3.131612485766648302e+00
4.186151969218212532e-01 2.872124839929383611e-01 2.790380423433539203e+00
6.719283855094249081e-01 3.495013490829422809e-01 2.393448533148887947e+00
4.879509523884970612e-01 6.257813315881682881e-02 1.587836430401262433e+00
3.707450708502084691e-01 -1.561679881683000759e-01 1.744039883991280737e+00
6.467187452958857996e-01 2.803632124890801380e-01 1.548425190524014949e+00
6.246696021086640682e-01 2.929553211793092249e-01 1.372609231105300642e+00
8.148670631191310409e-01 4.320768309600017121e-01 1.287475489346192159e+00
6.809896152400972680e-01 6.126940249377172965e-01 8.512110377605198730e-01
7.789441421938776422e-01 7.252976862694558990e-01 1.258855800490470189e+00
1.297948919057330119e+00 3.411957496215781149e-01 1.259536109030340967e+00
1.210079568279412765e+00 3.325155493680297392e-01 1.620453916294294805e+00
6.935778225959473575e-01 3.423042942070689820e-01 1.504970393056851430e+00
9.751948787707549471e-01 5.908020737669639200e-02 2.048056127618837152e+00
3.957677654164558634e-01 -1.645877504624940757e-01 2.363467961884193169e+00
7.276697777808944778e-01 2.534471149556085656e-01 2.441618643998072713e+00
6.877401091804791200e-01 5.230152937563424809e-01 2.969681169824878175e+00
1.324256584477200072e+00 6.328017185375217624e-01 3.141396509311114471e+00
1.577330937874309225e+00 6.449445007321522594e-01 3.195210694008959962e+00
1.671906619922832071e+00 2.886817124023961512e-01 3.261649392000927961e+00
1.472921470268557131e+00 5.024867344331749308e-01 3.080474293392873264e+00
9.714417412013953701e-01 5.149061280742673885e-01 3.280588665237634594e+00
9.674448911276335439e-01 6.315451141662962176e-01 3.096518025317685385e+00
1.133933351471284823e+00 4.576439260181808244e-01 3.427453218249209232e+00
1.609993621437151523e+00 5.013660402058606191e-01 3.846039446062428091e+00
1.164651902238961867e+00 1.821277156080543524e-01 4.336640059684695458e+00
6.918600732405868481e-01 3.700498057187995293e-01 3.429816569428364659e+00
5.554747978094228822e-01 2.195092351719713508e-01 3.458298704168089710e+00
8.141060231950359993e-01 4.023600012914372304e-01 3.624021016581657761e+00
1.890952143688945375e-01 5.005381264966027866e-01 3.322185226439421601e+00
8.156418811421717319e-01 2.116704704157922334e-01 3.480013865715774646e+00
1.711823926411154106e+00 1.990574627620703141e-01 3.370681097959812078e+00
2.019971124368235227e+00 2.530832811759533424e-02 3.506431213408972347e+00
1.963786754847077320e+00 1.052040016307221659e+00 3.011679198392152479e+00
9.330479200300393350e-01 3.496114453348722062e-01 2.732704608897937426e+00
5.461956853478612262e-01 8.296551056550487413e-01 3.178111322520729587e+00
9.867713903964017153e-01 5.403231793632868873e-01 2.785959787818704569e+00
1.186824242724018097e+00 3.848720278108741510e-01 2.436660528826670280e+00
1.320985530840188327e+00 -1.164721783915996511e-01 2.141140780474995342e+00
8.814368879121114997e-01 1.563274174673480454e-01 2.227629679515106709e+00
6.698868303516635203e-01 8.015189944471885486e-01 2.308795035318333966e+00
5.725155781595260285e-01 9.350865904787241112e-01 2.769683734426017008e+00
5.523719403844694620e-01 1.198493564397064282e-01 2.844054531788530404e+00
4.105543217875960438e-01 -9.668472624076807076e-02 3.026622211879196112e+00
5.703637895315953887e-01 -2.383254984396818155e-01 3.792291942117414383e+00
7.468776717547179755e-01 -2.555207099555380501e-01 3.986147664844879035e+00
3.529737120182921961e-01 -3.653962669652506268e-01 4.072429311382400385e+00
3.185527865119635038e-01 2.544578899791670734e-01 4.279810664377890816e+00
7.330263935786678342e-01 2.738808242023447331e-02 4.167928160360020229e+00
1.308857240432915292e+00 -4.957619260572695419e-01 4.466598940717593891e+00
1.600976040755309304e+00 2.577995585743750317e-02 4.072686388255198686e+00
2.322297009149098201e+00 -1.705537857508911126e-03 3.663493601675372080e+00
1.661645146037561638e+00 4.378175277010543792e-02 3.218553660748663781e+00
1.810892639542371230e+00 3.178624233757827017e-02 3.477515612350850827e+00
2.308081215659600005e+00 2.251531151957165688e-01 3.736403207330368126e+00
2.055428454577962416e+00 8.673720578661858749e-01 3.541473736940130124e+00
1.391301414471456166e+00 9.647338312835269658e-01 3.384806993790539842e+00
1.531519482170073054e+00 1.018065701694553349e+00 4.333672366889145700e+00
1.670937868902573342e+00 -3.668125994097939935e-02 4.453874065332686705e+00
1.626406555219496397e+00 4.465491179980158876e-01 4.357895324702287354e+00
2.176189901828039730e+00 3.040651104066914301e-01 3.722710049086818351e+00
1.731683768461197648e+00 8.998400930614172677e-02 3.527803587179426881e+00
1.495014542282535608e+00 1.046981574885138822e-01 4.421107714860228910e+00
6.276657676654981977e-01 1.504721591194287805e-02 4.221384314337758958e+00
7.146059922453962265e-01 1.155042393831464675e-01 3.524324331372028496e+00
9.760185250765294196e-01 3.042914817908175529e-01 3.832458697806918391e+00
3.710187000335489760e-01 1.695018919727052931e-01 4.173469282499028488e+00
4.430277094377940150e-01 2.636626209466365611e-01 4.433799560330206724e+00
3.531980748987178509e-01 4.984197431670782663e-01 3.811790394944844174e+00
7.441609389050317658e-01 1.781529312401835263e-01 3.801764849805965518e+00
7.203746646029415279e-01 1.139177747576051447e-01 3.775976960575172292e+00
4.685811410577319647e-01 -9.771102746058393240e-01 3.913470735871730888e+00
8.972731145625180149e-01 -3.871904968350430298e-01 3.788099340849848229e+00
9.958229069542743339e-01 -4.365590709827759097e-01 2.945655950205508411e+00
1.115658723028189359e+00 -6.344305157090071035e-01 2.670014198521809767e+00
9.800463336293173677e-01 -1.606814731074968083e-01 3.073199547240594853e+00
1.135954995635775289e+00 -7.393636654420693288e-02 2.755435894828057730e+00
6.276945705804953812e-01 -6.138836285878088855e-02 1.881300687273392613e+00
1.233803507152168022e+00 -2.740365912274573268e-01 2.326058122282219198e+00
1.377881724118127593e+00 -3.943091506694333948e-01 2.313953346700161617e+00
6.617213087256874626e-01 4.606326926891470830e-01 2.890671701997499454e+00
6.939328106608024793e-01 9.392658770499286991e-01 2.901631935685277330e+00
7.444269512804277955e-01 3.030669850421243705e-01 2.311008571450023030e+00
1.183236940748375599e+00 1.048733807130013185e+00 2.473388832433089046e+00
9.603610565830702495e-01 5.102740444611421067e-01 1.873382812422275556e+00
1.529558311867467379e+00 6.538850595824530210e-01 1.900683293730062617e+00
1.804985026840460138e+00 4.329571282531421428e-01 2.217355300527236839e+00
1.600613395025879848e+00 1.784815607615512500e-01 2.190218656099187200e+00
1.355963038922914921e+00 -1.607006733471131876e-01 2.443287431634125539e+00
1.011197879503834551e+00 -8.373151920901564238e-02 2.668889544446418238e+00
7.613737308616433941e-01 -9.616373400439125196e-02 2.108947440999755507e+00
6.140851863933072252e-01 4.413165157987048587e-02 2.397153791911605492e+00
8.605120156178481805e-01 4.011063861909920369e-01 2.390419885589314841e+00
7.402026882868587565e-01 1.206405922067199377e-01 2.347054308946874279e+00
4.893464307156437099e-01 -9.931169822352645116e-02 1.781691574859058491e+00
1.801098911110853573e-01 1.647042505942805934e-01 1.727645732321714922e+00
-1.354062001110435121e-01 3.001655655766770625e-01 1.870133039515525564e+00
5.879766988901774516e-01 -4.381014100166792657e-02 1.475399900900582706e+00
7.785058851835493510e-01 3.515101551517614553e-02 1.631036784937384576e+00
9.669233923329492164e-01 -2.367247930194325833e-01 1.595138498615429334e+00
6.795156193968976410e-01 3.529126022185505307e-01 2.321462216057057493e+00
8.157418309497675990e-01 2.204839280775433563e-01 2.768896596289234235e+00
6.316050913355364393e-01 3.887454213278539461e-01 3.124360757353829232e+00
1.128491426928833530e+00 4.272564874294531578e-01 2.855423961279680345e+00
9.446566419072257581e-01 6.315835601501004204e-01 2.809198571699925484e+00
4.572890647536321795e-01 6.597399971274453545e-01 2.140514777370671862e+00
1.444287475898168582e-01 6.199700602813426054e-01 1.741232689637218556e+00
8.049170832191687719e-01 1.212694965624392385e-01 1.679152240589156353e+00
2.908902455335073967e-01 -3.274085145636557864e-02 2.261406016084130943e+00
7.698200407503482667e-01 -4.103384249595645183e-01 2.203637284705666666e+00
6.466103214652437758e-01 2.392189470645064708e-01 2.598562334296065757e+00
9.707193599678615170e-01 3.362968156821464216e-01 2.117861172821993598e+00
1.092005507528494679e+00 -2.691007412751994510e-01 2.021910513459409309e+00
1.174296599723213097e+00 2.341865744569850694e-01 1.998850248235199301e+00
1.359473989593364296e+00 1.204504441177552398e-01 1.630205862406704620e+00
1.359473989593364296e+00 1.204504441177552398e-01 1.630205862406704620e+00
6.101962574961264929e-01 -2.019306207550722321e-01 1.603305759051065982e+00
1.106969874643529916e+00 -3.072797588974403582e-01 2.036747651921567037e+00
1.354389658762650273e+00 -3.716102672227259429e-01 2.312453967629845675e+00
1.396816889734155298e+00 2.753946260026796655e-01 2.186769159615110425e+00
1.264524004133789736e+00 -4.761518634309937215e-03 2.400606996339771815e+00
6.843812759770069309e-01 -1.775683925023648080e-02 2.590482490763635681e+00
4.532276471213521063e-01 -2.917434467061225667e-01 2.560898760285989173e+00
6.615851176529853328e-01 -9.862284170706921149e-02 3.143661585679816461e+00
2.384895501259694239e-01 -4.156144941880007826e-01 3.171514882917847000e+00
6.451732621657378930e-01 -1.315134077462128959e-01 3.224158182033918685e+00
8.386314153441505326e-01 -2.206192428415588297e-02 3.350031056201950186e+00
4.058614582026210948e-01 -1.019334563463790005e-01 3.435152791107434656e+00
6.068356400738749157e-01 -6.848961370021139361e-01 3.363839772187106725e+00
8.262652673046394503e-01 -1.201526800592035982e-01 2.475516770432033109e+00
1.056341908852509670e+00 2.449605788908922749e-02 2.393080747594035440e+00
1.265496740349318028e+00 1.910037682205650289e-01 2.242911135288915503e+00
1.206708933062759392e+00 3.088624666938967755e-01 2.410673405252443668e+00
6.592372316101816621e-01 2.853180776402080565e-01 3.019737420037793107e+00
4.923630565735772069e-01 6.920249798161748345e-02 2.876847983741439574e+00
9.368504905378232106e-01 4.624989053420114349e-01 2.544412456039863990e+00
6.164167552387966875e-01 7.031443508377753782e-01 2.521740971977044943e+00
4.593737371039564032e-01 2.628680883026970339e-01 2.729340835205223748e+00
1.253253345019107901e+00 3.736666238006394747e-01 2.590502681539389673e+00
1.660238729122918588e+00 7.044286268446710020e-01 2.511830305816673548e+00
8.008065020601342621e-01 3.950426058998068868e-01 2.471539497416607833e+00
9.597233227709133230e-01 8.014927819074489646e-02 2.346371791263796247e+00
1.696473191311490547e+00 6.855567125195414224e-01 2.151356037997810056e+00
1.957113579212178323e+00 7.799837274373313534e-01 2.381626874059669330e+00
1.721350689050926031e+00 2.896162897226315369e-01 2.208558841936870021e+00
1.443177724128124728e+00 6.302161739805915708e-02 2.309706826533937107e+00
7.367380998963066752e-01 -5.983072755649995744e-02 2.018114089079885431e+00
1.176507096850643030e+00 4.607682818682126147e-01 2.326615000915360998e+00
6.771430007400441875e-01 3.061740612155343655e-01 2.349358092947239296e+00
8.970906292677633953e-01 3.138306167749912307e-02 2.766017432615563099e+00
1.077008970646932795e+00 3.198488970014327082e-01 2.452666289573249170e+00
5.950123266353440910e-01 6.508916136326301505e-01 2.512148144522394322e+00
4.334226392661929550e-01 1.407904562554108008e+00 2.606518975172998243e+00
7.635387582669820317e-01 5.938213612360804250e-01 2.172610978114331903e+00
4.904782256939070884e-01 9.440878713346184670e-02 2.010529578250088711e+00
5.737662828587634101e-01 -2.961735396520132624e-01 2.728271464583950312e+00
8.350279661195899594e-01 -1.518136744386898163e-01 2.055010933152867647e+00
1.505733795675644693e+00 -8.821956340176401179e-02 2.029624735143042535e+00
9.066965691818420492e-01 2.224133795380462408e-01 2.101218483719986541e+00
1.054937920836670040e+00 -1.202135969257268344e-01 1.796957172676441949e+00
1.646169741334588155e+00 4.702613863164402108e-01 1.208402713972652753e+00
1.659180060851098926e+00 8.688882220605039786e-01 1.630065658555696295e+00
1.469929766966119100e+00 9.772146922731942409e-01 2.004679523507688632e+00
1.215515136786670114e+00 2.036489394882876058e-01 1.845197226654156530e+00
1.026465742430879624e+00 5.921787108160219137e-01 1.313649175879038289e+00
8.462334168477396723e-01 8.220045496894705650e-01 1.452714222162058144e+00
1.006518586485958933e+00 8.953560145531448411e-01 1.853828611619948941e+00
1.405175872984543606e+00 9.932595369232292137e-01 1.500742321114003186e+00
1.395075270318735017e+00 1.271015911265937826e+00 1.233059028430858239e+00
1.798804624500413452e+00 8.536437081365240154e-01 1.203220445995521581e+00
1.342633934434493082e+00 4.371668823806671988e-01 1.024491946996969327e+00
1.735460396035895858e+00 4.842502987926246005e-01 1.417225502764927869e+00
1.720999204221911327e+00 5.892587236861331901e-01 2.122623192835610961e+00
1.436477132142358615e+00 4.441131242879039487e-01 2.462415406000599827e+00
1.923825454553441006e+00 1.157814003058980079e+00 2.441984855950303235e+00
1.447141265199970217e+00 1.191559073357668197e+00 2.522126605219344953e+00
2.188293579010166745e+00 9.143337163867484296e-01 2.561682474636520990e+00
2.039533759664108548e+00 6.206150429581505090e-01 2.847436062886256725e+00
2.360514900266454497e+00 2.452161006985967839e-01 3.163706712430481627e+00
2.387766908493380136e+00 -4.221275774973383410e-02 3.267165820702646606e+00
2.014886267874361980e+00 3.557810046365884604e-01 4.069783383936433019e+00
2.471265079469329162e+00 5.477870186862988933e-02 3.716015098810177886e+00
3.312917828558041844e+00 2.520481167369857944e-01 4.081797039972677510e+00
2.450298933867780971e+00 8.683813553195454116e-01 3.889986829057090922e+00
2.225113711307519004e+00 1.391514627766841095e+00 3.633273718870430713e+00
2.143301349251290677e+00 6.557511444180896820e-01 3.665963560711024360e+00
2.054705194409035762e+00 7.656249015125361490e-01 3.767350066666661057e+00
1.089805504236906142e+00 9.316617067009342890e-01 4.051736473993551080e+00
1.143786992322813667e+00 8.848587380304699934e-01 3.911913207361627176e+00
1.780382042965814815e+00 7.865211314353384164e-01 3.930787176474932920e+00
1.858579243411778270e+00 7.071345054282940357e-01 3.781919733140016060e+00
1.946643959827172088e+00 8.816434357146921696e-01 3.895906501236757080e+00
1.859915519519038440e+00 6.998570586641357227e-01 3.847528064041731533e+00
1.692422547647971953e+00 5.103339458963001007e-01 3.740384471610989081e+00
2.318495604613584060e+00 5.113291108365398685e-01 3.192786461261599040e+00
1.537128957341260316e+00 3.656906564194387643e-01 3.458294239952294014e+00
1.153478437537003298e+00 1.487539905718586741e-01 3.755543734166923109e+00
1.294578626290078249e+00 2.654888159705101613e-01 3.868520722580591986e+00
3.260736368161146204e-01 4.513415610640629794e-01 4.194702245902470317e+00
1.842167109632106836e-01 5.374453694055883468e-02 4.112106616991288099e+00
7.972181528119991478e-01 -3.444059660168301562e-01 4.241240226817759584e+00
1.001240575789505982e+00 -5.715730482660552614e-02 4.532189393654244114e+00
2.805268434899984564e-01 -4.401247311559967623e-01 4.535148796449755437e+00
7.847521189475153980e-02 -3.359243854466271162e-01 4.275871257583098384e+00
8.346615089383804253e-01 -1.419043183815769660e-01 4.333211826207425510e+00
1.048341336270798507e+00 -1.919060908803250642e-01 4.261647559333529678e+00
1.399463549757157699e+00 6.572884765906945592e-01 3.735354972818681674e+00
9.070699395734760362e-01 3.742503669371942121e-01 3.489026043342078331e+00
1.108254114164753723e+00 1.779720199667101377e-01 3.173397734286146132e+00
7.330687952613917924e-01 4.395133295528372286e-01 3.074798593474327824e+00
1.030432072299435786e+00 2.471316714089688560e-01 2.703258871621349257e+00
1.029142771242397003e-01 2.491100683336983090e-01 2.100829611732250246e+00
6.186638415936094315e-01 -5.576222432139878171e-02 1.472227596099081603e+00
1.041278991457329051e+00 3.285652348673069878e-01 1.980675991237242695e+00
6.766403113665940827e-01 2.302246653518344455e-01 2.827725098624285671e+00
1.511256963282712196e+00 7.908437827603289616e-01 2.881252752188200095e+00
1.780938691707865562e+00 1.137933147256853683e+00 3.399767690891645877e+00
1.770597200440659158e+00 8.392113971950214690e-01 3.052521371602023859e+00
1.377626111605910308e+00 -1.979970772481661201e-01 2.643473797740325981e+00
1.688034017510653850e+00 -6.640951230780360592e-02 2.900513607701181940e+00
2.142817271962094150e+00 1.336429056056183673e-01 2.911152868562393969e+00
1.785439300775780502e+00 3.221428239529610660e-01 2.945962200425985777e+00
1.767203232266107538e+00 4.396136514415931451e-01 3.678050782021348830e+00
1.687458913527025040e+00 6.100134950863592698e-01 3.390743515082430992e+00
1.199733297773197593e+00 1.898994073067384325e-01 3.098123356554305818e+00
7.607835254440278305e-01 3.171671904533224784e-01 2.905147307303733939e+00
8.069140525197784353e-01 2.733087417390941409e-01 2.914093466021449252e+00
1.486895217598175112e+00 -2.302605662247235174e-01 2.645104365241992106e+00
1.310422062455349312e+00 4.956027793039577967e-01 3.285961876479448485e+00
2.283267158697224186e+00 4.342427055295141058e-01 3.086835424526245930e+00
2.114938358887815006e+00 8.214518993304107397e-01 2.552794723466904614e+00
1.597415681655737441e+00 2.806023399249298889e-01 3.037395434425226970e+00
1.701332392310651587e+00 1.679142547440269917e-01 2.748992440286485817e+00
1.853104785607743388e+00 -2.356988130741562437e-01 2.308157860143418727e+00
1.158325046954706394e+00 4.778316221829781996e-01 2.067335611750013680e+00
1.795652239221581681e+00 4.866479362439268264e-01 1.631096253436489896e+00
1.474692272602979193e+00 9.652966418477387789e-02 1.762231505787854369e+00
1.323053265022709146e+00 2.496318590591256256e-02 1.515640408599095101e+00
1.056366333305734706e+00 1.945137348150674517e-01 2.548529093826707115e+00
1.103683071702372676e+00 1.395535262000879850e-01 2.616240803437238416e+00
1.487259257417039571e+00 -1.470925994273868664e-01 3.089750240575988460e+00
1.308399297774587078e+00 -4.075978967760641725e-01 3.107945913967234741e+00
1.650071274393605236e+00 -2.893284349399752875e-01 2.979343327707477229e+00
1.894062323312498686e+00 3.344531433226835548e-02 3.934969121684085192e+00
1.856261014970775225e+00 1.304727143147154378e-01 3.967220661081335198e+00
2.068478859714391493e+00 -6.143603537222427358e-01 4.370435979608305210e+00
1.627829364361797149e+00 -1.606356007677980091e-01 4.218428576277986508e+00
1.737184984423900014e+00 2.640515342044649078e-02 3.958774940406079690e+00
1.538791831077711336e+00 -2.116422719760914228e-01 3.879136033893535451e+00
1.576873118335532231e+00 -5.554499379037600715e-01 3.196893182437766878e+00
1.496255125853881429e+00 -2.806800566086025128e-01 3.542523654489552865e+00
1.657298207089442421e+00 -3.436001721779372575e-01 3.893868229774249290e+00
1.283809182027071172e+00 -1.043763491061224097e-01 3.625526397575919102e+00
6.592336213167385717e-01 -1.411876502262273680e-01 3.276625147236145619e+00
3.842302995799794507e-01 -3.473091073239717441e-01 3.773762698193907195e+00
7.596552996903098709e-01 -2.322126398696643113e-02 3.464083733589307101e+00
2.349963626211000745e-01 5.046430574859499252e-02 3.148162856060641612e+00
3.152427233301006160e-01 4.854107675334483063e-01 3.848753998053223047e+00
7.289868657084634940e-01 9.229677599290758705e-02 3.592831785782255594e+00
9.177629653041752267e-01 -1.519020240759149099e-01 2.818357975342311583e+00
1.360501512203923680e+00 3.255550775098473709e-02 2.726951710337922385e+00
1.887546945349718452e+00 -3.403340795956297238e-02 2.778717924957211594e+00
2.192205321380479965e+00 2.075668035708057857e-01 2.831362349025855707e+00
1.897306636709967798e+00 1.616203742951195232e-01 3.313492056846747413e+00
1.508372772615547586e+00 2.218075685255625484e-01 3.672306439342525319e+00
2.036768516311875388e+00 9.380318474828146236e-02 3.283024777684535600e+00
1.803703893988350959e+00 5.433149791183070620e-01 3.193078257718654722e+00
1.613905477723122983e+00 3.609402337411350414e-01 2.620551013344347702e+00
1.466715507361943782e+00 6.434253816445689722e-01 3.237069128251804706e+00
1.327479996147229446e+00 7.451259527259495030e-01 3.177461704000929199e+00
1.267408580729037615e+00 3.119102957285761479e-01 2.726813358437597312e+00
1.368735376892697309e+00 1.719581732692012088e-01 2.755949386453532934e+00
1.419365567396373429e+00 5.315227228407660709e-01 3.082753741935737590e+00
1.528889788713493125e+00 3.457255204314811370e-01 2.920407234391249496e+00
1.227121980768239640e+00 -2.890100661004844085e-01 3.133691073842841845e+00
1.096334906011336763e+00 -3.178623795064173807e-01 2.598987975488193936e+00
1.174678245176248526e+00 2.705659390998232938e-01 3.316446852825043035e+00
7.394681802710679763e-01 2.651036729514679724e-01 3.334297865582096065e+00
6.532442015701489524e-01 -1.322969316440333887e-01 3.041094655818329162e+00
8.529136209305072658e-01 7.980536956183445496e-02 3.012422649449568723e+00
1.202158436774139139e+00 2.639319000329301557e-02 2.360867995926268392e+00
1.640739994006317870e+00 1.394506256349917206e-01 1.933778597968955015e+00
1.397384982463325542e+00 3.966824794012537292e-01 2.310659405523464827e+00
1.167917798732603041e+00 5.401774079491591385e-01 2.149343286623370819e+00
1.558235106182128238e+00 -1.255952906284396042e-01 2.587964099595698286e+00
9.316742374620419209e-01 -2.421492754957921267e-01 2.673429885628952452e+00
4.671308504984662546e-01 8.952306360172541944e-02 2.240885567510812137e+00
5.593641602434762383e-01 7.901304824792245718e-01 1.957523937129891145e+00
8.390748923727807673e-01 -2.589944553099345903e-01 1.839831662707217541e+00
9.051385368813801291e-01 -2.069926508006171562e-01 2.474261303306703574e+00
3.946594838498413971e-01 -4.623482600049046987e-01 2.390505918934754614e+00
2.650139375614715131e-01 -5.947470719287406560e-01 2.396325406740326347e+00
4.325392856961239874e-01 -4.513129912482343187e-01 2.248163986542593307e+00
7.816754041103588513e-01 -7.192609036342463569e-02 2.285038384716280291e+00
8.957599401691805907e-01 5.242526790960718719e-01 1.963342023342915077e+00
4.887125413518310646e-01 3.844818912152585533e-01 1.798005902575476433e+00
8.853779010149780415e-01 2.397598697636015574e-01 1.705396339267197803e+00
1.214258572433818628e+00 7.198137248064744309e-01 1.836365101739234396e+00
1.164164251907915837e+00 6.923032302310289099e-01 2.223859014317016491e+00
1.259868506998125692e+00 3.214854406416328692e-01 2.382911640107480800e+00
1.919927384881864985e+00 1.114617373921420240e+00 2.545857155631761071e+00
1.279275842254416595e+00 8.258555459435785728e-01 2.480396539871645434e+00
1.043373633109565324e+00 9.836839168417578216e-01 3.046609735163212651e+00
9.538361913326116603e-01 9.101565783991012459e-01 3.507904916810263618e+00
9.286563028121560537e-01 9.857925456709034640e-01 3.051149358623432395e+00
1.355007730317187464e+00 5.619415805239907913e-01 2.651474691391540350e+00
1.035775481550696098e+00 4.017242241817400861e-01 2.479415805962782215e+00
1.030755328261109272e+00 6.733607096528648750e-01 2.291724772890358253e+00
1.096685778760842167e+00 5.792741683031127353e-01 2.500580875815235249e+00
2.039950067905949016e+00 3.057452795881245300e-01 2.541012478377762562e+00
1.963091242823818083e+00 4.958343026940689180e-01 1.983310990019931497e+00
1.973848299725520450e+00 1.156972832167650900e-01 2.191372505272246141e+00
1.487010286484897303e+00 4.335868036050991581e-01 1.435824599692841375e+00
1.003100721438405341e+00 1.427383992432214310e-02 1.743720406312875948e+00
8.362103563787298688e-01 3.893628344989276402e-02 1.566329459670604773e+00
1.397518139795824288e+00 4.738743223816556105e-01 1.785189836079675851e+00
1.596505578280710047e+00 2.377088888165014013e-01 1.874823067153798428e+00
9.417742082420870187e-01 6.926560735041029648e-01 1.594005439589788686e+00
1.303082178795111901e+00 5.205974519023081060e-01 1.324327712194629525e+00
1.739113549106840795e+00 -9.614944082638308964e-02 1.817287069236675379e+00
9.248761820079856033e-01 -6.591633420911844343e-01 1.646099196816218413e+00
1.232135214823982805e-01 -7.990057285840890255e-01 1.680440194323340908e+00
2.323803391729401535e-01 -1.564961466487580499e-01 9.296020324668581303e-01
5.716142147957132824e-01 1.870845336181183871e-01 1.501895772300821719e+00
1.229952432051356181e+00 -1.000460559708337971e-01 1.883980105366656277e+00
1.225736126347124255e+00 4.343455509212508503e-03 1.668042445741393154e+00
1.160945197599988932e+00 -5.958807864093342843e-01 1.886828365823345788e+00
7.315670048671990555e-01 -1.701314132570285464e-01 1.759857552882118537e+00
9.377518549878675058e-01 1.418769493558658668e-01 1.251561955498697198e+00
9.345210743535404818e-01 8.105480121798831761e-02 1.516200455095825239e+00
-1.039271736690945691e-01 6.116877737924608649e-01 1.860902811687823455e+00
2.702024850468788819e-01 2.059507279990220874e-01 2.317480854623141351e+00
2.702024850468788819e-01 2.059507279990220874e-01 2.317480854623141351e+00
-4.366361269011406754e-02 6.237875019020953093e-01 1.347348271582084589e+00
5.685697020602475948e-01 6.686896797201625775e-01 1.733501262874759252e+00
5.200852110140535833e-01 9.673753673579756907e-01 2.247096213610772608e+00
1.133229492650516868e+00 5.737831653052700709e-01 2.036669427464410820e+00
5.383926583013390887e-01 2.301777748005406909e-02 2.745046153794732824e+00
1.022813184070362480e+00 1.561937649435523601e-01 2.688869554289693653e+00
1.436861551063683518e+00 2.060444345524982124e-01 2.892744392673808118e+00
1.233443864626655895e+00 1.280079313875169822e-01 2.862281807420342439e+00
1.164056592122567180e+00 8.843661083256430799e-02 3.169943553414893422e+00
1.117031805745892337e+00 5.344016470920762707e-01 2.898460502290820529e+00
8.708412889373162713e-01 2.313466072156747377e-02 2.977256010907904926e+00
1.328523279138530411e+00 7.429416408507358294e-02 3.242989005441776040e+00
1.573028975405444285e+00 3.830886821031403988e-01 2.481866650345903036e+00
1.956624281968371681e+00 6.448886803369364706e-01 2.145396584864556644e+00
2.290998912111979813e+00 1.157018132476958172e+00 1.950672233435979175e+00
2.121333385434961638e+00 2.186742971057976104e-01 2.346395582446608508e+00
1.763018121639922109e+00 4.829434930324630337e-02 2.783853268872889863e+00
1.422781072873324781e+00 6.306659439626965957e-01 2.755662956323280621e+00
7.882534340868135869e-01 6.405527089302928134e-01 2.557488505513071608e+00
1.311951774615350397e+00 4.117473251526841405e-01 2.263885001183058687e+00
1.560815270058772519e+00 9.037643511023836229e-01 2.210506394326748669e+00
1.548082823928873308e+00 6.444827082940243757e-02 2.223448533730830068e+00
1.020378530123348337e+00 9.521658377844581522e-02 2.434257936563759994e+00
8.189434800526254055e-01 6.022388663958933019e-01 2.253705262419625210e+00
1.083730573492997840e+00 9.424503798584108472e-01 2.922042561510913128e+00
7.708839137194738456e-01 1.609955056296162312e-01 2.304990673863525963e+00
1.706841047294395397e-01 -5.574655913208221431e-02 2.943411522202653341e+00
6.403163183167881467e-01 3.106083473962928387e-02 2.986942149272182156e+00
7.636780472219355520e-01 -1.682357878169297716e-01 2.837149152616106118e+00
1.600854610506573295e+00 1.860064588721786483e-01 3.058986245779494961e+00
9.452076586571127592e-01 4.145819211003988203e-01 3.349586999783999985e+00
9.269587207913343452e-01 -8.795864894237238885e-02 3.863868838663496952e+00
8.200217270475103071e-01 -6.256818049720258568e-01 3.012769640541874239e+00
6.215575325258000383e-01 8.439690294972021500e-02 2.908669383051786461e+00
4.828299641055559532e-01 -8.267737493697947526e-01 2.790436009164845910e+00
8.145251497369501159e-01 -6.010077513962979179e-01 2.558930135669200023e+00
9.110849503949153272e-01 -5.287203911886901864e-01 2.439407793263260071e+00
3.150024770889240933e-01 -2.581631962524998380e-01 2.321551258869106960e+00
6.774524536892269078e-01 -2.047612656424466215e-01 1.997022028998225007e+00
6.170745981908696276e-01 -2.278713898716951680e-01 2.236619614331546657e+00
1.144638531103604029e+00 1.864123736250122843e-01 2.319083163787998281e+00
1.268466190821689654e+00 7.145432109087446193e-01 2.288093903667902662e+00
8.421380325733731631e-01 2.455714556667716875e-01 2.378602219762300241e+00
8.473501290384299889e-01 5.076248228669553164e-01 2.623678184665003688e+00
1.190772308375836142e+00 3.574727386630439097e-01 2.849487670678399365e+00
1.314632057679183896e+00 2.064198405404643610e-01 2.801270597535009621e+00
8.935593247416281359e-01 1.165204095034725884e-01 2.545662399227825556e+00
1.145446436123418454e+00 1.388366087766114809e+00 2.748209372945097595e+00
1.367736686295245807e+00 1.096966316420367127e+00 2.649966548280539680e+00
1.188079756579862867e+00 1.353229454193078496e+00 2.731540974119292642e+00
1.140900135068974697e+00 8.808005444601036960e-01 2.716856937061647326e+00
1.046736392823409467e+00 5.036648814838868837e-01 3.312741855026852367e+00
3.003457110027525356e-01 4.159368282583340848e-02 3.613562350180303362e+00
4.083947210459485389e-01 -3.435793618891010981e-01 3.464386889883174003e+00
1.892928804215032179e-01 -4.530208675521883999e-01 3.592667679224498478e+00
5.854448314042892676e-01 -4.720108696846517793e-01 4.060667288541580433e+00
1.622837553416451195e+00 1.110833724745075024e-04 4.137451981173290605e+00
1.232501503906030083e+00 4.473572325126992655e-01 3.295021049536731361e+00
9.854352242319139865e-01 9.636332687402511255e-01 3.342012139838972384e+00
1.246601828126094658e+00 7.702660013977612463e-01 3.638378680333145709e+00
1.329813180594277000e+00 9.623755152519215539e-01 3.851859092218972602e+00
1.780443711343197011e+00 3.327977256667521422e-01 3.175105396406687763e+00
2.207715580414592260e+00 3.067103844520542855e-01 3.682446153055976890e+00
2.324255251355743734e+00 -1.482967033433577608e-01 3.545984905377525198e+00
2.214499716251923545e+00 -4.995741450463387912e-01 3.257555588548176839e+00
1.748749433937010656e+00 -1.520495025523103672e-01 3.992463793885453693e+00
1.158051958046868890e+00 -4.340734750316328494e-01 4.414422414155937169e+00
7.952929801737410598e-01 -5.386759888516626238e-03 4.180619661408875309e+00
6.830925599834493100e-01 -2.805916118005757354e-01 4.432833994713149650e+00
7.610576431912194906e-01 2.123984139935702897e-02 4.250227995927900793e+00
1.020759385708188471e+00 -3.157885761815342196e-01 4.157298096510941399e+00
9.703519200233772235e-01 1.197748873379423096e-01 3.446280046767185468e+00
1.144592607719708610e+00 2.232510648080360260e-01 3.176910902875006659e+00
1.109013645207453713e+00 -2.251082265369787616e-01 3.095855449836750317e+00
1.427336610602548905e+00 -4.177078037057298243e-02 2.335856825241994894e+00
1.468724669443767228e+00 -3.581335319191325528e-01 2.298749869847904304e+00
1.050836833305813345e+00 -1.586149173636843546e-01 2.691064596809452425e+00
1.032398479591260188e+00 6.012957795799136473e-01 2.729149398543727845e+00
7.897285894035135367e-01 6.937357683714848733e-01 3.981256501637711942e+00
6.244329480400069299e-01 4.810087430946602960e-01 4.659039205019553265e+00
3.169103546611513056e-01 6.786109484776363665e-01 4.818451113288147347e+00
8.897391914143896186e-01 9.878065358604118384e-02 4.663102207637995988e+00
5.347311605266888979e-01 2.244300706025551331e-02 4.359725850717495632e+00
2.909578575164779579e-01 2.866566327136922318e-02 4.174844288789965496e+00
8.453849748268004172e-01 -4.747195934911819792e-01 4.073995821429748254e+00
8.247317497273632947e-01 -1.620634812357147347e-01 3.572812153711877770e+00
5.529487388898167710e-01 -7.529722471956099006e-02 3.263281379182077835e+00
5.344291525022978329e-01 -1.162831220418382577e-01 2.788111148227144565e+00
8.703116193073874296e-01 1.235608232598471579e-01 3.702249829064709896e+00
7.714081940543896510e-01 4.081045919491812501e-01 4.026984935061270754e+00
1.429869145488621429e+00 -4.328802510244111890e-02 3.490532048051089742e+00
1.224582290629759207e+00 -4.606717143316937380e-01 3.332987688689409200e+00
8.876772461834910866e-01 1.234399387947115456e-01 3.120185291287862928e+00
1.161868444171038739e+00 6.882480880413609503e-01 3.340415233307814091e+00
1.544348551503013978e+00 8.534607890146173048e-01 3.502932865294705600e+00
2.027301646315993633e+00 8.745730876872611637e-01 2.918496117135110257e+00
1.857354718720526598e+00 3.795522433038092114e-01 3.069737230983041965e+00
1.109488549490420306e+00 8.446089999225570022e-02 3.107835338953851334e+00
6.337284357052132000e-01 2.335476594197826161e-01 2.395956804760746017e+00
8.227731316337422163e-01 4.218654495449832009e-02 2.791807987941433478e+00
2.310572321234382054e-01 8.046678970999029956e-02 3.624978973764193757e+00
5.656993983531979353e-01 -4.099920852154731454e-01 3.398320953752439699e+00
4.740151353999697004e-01 -1.243512493012090131e-01 3.804667275831286499e+00
1.200214079371373366e+00 7.855248832895805888e-02 3.829629319271875332e+00
9.121698502174592216e-01 -1.380388610298346197e-01 4.209802909700917084e+00
1.220684463266228592e+00 -3.829645677941515003e-01 4.171271518193544026e+00
1.350625932833944054e+00 -4.693526909008282066e-01 3.556265868104161676e+00
1.244839606270470300e+00 -9.500677213711693214e-02 3.093947762238635768e+00
1.030241712629236028e+00 3.454157016656183021e-01 3.935894003715433076e+00
1.585236798936671354e+00 7.109673376791456056e-02 3.754477561603313696e+00
1.463794761284617163e+00 1.554930015613866234e-01 3.297715628723823844e+00
1.713058266843276112e+00 4.208805005307680314e-01 2.659527615043133064e+00
2.325343905071153738e+00 1.023713729475126399e+00 2.616537979029891048e+00
2.184254173087867290e+00 1.013112885692740717e+00 2.057859885384508036e+00
2.514792653788157306e+00 1.913254723070898777e-01 2.265531022828524588e+00
2.988876750891860556e+00 9.458235370381012919e-02 1.914039976325989212e+00
2.788508602894140154e+00 1.865259209037905819e-01 1.920651596662066751e+00
2.180309581909671390e+00 3.530266726885183948e-01 1.597151709431112954e+00
2.362440909626351893e+00 8.846234183036689736e-01 2.126735103101221824e+00
2.703229306012519206e+00 3.281781054210081705e-01 2.440853315025557357e+00
2.717699891210738627e+00 3.280628945896563731e-01 1.903175827232081785e+00
2.393357233086548241e+00 5.762809598254033938e-01 1.987780213106334681e+00
2.539732453326829287e+00 7.540028416303843350e-01 1.650739361200435740e+00
2.220419536837218821e+00 1.148695500839202133e+00 1.305389442270364242e+00
1.625580502997122201e+00 1.281217013155477646e+00 1.284738507636783655e+00
1.782665012419901274e+00 1.044358982815917436e+00 2.139405863381971251e+00
1.556236927770548562e+00 7.046710230891585214e-01 1.744583581798139438e+00
9.021853127667525118e-01 7.163442768226622182e-01 1.334537639858131453e+00
1.363809409013846397e+00 -2.121319500477797382e-02 1.754221523878934930e+00
8.028897942668890009e-01 1.132532298152189865e-01 2.057177396941334724e+00
2.377759249947726805e-01 2.438012354536310822e-01 2.153009411732499156e+00
1.919757597805830385e-01 1.340651459496131626e-01 2.320141523312258869e+00
8.115278714653152703e-02 5.705050492636618009e-02 1.595204064532360189e+00
4.269769614200134566e-01 -3.552066591488862723e-01 1.431067652819943525e+00
2.915670565414448245e-01 8.193927776416931597e-02 1.448780508419656554e+00
5.570610367952988362e-01 -7.908522925660566028e-02 1.703052303280495172e+00
4.827467143837230745e-01 2.498408397611591725e-01 1.794343364774712235e+00
6.400104173045384481e-01 4.188766645026082980e-01 2.204966481373888953e+00
3.278398116365273673e-01 2.053056981571905193e-01 1.639005222569893450e+00
4.463055971856940141e-01 2.976462895077123805e-01 1.666322276977102002e+00
6.557771482392704687e-01 3.883481571863708348e-01 1.974732733435771381e+00
7.078834449190679612e-01 2.685860821260838693e-01 2.253107841579985227e+00
5.587220440674045552e-01 1.702539655450757416e-01 2.488661823044306942e+00
7.379740648571884165e-01 -1.163131258862589307e-01 2.880618514603836555e+00
6.072399088668617440e-01 -1.069910563416300309e-01 2.856510829705626531e+00
7.292852765621357092e-01 8.812130395550570316e-01 2.656718077583373194e+00
2.088783197154978066e-01 7.007837010516662080e-01 2.682015486962611384e+00
2.565996952388392427e-01 1.823065333100165331e-01 2.962161941991448888e+00
6.734727506108999506e-01 1.785758852416950149e-01 2.432262596358663487e+00
1.115855255016142911e+00 -2.614040863935412212e-02 2.582901219095252721e+00
1.100171991716865083e+00 1.312804195419627618e-01 2.789579268324480665e+00
1.366334108258546065e+00 8.078879628229145293e-01 3.019215288484419446e+00
1.498666736782370723e+00 -2.410911624692638200e-02 3.726612684403328934e+00
8.305684013421374967e-01 -4.345116891802788262e-01 3.326518422485479576e+00
8.355495805229815609e-01 -2.469308069245453319e-01 3.556127224095090078e+00
7.249010156708931563e-01 -1.628715890713234860e-01 2.890033759474799346e+00
1.077429329323361884e+00 -3.333428432724714896e-01 2.504356817349346009e+00
1.593724127918016320e+00 6.220446704547120120e-01 3.303223623380351359e+00
1.442239612592943088e+00 9.209313653893883567e-01 3.083971385194857362e+00
6.236123926484083979e-01 4.715042573421909244e-01 2.646517238934440908e+00
5.065391839390199769e-01 1.981408571748770053e-01 2.571657687858989405e+00
7.559616411686108650e-01 1.828216646103006382e-01 2.100427506799393385e+00
1.121745015717436234e+00 3.586240802874482436e-01 1.358461114517880652e+00
1.492572181577948021e+00 3.121855389870559216e-01 8.570331638431254451e-01
1.350567187617327525e+00 7.698607396912542367e-01 1.197935737477290763e+00
2.149373220788141303e+00 1.146019055570689504e+00 1.442038737413447125e+00
2.217759749865406249e+00 1.521361391603351265e+00 1.693573336064685408e+00
8.040414182222598294e-01 8.626178167048431655e-01 1.472493453560400845e+00
5.877194691667179116e-01 8.427994574533086425e-01 1.651690303123863668e+00
9.515533480262061694e-02 4.493274852775424599e-01 2.086470203658157274e+00
5.765720189876402113e-01 6.310224742749999116e-01 1.600532589887823987e+00
4.667370402824545517e-01 5.026856850724630288e-01 1.603792978312980066e+00
9.737251121503054385e-01 3.790977489108783849e-01 1.673965538454422086e+00
1.330115123882402495e+00 5.373039844273765908e-01 2.273856542777987766e+00
5.596388746201821363e-01 -4.930955300421384357e-02 2.543129532285855365e+00
4.421582110863969683e-01 -1.591316444898109306e-01 2.717799528564555533e+00
7.444101697754075264e-01 3.067009953811419276e-01 2.584667167424641310e+00
9.188255674377917570e-01 -1.942121177520591824e-01 2.197131380347506546e+00
1.008714788107169635e+00 2.725155468160860295e-01 1.881768745186578995e+00
1.230052674162101400e+00 6.151019414675127361e-01 1.552505332067676713e+00
1.222864684910516475e+00 8.784492815646814667e-02 1.825947966340578210e+00
1.708436800624851593e+00 2.380454407105259129e-01 2.059457460375418325e+00
1.490664789319999128e+00 2.389188879902140739e-01 2.069876015123079060e+00
1.002847605794007446e+00 5.127671418613855003e-01 2.345816278779735420e+00
1.286074473311382249e+00 1.201722631793065155e+00 1.964749879400651045e+00
1.121505402955160990e+00 7.095702991791557057e-01 1.942939114323689820e+00
1.051799940040293313e+00 6.707459744200815477e-01 2.283221997444281115e+00
1.226560026567260708e+00 5.901683111543463145e-01 2.225876203443741375e+00
1.226285656915300004e+00 6.340397290160949550e-01 1.516238436454245830e+00
1.091216567060521836e+00 2.758538992975246851e-01 9.167126752762444486e-01
9.418201649967877787e-01 3.066353151083437978e-01 1.618132755864945871e+00
1.491278073916583402e+00 7.584407332724256712e-01 1.889756935556168527e+00
1.711385855447159043e+00 8.568232264490514005e-01 2.318743657719208429e+00
1.799102186893471123e+00 1.962807349541333957e-01 2.009755296413769265e+00
1.821521705210510156e+00 8.964217696673257296e-02 2.022729668849904350e+00
1.853617081584120641e+00 2.747515561284660096e-03 1.845837506948520002e+00
1.219489227551143307e+00 2.990621234889929148e-01 2.460965860326581378e+00
1.975877039712356842e+00 6.258767193447760668e-01 2.584135094716055292e+00
1.562268352824752959e+00 1.197848021986825495e+00 3.493723991797550887e+00
2.102305136052252887e+00 8.682843270464249974e-01 3.145622321627796758e+00
1.545109970373488739e+00 4.433024799394498783e-01 3.201628889556671798e+00
1.680699754342322771e+00 8.725823926535586361e-01 2.417186721872547128e+00
1.628118923832434506e+00 8.582947959191219445e-01 2.314125995805740743e+00
1.502907296029281969e+00 7.911358504967912486e-01 2.525517295584511324e+00
7.610474987944635394e-01 9.542125707262839596e-01 1.924082393404678015e+00
9.839116515407589914e-01 1.276595748557293630e+00 2.502866524000904924e+00
1.496472298784331967e+00 5.950096250763569072e-01 2.757656706259357993e+00
1.625339279299243156e+00 9.486655821076361850e-02 2.440937955089540257e+00
7.346504933131808857e-01 3.920571202043524606e-01 2.470824277041826722e+00
3.903957523894154291e-01 3.413540470389309078e-01 3.039918669364020332e+00
1.169188961857015929e+00 -5.359681947982043726e-02 2.825606096050403693e+00
5.235795072333675471e-01 3.049461025926204494e-01 3.157700332307824542e+00
1.289601730839355476e+00 3.154762191479514311e-01 3.254478196410503177e+00
1.879396375556949383e+00 8.530992847943593693e-01 3.281890653759953924e+00
2.360329151791793478e+00 2.949885621302421046e-01 2.959938135247404123e+00
2.540961451307199415e+00 9.504343103665319203e-01 3.290216830119477631e+00
1.812105992638669782e+00 9.297420803496204700e-01 3.160660295028765443e+00
1.635729284825235608e+00 6.506497827386890087e-01 3.239350332848293323e+00
1.158892910963993161e+00 8.000577482867543555e-01 3.290767046587244948e+00
8.755470166783612118e-01 9.487625120413055724e-01 2.966686991326960676e+00
1.254143272146331034e+00 1.097062234600145070e+00 2.621929584006637004e+00
1.544466519386299419e+00 1.244092312242637499e+00 2.884012843984538055e+00
1.651686973553601723e+00 1.686666059518272975e+00 2.836071491357390784e+00
1.266737121966912794e+00 1.457416615401802007e+00 2.693392057580932253e+00
1.247175075693374380e+00 1.273923285131553174e+00 2.843447359619261761e+00
1.547430992288433282e+00 3.961716317669377041e-01 2.527555980048208806e+00
1.904918524468626417e+00 4.007643976016274645e-01 2.809516632069676501e+00
1.671657543822412384e+00 8.656034745562317667e-01 2.979248738973887978e+00
1.217359393584720895e+00 1.416979900765545919e+00 2.891803982619769897e+00
1.071059424316990638e+00 8.658167698708890692e-01 2.904325470752595173e+00
5.969431568297203228e-01 6.362267590311994070e-01 2.973233614415874193e+00
1.115573401129385411e+00 1.169265505901405655e+00 3.210063567303141685e+00
2.430784812341603984e-01 1.046812266656380164e+00 2.470307493819058564e+00
1.052275176630664388e+00 -1.267754173760102521e-01 2.783206472097425443e+00
9.087056217196363139e-01 -9.110011093211889399e-02 3.807604738755385299e+00
6.624107703836150662e-01 -5.064669321079531272e-01 3.329047610046814931e+00
4.597931841342716708e-01 -6.346270998451259970e-01 3.849141003995879107e+00
5.022157725875229239e-01 -9.318568703837375455e-01 3.681619671399340987e+00
6.981619385531687705e-01 -4.576674089814998792e-01 3.622198540383815946e+00
6.374653441260141884e-01 -8.841111028696478913e-01 3.832761972616923085e+00
1.113567452264486501e+00 -3.456077035842884948e-01 3.464143796706987466e+00
1.143101006353850035e+00 5.506471515793572857e-01 2.736379064547567630e+00
8.001771543105713480e-01 3.303478857765891619e-02 2.614979841023115981e+00
8.794282941025025613e-01 1.608770042231895403e-01 2.688860664407983325e+00
1.041038157645624018e+00 -2.773721991311613455e-01 2.569828345649146417e+00
3.956616945163478616e-01 -4.189051274009500392e-01 2.998466529299332439e+00
2.269084325777743771e-01 1.992879938047797950e-01 2.321510716224790105e+00
6.818745811123975153e-01 6.457895672960360933e-01 2.254780321193851300e+00
1.920671785322139447e-01 5.458229568295677181e-01 2.268115066526355417e+00
6.302977278991434007e-01 3.839699374243873420e-01 2.305738343302017324e+00
1.046220624424519574e+00 1.637928749332734080e-01 2.241357968594789529e+00
1.271474315552067580e+00 -6.197149863406270498e-01 2.245488083157967552e+00
1.610471093114678454e-01 -5.495684137113989731e-01 2.166407086319993347e+00
2.344627636439487184e-01 -3.491079142300926863e-01 2.993454216248556232e+00
7.185482845643894612e-01 -2.604562631685438667e-01 2.746255398552653215e+00
6.769201774994940690e-01 -9.632180555447800163e-02 2.406579415810917055e+00
4.558901322449083193e-01 9.325164637797057898e-02 1.457467789093398247e+00
3.983071361428147661e-01 1.667525917687481540e-01 1.656352956693685208e+00
3.408083963972338704e-01 -4.451994783446837078e-01 1.320125159437084195e+00
-1.372345223320268204e-01 4.254449338455121299e-02 1.461040802004310191e+00
7.977742267446935598e-01 3.717338432465390752e-01 1.117002259175293721e+00
8.280189477077715132e-01 6.303920770343458546e-01 1.210390003747969123e+00
1.020529802658225682e+00 1.267512768960656455e+00 1.209576800963970022e+00
1.202403889133437653e+00 1.084107310502357757e+00 1.175111138619640005e+00
1.567346877131182703e+00 8.891073056072464897e-01 1.801695205807638978e+00
1.820214977158915559e+00 9.923522187506846892e-01 1.689591515666646560e+00
1.872562516915160957e+00 1.571127349180130750e+00 2.137552287575995802e+00
1.448691558968969506e+00 1.117562960551825357e+00 1.542397718986812549e+00
1.264203457054003721e+00 1.665085021006889265e+00 1.492511092624114521e+00
7.401675890551645542e-01 1.231768188197680303e+00 1.349543523192796357e+00
8.269660447014028914e-01 -3.442938775824200270e-02 1.887472140474090843e+00
2.892986104480583798e-01 -3.423864979661082053e-01 1.203642376612947595e+00
3.967281781592704726e-01 -1.233155572478253775e-01 1.307592353841648070e+00
8.162183509481998334e-01 -7.701930011146844723e-01 1.627198847402875570e+00
7.789281067051375684e-01 -5.285189280103013143e-01 1.810347312830216548e+00
9.381690261091942817e-01 4.260217521274928254e-02 2.325322587302524724e+00
8.060508227888996124e-01 -7.070358880129372636e-01 2.390676106356593777e+00
3.232919478788622847e-01 -1.440897957628464177e-01 1.633905164244489061e+00
5.546843320874693672e-01 2.946782102713869089e-01 1.335004975866241006e+00
5.546843320874693672e-01 2.946782102713869089e-01 1.335004975866241006e+00
3.688653716517058534e-01 2.069730181270590386e-01 1.736207182371104274e+00
6.408313510522654077e-01 -3.363076531774227829e-01 2.448290519740739413e+00
1.119675326611741628e+00 1.749585048516728303e-01 2.526577268272357291e+00
1.365231052750440766e+00 -2.575168466820976221e-02 2.168655770513673531e+00
1.194643824918852237e+00 3.721611357220498406e-01 2.171072890056842564e+00
1.181214840372520225e+00 5.366068859889930875e-01 2.015929836490951921e+00
1.710647840325931313e+00 9.378992682892003385e-01 2.774338060562492991e+00
1.711056155613457141e+00 1.323329620167599252e+00 2.350700017892001448e+00
1.601297505772486085e+00 1.268566721055917279e+00 2.622221435165806191e+00
1.111384547522457078e+00 7.814259487580017538e-01 2.324503305752573468e+00
1.664585070619899687e+00 9.023098964516240716e-01 3.076066778590645701e+00
1.469470246231720623e+00 4.336508469944773680e-01 2.995596377927413290e+00
1.369855581832259528e+00 3.951480798842459119e-02 2.727714248446866829e+00
1.860158693319154066e+00 2.462651311733713433e-01 2.528159362571996027e+00
1.049225241518449536e+00 1.967843665964643662e-01 2.280898526520882541e+00
1.224316092642188103e+00 -2.944388357923772848e-01 2.928447604429851747e+00
3.590848880761398076e-01 -6.343804550238962836e-01 3.147263941326738923e+00
3.704891586108519652e-01 -3.348268438806405456e-01 3.113969503786874427e+00
7.872825767969742206e-01 3.147320128316783983e-01 3.132145367486493193e+00
6.167376317232998728e-01 1.260161118095077804e-01 3.433028469043554409e+00
9.888865937442040677e-01 5.697558448410772192e-05 3.485502276091208440e+00
1.304376948216958931e+00 1.640998349335342776e-01 3.599298755002741768e+00
8.293787504132794641e-01 1.197359538538430856e-01 2.979065167640862377e+00
3.329478800652705961e-01 4.453758001996896976e-01 3.075780868452463235e+00
4.401480915450409204e-01 5.372855880189469913e-02 3.286877964583863054e+00
2.591516303461794402e-01 6.180943056728428753e-03 3.395902621194997195e+00
1.052690274424795125e-01 1.171114664102226449e-01 3.215641882472786151e+00
7.798029851741623553e-01 -5.418522979492703673e-01 2.854746623845439757e+00
8.243391401915962646e-01 -6.284759795185890230e-02 3.142723435951650934e+00
3.873031588212382248e-01 -4.993616258587486589e-01 2.819119882560859214e+00
1.302755211328237017e+00 -9.692496801094795111e-02 2.666449070813658562e+00
1.557453308719829899e+00 -1.475681032710306900e-02 3.125759532884526237e+00
1.092239848214449749e+00 9.156343788815141105e-02 3.079777902452623284e+00
7.826803981264717214e-01 1.364234271481912231e-01 4.296867667064874219e+00
