1.956300471303482613e+00 5.747823502630671211e-01 4.629898660565912039e+00
1.545904538467723466e+00 3.110358902155267447e-01 4.435894745403897055e+00
9.662758098711420329e-01 7.900900736929141743e-01 3.617652215251820902e+00
9.688251098629122593e-01 3.666905321397276873e-01 3.661845248889134652e+00
9.296281110812939508e-01 -9.449816369522785753e-02 4.359524792128930848e+00
7.350851519301414561e-01 -2.308171258567670234e-02 3.407975628439041227e+00
3.972177851555944716e-01 -3.993388713640844134e-01 3.422769813278009110e+00
3.439074584182836847e-01 -3.259495868133116536e-01 2.750368614419612001e+00
5.749183946086152686e-01 -5.435782395451101978e-01 2.567337035265632394e+00
2.392417594290040250e-02 -2.553199065183197058e-01 2.523315447754045149e+00
5.808614920280497085e-01 1.677851337949986255e-01 1.761421800299968421e+00
2.397740250642794724e-01 -2.436796115325375045e-02 1.385668142523493795e+00
1.722782510412023682e-01 3.391963855452421739e-01 1.815933542534032608e+00
6.931488396065894619e-01 -6.182035143899629326e-02 2.053265794462059812e+00
6.661426720077165964e-01 2.405344575011388597e-01 2.576088283121292566e+00
6.975405919734839477e-01 -3.431983260312812534e-01 2.071395844321440194e+00
1.145241561364803040e+00 1.951637419510146576e-02 2.013115515102687603e+00
1.999153652524291003e+00 2.707904601619057217e-01 2.387726034220107874e+00
1.939078861053647795e+00 -1.172209977751085125e-01 1.742602925988191886e+00
1.688449481936722840e+00 -7.921186380093159229e-02 2.265213325428404367e+00
1.558627813681189078e+00 3.450717641352706311e-01 2.453718744943327756e+00
1.920678411759434878e+00 2.974398391066576108e-01 2.045607051987201608e+00
2.508272964778692327e+00 -5.497390239721076932e-02 2.478682964862019666e+00
2.053160688778577825e+00 2.971051968918385078e-01 3.085485221012051582e+00
2.223445778752817237e+00 1.994185192998876588e-01 3.023862454249262921e+00
2.119665068961792187e+00 2.156576908515578928e-01 2.947398163460511089e+00
2.392664458669806038e+00 2.587853128284829940e-01 2.809153722396969144e+00
2.264869899766508876e+00 8.352741284368279118e-01 2.273816105267581822e+00
1.517423388372234783e+00 6.248830429402350006e-01 2.636165214144773117e+00
1.800237579593932935e+00 -5.121112377184344755e-02 2.740038330505748299e+00
1.292888049949505680e+00 3.493875766948139616e-01 2.621613561800849368e+00
9.786094137425700445e-01 2.978810629408037980e-03 3.131263227543429117e+00
7.080042547716802748e-01 -1.645734070661762083e-01 3.444285468148700069e+00
1.065929472486163210e+00 -6.430191838083114675e-01 2.818967054119756455e+00
9.197618365082921299e-01 -7.355310639592213540e-02 2.236355933200769197e+00
5.118120028447994407e-01 -5.063080216499702413e-01 2.685999954640063248e+00
7.997110266101634668e-01 -5.130786069330861565e-01 2.692161384480029174e+00
2.082775669139488306e-01 -2.843946299950051437e-01 2.212855288466392345e+00
3.352531404499672352e-01 -5.487569506291357646e-01 1.698123857795153402e+00
2.763104623865786369e-01 -4.813330540552393511e-02 1.600873627560188028e+00
7.706024588870631631e-02 -3.115431902143402376e-01 1.611347527930717671e+00
3.909315123124001978e-02 3.126818164720472637e-02 2.233566055247925508e+00
6.225991684123921566e-01 1.596301723112940607e-01 2.840673364535591272e+00
4.399888887346924959e-01 2.441140227452727116e-02 2.822402966792773693e+00
5.462126006103075193e-01 1.322890916438262954e-01 2.821362366164733348e+00
1.121477350268773154e+00 8.417421416157236380e-02 2.931593483663999411e+00
8.069173159584387411e-01 -4.635942305989851353e-02 3.040797190138164741e+00
8.274161622309658126e-01 4.377927902010724237e-01 2.694437714037898335e+00
1.421028599314383412e+00 3.099499842952375128e-01 2.253848464945442220e+00
1.461304154547344636e+00 1.225797666726997415e+00 2.215018801935102921e+00
1.763228768114722955e+00 1.072062475160162842e+00 2.779281300425815449e+00
9.824411896028362179e-01 1.616069063038144238e+00 2.577027684555566633e+00
1.140712951911185824e+00 3.828702616860061858e-01 3.187333787764076831e+00
1.168418541243371633e+00 4.427736886795613502e-01 3.334959408934393466e+00
1.622559486768993420e+00 -1.256608561727398654e-02 3.501231333386061628e+00
8.724198107528128299e-01 -4.909270830422070298e-02 3.729125909106576486e+00
6.180894871535420609e-01 -1.047357763793759083e-01 4.006143431337900296e+00
9.186840796883268823e-01 -2.897961669905030901e-01 4.421541811930837618e+00
8.679005779647703811e-01 -4.772569614471400268e-02 4.318286755363437202e+00
1.107579742892539354e+00 -6.008623833040365597e-02 4.213513745387917453e+00
1.452649091406333248e+00 3.548230325512720662e-01 3.918326769599085768e+00
8.051567108902937253e-01 4.947117288198022989e-01 4.078379491377546628e+00
6.538123065067572570e-01 3.657076893306606125e-01 4.240932648279740924e+00
1.408874627217537423e+00 8.180928024605225168e-01 3.883652988446669507e+00
8.059999128457056017e-01 4.494775902372059595e-01 3.788240539477387703e+00
8.490011726436819117e-01 1.897307426531811281e-01 3.407306939901209475e+00
1.203335627067520841e+00 -8.983973149296295424e-02 3.700424256920014088e+00
1.188538988057369794e+00 5.974553153394170923e-01 3.216112989667235134e+00
9.189864709231890805e-01 8.946776496900912257e-01 2.765103325809121326e+00
8.366798068039672520e-01 9.463277537028087494e-01 2.518372643494868779e+00
1.278746198675707380e+00 3.983823982279288689e-02 2.205251598545457270e+00
6.100635918697308036e-01 -2.865518999068301653e-01 1.814160662196059093e+00
2.516731445543128332e-01 -4.482844039001975256e-01 2.199273991396057060e+00
2.795883304305463724e-01 6.086079830119441036e-02 2.588450231254199263e+00
8.716788413680449654e-01 -1.667370297805434443e-01 2.331038433089934969e+00
8.455556744459001850e-01 1.935120479084928846e-01 2.604723380173539660e+00
1.025927793492565021e+00 -1.930368845397500976e-01 2.449057482836123789e+00
1.438472250665576491e+00 -2.865292349715112263e-02 2.507516077543383570e+00
7.976805343423781780e-01 4.761838721821554099e-01 2.416499578884260480e+00
1.122290734996850725e+00 4.048857024568418006e-01 1.818532772823521881e+00
4.820015459468947050e-01 5.793915000973678953e-02 1.711214631335685521e+00
1.750789970544333052e-01 -3.591261445415638853e-01 2.064299966172823186e+00
5.954548116708793248e-01 4.107469468650949695e-02 3.087321074764201256e+00
6.104695508154380779e-01 -2.338371312077688891e-01 3.204585674542488771e+00
5.837888918003929506e-01 4.220474929907763739e-01 3.013053468894218323e+00
6.459305339797141166e-01 6.449203774749922013e-01 3.312424079024256063e+00
5.729846562063937165e-01 -2.439331305230648395e-01 3.480175434889200670e+00
9.944608168401963821e-01 -3.229609618022984963e-01 2.763748179271758865e+00
1.428409010068107055e+00 -6.986877944290881270e-01 2.807111569115154914e+00
9.396591740071765786e-01 -1.756860826152724375e-01 2.586881615189896344e+00
5.981422297275399425e-01 2.669336375320323640e-01 2.941743772831378667e+00
5.782000411366765569e-01 2.802508052660028226e-01 3.193506597746987641e+00
1.342292799431626937e-01 3.417647304691009413e-01 3.380411903729287015e+00
5.942025839346857241e-01 7.443509686567945094e-01 3.243445038196804298e+00
6.264818728049021956e-01 7.757061632224615533e-01 2.745617937865870495e+00
5.921941014600569098e-01 4.194672406177890056e-01 3.052511633448433237e+00
-2.002587971731381311e-01 7.253240951765661526e-01 2.803664061129086615e+00
6.889988281870511599e-01 1.980521333587190180e-01 2.666808391165452097e+00
9.976521997292168153e-01 -6.613928386909551094e-02 2.910843612178504181e+00
1.640653842924922667e+00 5.261395767972031068e-02 2.452480018226566028e+00
1.889008211252151792e+00 -2.352771877205784290e-01 2.227086180418480055e+00
1.410804971020655829e+00 1.701816829097434203e-01 2.007665000006261913e+00
1.262353137317030249e+00 -2.734714321224449018e-02 1.921404258117968444e+00
3.774808103646182800e-01 2.621395412452048879e-01 2.098238747697271034e+00
8.938481961767911210e-01 6.136519265372405441e-01 1.814931125088044217e+00
1.433281428696768334e+00 1.971568049481406404e-01 2.038700651845923861e+00
1.273610153932046796e+00 -4.598970669469104045e-01 2.145016595681931371e+00
7.953420155983315087e-01 -3.755161765898136772e-01 1.991285749261112903e+00
8.431685225986778054e-01 -2.116439867795557594e-01 2.139161494906863581e+00
6.136434101719745460e-01 -2.892026707886576342e-01 2.306543951514949953e+00
6.927102456582431289e-01 6.659376934331890929e-01 2.122485223977247148e+00
4.588966133232165734e-01 -2.566384792752420818e-01 1.705704168498610507e+00
5.098476638641805669e-01 -4.398213189942797308e-01 1.790824755595392670e+00
5.241681608324146868e-01 -5.374648793147274173e-01 1.804319179978722154e+00
4.331997167962832185e-01 -3.445152362763547194e-01 1.794234780234954973e+00
7.527365789663714724e-01 -2.088526054553454248e-01 2.059347708831331669e+00
1.672064282945006530e+00 4.567727231176041958e-01 2.850515370797314763e+00
1.182895952468481449e+00 6.990237583436005320e-01 2.982713138474939019e+00
7.481038016826562220e-01 1.404276138137193208e-01 3.009226571181636167e+00
5.748495363339509723e-01 -1.500771276768352314e-01 3.465003825979291463e+00
8.234829930983288415e-01 -3.205488963163589944e-03 4.105551004169375240e+00
8.933490567608378674e-01 -1.611043642523319330e-01 3.871225501075864717e+00
8.387496817412061212e-01 -1.457342770315234737e-01 3.796531342651287666e+00
1.259916209049167568e+00 2.365504152141884031e-01 3.132122628549510956e+00
1.328886861785700813e+00 5.564969480012764702e-01 3.090078577867663601e+00
1.008525398611759716e+00 5.584760383478841739e-01 3.049875585202072692e+00
7.767372097375396800e-01 4.364719479920456391e-01 2.799789739333724103e+00
1.103917214641504607e+00 1.823038315464017012e-01 3.112577230984973742e+00
1.143431608945940647e+00 3.494987531257601754e-01 2.847610606260590149e+00
7.924502954664839338e-01 3.817006762785396523e-01 3.160369108404691207e+00
5.635640545215289121e-01 3.553968311476958242e-01 3.149958799606157545e+00
6.100974067177862281e-01 5.773701595382869645e-01 3.312053207923019382e+00
9.906093284699624135e-01 3.457804701103509015e-01 2.816641513325798929e+00
1.226087712603994628e+00 5.071460186033737161e-01 2.945312610596358738e+00
1.412987584208318825e+00 4.621359536084487796e-01 3.442668817585589736e+00
1.863477519067446186e+00 3.005053884664636854e-01 3.177948738166812337e+00
1.608605007043445223e+00 3.247277041227206729e-01 2.993711879904767947e+00
1.353714290470616310e+00 4.878716948187200586e-01 2.544465719539398485e+00
1.667485902837294143e+00 9.415001761833627913e-01 2.435918311013266280e+00
1.645567651991554747e+00 8.059458008433669773e-01 3.124748672689900530e+00
2.272742859552060679e+00 7.729789156367710135e-01 2.897863066270377264e+00
2.125009344224537688e+00 3.615838161792109817e-01 2.439476083839731579e+00
1.375997234501926236e+00 4.365462080356598551e-01 3.181300899914259794e+00
1.540081492056751600e+00 6.192380688882405393e-02 2.873560054711312706e+00
1.374086359895246856e+00 1.218696617254140802e-01 3.298782548102631829e+00
1.360494721855108002e+00 8.875664448574704934e-02 3.042079208603377438e+00
1.096687160652869197e+00 1.719952844413655535e-01 3.762174238417605565e+00
9.111147599839160005e-01 -1.426711659582695635e-01 3.956945867604961808e+00
8.281909600770767099e-01 -6.281967854704545440e-02 3.593187173061662243e+00
6.631461022601884414e-01 -3.762642097449363510e-01 3.627260412870451312e+00
1.021014477515777008e+00 -1.149277487120828611e-01 3.762847470018561680e+00
1.081155831892016250e+00 6.928269200965282426e-01 3.404201332884073228e+00
4.684949852921541646e-01 6.497830775834602113e-01 3.074378872342744096e+00
7.736472489691026411e-01 1.174554939205107784e+00 2.971596231695292190e+00
6.989236702040907412e-01 -2.634539397467033917e-02 2.392719956921572688e+00
1.100288423791895953e+00 3.214500545256606667e-01 2.788716014761619455e+00
5.652730709988567082e-01 -2.012300692241300870e-01 2.878776401227880033e+00
4.503462167934842442e-01 3.421796114134706968e-01 1.905091544930241243e+00
4.337279913901812001e-01 5.472570605669269117e-02 2.248780275243267290e+00
6.474445316985281140e-01 9.704220874806797070e-01 2.370129240290957284e+00
7.521221452520278072e-01 9.332879017508300956e-01 2.237262936650943335e+00
8.478398411065388718e-01 5.899391865002399093e-01 2.444420928350048428e+00
7.418929166694658850e-01 4.809852826784889457e-01 2.443099947537887839e+00
2.998786632559866661e-01 -3.498364383563075108e-01 2.928697608739333269e+00
5.343866075933896287e-01 -1.091012092556283564e-01 2.412526965276319935e+00
9.119982521763986272e-01 6.193581969640895579e-01 3.409221147125203188e+00
1.214157171877476571e-02 3.197187469833304152e-02 3.040610771305796156e+00
6.356885059262322724e-01 6.012617367409701652e-01 3.173425689989723519e+00
7.818866813938961657e-01 3.973091721350290317e-01 3.140359601396899514e+00
5.685331030449468637e-01 -4.164320437167994271e-01 3.682343892250797168e+00
7.719141283270096743e-01 -5.670847946119347283e-01 3.297775934288610600e+00
7.228959794431882857e-01 -3.979962906558490721e-01 2.883440001460985780e+00
5.389751960984373591e-01 -5.809048074969552777e-02 3.084122576736369137e+00
7.636049597216304496e-01 -2.406857132321568726e-02 3.175807620409375254e+00
1.335375667523673870e-01 -4.721791089259168017e-01 2.901450537791895101e+00
4.962800937976445947e-01 3.309451914314603949e-01 2.245258399798025106e+00
4.988411097725228283e-01 7.419371799892413577e-01 2.397128325374526359e+00
5.479392743800469701e-01 9.553748683041133338e-01 2.532310672541305152e+00
5.880045802796152188e-01 1.362962000661767314e+00 2.854353150119446791e+00
3.556996000838492655e-01 7.958664729639306490e-01 2.765310745063287001e+00
7.402538351675016504e-01 1.021719890118321095e+00 2.824965548943672022e+00
1.332091650346152623e+00 3.935847011138001172e-01 2.544864113921251114e+00
1.307259953334945823e+00 6.949661618289203202e-02 2.887751966803748349e+00
1.274599340236361789e+00 3.849326714366422264e-01 2.674330413155616704e+00
4.058429699957964987e-01 9.721361579181893031e-01 3.080918982150083973e+00
6.701936527656375819e-01 6.035641441592033418e-01 3.345680545066417100e+00
5.774307902888151656e-01 5.204028357917942493e-01 3.082773544108124764e+00
1.081602494250111235e+00 3.450418437007623518e-01 3.064151845978966726e+00
1.252115095510635268e+00 -2.574193236568948495e-01 3.035078962046169782e+00
1.298505840744571982e+00 2.115702959252933335e-01 2.954228850899975889e+00
2.014901455362980709e-01 6.164060008524759882e-01 3.554779092448888012e+00
3.206222608698441334e-01 3.227948733776700441e-02 3.295223722002369904e+00
5.980710812874587834e-01 -4.237641114468403414e-01 3.186539046931740060e+00
5.928304612456449796e-01 -1.882909138439651520e-01 3.701543593078644445e+00
1.130342212767190269e+00 -1.327124027623828306e-01 3.338925176913240644e+00
8.431536584065141282e-01 -3.244969131519541694e-01 2.397433310744928825e+00
7.780658714370328743e-01 -1.464162514222892286e-01 2.940159216631572647e+00
5.474365108950468573e-01 -2.697686696317945776e-01 3.255682305986442593e+00
2.086264897058208723e-01 -5.142405029138128469e-01 3.078934644548315447e+00
7.690633172255439964e-01 -4.624610176375275050e-01 3.104558679907279295e+00
1.416949090361442565e+00 -4.857644715108920819e-01 3.079621144214178319e+00
8.299341153873587285e-01 -4.586533122544495522e-01 2.879243325672587783e+00
1.191135238263758334e+00 1.009183471596358517e-01 3.037889813485121326e+00
1.096339656647913552e+00 -2.732101838869010341e-02 3.107465666295053719e+00
7.268485799266177771e-01 -4.935376550851828803e-01 3.448190960163225682e+00
6.074306517206902178e-01 -4.630866917306618591e-01 3.684924966740728891e+00
8.666496815716696611e-01 -1.527478555365018309e-01 3.558009570764685492e+00
8.191607537407021855e-01 -3.343561552777512547e-01 3.346453980633763869e+00
2.226700422987927530e-01 -5.316294272158463008e-02 3.460786615707291958e+00
2.830628966062166407e-01 3.271357158194017067e-01 2.498392026563239110e+00
1.110301107936378040e+00 1.449357600254587153e+00 2.702807073583310071e+00
8.563554294145804269e-01 1.370481072979573556e+00 2.951877309519399528e+00
4.788262430163891525e-01 1.495782569129355810e+00 2.651407013960377146e+00
7.179563612560426744e-01 7.697746921954338184e-01 2.581426697048658792e+00
6.816712351760746413e-01 3.048692100378559977e-01 2.373704687511011269e+00
6.816712351760746413e-01 3.048692100378559977e-01 2.373704687511011269e+00
1.863453881676089274e-01 5.894004457872208391e-01 2.354805500383527761e+00
1.392303207963530021e-01 1.232894456736706307e-01 1.948560950130601599e+00
8.165519998396300050e-01 2.930665358878238869e-01 2.299889522818086895e+00
7.290982718900452797e-01 7.203025881183390267e-01 1.413342068304675569e+00
5.922538097384770772e-01 1.139445987087238099e-01 1.605085432797229039e+00
1.086638582667276198e+00 -2.498092352772461888e-01 1.920238991151398844e+00
1.181815154718250049e+00 3.650345578491083209e-01 1.858705817656063797e+00
9.640016563007229866e-01 -2.274394626960336008e-01 1.911013529586222059e+00
1.054475630026350697e+00 7.507862605364110098e-02 2.894872097336172345e+00
1.125945409576334599e+00 3.485461486415215027e-01 3.778685145932998424e+00
6.396706759845862678e-01 -1.322184558836336510e-01 3.283596477758269572e+00
1.128160161115938864e+00 3.095571160911259057e-01 3.472728780439684027e+00
1.099661064243457886e+00 9.114938941197772149e-01 3.097230223027600093e+00
1.434240962152836474e+00 6.367693060284744799e-01 3.266835606324792085e+00
1.608587216893044847e+00 3.595184008952240218e-01 3.781081949666553754e+00
1.178009348686613000e+00 5.098967808027741189e-01 3.647062160916747064e+00
1.217608817962348766e+00 9.031215267348277065e-01 4.159443287644998044e+00
1.559920633854010585e+00 4.152123424170636179e-01 4.627227009785676692e+00
7.059099821002737807e-01 8.448906205270102499e-01 4.509344677767210818e+00
1.872691342856429575e+00 8.608588550673239581e-01 4.610242589209081032e+00
2.065445628741517048e+00 1.480710061621071660e-01 4.876732881091977667e+00
2.208288416118631137e+00 1.975354917808458399e-01 4.874515594077410086e+00
2.245015047959757926e+00 -1.231961736425883358e-01 5.087876038828088809e+00
2.105345542240066425e+00 5.797759019417937365e-01 5.021634476187036178e+00
1.534988998087249534e+00 3.365616382216116143e-02 5.739032657710437135e+00
1.677565643797430228e+00 -3.690693626677886141e-01 5.542158770276920166e+00
1.544154553787962625e+00 -1.081243805672562619e-01 5.125479497457394729e+00
1.937078884334421103e+00 3.127884296582556511e-01 5.634993610263178354e+00
1.211941892441751323e+00 2.120028482073530729e-01 5.386166972391037255e+00
1.372553531656187431e+00 3.503586324590899914e-01 5.183563076293751237e+00
1.299286121169913377e+00 9.655000253740796401e-01 5.254343189405471293e+00
1.237366460954146818e+00 2.263384210988248768e-01 5.047433758184237007e+00
7.644676147837405900e-01 2.903943881360020185e-02 4.798947755992409192e+00
7.788034613700783870e-01 -1.244208755631499019e-01 4.370654542266965592e+00
8.690349587128504139e-01 4.831667760795063105e-01 4.041417120929274631e+00
4.930522303676248552e-01 3.027301930623234050e-01 3.177407508759994670e+00
1.019010972499903023e+00 4.630685289140491490e-01 3.385862129748704596e+00
1.681292195027933145e+00 7.197371847498198472e-01 3.660361553851433580e+00
7.875224929498662041e-01 7.103315490199006987e-01 3.450536686045603929e+00
6.341426885531080693e-01 1.191927173776245796e+00 3.414872676230130910e+00
1.265026291573493333e+00 9.799353619017298067e-01 3.868128173455082308e+00
7.969821038310354044e-01 5.337846359750686442e-01 3.724992707444154227e+00
3.851787277523349151e-01 7.887933922985935764e-01 3.874133457084208754e+00
2.929205234536212399e-01 9.249368102191538599e-01 3.527542347845224135e+00
4.049866647194361180e-01 3.462277639026202780e-01 3.428497272056334921e+00
2.801914272659529748e-01 9.133607105479982780e-01 3.806989822920991084e+00
1.124553829272919803e+00 1.861765488019676285e-01 3.299443500789056571e+00
7.944290876574553462e-01 7.262015666781119760e-01 3.124797119156957681e+00
1.074342400392804597e+00 6.005803568085656963e-01 3.121047518244746133e+00
9.462801579367934313e-01 3.489247606806300528e-01 3.104385676932335691e+00
8.394493754127263507e-01 3.203587366117358615e-01 3.393110390244662877e+00
6.634982665152399095e-01 -4.632355046819490729e-01 3.949292811273105830e+00
9.415291501670804974e-01 4.788059739991458730e-01 4.104667728677224403e+00
1.401231729567338435e+00 6.543827853503303427e-01 3.483133946262913394e+00
1.315262286087501176e+00 1.206728299955494021e-01 3.404323459280452102e+00
1.182691003778019168e+00 1.330579207584295376e-01 3.297152403093542183e+00
6.725200545529805840e-01 -4.347938235901268600e-01 4.019234232151795538e+00
5.591143489296286351e-01 -8.242574416923712510e-01 3.996057079054065042e+00
3.189848071971667087e-01 -4.966240637513046341e-01 4.013042932161067888e+00
9.839046102401280969e-01 -5.204040471575030469e-02 3.341378206221055081e+00
7.316204137215587266e-01 3.484188765004528898e-01 3.745743487750970324e+00
2.582378948297855414e-01 6.663095030747967495e-01 3.408693666750989060e+00
7.247357600718819237e-02 4.865902681544995168e-01 3.311392810346504678e+00
3.432926331423515331e-01 -3.885436679834110008e-01 2.954393653249489660e+00
3.614266199237156085e-01 -3.487655679436228728e-02 2.873408217344370463e+00
6.761086487835996639e-01 -7.285062641606705469e-01 2.938407488031720138e+00
6.980668587224397870e-01 -5.999824560827146658e-02 2.873732131752313457e+00
7.702574139989788460e-01 -3.201920447958168658e-01 2.528397067519463359e+00
7.101217356973136274e-01 -7.355919962240727028e-02 2.687348431290497608e+00
6.488019139049181483e-01 -4.056446390013963565e-01 2.901204718730924892e+00
8.949167056833888800e-01 -9.350077161141263915e-02 2.346510705420850940e+00
4.668907482639207407e-01 -2.750870180092216399e-01 2.017021441580035379e+00
5.198747484702279653e-01 -1.992147048030413203e-01 2.455442275799514462e+00
2.809297301852983209e-01 -1.145808550478378540e-01 2.531068498769142749e+00
6.878519931033184598e-01 -7.897056631370282798e-01 2.188366247102287776e+00
1.003528928108788021e+00 1.094046720306455500e-01 1.975568145773431983e+00
6.705318238755547666e-01 -1.320535387601017852e-01 2.117572484490421125e+00
5.783656428242563985e-01 8.133871451922911611e-01 2.155656763318119840e+00
3.259272831922232494e-01 4.181594357876736723e-01 2.179334122274353192e+00
5.917132584983429977e-01 -3.614942708309420438e-01 1.328309964129279264e+00
6.832590853945996745e-01 -5.520223023245211802e-02 1.681660218168522070e+00
1.223174987393567337e+00 2.471249479822653083e-01 1.808405190926515305e+00
1.093985839555728035e+00 4.904037052317177237e-01 1.587633700268187731e+00
1.017877522274268642e+00 9.050192374896336434e-01 2.202743488467708399e+00
5.120988980014417047e-01 5.039805230387121027e-01 2.653543524642181239e+00
7.588950252586380563e-01 5.494855866859553739e-01 3.037757999090152428e+00
7.588950252586380563e-01 5.494855866859553739e-01 3.037757999090152428e+00
3.726316046664481796e-01 9.854657379731831535e-01 2.780715336361365253e+00
6.952642511083948484e-01 7.949502420520938584e-01 2.703612640995554095e+00
9.843227039252970823e-01 7.768604693641748549e-01 3.252167876968302007e+00
9.784378599173773061e-01 5.082273724149057870e-01 2.932865764230506045e+00
1.050992607490293773e+00 2.360109104451935114e-01 2.981594122466273422e+00
7.724791696219128756e-01 6.548883062368137109e-01 1.999011867536490961e+00
1.028271516056846302e+00 4.370401430125634423e-01 2.022637746840423301e+00
1.505225078408609418e+00 4.609732427447546521e-02 2.551232606594401098e+00
1.693177782979023771e+00 1.534652654931171756e-01 2.077279860857586424e+00
9.145146360071956249e-01 7.622714578707319166e-01 1.823399095315397123e+00
7.711375198980597867e-01 1.861339214088491290e-01 2.311803610331492731e+00
3.437377337024439816e-01 -1.484137017117580504e-01 2.636691995376890141e+00
9.654348226741069627e-01 -2.754255090598040773e-02 2.321618437818821601e+00
1.122261534134592065e+00 -2.931112874266200707e-01 2.448227316665499753e+00
1.135650509349246384e+00 2.057158129057995721e-01 2.957990427386232302e+00
7.288348521627664445e-01 -6.370052720101171406e-01 3.479023092955288998e+00
8.662352328860267736e-01 -2.848751065306034391e-01 3.478769437839011935e+00
8.555417808311044370e-01 -2.253817812322107539e-01 3.542009919944307583e+00
5.201085274594333674e-01 5.429620665171569494e-01 3.621296741155542342e+00
9.657892545849647847e-01 3.667153023917860688e-01 4.097230364466902586e+00
2.829194223273414632e-01 6.373378293259449601e-01 4.528277555319996317e+00
7.761891105242120226e-01 8.417945182898554091e-01 5.322247591293770341e+00
1.187189321815484977e+00 1.493083280233304388e-01 4.974775074609838477e+00
8.533526064652038334e-01 -3.212148076787453288e-01 4.868067259846176498e+00
7.630261602744204952e-01 -2.853172149279870617e-01 4.847548906734843399e+00
4.183384686502871208e-01 -3.874069267362921232e-01 4.747718360391774972e+00
1.000102637282064721e+00 -3.139859205597724245e-01 4.025368699767385650e+00
1.027608197394030753e+00 -8.185376340475886137e-02 4.195995143504496205e+00
1.367897660772610990e+00 -8.695351409250118291e-01 4.265171380751088037e+00
8.799000368103858660e-01 -9.024851169702101661e-01 4.378795072113993214e+00
8.147271004133573857e-01 -5.604968522315165180e-02 4.023390792829643736e+00
6.976874480287015290e-01 -1.463486781274422610e-01 4.012350357781194532e+00
8.106865776306299010e-01 -9.003299238722278774e-01 2.961030944746848359e+00
1.073042003799508759e+00 -7.350226224798701580e-01 3.607811539168336079e+00
5.644843153852191486e-01 -5.720686765792093453e-01 3.757892518515704161e+00
5.968449032630432916e-01 -4.797274876388599174e-01 3.567704990517391650e+00
7.781552773007951451e-01 -4.548565854754693105e-01 3.572340914537983192e+00
5.617825848687766355e-01 -1.568766070623888731e-01 3.616670278957996754e+00
1.338116700153194838e+00 -7.579865779657306291e-02 3.499460176122145327e+00
8.556684987201219617e-01 2.313470609470858474e-01 3.445566653869975404e+00
1.121555174069806649e+00 6.404088064174902339e-02 3.518424618423446670e+00
7.025685681366125035e-01 -6.104369950075379248e-02 3.434873402562055311e+00
5.034265668981913189e-01 -2.264361628530856332e-02 3.539059768042625009e+00
6.912662438547241273e-01 9.340765711728189757e-02 3.624392306437149713e+00
1.431193276913344414e+00 1.364334435496040721e-01 4.054152012666390803e+00
1.438232495995642291e+00 4.586624688280489526e-01 3.958432197258323626e+00
1.399660860203690405e+00 5.106577297244632163e-01 3.715369520016845506e+00
1.764581300806094655e+00 -3.242419023866335293e-01 3.928318830090257840e+00
1.462811355812191128e+00 -1.875489231830709258e-01 3.615248950870646905e+00
9.076533083764740661e-01 -2.451714566856468547e-01 4.165180341616157911e+00
1.268965616648489947e+00 -1.562705416812231185e-01 3.746608593655616382e+00
1.314468020210261878e+00 1.132926550715593061e-01 3.838268834434642951e+00
1.440984894093418900e+00 8.063011791163932074e-01 3.686833869570026678e+00
1.720104002941146959e+00 4.622510467877695706e-01 3.559788666948111135e+00
1.441614158627554820e+00 6.702629643167448137e-01 2.847096602673378829e+00
1.499441062743945619e+00 4.961796193991122594e-01 2.123786315991810447e+00
1.228084684840438756e+00 6.912248200219036631e-01 2.176790404739960216e+00
9.280416647114698714e-01 7.360726741274925544e-01 2.289668627821923153e+00
1.423426480373331193e+00 8.672297758344548191e-01 2.387632621462619120e+00
1.010022640066082111e+00 7.915491302944208662e-01 2.771601812760545958e+00
1.677102198230686625e+00 9.543920836635579885e-01 2.937353086171517358e+00
1.676242195659303214e+00 1.463840150637589987e+00 2.654964309600540417e+00
1.521032579066771140e+00 1.638174332366982178e+00 1.997542224538439992e+00
1.613932416998705932e+00 9.626033181900347513e-01 2.330451707069486122e+00
1.917793741327749268e+00 7.374681081089619061e-01 2.150545730706204584e+00
1.885132726807766002e+00 6.622566096002859837e-01 2.607946356304570834e+00
2.035918623404918470e+00 1.684012511182118033e-01 2.339910903732459246e+00
2.323317102883701413e+00 9.004238034618858855e-01 2.709690883247060089e+00
2.109946293912504878e+00 1.219368459594298015e-01 2.113122073047824845e+00
1.953381025433067020e+00 4.705160344209733947e-01 2.543646683910385065e+00
1.995676831006475416e+00 8.489246640298266922e-01 3.214414755391532985e+00
1.311799440805318184e+00 3.192316309367007610e-01 3.658799695890292636e+00
1.669382287250127161e+00 4.543150704802644269e-01 3.725585476662618412e+00
1.647878405648712130e+00 9.090124177696146113e-02 3.915826786660327574e+00
1.518924228761164841e+00 2.254038839076716316e-01 3.782447538486469529e+00
1.760152545227680498e+00 -1.373567593659361652e-01 3.941932208861954834e+00
1.346285242581156005e+00 3.467220364203024152e-01 3.442163519633907320e+00
1.436413560851663274e+00 9.617207473233603254e-01 3.394120396659280559e+00
1.203374341464142461e+00 7.069760633813898520e-01 2.820470304988020871e+00
1.174583668032774364e+00 7.159872751528241208e-01 2.854078000482477506e+00
1.128148961972279984e+00 1.033832975317031222e+00 3.041459499631512742e+00
1.123699828311285120e+00 1.354272417322864408e+00 3.162280940724239375e+00
1.512661745180601702e+00 1.130084290766034005e+00 4.025973094882776770e+00
2.366245846727542901e+00 1.355569206796840342e+00 3.998986611113031220e+00
2.508978053843050393e+00 5.479118922172118156e-01 3.857493398988578903e+00
2.436594404357323107e+00 1.074748198591245485e+00 3.765110576771002915e+00
2.284720835133644545e+00 7.280855640854480004e-01 3.749943830027897107e+00
1.906741126306604084e+00 2.962620293747888489e-01 4.010244244440786865e+00
1.184282767000454539e+00 2.838193658285664833e-04 3.433997059779146266e+00
1.008138570341127194e+00 4.723633207958459201e-01 3.056890409397241104e+00
8.873980620062212887e-01 6.996186529568206858e-01 2.913372365816393472e+00
1.100813986257027866e+00 1.185392371497946407e+00 2.433212177603260695e+00
1.268939158590142613e+00 1.009862151587107348e+00 2.702246257141381225e+00
1.749873508224941476e+00 2.541660363393772881e-01 2.551113320831026599e+00
1.739288696496182896e+00 -7.769322768437972315e-02 2.713614751662426716e+00
1.527003368905367031e+00 7.583773649339342615e-02 2.727103674974096670e+00
9.875455487455375714e-01 2.600206023465332361e-01 2.685549082661146780e+00
2.013513457910889315e+00 -5.149109813281743664e-02 2.893727302965485304e+00
1.606582493610940077e+00 3.781604764079788961e-01 2.784538768126732400e+00
2.148848069839527142e+00 5.469063087789240996e-01 3.568412190639417059e+00
1.603852362867778103e+00 9.434011250385999636e-01 3.182294657315084319e+00
1.700894450029795335e+00 1.001499377418566539e+00 2.562622947141793173e+00
1.383135495217224342e+00 7.905156266877123583e-01 2.900341202269057117e+00
1.742311260007728624e+00 1.274660708068441339e+00 2.832565694812858137e+00
1.634111609374771401e+00 1.470657030917417840e+00 3.248791243681503182e+00
1.131895266837569691e+00 1.282957807987735954e+00 3.432059477720978080e+00
1.471399496953321284e+00 1.102870636420027806e+00 3.206681757505432273e+00
2.155599093855210313e+00 1.001515251040085541e+00 3.418800488855713304e+00
1.480323455673976829e+00 7.296891284791671151e-01 3.698757021920994870e+00
1.928813582851141684e+00 1.091889591401867809e+00 3.307126426528126828e+00
1.729381288336254263e+00 8.531824150602113077e-01 3.788796679908810638e+00
1.215171410455043954e+00 -9.804280216134561576e-02 3.449449755722636457e+00
1.528223999822491574e+00 1.917649459482372587e-01 3.554661996351490050e+00
1.734695133467170525e+00 2.594962921299019398e-01 4.294711525340354719e+00
1.636667458084259286e+00 -4.928624462691431063e-01 4.121723468820604808e+00
1.853711792852188012e+00 -6.444584172342912032e-01 3.630832173681020514e+00
1.520999932113276998e+00 -4.850335097893478387e-01 3.690941404345276400e+00
1.560031577778826728e+00 -5.198514518041745802e-01 3.479643698046297029e+00
1.110577253960535193e+00 -1.901063336253726310e-01 3.599886944970148495e+00
1.232384120089262902e+00 2.733338951563656083e-03 3.173781547050064322e+00
7.847480915177300620e-01 7.157768387640409125e-02 3.499250340107242341e+00
9.989199394181528247e-01 2.737470190582770857e-01 4.145590571531598378e+00
1.241243142405836775e+00 3.031698201040396445e-01 4.024537051645609154e+00
1.061547635603778295e+00 8.242442291427302115e-01 4.133348225767804252e+00
1.626776266459160292e+00 5.473067159049380681e-01 4.745655423789209237e+00
2.109073684947487148e+00 1.198465017942192734e+00 4.966408847296952089e+00
1.472382661828629535e+00 1.008262179301195438e+00 5.237505622578529696e+00
2.179328602755172373e+00 8.922045432904153195e-01 5.010696289640704570e+00
2.339907156595223636e+00 4.383652382074406662e-01 4.466605061664724374e+00
2.565385951249354424e+00 7.071923605597911777e-01 3.709718416152143927e+00
2.874091375245001689e+00 9.684145547482770899e-01 4.806812476851159310e+00
2.867133899979570799e+00 4.384274102022698294e-01 4.420710245381637371e+00
1.916460597228996532e+00 7.603315208240342127e-01 4.060302047681702220e+00
1.721210152028187945e+00 6.546339106313003864e-02 3.695349377571880645e+00
1.581634942475770966e+00 -4.239640360914868206e-02 4.542670968582912749e+00
1.922065065184253019e+00 5.521139294673244047e-01 4.901941241749770306e+00
1.549953895944561344e+00 3.399262587588829931e-01 4.392470957951030819e+00
1.572144841136232429e+00 -6.361607849611385923e-01 4.385766974297617082e+00
9.512079662892880538e-01 -2.748128539944993953e-01 3.412450648758530658e+00
9.944736503404978389e-01 -1.575707650697096840e-01 3.602503509345100774e+00
1.191628912210159763e+00 -3.307095425843907255e-01 3.872088307203001900e+00
1.067319756078270787e+00 2.598167373473807551e-01 3.887482918698007328e+00
4.558029222626080457e-01 1.819725474835724999e-01 3.888334552769906693e+00
1.307807504378069918e+00 -3.531263990447805479e-01 3.477421252640204852e+00
7.908461775675699190e-01 -3.147956068266950513e-01 3.149468779450623312e+00
7.579732204469717960e-01 -6.785929663999891170e-01 2.580617541378589674e+00
1.033685872092107383e+00 -5.802721417495165790e-01 2.654990454576336756e+00
2.862246951768478986e-01 -3.540716698790711270e-01 2.825217333253810637e+00
3.836512156813771668e-01 3.311429386663872210e-03 2.963855575300215150e+00
3.446023587077575168e-01 -1.354724608758673676e-01 2.443073938398298672e+00
7.786715567386830461e-01 -3.624949207360458892e-01 2.732190758641846351e+00
2.689148114291843306e-01 1.048638348968921746e-01 2.011581858623138430e+00
2.472700057237949278e-01 6.919919655275906523e-02 2.874562755266117708e+00
3.737866656880546867e-01 2.436664824648382133e-01 3.153842659779700242e+00
4.853980157370719195e-01 1.803755552396858197e-01 3.849187108879580599e+00
2.625480166488398104e-01 2.738963580366348127e-01 3.299925300866027200e+00
5.175404854796859799e-02 -2.399434279906749179e-01 3.500106212636869163e+00
4.063815357120604821e-01 -6.058357305243892293e-02 3.746018923697989944e+00
6.958683275941310864e-01 -4.136830676571119636e-02 4.190960152007153994e+00
5.678259956311931811e-01 -2.282085954243121551e-01 3.566116757237086876e+00
7.729287662271272508e-01 2.301283581777661125e-01 3.567387055558238984e+00
2.586455635274836906e-02 1.285287930712027682e-01 3.496784068129494383e+00
3.357472402746094486e-01 2.351917194996729077e-01 3.049687436439747490e+00
6.594134306833390191e-01 -6.229332739960694032e-02 3.522574531697891143e+00
1.015857730225359967e+00 6.370600845072030838e-01 3.468132850343867535e+00
1.053433622853792384e+00 3.549033411790596393e-01 4.099211729541574201e+00
1.053433622853792384e+00 3.549033411790596393e-01 4.099211729541574201e+00
1.840758968492686165e-01 4.165321594249331016e-01 4.504514683807122388e+00
9.683752784810222280e-01 6.763639629422243393e-01 4.000711373386434566e+00
8.074124777258815389e-01 3.957386603230244604e-01 3.515404016343087523e+00
7.463375341537386021e-01 6.526287796412991726e-01 3.712106324112923517e+00
1.047904647790131705e+00 9.719315803342614135e-01 3.356862128937130763e+00
1.688165115398577720e+00 1.362295463989207367e-01 3.350020564171403148e+00
1.692742795450302484e+00 2.936474950042829435e-01 3.123987082857568875e+00
8.097904647668187073e-01 1.687416404163681605e-01 2.991127547167728551e+00
1.269235245144437529e+00 -2.296480096307386143e-01 2.835787274180353812e+00
2.888166599929197220e-01 -1.604321560477457997e-01 2.979588534844780146e+00
2.877663938867616733e-01 -4.675817422188280337e-01 3.658506508538664104e+00
6.494793321248919504e-01 -3.063817861709929036e-02 3.344413054317020073e+00
7.733706845718449907e-01 -1.019914583602716668e-01 3.339592543636634048e+00
9.465413766625501157e-01 -2.791047599016049929e-01 2.965728284831062656e+00
8.435778171748572474e-01 -4.453635883615696400e-01 2.668675955637578756e+00
3.787185844247425437e-01 -8.457530227119636201e-02 3.002849031174720906e+00
6.133776910554501471e-01 -6.589175572099417177e-01 1.988737984703723205e+00
4.602901843439382579e-01 -7.721510033374977544e-01 1.211488005649521416e+00
-1.014445727674369718e-01 -6.315078778916221047e-01 1.018263275038986837e+00
5.462664050107706171e-01 3.190916299504197862e-01 2.048449520043870375e+00
6.169553603255457652e-01 9.425184278358496037e-01 1.641402558253207911e+00
7.831344490866586350e-01 1.808422594131733618e-01 1.607265345596106343e+00
1.184750535368007007e+00 -6.127928083825695538e-02 1.879059292649768009e+00
1.453512962794509589e+00 -4.363995343462120924e-02 1.390538311995286991e+00
8.434927331069723699e-01 2.735141939317518034e-01 1.799292358424830818e+00
1.225530661230015195e+00 -2.048613293249429701e-01 1.860130518383870335e+00
1.632920762847253071e+00 3.409456332385929489e-02 1.485652638200695819e+00
1.518646075774163107e+00 3.974888367774253028e-01 1.235007561218109728e+00
5.181257852711667056e-01 4.874361370682166184e-02 1.584091187502291831e+00
6.756098639565600861e-01 -5.773634490943969910e-02 2.569408049975032249e+00
8.421021083386672768e-01 4.363345961198611400e-01 2.733534428105253156e+00
6.518279266507439607e-01 3.014786988676146917e-01 2.519323319571792563e+00
9.941221603349391644e-01 -1.967014652857331652e-02 2.724678852968463794e+00
6.124583702686988707e-01 -3.987179631417994141e-01 3.178558904843549193e+00
7.942903629056601300e-01 -1.841574204248089264e-03 3.298951790259050831e+00
6.422993179007090436e-01 1.093184982621243501e-01 3.159561476951394443e+00
9.784979130103750311e-01 1.562900442309497206e-01 3.251646424534379687e+00
1.114234271911471508e+00 3.203603616780770769e-01 3.424904205614424768e+00
6.931996688566196552e-01 3.632339223924094251e-01 3.676154342392468966e+00
1.031061148776777125e+00 6.586210836107454503e-01 3.303321240822222116e+00
1.046330476055139513e+00 8.715894914685178296e-01 3.232729725198277393e+00
8.046247239279642471e-01 5.275735695264027747e-01 3.129659405898029156e+00
1.027389315310323292e+00 4.200444823157117868e-02 3.061631606182979581e+00
6.650700379199728784e-01 -3.933690559336165682e-02 2.800122693446106759e+00
1.185054073174090394e+00 1.376161727055638384e-01 3.262684583421198159e+00
1.409059854595815731e+00 2.895918209167786528e-01 2.817793723865669175e+00
9.900330521304083753e-01 6.446997200534768657e-01 2.277511811782029216e+00
5.018730269197028138e-01 3.429051095976648478e-01 1.872461446505536697e+00
2.464894870843950814e-01 4.411593374949090984e-01 1.505186012922133498e+00
4.207706051435047279e-01 4.401100420655171819e-01 1.784377697304235344e+00
5.649078306118878734e-01 7.707523533137905503e-01 1.462649634596167703e+00
6.444665814658255831e-01 9.078565140094643215e-01 1.817612645874908228e+00
7.497226725462984298e-01 1.044021057203514902e+00 2.124900821442578192e+00
9.394879731416334590e-01 1.226386799223199153e+00 1.703708585984733848e+00
7.970728062837277861e-01 1.368223944459145303e+00 8.850835973830726289e-01
1.043702224363892261e+00 6.342615455634510457e-01 2.017367287277970878e+00
1.021901144724175481e+00 5.260882249712481862e-01 1.772695958380653192e+00
1.165297520745360860e+00 6.664832744089698169e-01 1.649393364065198542e+00
1.087726411060220055e+00 6.642383370306393919e-01 2.857238345344871977e+00
8.036157613826724333e-01 1.154924177204544211e+00 3.231291645379394950e+00
1.746839742995147660e+00 8.654576383129830575e-01 2.715268834494571237e+00
1.821011090664806931e+00 9.866157640294835884e-01 2.979530846006454681e+00
1.322923628014007758e+00 6.304778683712348730e-01 3.740044583321372240e+00
1.132666866557521912e+00 6.377212624561000576e-01 3.992993598980973502e+00
1.152616693640837520e+00 8.431920528193276310e-01 4.095644140556641055e+00
7.364724787366040415e-01 -5.722611708039310185e-03 4.566459974313884729e+00
6.500480204729101041e-01 2.408600844909414285e-01 4.358814013633703688e+00
1.596182069645225576e+00 2.791910422045919549e-01 4.455362420227459985e+00
1.427990945878985452e+00 -4.234229414123401314e-02 4.448251596888218806e+00
9.685409284067093560e-01 6.606661881044603724e-02 4.461174344838070738e+00
7.073433058148312913e-01 1.547293025608655337e-01 4.102962470514645688e+00
1.563083194247776309e-01 4.036939362739083714e-01 4.401662820550103383e+00
9.004952923953678523e-01 5.659964958603817820e-02 3.872883938567290407e+00
5.611777837572256011e-01 -3.942342745311541163e-01 3.861870903022727841e+00
7.784806154674671630e-01 1.346297498061093667e-01 3.642073161929510139e+00
1.677115108071865757e-01 -1.769571337642649733e-01 3.308618837563120252e+00
6.852196661008740364e-01 5.715781887440016806e-01 3.410697243057347006e+00
8.222461047677220858e-01 2.875847645790285956e-02 3.221213597588959754e+00
5.756779762872185069e-01 -1.361430696676407537e-01 3.307878707658735262e+00
7.085066137479115733e-01 -3.282627695572352261e-02 3.526929366650017883e+00
5.080459811256948788e-01 -5.388990213586112299e-01 2.752123717610510223e+00
7.641467136937176718e-01 -7.064324208013444961e-01 2.262282178445938374e+00
1.147018353779852617e+00 5.635693136492861410e-02 2.714720496295499164e+00
1.060352048903638211e+00 -9.998293245711306620e-02 2.764921625482918088e+00
7.501771248144086801e-01 2.440636381426287138e-01 2.580683733339886654e+00
8.419818322825213253e-01 1.837886713713366704e-01 2.813678879026528357e+00
5.563418961198293156e-01 2.195772319797169858e-01 3.003075478428899547e+00
6.796079576665340349e-01 2.984176500507961238e-01 3.156916719488475742e+00
3.847250417449299409e-01 3.072041766863083390e-01 3.058929222091724576e+00
1.007632943500477163e+00 5.712209109971226884e-01 2.811550853801018324e+00
6.481818359472386604e-01 8.740310483103039818e-01 3.144493540118797448e+00
8.575926185462051654e-01 4.185923716287776042e-01 3.397301979167456576e+00
5.219091632112147217e-01 2.144477443032326291e-01 3.436104428717695836e+00
4.682683341548068423e-01 4.632542349108082630e-02 2.948065459999596793e+00
8.413063460323135789e-01 1.092787632559209104e-01 2.336494046461585317e+00
8.178010162866518051e-01 -9.038465087798763786e-02 2.497497381951861328e+00
3.934659286382203858e-01 1.369067411157889880e-01 2.538760295289698377e+00
8.728067736583373648e-01 2.844570870699588139e-01 2.398980299354622314e+00
6.732993959338510193e-01 1.732260529469654975e-01 2.265575038050111178e+00
7.063444746986907719e-01 -4.381330131887652829e-02 2.678364102955110848e+00
1.177706792946052961e+00 -3.743020081574289781e-01 2.346068775349589242e+00
1.003612035618859144e+00 6.396652772751271199e-02 2.659544440054720571e+00
1.066589326193910559e+00 -7.408483475110685945e-02 2.061134668033588913e+00
1.023879323305648459e+00 -1.564799886575317101e-01 2.126998611834820974e+00
2.159905907719176510e-01 -1.312242767302308211e-01 2.338806858412625811e+00
5.164778065429557197e-01 7.317613286231522407e-02 2.266565710126679623e+00
5.702366581535822654e-01 5.704502343834327860e-01 3.007401711861715121e+00
4.551143715163687431e-01 6.225066604178300933e-01 2.475163070469476700e+00
7.776257797597797561e-01 1.881697580152357774e-01 2.761067035153997207e+00
1.273793027410252243e+00 2.034776234008375817e-01 2.814398654116721854e+00
1.665469437361581040e+00 7.222909489531910143e-01 3.233347522433935861e+00
1.457158799303448937e+00 7.451768618347012207e-01 4.003776474294342691e+00
7.258513149656262708e-01 1.919297985988014377e-01 4.888826352535082798e+00
1.217818231110548988e+00 4.558981351616955280e-01 5.074197234106748056e+00
9.112594944140097741e-01 2.078696235422944072e-01 4.453157166461189753e+00
1.421024884471988603e+00 3.339843269176833163e-01 4.769166813924592851e+00
1.205601460864942576e+00 -1.178521128353618996e-01 4.700077918464665494e+00
4.542477642121526271e-01 -3.597755737809156251e-01 4.984955439218900608e+00
4.094939866722440147e-01 -4.494999266042877806e-01 4.296326042386698241e+00
5.134347846686690975e-01 -8.893572878550876082e-02 3.910601828101408550e+00
6.740841157146869600e-01 1.841501013884163651e-01 2.768608053562100046e+00
8.453664858201002108e-01 -8.030803126323565744e-02 3.387059854288827054e+00
6.370050339420948449e-01 -6.496224249557810415e-01 3.332972524315334084e+00
3.720160771518322140e-01 -1.031144232786697368e-01 3.082308946471550737e+00
8.375364275274619352e-01 4.258792280510153572e-01 3.156543898172885942e+00
7.951398780858632831e-01 5.124094844627473666e-01 3.612954911494760779e+00
8.363736471392919647e-01 -4.624919157909639367e-01 4.234137949649601218e+00
7.112681280531968353e-01 2.862536295763564720e-01 3.531275210800291831e+00
7.446483275164860194e-01 -1.258632445132971123e-01 3.588429500702258856e+00
9.848574840436730149e-01 -1.126315211774070457e-02 3.347649914193968623e+00
6.460669784472202748e-01 -2.639261223767041531e-01 3.425134401090108138e+00
4.360290004653440410e-01 3.423732590359447325e-01 2.989574819208840495e+00
7.966837191256456174e-01 -2.065812861127109268e-01 3.497378711270659135e+00
1.222423864895818779e+00 4.549428322608357611e-01 3.664646087646105332e+00
9.802708365393684176e-01 2.569439367145729958e-01 3.857511634078327312e+00
6.589185780471159548e-01 1.033121182797140380e-01 3.424963036452832732e+00
5.143507350040347204e-01 5.096602830036360832e-01 3.652305568665765723e+00
8.742152199224505482e-01 6.452439486787115985e-01 3.689924210634164758e+00
6.215721612203261026e-01 7.419705436039625290e-01 3.766328717696891371e+00
6.674696571227290987e-01 1.177059748495931979e+00 3.618684754159572581e+00
7.070642798907862403e-01 7.999759577922415099e-01 3.379846507878196515e+00
1.258432412195189531e+00 8.351838053448128463e-01 3.628168937671698124e+00
8.203451363974175736e-01 7.861293894207012078e-01 4.154755057732553603e+00
3.358527394380509956e-01 3.724257413410502204e-01 4.376238717907543929e+00
1.041404886800120000e+00 2.221864444968983110e-01 4.429451326521154364e+00
5.890693665533013323e-01 3.750437836078960308e-01 3.725749604920328917e+00
7.033993952362347368e-01 9.370331819299385634e-01 3.580507653677591495e+00
9.299400781321197629e-01 9.646029088893569581e-01 3.899845350026811541e+00
4.648150471552783825e-01 9.410892885376433981e-01 4.097347080778953377e+00
7.653879395131415464e-01 7.475035101647826696e-01 4.684205221385974838e+00
1.337535266906470177e+00 5.698250361329917357e-01 4.046271905726378293e+00
1.179652247465079240e+00 8.269766567112944999e-01 4.000966414875487764e+00
1.108609276034531188e+00 3.180302448731315845e-01 3.913660526153097230e+00
7.529444101914966048e-01 -4.634671164391324094e-01 3.893875209605275334e+00
9.477843024592355059e-01 -3.155477095959507983e-01 4.069613729564711235e+00
1.368177162676431191e+00 -1.066065258197924082e-01 4.100483001993049825e+00
1.110137315904292876e+00 5.180980097435580051e-02 4.623939920448567165e+00
6.005873512373972600e-01 2.802202070056977190e-01 4.502198732584321128e+00
6.988596780162660282e-01 -7.528194011573027811e-02 4.150448682299024306e+00
6.362663938015085119e-01 -6.761645774930048480e-01 4.205592163588464771e+00
1.237408593632735032e+00 -9.069324634741574576e-01 4.475761045702806307e+00
1.192649455175476714e+00 -3.341148421619710152e-01 3.990936234072259392e+00
1.738569700338314261e+00 -6.268774410825724008e-02 4.080091044310385051e+00
2.070381732957959908e+00 2.583674821462531579e-01 3.313762135942476039e+00
2.104167303884151519e+00 3.414596743847764793e-01 2.931776176293166447e+00
1.713766398267999147e+00 4.023513962498198593e-01 3.002888353597924720e+00
1.648957193436592972e+00 8.036689036009561082e-01 2.694015812249046071e+00
1.089391333756559277e+00 1.903238911928470667e-01 2.993112390653456689e+00
1.254987702096878488e+00 -3.943165814351676235e-01 3.106260297748008270e+00
1.043912642525292922e+00 -5.089591205631083248e-01 3.091526577041918689e+00
1.144485960252941803e+00 2.009327879560152130e-01 3.892814319728794548e+00
1.099889381716844694e+00 -6.339341960147044652e-01 3.772196018414061047e+00
1.537061866429042967e+00 -8.780938777156813702e-01 4.115580727883608958e+00
1.188726660869521723e+00 -8.139020410232526981e-01 3.974208042174933730e+00
1.183919974149881149e+00 -2.970811041804436448e-01 4.040869298048622937e+00
1.817265248281794587e+00 -1.029890066701210916e-01 3.997798893803496512e+00
1.565098981882792062e+00 -4.895360913269442005e-01 4.406018544795663239e+00
1.237932857585639201e+00 4.716713871321370766e-02 4.593440989110880501e+00
1.266220273262222307e+00 1.836400085636795687e-01 4.309734277456954032e+00
1.243709019922659920e+00 3.441032604572353826e-01 5.060691152607753374e+00
1.180562257159430306e+00 2.155509010538887160e-01 5.552955112254190695e+00
9.662867859079280475e-01 -4.922069294191130234e-02 5.790145607097937130e+00
3.053041521764744415e-01 -2.129995872371583665e-01 6.213068510215517648e+00
1.968276122467119138e-01 5.282725897509087387e-01 6.005958583279031870e+00
2.804283031521690450e-01 4.245404802520246768e-01 6.319753273398578841e+00
4.480194668902809929e-01 8.460366772759720932e-01 6.317050945947589646e+00
1.091461554439196568e+00 2.008165348811188633e-01 6.110486063613981500e+00
9.381818637929573157e-01 -1.790078013341517560e-01 6.693626512127417882e+00
7.855302757579671891e-01 -1.148244626563117432e-01 6.585280160741697308e+00
4.660562832051952653e-01 -1.020675233015778949e-01 6.251788734110700574e+00
5.629346775620359677e-01 -5.086631030557071664e-01 5.619941323141769196e+00
9.057116549521267990e-01 -5.642217038828144238e-02 5.655932928410094540e+00
1.516474887185424558e+00 -2.861464781877385288e-01 5.720753249573568233e+00
1.216314601272864060e+00 -3.611396686246393650e-01 6.057635281295397078e+00
1.153268994303670913e+00 -7.075225513446467551e-02 6.281483729325682219e+00
5.085004859746404815e-01 -3.309606163468463147e-01 6.667910687528678437e+00
8.849400891163983207e-01 -3.012888040013581015e-01 6.486482580815147614e+00
4.685606465154803502e-01 -3.934908280098234346e-02 5.925637666595468644e+00
8.381342432284059896e-02 1.589749492719311208e-01 6.245706466447351168e+00
7.189487090679502757e-01 -4.913297776673819506e-01 5.744396511222101154e+00
8.432561534704086093e-01 1.577348120339293336e-02 6.069582088099061856e+00
1.109462468792353995e+00 1.323889525042759030e-01 5.404046495578517018e+00
1.432110623973569252e+00 3.070153054116978586e-01 6.055009287036894783e+00
1.016091652860777295e+00 7.930626921888611625e-01 5.912090611047683630e+00
7.804347694518229961e-01 1.231658053376023965e+00 6.614573679667632433e+00
1.276891843907369539e+00 1.577603064303449321e+00 6.449709702438878978e+00
1.286729914678693909e+00 1.352840380955331101e+00 6.933872343364462232e+00
9.354176929306601274e-01 1.241255554254743876e+00 7.098228692675820461e+00
1.748003542667398547e+00 1.167231796935786159e+00 7.011990602375794523e+00
1.497888069318467297e+00 9.211444728650729497e-01 6.812275664361259864e+00
1.531244963191630282e+00 6.095376396783735995e-01 6.491370667109894299e+00
1.467766839451261296e+00 -1.309551700265247365e-01 6.547593738062646551e+00
1.575605496608219136e+00 4.999120603354827164e-03 6.220250624823134622e+00
1.212214880468373668e+00 3.076593992498668703e-02 6.074362631987463068e+00
1.477862155158836677e+00 7.802306954827364915e-01 5.854863864261303341e+00
1.459606162172896848e+00 8.072981786996423770e-01 5.854269194747353744e+00
8.521749227520322156e-01 1.245955306903964388e+00 5.532786833815499961e+00
9.717412164300365252e-01 1.085436406962208444e+00 5.887676987951198093e+00
1.290121752617764628e+00 6.340323067548621072e-01 5.609926241605806219e+00
1.192661647895491228e+00 7.057058756947309774e-01 6.039431994630369616e+00
1.009502254094124973e+00 5.470444028938120651e-01 5.366433512588295152e+00
8.726014617380579708e-01 6.560771164146557144e-01 5.548938535889558210e+00
1.116572812406256388e+00 -9.471966189868830099e-02 5.273208013172440367e+00
1.193229688145799106e+00 -1.508601181041014649e-01 5.722890409175779958e+00
7.484555396970565821e-01 -5.368480088377869386e-03 5.567645462137554624e+00
1.020321526910096921e+00 5.602469650095806553e-02 5.346040315716594549e+00
1.054037034067352385e+00 1.692747862177261808e-01 5.373833103233912389e+00
9.217503244651142902e-01 5.222905107744038045e-01 6.095032378866966916e+00
1.357629610188665348e+00 8.471959141352141121e-01 6.249136992314110017e+00
1.224698576861791954e+00 1.088608346439314811e+00 6.236186815843662856e+00
7.450987141429237237e-01 8.290122786484989126e-01 5.617759157741166298e+00
1.107535633217951787e+00 4.578638247948467743e-01 5.294840530157512326e+00
1.081334236132960092e+00 5.020041047953426316e-01 5.082336554903510439e+00
1.189353612189862686e+00 2.439541127378334895e-01 4.639340590978227041e+00
8.298191942509683949e-01 3.147353712174036922e-01 4.591718576429104637e+00
1.499740436142848132e+00 9.470457403809626196e-02 4.269377376089067866e+00
1.295657545058697346e+00 -3.773527785601600848e-01 4.583183929223961783e+00
5.904523113286230807e-01 -2.470540324673010657e-01 4.361874128574763532e+00
6.248774861919205170e-01 1.983824061115245507e-01 4.018008863366811845e+00
6.614079244964085058e-01 3.302059827106073042e-01 3.821254730588820703e+00
8.894068720832306596e-01 2.857543964184766638e-01 3.374791338568107424e+00
4.590051956757038587e-01 2.189209934139010882e-01 3.371925000774722125e+00
1.099258944138568506e+00 -1.397187994437730230e-01 3.155879472420646703e+00
1.390868161317251994e+00 8.553801519180434521e-02 2.907090806926675430e+00
5.191579284225545932e-01 1.017047293171638028e-01 2.571429651948428319e+00
5.745479113033926666e-01 1.478175983700784901e-01 2.303804441005167014e+00
5.794350912314201185e-01 6.395030923466567263e-02 2.536991013103487624e+00
7.471876720967850494e-01 4.946533741412980634e-01 2.350990495696706706e+00
6.235522955544332557e-01 2.752814331712443163e-01 3.155086979298766359e+00
4.313896750328979346e-01 5.579925856331485745e-01 2.566130167164495823e+00
5.613573545156489430e-01 3.712358021169032130e-01 2.480933381453425124e+00
6.784577065893556691e-01 4.790718813960037625e-01 2.432367501423995382e+00
7.470739719338234108e-01 7.497706194384768930e-01 2.263787695570012470e+00
7.539614794846182244e-01 9.040723527713169227e-01 2.468231044828906207e+00
8.307379617962981078e-01 2.677263868283143999e-01 2.472324941658885944e+00
5.254551175592203638e-01 -9.450722062735879281e-02 2.876511748370752297e+00
5.394581594715440465e-02 -6.615280846566391482e-01 2.490614175335676084e+00
3.970302966569993486e-01 -4.666006516920051528e-02 2.580889413075649230e+00
4.719977173648281510e-01 9.155624158473224528e-02 2.334823189397551957e+00
4.907719169373491175e-01 -5.693302208574403667e-02 2.323789616785418843e+00
4.528161128021646054e-01 -7.097205308881827934e-02 2.339923074123553270e+00
4.099024737887193570e-01 -4.978188832977903377e-01 1.998284301307967858e+00
4.099024737887193570e-01 -4.978188832977903377e-01 1.998284301307967858e+00
6.211221048350956675e-01 2.965743363876720551e-01 2.271222922052094528e+00
1.044020584036033927e+00 8.087924122593057041e-04 2.170483146713109157e+00
1.008020761665714637e+00 3.274806727688258645e-01 2.091958382543292583e+00
7.362302298774788811e-01 6.809098310222686523e-01 2.298808715247456114e+00
1.732187502334098517e-01 8.795599981775589216e-01 2.125050719693559742e+00
6.606604285152184453e-01 4.144444504881311664e-01 1.827711463188542051e+00
1.128601014194845265e+00 6.391838728552590165e-01 1.753944376417710727e+00
1.103895400631579538e+00 -2.186067972463776043e-03 1.771544025897350050e+00
7.190657128604046600e-01 1.426055394486587524e-01 1.707053377162587093e+00
1.022647060542044350e+00 -3.065702940914460384e-01 1.875438164852447187e+00
1.257102718471340141e+00 -5.981350075188678339e-01 1.620674317281019405e+00
9.487973650716978735e-01 -7.863616424372861236e-01 2.197525225403632820e+00
1.347615717125971724e+00 -2.759402744915868677e-01 2.231883053306387588e+00
1.361882580172835588e+00 -1.093213156151884857e-01 2.279838774966329584e+00
1.480939827200580705e+00 2.297328068307809557e-01 1.947380520633886114e+00
1.841092085574075776e+00 -1.430017071010114271e-01 2.579085774272030118e+00
1.442326836493954989e+00 4.538750634537720985e-01 2.093060772557925997e+00
8.942983081512091426e-01 -5.463200704574920907e-01 2.155052381917073934e+00
4.228879729641166763e-01 -3.380570836966910742e-01 2.740826913176605650e+00
4.947073318012981114e-01 -9.491278257390141360e-02 3.013549844437166669e+00
5.597585846125914255e-01 -4.465058683460191857e-01 3.283935745550199847e+00
6.196663080646898081e-01 -6.412891371974669408e-01 3.202529412325281655e+00
4.612762336142770536e-01 -2.553561524862507093e-01 2.665864545142702990e+00
1.203896016054539553e+00 -5.565688460886657196e-02 3.385320210943155494e+00
8.024807520283966378e-01 6.934001257948071428e-01 3.271689743307654830e+00
1.114479036066988726e+00 6.185749202857878659e-01 2.445060861274582997e+00
1.301383403126610938e+00 3.816296105547187234e-01 2.894067588117464229e+00
2.037443367447877574e+00 5.476112993151684982e-01 2.824753213224276749e+00
1.281984965760992079e+00 8.163061028100360161e-01 2.793329497073052892e+00
1.272763749773539788e+00 6.361921675819979249e-01 3.173786094645884237e+00
1.384222013319909239e+00 5.486967333701268101e-01 2.581120812898474615e+00
1.108217171343563345e+00 9.254545184223617049e-02 3.285686533629752049e+00
5.669933771111084209e-01 2.250947750520849305e-02 3.600076280741311141e+00
1.284039854372128531e+00 4.242654433731600783e-01 3.390293139862879279e+00
9.126547323754201635e-01 1.062197097676603752e+00 3.005594993791562253e+00
7.620884727545444992e-01 4.257847507759880967e-01 3.031684825088592827e+00
4.001850461141719384e-01 -1.990544911778505399e-01 3.874332062748313987e+00
9.549377263369982494e-01 -5.467464307559104508e-01 4.066947142133747306e+00
3.385623128008986016e-01 -6.093847865058444890e-01 4.024411878037744472e+00
3.651600331401615440e-01 -6.758381744133583613e-01 3.427526425570917024e+00
6.192025561507410458e-01 -4.440647959325381144e-01 3.529779271598030288e+00
1.209718733472347207e-01 -9.821761741614172536e-02 3.749214434452251776e+00
5.445630623601765974e-02 1.488059792466678022e-01 4.180566917073031519e+00
4.699150770871737270e-01 3.600596022996467860e-01 4.150885017706570146e+00
3.124503853051714408e-01 -3.190156644182349788e-01 3.951729519136530477e+00
1.252162766730337828e-01 -2.602794595896882335e-01 3.050341178919244278e+00
6.736286835378748616e-01 -6.218866245439190754e-01 4.223645693502285248e+00
7.512923701530932474e-01 -3.057254398141864282e-01 4.270197989285754225e+00
1.334499190853862594e+00 -3.798881471879883009e-01 4.196716514646401386e+00
8.902403926229365272e-01 -1.631084502266057501e-01 4.104453504561872634e+00
3.658347212454440278e-01 -3.464940637124869771e-01 3.684781633733458239e+00
3.215388427126719684e-01 -1.631325718941551983e-01 3.043025682359846940e+00
2.838401547479991183e-01 -1.067794592443028767e-01 2.449292471486040679e+00
6.840772690509725473e-01 -7.939064086828316880e-01 2.426147838978710780e+00
4.742426123953621953e-02 1.161097174290120215e-01 2.644814064862287761e+00
-6.736889648189461899e-02 -2.184097679217710253e-01 2.757521674295248637e+00
6.820689747689134830e-01 -1.968354726828641654e-01 2.707449706294717373e+00
9.809905395637101844e-01 1.344373996722761644e-01 3.053303544961036842e+00
8.008113109788633777e-02 1.931607481174035454e-02 3.647577047813414186e+00
7.931783226752062710e-01 -1.773135904930246698e-01 3.951040127224342502e+00
6.661694128935838899e-01 -1.546231895285843927e-01 4.719097522328391747e+00
8.202548702249069512e-01 8.223045629395721035e-01 4.559915198070769726e+00
6.482141073466801684e-01 6.235229157539549094e-01 4.902887319402140065e+00
7.107040004761941976e-01 1.007093462451845056e+00 5.257296721092034275e+00
7.474499963885742337e-01 3.164472275592524197e-01 5.257365790323285104e+00
1.230035039936263619e+00 7.213249691453972323e-01 4.469510736128341932e+00
6.811221748294743472e-01 8.548659363264793365e-01 5.112545490421449124e+00
1.045246495616190874e+00 5.058803956917732325e-01 5.088854675807387373e+00
1.253562335954514273e+00 8.640732715265830866e-01 4.725135114314129581e+00
9.682266405233395101e-01 3.780796155087188248e-01 4.009251166381777587e+00
1.231749170563981144e+00 3.384718261766242464e-01 4.264851664923974717e+00
8.238085430955195410e-01 3.224454553363692577e-01 3.984013425091608607e+00
7.042368440915631744e-01 -2.146914895626060582e-01 3.986438901230535237e+00
6.046601378652725067e-01 -2.444946892996941457e-01 4.080794484997422700e+00
8.644703584667613461e-01 3.024849284659206217e-01 4.603324838255698381e+00
7.983951122434542746e-01 7.725867154272645365e-01 4.056100290562555166e+00
1.892661137084084455e+00 7.327546315619155592e-01 4.020242838555800446e+00
1.971932135660881436e+00 8.248770573150994156e-01 3.355526870635071379e+00
1.325411908613089329e+00 1.861736132822134349e-01 3.381980405107290810e+00
1.300143946286014485e+00 -7.937844437627954164e-02 3.731324888159505360e+00
9.426235790774385448e-01 -2.562264166012495625e-02 3.686538827315565925e+00
1.563556988673212356e+00 6.783427514258535407e-01 4.187186351523130234e+00
1.323015963028572939e+00 1.251682636662873049e+00 3.315578785121130689e+00
1.335310788748903521e+00 1.882535353177706039e+00 3.123469480128674203e+00
1.450245282229434496e+00 1.415954350143528773e+00 3.338926777678958402e+00
1.202810436775990865e+00 1.004461203233362188e+00 3.565833060714586278e+00
1.720086549136012444e+00 1.210693625733003209e+00 3.770977002679534174e+00
1.233889356922830194e+00 1.124296406081528810e+00 3.859362976803387468e+00
7.573941223467920425e-01 1.123247057800897508e+00 3.566060387768145379e+00
1.442856440807102736e+00 1.506737694036169639e+00 2.801289818162866929e+00
9.857526152889625193e-01 1.553300413464308249e+00 2.428256030627614859e+00
1.624671020149299983e+00 1.358658075680500454e+00 2.320772245381308885e+00
1.814045405278279732e+00 1.276227123219377368e+00 2.354138447481669782e+00
1.699793004438347577e+00 6.803650803238121547e-01 2.933489485378030448e+00
1.208847091573276522e+00 2.960218120967364475e-01 2.268855703182599548e+00
7.810137342030917251e-01 -4.861080441395806417e-01 2.900400295264345285e+00
3.777093550738628847e-01 -3.845232110598818531e-01 2.500408516391974256e+00
5.929105912377661269e-01 -1.544783968335073920e-01 2.041171174282438106e+00
5.782960025764624090e-01 -3.303633720871136381e-01 2.549789788953974234e+00
5.116012251009321998e-01 -2.552856716850034902e-01 2.218344739153258693e+00
7.146911472264485532e-01 -5.401627843912630844e-01 1.550936068027541248e+00
9.891469112485407056e-01 -5.120641328211466003e-01 2.103500636852533745e+00
2.786645421396693467e-01 -2.754328538890076228e-01 2.201458737358913620e+00
1.115069995456257068e+00 -3.271852960969642288e-01 2.715959075556010571e+00
7.518235841422257204e-01 1.888574228338798511e-01 2.672401867074805537e+00
1.142592302803457471e+00 6.126516220713280614e-01 2.640470470196079944e+00
1.485624708709825104e+00 7.357542928848156416e-01 2.853939969582743430e+00
1.941576735033131218e+00 6.172696063420949342e-01 2.736949874233971514e+00
1.700571666255026759e+00 5.941894446595706869e-01 2.387465859906440446e+00
9.189693021772498138e-01 3.976220214771540862e-01 2.790644516589026569e+00
5.439207309193638817e-01 4.928774015533979314e-01 3.126478843799768814e+00
6.050759675654578951e-01 2.253124948388592341e-01 2.961895351851334457e+00
9.973328021459098025e-01 -8.407513719739043156e-02 2.992245624460710296e+00
9.676182762050009600e-01 -4.594082421897164870e-01 2.687471672564530678e+00
1.196667573037864640e+00 -5.453893730950516439e-01 2.902581051068111595e+00
5.472825622894217368e-01 5.739750499031817665e-02 2.529339400802991022e+00
7.336828287642264135e-01 -6.462244591758641021e-02 2.354871251201995364e+00
5.113274867206825391e-02 9.449513460183062152e-02 2.409646712559291970e+00
6.848355654709894491e-01 -1.200293456690123273e-01 1.540889656350033166e+00
3.099491244184286454e-01 -2.054686438782215019e-01 1.525692238004346724e+00
7.895138217269888070e-01 -3.834218833543440730e-01 2.269547078893832115e+00
6.008693667656243020e-01 -3.166975233942504464e-01 2.125490792175916521e+00
4.238710507836417896e-01 2.490147302717385658e-01 2.420550407962721362e+00
4.314145493860709335e-01 5.388056590640082355e-01 2.226874800326588577e+00
9.639375788171459236e-01 -1.758186984933061692e-01 2.640358868583560614e+00
8.675894458428211609e-01 -1.149462958448472238e-01 2.898517956069416979e+00
8.924157388725263429e-01 -2.511353217046876640e-01 3.031714153833720005e+00
8.907975712457155693e-01 4.868117811179250021e-01 2.898860035999255569e+00
1.145163471011849232e+00 3.518485879755468559e-01 2.974275325589075258e+00
1.511935047739784821e+00 3.359053343557724114e-01 3.432858628261134193e+00
1.535515115994544377e+00 3.579942857623409913e-01 4.304447097119492582e+00
1.472753197349542686e+00 3.396698901156146033e-01 4.546720888612571621e+00
1.136892494773655393e+00 4.484105159942158303e-01 4.075718737462121766e+00
1.482933439823697075e+00 4.541491118967840301e-01 3.546012932057752476e+00
1.644754650680890773e+00 2.941056330807265140e-01 3.215872655720984685e+00
1.307652738182148333e+00 5.475375636866887108e-01 2.967434854706886949e+00
1.026413756107383835e+00 4.036944261225551833e-01 2.918793228144559659e+00
8.854289306695087847e-01 8.543136865087903875e-02 2.888351293029058464e+00
8.827240774326496897e-01 -1.146856908100657158e-01 3.652310426730629889e+00
3.881884165935847175e-01 1.526684784471148415e-01 3.776662358306971612e+00
5.699025290294637003e-01 -2.818187136124068459e-01 3.953803483252841477e+00
8.493213753200853366e-01 -7.934486187222522524e-01 3.335205408997897525e+00
1.032483872482851561e+00 -9.461761831351286345e-01 2.478337346432333277e+00
6.275089058817404641e-01 -1.739184323543389310e-01 2.703630096087600965e+00
6.232633092387678264e-01 -8.105700162418066901e-02 2.190654470843803381e+00
7.146410372639714348e-01 -7.027560418342690962e-01 2.189632955715375306e+00
8.762237801064995946e-01 -6.243707260212779664e-01 2.108653868439265278e+00
6.702643949071414031e-01 -3.546684434246236139e-02 2.601432600632111569e+00
5.590479872562303942e-01 -1.222914231557744452e-01 2.129627094600894388e+00
1.067598711163139313e+00 4.278702740857884823e-01 2.185667299270440900e+00
3.756367611870207179e-01 7.136016092757392348e-01 2.352456341308823973e+00
1.063203639309561188e+00 1.687442674802135112e-01 2.138653474172568014e+00
5.291980686765230812e-01 2.149426377797321597e-01 2.080817112012079306e+00
5.213180032366586669e-01 -1.523310268440691839e-01 2.202908395250056106e+00
4.901151291855267988e-01 -4.744448635839352280e-01 1.900765791579205111e+00
2.063900450683700261e-01 -8.407117699665542787e-01 1.358218684197643134e+00
3.344789262348155656e-01 -6.647431124675849956e-01 1.775607951118866268e+00
9.059796401503199537e-01 1.018934963698695240e-01 1.768592192992938461e+00
6.757387941338184323e-01 -1.677343520125075815e-01 2.530324439861609154e+00
1.085412470670322760e+00 1.855634752324395453e-01 3.314855756933155373e+00
9.799075967403541032e-01 1.680526934938650352e-01 2.287509552769681598e+00
4.945194067058001908e-01 2.550216530399691539e-01 2.227963853796655069e+00
2.052088621351654818e-01 -3.323393338754155879e-01 1.968397801088407562e+00
4.356833869620344579e-01 2.305320681734047139e-01 2.098684339447289382e+00
5.555383934179790595e-01 4.636800327199086524e-01 2.717360256826370168e+00
7.464666118160789843e-01 6.273415553138114165e-01 2.296561241006894960e+00
9.025872183992810216e-01 2.279473121249070977e-01 2.019005116864452720e+00
7.281837497468315323e-01 6.714433683566329858e-01 2.119003001562952182e+00
7.106979578594163627e-01 5.464063044843626704e-01 2.469968816775296006e+00
8.157966409798327323e-01 1.271055212902534870e-01 2.498780705290893245e+00
6.088222897951726109e-01 5.894609530476577763e-01 2.699791633616656306e+00
6.922786377502662125e-01 6.336641583426880775e-01 2.434593078210261385e+00
9.797780275280971729e-01 5.214218383425153203e-01 2.576163234737161467e+00
3.071877859623650675e-04 4.784031475605792227e-01 1.983194246259307958e+00
1.015993981654139233e+00 2.964969342335811719e-02 1.884886081478025721e+00
8.759587010461429291e-01 -2.787722970726492222e-01 1.989465303369158500e+00
1.234316552129789857e+00 -3.686919843461104462e-01 2.215957090669676166e+00
9.875615532016490672e-01 7.532384223398375100e-02 2.657938016595821296e+00
1.265128142795323596e+00 -1.441971596148362567e-01 3.196098590053408017e+00
1.498875331428504376e+00 -3.639493486436484182e-01 3.056189847680573557e+00
1.301829646154038844e+00 2.758232307828274443e-01 2.446324417265285600e+00
1.639019819707400405e+00 2.180000950899134704e-01 1.740521017355953770e+00
8.329637093878381471e-01 1.390304637254910491e-01 1.879212141025089933e+00
1.164030832994543269e-01 -4.504854487826244480e-02 2.173010445439310878e+00
2.843168966916900797e-01 -5.239379828315189336e-01 2.146063052659786585e+00
1.110957660538819169e+00 -6.105240819554839105e-01 2.476398993986052233e+00
1.252645533126892863e+00 -1.211574197478173243e-01 3.085691460061391833e+00
1.491088373136657985e+00 4.018345812394344407e-02 3.211281168269910058e+00
1.679965220205702270e+00 8.002753821679481350e-01 3.513661038701920258e+00
1.708819918335629184e+00 1.108135838263674122e+00 4.705140830843612676e+00
1.405069621406791702e+00 5.723350600764112173e-01 4.680547251883481863e+00
7.724256431371276932e-01 5.960565462566238537e-01 4.695819017930491057e+00
1.430902091099395701e+00 6.483602139954498522e-01 4.852309480639864780e+00
1.402266258968509316e+00 1.074145007916266908e-01 4.747851100953018211e+00
1.708248104784562349e+00 -1.525657109958061808e-02 4.789464718019156741e+00
1.490308835288489675e+00 -1.065097067632639338e-01 5.346820645587862408e+00
7.550383704563656817e-01 6.513735844606007852e-01 5.079531323912934937e+00
1.446998500583889458e+00 6.579701437808627151e-01 4.749250970814397732e+00
7.795752111028636522e-01 3.294251825164830061e-01 3.680979576653441221e+00
4.419118727956312109e-01 6.090255085188320816e-01 3.461652686506353493e+00
1.931957944158713691e-01 2.059620190589101507e-01 3.870256406746785949e+00
2.668753141670858198e-01 7.006243982407847071e-01 3.384306697672890163e+00
5.782661290927401110e-01 8.607412162409006084e-01 4.053319940526410647e+00
1.154406010527981419e+00 5.365058084136962169e-01 4.105988834741836513e+00
1.604651382901159717e+00 -1.542729310672680820e-01 4.000926875336261901e+00
1.202964072119635075e+00 3.988747304345440226e-01 4.874832603542548881e+00
1.153885459235352018e+00 2.562850440277367747e-01 4.432426979019008506e+00
1.322618258779520772e+00 1.937546791227267584e-01 4.453564204040624475e+00
1.181291313620237871e+00 2.556535925558999223e-01 4.391173988307892628e+00
8.670176689841028184e-01 -7.545986426652133428e-02 3.799872724011461589e+00
6.477727262811570075e-01 3.259568364446722155e-01 4.227163995930714790e+00
5.540087959756305747e-01 -4.632931723692436110e-01 4.720809569926649019e+00
4.753907488890770638e-01 2.440626305127106543e-01 3.756279513616648025e+00
1.155636382361294068e+00 2.245182709870785498e-01 3.766852393238576457e+00
6.981756891450592306e-01 -7.008860890185099057e-01 4.049040876883128526e+00
8.066561959502565049e-01 -8.870541823003574855e-02 4.144998301336333846e+00
3.796897834406224304e-01 2.055944499245674628e-01 4.377071949002844242e+00
3.352554386336280556e-01 1.252552446064447433e-01 3.902845764886165192e+00
7.513001139927536487e-01 2.642833877840809476e-01 3.854815095398956615e+00
5.523705220634784752e-01 -1.334394260983661762e-01 3.629374989844054156e+00
1.445856297029035342e-01 -4.371374239478132973e-01 3.620767013308169080e+00
7.980784494386175543e-03 1.661841752413921458e-01 3.825468190228540344e+00
1.837891495842380318e-01 1.585616034945743769e-01 3.880727799557995183e+00
8.870788756468793723e-01 5.467028080319686900e-01 4.168671822936895310e+00
8.139902779444582182e-01 9.985664307129794581e-01 3.934702936751825142e+00
4.490483351616905150e-01 5.102020187602828161e-01 3.902610424715343029e+00
6.298123133888388070e-01 4.231369861022312717e-01 3.683545775742145700e+00
6.106940216053020620e-01 -2.041398132211343919e-01 3.889084390641174505e+00
4.559082097452905047e-01 4.189998474983918086e-01 3.819877182222727985e+00
6.657433675501880366e-01 3.805484126372826736e-01 4.044835309301869408e+00
8.770000431128479601e-01 5.624932515334342131e-01 4.440575282073405461e+00
1.070553871312188488e+00 3.021578061187239483e-01 5.297866437367515502e+00
9.229607558106032172e-01 -1.723080303934643731e-01 5.068949053295162877e+00
4.386909148773179279e-01 4.124840644662809419e-01 5.284794642154677646e+00
6.041329949625983131e-01 7.048759316625526905e-01 5.218117265252909753e+00
1.074833308224571571e+00 7.465265330376397168e-01 5.014700220209009629e+00
1.323025188823341525e+00 7.287034289196682169e-01 5.590594378656486008e+00
1.364731837852429130e+00 5.461631181470020246e-01 5.583914418805340674e+00
1.729901098665232784e+00 6.965725229298231902e-01 5.446737437845187380e+00
1.702240667496919935e+00 -1.486320812747437825e-01 4.885045087355504911e+00
1.864232642501030268e+00 -1.570606445781735083e-01 5.568071987768571596e+00
8.944359342807086666e-01 5.555798416728945088e-02 5.374471486429759359e+00
1.477519583905481548e+00 -3.960839788007697315e-01 5.797589103656846987e+00
5.210989211845684643e-01 -6.361046081421064535e-01 5.583289205602537386e+00
7.838229654764687915e-01 1.225632876942461813e-01 5.524815415125993390e+00
5.905305936503822961e-01 3.498987122388887427e-01 5.987701419363921751e+00
6.970281563512263912e-01 6.781833623877171480e-01 5.712740732510116715e+00
9.760718540962654011e-01 6.248634297029949103e-01 5.761049992578433532e+00
1.112622828027296729e+00 8.407327772356040230e-01 5.707204252264737931e+00
9.399549737593015930e-02 7.540277112031169571e-01 6.001626991098433450e+00
1.226520380611206829e+00 -1.886209988715330521e-01 6.254387795900611557e+00
1.502875085238562169e+00 -1.923008614355972701e-01 6.436172655646668517e+00
8.594780565547067708e-01 4.378779549212859501e-01 6.395340773821914127e+00
1.191183945595434723e+00 2.948759720943612828e-01 6.628863313396995416e+00
8.827879889485982234e-01 8.010418991257436949e-02 6.462602113979723839e+00
8.827879889485982234e-01 8.010418991257436949e-02 6.462602113979723839e+00
1.183379563740809770e+00 3.215227503665384762e-02 6.925931576711737314e+00
1.228006857513236127e+00 -1.118367186798264051e-01 7.919425929246006746e+00
7.920763453457876357e-01 1.535863223092492624e-01 7.786529646788602932e+00
8.113284447335413763e-01 -4.237596901775042557e-01 7.151342139746233784e+00
3.442792739215616571e-01 1.056156691816020621e-01 6.490896396194654194e+00
3.899720389713238755e-01 3.212905504384196420e-01 6.258710234084727375e+00
2.239296406897138547e-01 3.572598566403564768e-01 6.369355126765057662e+00
6.309632837706167230e-01 3.205870570814278731e-01 6.079278571460165814e+00
3.277663515579383180e-01 8.531853635033783689e-01 5.698991477785565252e+00
3.121403734139551744e-01 5.417777787284386304e-02 4.776468279966477049e+00
8.398590683973974347e-01 2.606059349168033945e-01 4.861974409538888153e+00
8.102606778394233489e-01 3.738181393831958022e-01 4.988775176396766931e+00
4.256244359800437360e-01 -2.452244457855613236e-01 4.685127289220039515e+00
4.749616608404807483e-01 2.967553453444955469e-01 4.989874423644642398e+00
9.963014637322873401e-01 -1.710715405408155809e-01 5.114402602660000241e+00
6.274909430015461753e-01 9.133007302748812339e-01 5.217619589605751784e+00
1.129790783640340246e+00 1.338450029223622773e+00 4.989750709743936419e+00
1.665693465975972343e+00 1.138105238326891255e+00 4.738732574073637238e+00
1.355649235008175024e+00 6.631946325717720248e-01 3.867581262260742836e+00
1.426282533198808267e+00 2.055851638359063593e-01 3.920531889155337790e+00
1.415458855879994315e+00 -6.804491846009100287e-02 3.690330449785019340e+00
1.601816862234908045e+00 2.368441066022370922e-01 3.269575419583106157e+00
1.064608849535987112e+00 5.149244430180939247e-01 2.977272345580138868e+00
1.131977796540997838e+00 7.900938912465993447e-01 3.731285181531748929e+00
9.146897035658638764e-01 7.288051703277471649e-01 3.969547490800086287e+00
8.392727845732232961e-01 4.141380592260400229e-01 3.872941046968316758e+00
1.704441679270634946e+00 8.305359601458381369e-03 3.550288298222612049e+00
1.650951582995289213e+00 -6.112461428368203276e-01 3.940820491759795985e+00
1.808685422956450184e+00 -2.178930777375481520e-01 4.297739550558047128e+00
2.339310083381326955e+00 2.695199083244958493e-01 4.269625086660718161e+00
2.488354001043826980e+00 6.366751531670639119e-01 3.993557522654673786e+00
2.797897141944753585e+00 7.338094295858412774e-01 5.003366323033602292e+00
2.833787787520678059e+00 4.846623692561776720e-01 4.564649544715016383e+00
1.621831962743885303e+00 2.214035673940187299e-01 4.460087712350218503e+00
1.357078840937170794e+00 6.966836698435654451e-01 4.282992889903484368e+00
1.342354793318572437e+00 4.925772762107699654e-01 4.023209401361246051e+00
1.182671062668236850e+00 1.784236710233871870e-01 4.239410874624922165e+00
1.017053213973855286e+00 2.345722014425601354e-01 4.030003295690675280e+00
1.650794461849427019e+00 -2.496226657157034068e-01 4.232027428045810780e+00
1.638975368833230695e+00 2.265447192424438205e-01 4.522495271344871171e+00
9.877382537079898439e-01 3.691326666852273175e-01 4.325150222453381765e+00
8.562186895237788864e-01 -4.387684709110972747e-01 4.459899868156053770e+00
1.082718749960080551e+00 -1.177206532859853827e-01 4.198005913994541594e+00
7.020064119263172975e-01 -8.833821769395430734e-02 4.407875161800763664e+00
8.556423644675785756e-01 -5.264755334720779834e-01 3.672597987478800174e+00
6.584527775681684458e-01 -2.031391514038343171e-01 3.714459970729214522e+00
4.369240901618010597e-01 2.149462404725522857e-01 4.114907584338753033e+00
5.760520191284929092e-01 -1.657531905712137377e-01 4.155621269888419178e+00
1.157832380416984996e+00 9.204243789123500719e-02 3.629798077652037769e+00
1.388356477187770555e+00 3.911567442491598046e-01 4.007688715697202753e+00
1.373041181852910464e+00 -2.610163652442890059e-01 3.134568401928829573e+00
7.436282972810546177e-01 -1.958640021419190691e-01 2.552931565466599828e+00
7.706413788756573124e-01 -2.467518491581753570e-01 3.257158952250579276e+00
1.135783842603121263e+00 2.482503175266467799e-01 3.696599563550193590e+00
4.733381500804150210e-01 -1.944074924761703405e-01 4.370243001581147091e+00
9.560708076283352952e-01 -2.224398774506350929e-01 4.575131092987212433e+00
1.148266905657523873e+00 -4.619482663601234274e-01 4.237798922281414526e+00
1.599937374332986550e+00 -2.600688455756828832e-01 3.864725315069763578e+00
1.873611199624908519e+00 -1.470863988504709785e-01 3.636774176349911070e+00
1.873611199624908519e+00 -1.470863988504709785e-01 3.636774176349911070e+00
1.091195826465090057e+00 2.932963011130559905e-01 3.717474893283159165e+00
5.764870944749788118e-01 9.789670054333857174e-02 3.317313359520164706e+00
8.556937533971137322e-01 -7.504285517178191367e-02 2.693373704844875149e+00
9.692150632834845014e-01 4.106999834535809413e-01 2.682687612152174772e+00
3.092848224268079926e-01 4.450521853879013112e-01 3.912526516563539225e+00
8.363790427956421247e-01 -3.416956261656589611e-01 3.351113783701620719e+00
1.055508608001161086e+00 4.294358614219282444e-01 3.446454191378233833e+00
8.537642007844884473e-01 1.753314176396544855e-01 2.716759504010096471e+00
1.217443493560066425e-02 4.068279768133278851e-01 2.751257273969558881e+00
7.211488837412862729e-01 6.480858000823865872e-01 3.235109020162806104e+00
5.537750830674492697e-01 4.238744782279071366e-01 2.191543798320984227e+00
1.099531753755322416e+00 -8.642008895897525245e-02 2.308013507796586428e+00
3.583656152746667045e-01 8.312915117739433368e-02 2.402859913923077961e+00
9.918426436731263562e-01 5.779321095194688285e-01 2.961816342175729311e+00
8.719430006944417499e-01 2.051060036445143120e-01 3.177640126032622359e+00
8.615223544345591566e-01 1.281257965280248601e-01 3.129124697834448021e+00
1.329288360590530349e+00 6.633000507166758597e-01 2.911944617535320745e+00
1.166335879287924149e+00 9.049834328004341399e-01 2.655636405609869133e+00
8.172854841800603065e-01 4.696525790286870672e-01 2.623467493948551166e+00
6.856793635069207138e-01 1.548425641974213174e-01 2.766822242105690943e+00
7.469437187214488238e-01 -6.292023255577053886e-01 2.511499370220778182e+00
3.620155246178328179e-01 -5.409771004384035242e-01 2.585555294865558462e+00
5.615806121601989442e-01 -3.673455638188030115e-01 2.714775523358026188e+00
6.726603140039668638e-01 -1.716973133010988861e-01 2.874791980183347029e+00
4.699807962020398078e-01 -2.201143481041721861e-01 2.402757417850251542e+00
6.321603364894928800e-01 -1.967075102627912908e-01 2.813858749381200841e+00
7.021779037253494948e-01 1.838142448867723100e-01 2.981928645665854027e+00
1.457533356996273843e+00 5.357083803008156897e-01 2.806611901053863267e+00
1.136061683761023122e+00 3.797584415260383817e-01 3.021982424027121805e+00
1.535147266172627978e+00 7.238339879638546748e-01 3.650279552321644250e+00
1.199916260537849499e+00 1.426028353331695864e-01 3.681476777587568527e+00
1.232494726012172803e+00 1.879143657381482369e-01 3.663837170947690680e+00
4.393919195317709248e-01 1.877931035141252314e-01 3.809194917710170269e+00
8.405882307149350474e-01 -1.541010426423035096e-01 3.442231737093249144e+00
1.243356862406532759e+00 -2.366186723666168640e-02 2.690050235020139180e+00
1.547851341439415718e+00 7.790702581875003085e-02 2.348951543498111416e+00
2.046028953781269699e+00 -7.802862620069760113e-02 2.865002005760482362e+00
1.279843311646464921e+00 3.469738664744348444e-01 3.626651395160656488e+00
7.583851406026049791e-01 2.526105500730610465e-01 3.685720862171847134e+00
1.366528746542392758e+00 3.947985410134603468e-01 3.449184875611503553e+00
9.676011738666430162e-01 -1.997954539369517502e-01 3.362070664089915173e+00
1.107305398948222663e+00 4.166276178426211452e-01 4.031588619532990414e+00
9.180155944133857604e-01 6.976893557192832551e-01 3.671898773406341743e+00
9.306876205687398818e-01 -3.515305386657158193e-02 3.153516555066135041e+00
1.076799219603864710e+00 2.876102877569180483e-01 2.619213545997450154e+00
1.620913064912932633e+00 -1.179949790058271719e-01 3.059283335502510859e+00
2.349225788787587366e+00 2.235794026178288263e-01 3.104530435656792875e+00
1.379584845562655815e+00 2.373763284639743287e-01 3.131452311970670532e+00
1.487093563969041909e+00 -7.393317314930467066e-02 2.918326850584617826e+00
1.487093563969041909e+00 -7.393317314930467066e-02 2.918326850584617826e+00
1.122111219119658054e+00 -3.291010305358272880e-01 3.512180929093956738e+00
1.689399253337433349e+00 1.899395955906647837e-01 3.770038338054732208e+00
1.235442729275160634e+00 1.808877670970500673e-01 3.642237387148442362e+00
6.738040881576843333e-01 -1.415451567924952414e-02 3.695453669819241505e+00
1.626622432831175580e+00 -6.947748397853469038e-02 3.613759265094355744e+00
9.704413124570340221e-01 1.225702210364244538e-01 4.038581375928636419e+00
6.436646672660844004e-01 3.126119879267543755e-01 4.084250353512119069e+00
8.101290764265367539e-01 2.061854061830762641e-01 3.811139224840497164e+00
7.985390272316429394e-01 4.349763063171115107e-02 3.502552928711663682e+00
4.097353351742363259e-01 4.119871763230895656e-01 3.659991388176928151e+00
4.813655764729243280e-01 -4.989191716425403489e-02 3.872097527804731598e+00
2.934445062890150280e-01 3.588813976531705086e-01 3.526034247651316900e+00
9.826749837306055779e-01 1.986463457328439819e-01 2.825727206344696096e+00
8.100482107717039693e-01 4.881146154845346086e-01 2.463023253162134552e+00
7.470733220121048568e-01 3.866155137634060268e-01 2.928413621471896100e+00
7.612161351907797968e-01 2.938755072935618773e-01 2.738738874881624596e+00
8.759373402969564681e-01 -5.591524419906954702e-01 2.775018197759493876e+00
5.643265096134288950e-01 -2.426496777100827507e-01 2.868584426693395972e+00
6.558955117752981456e-01 -4.216886510898295026e-01 3.133699299582976217e+00
5.526235673716578534e-01 4.935931387520334224e-02 3.304363652758917524e+00
3.485156370688380911e-01 3.940019737261773458e-01 3.516244979612208166e+00
4.619090931828143121e-01 -8.361028889684180010e-03 4.005283182060273894e+00
7.860815930137510232e-01 5.092960731303197014e-02 3.586585841203128400e+00
4.347520595154851231e-01 3.902477993898283842e-02 3.078160177676763531e+00
5.482450533535339066e-01 3.177605858877302070e-01 3.179445239114726984e+00
9.058622083369298750e-01 -4.214806332958316304e-01 2.861420002158631348e+00
1.093797416642580567e+00 -6.512568092140534615e-02 2.237821380087928080e+00
5.360913614063229637e-01 5.528917288287799048e-01 2.238433840056724744e+00
2.330126254946889852e-01 2.836097993471210499e-01 2.380663469442259039e+00
4.439334399829770184e-01 4.585361976462825617e-01 2.779649860348659018e+00
7.170286966818071317e-01 3.774778729378512609e-02 3.217668776644677653e+00
7.170286966818071317e-01 3.774778729378512609e-02 3.217668776644677653e+00
7.492714419962297479e-01 1.352923166631839202e-01 3.545743115070715934e+00
7.466731282211864773e-01 2.644099770157084528e-01 3.156871514987928062e+00
1.156553466513720263e+00 -1.778551170732677877e-01 3.149794693989981909e+00
1.425151146726135742e+00 3.504734789146621843e-01 2.347778800016503631e+00
1.371880658751317261e+00 6.869737059198358642e-01 1.578300893881179112e+00
1.118249081998406114e+00 1.216912044828011297e+00 1.962548952492770393e+00
1.940338784658095506e+00 8.236122734113940913e-01 2.033651770181704510e+00
1.765000440691578021e+00 1.231239775955372595e+00 2.693965183893014093e+00
1.671451806363187798e+00 1.524293936508126945e+00 2.450174717952690262e+00
1.040387934576509688e+00 6.295540437078074314e-01 2.334470256579875613e+00
8.658064742098562361e-01 -4.429884182526041547e-01 3.197750604275274355e+00
1.005542216565492808e+00 1.383910859123518577e-01 2.688978681639809132e+00
1.096250123163489798e+00 3.777249306463950629e-01 2.795414359312300867e+00
1.259190216505998494e+00 5.036484228112002581e-01 2.487538879416741899e+00
1.438431431588610643e+00 -1.992472662908086056e-02 2.642708393174177051e+00
1.406278007506003291e+00 -3.874605786939373797e-02 2.837039381812203498e+00
1.087959770739842957e+00 3.628395736966791296e-01 2.748684579799968386e+00
1.368775379262828107e+00 1.127874701823833981e+00 3.395209650291915793e+00
1.059236303606225116e+00 1.126652245778614336e+00 2.925417868419899925e+00
6.217997086848452426e-01 8.481924165449546971e-01 2.290593256569758651e+00
8.329581718096861209e-01 6.017997448813783290e-01 1.536801732864211623e+00
1.607092009104468922e+00 8.487382702151261560e-01 1.439428054331216789e+00
1.529126943776265568e+00 6.189440031242610107e-04 1.499066841197315814e+00
1.139194412174800330e+00 -3.326815421263923378e-01 1.827982798651760943e+00
9.481539512258043700e-01 6.284500267562674602e-02 1.860127680272111172e+00
8.695055235801990579e-01 4.133138992046880844e-01 2.639872310051771809e+00
9.647622200793490865e-01 -3.444144302082123854e-01 2.625402663110381951e+00
5.367085072712698413e-01 -1.023305787342079359e-01 3.349545492540115355e+00
8.747193025692276969e-01 -7.861809895809203086e-01 2.829042897656748767e+00
1.097497848149938005e+00 -4.124943083055360171e-03 2.525150125218786012e+00
1.436129557788626387e+00 8.303231652384887029e-01 3.115440143732902900e+00
1.488150218407760184e+00 7.810143040673894754e-01 2.819542274395415049e+00
1.467925095875847630e+00 1.102867737643934642e+00 3.168278854263140598e+00
1.361058772126666039e+00 1.153838117875205072e+00 1.933916123602535730e+00
1.441672781206234211e+00 1.274593198859235610e+00 2.046311445571924015e+00
1.503441166497246906e+00 7.545847958861535698e-01 2.466723020127392640e+00
9.571707143684778929e-01 3.869331276482563808e-01 2.832500413769102110e+00
3.968108164746891320e-01 2.179756437557195392e-02 3.093543016312257254e+00
5.407367809238685652e-01 1.087650168199014722e-01 2.862042599592078851e+00
3.295171472591714723e-01 1.423754056763033848e-01 3.005942914181966241e+00
8.433739615637377840e-01 -3.790480438052658552e-01 2.841075619848664413e+00
1.019108296879392972e+00 -6.956934816246665987e-01 2.105685868354034262e+00
1.092770417256430537e+00 -7.111598510097684178e-01 2.043086902714596143e+00
6.223986538736197005e-01 -1.795156069577039104e-01 1.762527875948797007e+00
1.038858249150835356e+00 3.793510972414989024e-01 1.660721009261520331e+00
1.132402465037505301e+00 -4.138832464861033622e-02 2.330271026168590609e+00
1.514014266953370713e+00 -1.823901457419295213e-01 2.714929814210636838e+00
1.930773662068431484e+00 4.020576211390080590e-01 2.600377297248293029e+00
1.324553864651915713e+00 1.180324206027744349e+00 2.419664059851061477e+00
1.573312727365145935e+00 8.881615790965088353e-01 2.315737628171419260e+00
9.118551949463895578e-01 9.972419689905350770e-01 3.081047066169883220e+00
1.907812874440980133e+00 7.312785685333629271e-01 2.137943309550735194e+00
6.917000781425219902e-01 5.781591197794437864e-01 2.175259075379960105e+00
8.291639371294170502e-01 9.700289642416148883e-03 2.247348115521054179e+00
9.038517410333150037e-01 8.005258567209887488e-01 2.375011785444494983e+00
1.113109758449719822e+00 5.520700809129711617e-01 2.825230470470040611e+00
1.187758141802787826e+00 3.017233899686239118e-01 2.723238389138092685e+00
1.345484462690492267e+00 4.984932390187915008e-01 3.410084873165939889e+00
2.227253517790689141e+00 3.501382338237222225e-01 4.157526526794898203e+00
1.193314648009418555e+00 2.177637717956657504e-01 4.225923615966923563e+00
1.200539316223005804e+00 -9.579251806355497667e-01 4.252015792976098219e+00
1.507086129672666974e+00 -3.606105400349584045e-01 4.300506987964600292e+00
7.368352227301315782e-01 1.025792830422147389e-01 4.097244304254722636e+00
3.763073976797567943e-01 -6.347915230029105293e-02 4.505503437304555270e+00
-7.639042269676583896e-02 -1.071581962386764925e-01 4.787615245330332669e+00
3.128162646678004921e-01 2.958813162872777625e-01 4.033111266515049920e+00
3.442592349051395995e-01 3.324130702973684959e-01 3.996160979918247147e+00
7.964979591270203718e-01 1.046659206640389861e-01 4.212906707725081468e+00
9.345009041599444677e-01 -5.944626006423761044e-01 4.210880384025703194e+00
7.936978469404117886e-01 -1.054454839908778307e+00 3.409524663884627493e+00
1.675653751031851657e+00 2.245193073186622645e-01 4.022240511424199916e+00
1.174614924115988002e+00 2.751641621091532874e-01 3.918172080561053594e+00
1.392399501278926310e+00 9.477294646613687590e-01 4.115949673806268194e+00
1.650531686212803884e+00 6.443927618214516650e-01 3.602246967593766946e+00
1.176075933231951032e+00 6.587174634683324870e-01 2.906759121854302741e+00
7.452420116496558666e-01 4.051582163921549351e-01 2.925617663683448555e+00
9.239676528391341792e-01 4.990819857599138598e-01 2.406236443763893007e+00
4.711194754463235990e-01 4.844134937925425044e-01 2.363303962146802384e+00
3.371533034965750741e-01 -3.710326405914417258e-02 1.947456825285341253e+00
7.232224187816936878e-01 -4.511995168864160188e-01 2.394415670904252558e+00
1.097247649329414321e+00 -4.524195600788318283e-01 2.758421996172537582e+00
1.156053910417542685e+00 -2.540811921221151626e-01 2.321158099420171261e+00
9.411927090689236053e-01 -1.715761830748468719e-01 2.442703970319475726e+00
9.057472563295662082e-01 -7.895334681340804295e-02 2.488913060051451076e+00
6.835681096961714331e-01 3.523836404630498742e-01 1.716046766556522440e+00
1.194598420993573384e+00 9.081027367238025949e-02 2.070187641498534070e+00
1.115886615411983529e+00 2.253168967906319653e-01 2.073271763733988582e+00
1.002091313360400138e+00 5.062770046362011778e-01 2.234053004879690274e+00
6.058282303135253954e-01 8.317346561731162602e-01 1.739463922209406377e+00
9.335628346183112436e-01 3.489861049364292866e-01 2.354200745473491008e+00
7.965350972839335686e-01 4.830923844547621582e-01 2.525122202481530742e+00
9.932158208464505478e-01 4.876619546649298420e-01 2.645162684460328872e+00
9.774402015725652815e-01 6.635918173624028027e-01 2.145046771619969039e+00
1.179771082193356913e+00 4.495793868910460955e-01 1.679694799609099620e+00
1.010959354452665160e+00 2.604085416035160638e-01 1.916567995754879350e+00
8.272262037484384711e-01 -4.027216918681562619e-01 2.141037318722673444e+00
1.043153268016357993e+00 -2.611422134308816201e-01 1.820265628443277217e+00
6.644831506726041059e-01 -3.490487789942942620e-01 2.347130154126523482e+00
1.830275005874819061e-01 -4.462950391119788196e-01 2.971439761077010910e+00
2.237828178947987856e-01 -3.739220817920910211e-01 2.824592777477109795e+00
3.057772725110807777e-01 -5.546610273675990355e-01 2.748978276970836188e+00
9.773027068584874133e-01 -2.827603948255412170e-01 2.495362127349776138e+00
8.592489084878738304e-01 -3.953947064784938958e-01 1.965118877848167411e+00
9.669955473928784073e-01 1.016415611430901561e-01 1.814822292506170553e+00
1.097060078393164773e+00 2.020522516804085789e-01 1.883378359938395752e+00
6.064675062177975473e-01 5.925417749381183263e-01 1.892440376067049623e+00
1.392578011164809171e+00 1.653743211010836878e-01 2.265589697697637295e+00
1.520350159299369341e+00 2.056536173356220409e-01 1.572222466802778662e+00
1.852813383601237707e+00 5.353535603852567215e-01 1.860497676937859390e+00
1.500995133290777606e+00 1.301354439729886847e+00 2.337559780342649773e+00
7.158505657974930658e-01 1.516254622553884213e+00 1.914749223754002916e+00
9.303854038025758388e-01 9.960698399893042065e-01 2.240663207339530061e+00
6.249847824144293407e-01 5.243779630253293522e-01 1.843238290880418573e+00
6.719736090073948898e-01 2.385973207145397623e-01 1.907934934563316975e+00
5.746566731819833379e-02 3.774132642728675324e-01 2.187625132042331444e+00
3.130608751744190510e-01 4.366009001408592272e-01 2.512628928800688666e+00
8.789986281355908204e-01 1.654770808944644456e-01 2.396592024189978520e+00
2.303370626892654038e-01 -1.475024063252352580e-01 2.874060474561824563e+00
1.063690100886425904e+00 3.230210195558870234e-01 3.164988485824582476e+00
7.599864417029636998e-01 4.154414359290561909e-01 3.061148032097554594e+00
7.004210148976591777e-01 1.962585299185330978e-01 3.165619020943037487e+00
8.701290788756078642e-01 2.176376188388793320e-01 3.010446220680445428e+00
6.362775969605631854e-01 8.813201664874711350e-01 2.479904997747145234e+00
7.591126334507311002e-01 3.861218066514977565e-01 2.990191274015990608e+00
8.039057734800567623e-01 6.870203529966319167e-02 2.791063781142792077e+00
1.055740380280645319e+00 6.006379482847805651e-01 3.002572207642691282e+00
1.377074445649196344e+00 5.803624367440629594e-01 3.011094488566635974e+00
1.342012769131445404e+00 1.995183706950401925e-01 2.781064606784584115e+00
1.391592543595967069e+00 8.050298875964098655e-02 3.172555152327171335e+00
1.018553427816560886e+00 4.292811312040811095e-02 4.113940131939974876e+00
1.166101937593689630e+00 -6.539808855841595936e-02 3.633332315432573623e+00
5.820561818719186542e-01 -2.612886588566380452e-01 3.963750384533890614e+00
3.209598700242363156e-01 2.597879784506690881e-01 3.594220192133114722e+00
4.338739829580943175e-01 8.587166343562570026e-01 3.495804514055171897e+00
5.434010670408310206e-01 6.855547661421790284e-01 3.541889823983823238e+00
6.420563773398335616e-01 6.005215054567729638e-01 4.316508243893621533e+00
2.971331812310395448e-01 5.135151875836728719e-01 3.986290972688661061e+00
4.112623533879198878e-01 -1.480751858374900753e-01 4.033337013124759451e+00
5.118909981794175224e-01 -2.214118348331744202e-01 4.090253386102933320e+00
3.292818423954811391e-01 -1.150548340110737477e-01 4.077214689260498126e+00
4.930183142781843220e-01 1.752389425531965250e-01 3.757679124935084047e+00
6.317082206728344973e-01 1.096981447421970651e-01 3.988782321719070989e+00
8.722926090581382130e-01 -6.294607385069974637e-01 4.213090072096310479e+00
6.934269271442230487e-01 -4.834275076364522583e-01 4.229560943738974288e+00
4.433659416300057554e-01 -5.359619386299773192e-01 4.757223676588121286e+00
6.357837207182673867e-01 -1.998630720897210389e-01 5.128344927821752997e+00
1.221014020680081913e+00 -1.893037084046562124e-01 4.855290839589759599e+00
9.986915963960802944e-01 -4.077966685873530284e-01 4.699964361264476587e+00
7.187061924856920081e-01 3.503506559440863199e-01 4.821365218704175781e+00
7.494936933228227849e-01 5.038193460097299958e-01 4.938955621313286137e+00
4.870075124171330816e-01 4.321484768929454989e-01 4.870537628504652439e+00
8.956781883729630911e-01 7.335025344475761822e-01 4.732805379806750423e+00
9.741520442135642721e-01 4.304659810603119197e-01 4.578577180189080664e+00
2.858046681734519590e-01 1.485270668372818126e-01 4.549774492041954055e+00
7.212084605879977017e-01 5.589170626724736524e-01 4.165919586831249966e+00
1.112294166937082718e+00 5.048335414387805642e-01 4.345643962373134883e+00
8.597399548667205016e-01 6.934225288024735701e-01 4.295530945371796250e+00
9.075660402879615063e-01 7.160913704621977294e-01 3.927642167985598398e+00
1.601479774167024139e+00 8.639586612942843358e-01 3.258102214367123217e+00
1.587432991574413865e+00 1.083833192537192236e+00 2.911785849059437048e+00
1.794024449974326307e+00 7.110070364504366136e-01 3.036848967055646220e+00
1.114772626998491889e+00 1.811403150774227033e-01 3.183702733471589053e+00
4.202266912850940450e-01 8.610010236301703923e-01 2.523728974976663597e+00
7.042529995373590923e-01 5.813254365530170498e-01 2.740772793244561800e+00
8.469046102319669478e-01 1.553504663722509171e-01 3.076553168153925988e+00
8.246669706877165495e-01 7.081287865276666427e-01 3.359725120858884750e+00
8.886916460099714143e-01 4.621721159394445166e-01 3.610353181010264478e+00
6.274659387184010617e-01 -2.821017102773707430e-01 3.394357609759685257e+00
7.052629398323695398e-01 -3.089300801755597292e-01 3.429735499638043361e+00
9.417734427707833422e-01 -3.533897765143680370e-01 3.718305608795627215e+00
1.186597946464722719e+00 -1.070236912005994578e-01 2.822694806671235845e+00
1.445643871508660139e+00 9.302968493166113850e-02 3.185237553733182292e+00
1.039310812378851701e+00 -3.467010980758238325e-01 3.686626934010946766e+00
5.973536294742480823e-01 -5.344931479602528235e-01 3.210629317341123556e+00
4.917758512568782270e-01 -3.036033255372402317e-01 3.182518558210854831e+00
4.382716640073698322e-01 -5.370095280748256317e-02 3.326863716978588847e+00
5.979863350740615147e-01 -2.098579293269711155e-01 3.456861248358495509e+00
6.488812330433039177e-01 3.313596543925721449e-01 3.677588719067694356e+00
1.029100019662003929e+00 7.654751378811104345e-01 3.613934594067850004e+00
1.150884791858939993e+00 2.548963656571774372e-01 3.420459598245451094e+00
8.725610799592148359e-01 -9.588711448498615786e-02 3.324474692029937728e+00
1.067654133254873461e+00 3.294564149860515490e-01 2.993636900740464846e+00
1.441407656817176530e+00 -8.374306285175006637e-02 2.396274434669668274e+00
7.358304438770869593e-01 7.027374353214931035e-02 3.199011512009509062e+00
1.239268602094330207e+00 3.600084344286783034e-01 3.319399264738575273e+00
1.309329117167595147e+00 9.962915513798790978e-03 4.027933671437961216e+00
1.271421005692558115e+00 1.920739959974929190e-01 4.340440474795410175e+00
1.097764301972916190e+00 5.789513505034195040e-01 4.174875807312905529e+00
7.609878093756077266e-01 -2.767833893932581946e-01 3.629067659112470867e+00
3.422834780085560746e-01 -4.768541292625678718e-01 3.477820252764956432e+00
9.490139862440056806e-01 2.363672918087772745e-01 3.276161892558436595e+00
8.242735105266105755e-01 -1.661749900003000047e-01 3.795854418872098179e+00
2.270966165910493495e-01 -2.832530258940111900e-01 4.007466383720484693e+00
1.584182642400508434e-01 1.649300958938499928e-01 3.945561028009770599e+00
3.998034312563194526e-01 1.395190532781425685e-01 4.011303125061433938e+00
2.066585915779150517e-01 -9.272558838829474126e-02 4.846856264028103212e+00
8.028844067796681028e-01 -1.429980793794851379e-01 4.912348876012773147e+00
1.379631427606974103e+00 1.923179151617295246e-01 5.125343729430156259e+00
1.330125991492626891e+00 2.801078629341303139e-01 5.267144544847774057e+00
1.558364871527640139e+00 4.863001647298056396e-01 5.245142500501758676e+00
1.748547435768377678e+00 5.153901805897147526e-01 5.165032591207928014e+00
1.372256885766486523e+00 4.084539381546696823e-01 6.305656026197139497e+00
1.119512100425716250e+00 -1.400088504164773706e-01 6.815048751565988105e+00
1.595757054208128078e+00 3.127976288030723806e-01 6.810668834835456487e+00
1.421380157588531423e+00 -1.158288267404407879e-01 6.853375549834598068e+00
1.665956664534081977e+00 6.945793231023309477e-01 7.097588586205365146e+00
2.127101220206365273e+00 -4.688606417216183431e-01 7.156879689136083300e+00
1.918289497175560632e+00 8.889829496417511745e-02 7.194414329500614436e+00
2.280997671166513641e+00 -2.490716104378802934e-02 7.151554979185213767e+00
2.417301359561229379e+00 -7.966398416583114761e-02 7.519959821186010807e+00
2.408997518450691544e+00 6.223297230345168352e-01 7.624670076079596015e+00
2.257237667773192236e+00 2.721336738661966903e-01 7.684250606738475931e+00
2.223160571247014605e+00 3.142768300165865725e-02 7.150411501637146117e+00
1.553812001693579026e+00 2.461664805056981709e-01 6.388139034817225337e+00
9.808840295350511607e-01 5.839888378845269068e-03 7.013057801326743501e+00
1.144157971274856189e+00 9.142740608750220543e-01 7.282370203605823100e+00
1.203710549807252228e+00 7.051542246921111978e-01 7.057466642129614165e+00
1.089650806545520156e+00 6.992776059301132330e-01 7.437290637861580400e+00
1.169603816337759561e+00 4.275927980759793301e-01 6.585925478968086111e+00
1.237396257344080430e+00 4.395116056162163831e-01 6.711049091910231468e+00
1.238403469896574682e+00 4.335870630266983050e-01 7.080902908084429903e+00
8.551491471145096224e-01 1.727375636280251425e-01 7.054113309403509113e+00
9.300721390627723073e-01 1.083457291896378072e-01 6.975271541638094597e+00
1.260866795739856716e+00 -2.585696973694388001e-01 6.472035655078503424e+00
1.399904851554948593e+00 -6.918098169269638886e-02 6.108645598459284898e+00
2.090211489878188278e+00 1.389989209944628712e-01 6.587935720734341416e+00
2.087678887417087736e+00 -1.921605560978561777e-01 6.378891737215893976e+00
2.097401135620799995e+00 4.180309672925998088e-01 6.375037048767453918e+00
3.475367480782509677e+00 7.798978717618560985e-01 5.939443811371586612e+00
3.347806880562322007e+00 4.005626706641892132e-01 6.393881042306870377e+00
3.078607869504349281e+00 8.929378958573949143e-01 6.604833851379434684e+00
2.974510178780861658e+00 6.058768519469117653e-01 6.203116888660106909e+00
3.589498652601007755e+00 7.247294124197620757e-01 5.976886001785381097e+00
3.010927627403208184e+00 4.899795684378572269e-01 6.298772010156395318e+00
3.343528080584456941e+00 8.880519871228589324e-01 6.528216186530557685e+00
3.446352566327898437e+00 1.197374279161490307e+00 6.191647304799174911e+00
2.709326144674862213e+00 1.374715097451541856e+00 6.517042687431857217e+00
2.793096928983517024e+00 1.503094942961342273e+00 6.459902447404400228e+00
2.129184652212536388e+00 1.302763904247822069e+00 6.653290797756813646e+00
2.484905766086113577e+00 9.001458013748440123e-01 6.448701541708569351e+00
2.943163457906350811e+00 1.315040625111421946e+00 5.554150149546823734e+00
2.165395962515437756e+00 2.452328966117379161e-01 5.853528018326441540e+00
1.936022719920493129e+00 1.512922543099450290e-01 5.545142567894693286e+00
1.838993342134169318e+00 8.464769548454141868e-01 4.656851917058594914e+00
1.668257043886336000e+00 1.284713572052703423e+00 4.447545104953251283e+00
1.507355858419317629e+00 1.092270595469114314e+00 3.872721012855318889e+00
1.259906215511521932e+00 6.103791958775927062e-01 4.051025672453756776e+00
1.222757235605631099e+00 5.969596704101065576e-01 3.766733193589030471e+00
6.674871187834333641e-01 1.364311551842106507e+00 4.021643934229827799e+00
1.322977515937004078e+00 1.267696336568246096e+00 4.643593750342939863e+00
1.103154906475991126e+00 1.158837112919743229e+00 4.392210848082882535e+00
9.960605286505935796e-01 1.149424620396243713e+00 4.039214439556864988e+00
1.332337515167977049e+00 1.313162632209997183e+00 4.188109418246864557e+00
1.321888181526840400e+00 7.884064229972795879e-01 3.857684744406828070e+00
2.088964250469339756e+00 7.370178523201201815e-01 3.432647196305880222e+00
2.214433131081901873e+00 1.110751137516278853e+00 3.330269250525729419e+00
2.495541483881704270e+00 8.476937688563638273e-01 2.609101362263563040e+00
2.643989807411922577e+00 8.153146681971131793e-01 2.826469716202076654e+00
2.291034815709479755e+00 9.218201134134206276e-01 3.135084111235396875e+00
2.426670339388957043e+00 6.348782646823810660e-01 2.816312816703135713e+00
2.340224791100991020e+00 8.854970730499537312e-01 2.834465634156832170e+00
1.736898829187256466e+00 1.195295861668251858e+00 2.794251066769636083e+00
1.293734745689711696e+00 8.948358926488756415e-01 2.557600955415820110e+00
8.392742748881728554e-01 5.812094894923385269e-01 2.194375936937615457e+00
8.634039001462784357e-01 4.214361021000244123e-01 2.400128730187427006e+00
5.118403654957873750e-01 8.100247073971778011e-01 2.444140296286862579e+00
4.616029664445160385e-01 7.146448144453422247e-01 1.921236108732084835e+00
5.218206966098860589e-01 8.759302380021449785e-01 1.828781995390999837e+00
1.114368808253136001e+00 4.716622916095658535e-01 2.311299222339954884e+00
1.001865035008876248e+00 6.525600487092996227e-01 2.443536093624634198e+00
7.375938515473530188e-01 6.532416724971051858e-01 2.183094401844102528e+00
6.956730466491433118e-01 3.660991837829392082e-01 2.024618671397856229e+00
7.578522690071896051e-01 6.158055242181521838e-02 2.288271212770602858e+00
1.505042514982035451e+00 7.479510747428674833e-01 2.129692307788609185e+00
7.558765522370600731e-01 5.752140783931554147e-01 2.046416209562250899e+00
6.993470094866691689e-01 -4.483639107090162113e-02 1.867663103582505535e+00
2.641475009109016114e-01 4.210915357783331925e-01 2.266776574117205456e+00
4.146207687840248179e-01 5.696997645744958927e-01 2.321065734690574534e+00
6.540659435107785136e-01 4.875803363069352581e-01 2.391058193890987393e+00
1.775784662779350542e-01 -2.917799482697187585e-01 2.227284706457163033e+00
8.231199208778439136e-01 -1.118280267301093728e-01 2.913068475671689583e+00
2.744713794463808365e-01 -1.879388361640655647e-01 2.913713988020959267e+00
6.877505249773057106e-01 -4.267891571037884524e-01 2.673904296266634617e+00
9.226126109833451272e-01 -6.238444227053487889e-01 2.873111016250663674e+00
1.133837667471118360e+00 -7.749346379499157944e-01 2.971574800219246804e+00
5.248440368289865043e-01 6.294216389053475247e-01 2.777384934147555828e+00
6.657917135128229580e-01 3.489272846841556253e-01 2.437851796940079474e+00
2.481168018618078175e-03 -1.223153874095264659e-01 2.708548309791408926e+00
2.287145261543218899e-01 3.292774439444496881e-01 2.389439327534048640e+00
7.075070193646501027e-01 -1.826097417682263357e-01 2.460402743078627719e+00
4.247031038080317789e-01 1.194589327348742902e-01 2.457020733446971139e+00
7.747555210560070904e-01 -2.392610020980336927e-01 2.472341903597301993e+00
1.016701339950591088e+00 4.532165069014605641e-02 2.407024927980577989e+00
1.153825542500431567e+00 3.803657080667462442e-01 2.524521798017275831e+00
9.600049989290340147e-01 7.854318319776013579e-01 3.119411466817321621e+00
8.822520278087764289e-01 -1.085571325101031270e-01 3.208184744812025091e+00
9.262344921074605608e-01 1.869132330605840497e-01 2.732012816209962836e+00
7.580696270887886667e-01 -3.565272057251710203e-02 3.059874412578271752e+00
4.417048847637562448e-01 -9.226078890165342883e-02 3.297648882243252366e+00
5.269493000421208162e-01 -6.456199032817455663e-02 3.546588239112654861e+00
3.943988262533122402e-01 -1.415734318946726689e-01 4.190047792018332551e+00
9.540092275690095214e-01 -1.330782250915506504e-01 3.988099332031374455e+00
6.963889514286234483e-01 -1.516821201845480749e-01 4.147279278006865688e+00
1.295494858355176748e-01 -2.338259626397969637e-01 4.268096913174915130e+00
7.194964456713520695e-01 4.202871574444523861e-01 4.257707822589310354e+00
7.804266066562021154e-01 1.696388698130494588e-01 4.069000150473232935e+00
1.548885174357213845e+00 2.942479742928990616e-01 3.858024562572266891e+00
1.598493398389957854e+00 2.664254059926298157e-01 3.847781916591923146e+00
1.114894109621347384e+00 5.845408322038236210e-02 4.581377656615537752e+00
1.045374399988107772e+00 -3.520824347011445310e-01 4.395204116951046736e+00
1.233662480930684202e+00 -5.300092319994192946e-01 3.890996738340837258e+00
7.808384075617904596e-01 -2.058518875443323126e-01 3.695026429611501850e+00
1.241978870077469876e+00 3.183618540386401463e-02 3.888621956699831461e+00
1.437845177413453746e+00 5.960475114535765950e-01 4.280212289977725959e+00
9.094189154891596516e-01 2.433888357721142037e-01 4.554238501644334747e+00
1.593091264198260415e+00 3.579600808070864115e-01 4.138486420393503451e+00
1.686885614687928081e+00 7.217990654221392299e-01 3.715938847170169534e+00
1.542345413237359075e+00 3.313420494233375035e-01 3.221048645056514115e+00
1.133040204721771138e+00 7.541143565187783393e-01 3.243429623586257637e+00
1.035117385235596155e+00 7.144461125579140148e-01 2.930461743605415226e+00
1.236101640837761861e+00 4.365814142786481056e-01 3.096087550221932716e+00
1.146697897868416138e+00 5.076001772729946682e-01 2.990547935184589612e+00
7.943553084578758305e-01 5.793866323378786820e-01 3.109207134414282425e+00
9.890389863405865123e-01 2.480256622826859658e-01 3.497917601698969037e+00
9.441824270115237727e-01 -6.497807803839170115e-02 3.493163026999012377e+00
6.409415925472151665e-01 3.845242950540219695e-01 3.386622108550113808e+00
9.304505196239754028e-01 -1.638384669243743430e-02 3.482909663668934730e+00
3.405698204727630740e-01 -9.286913735999742237e-01 3.069387109493574961e+00
4.560458670130752012e-01 -5.979264945031304013e-01 3.442283889992011403e+00
8.058605941123350713e-02 4.398746293614572700e-01 3.852441360047212715e+00
7.025200636331503379e-01 -5.590515994619991991e-02 3.318303009931615311e+00
1.918790418861347491e-01 1.049148925113203290e-01 3.590536812778680087e+00
1.013952959641417184e+00 1.734989868109416966e-01 3.171100259514731512e+00
1.031892699827891002e+00 7.638036647954736802e-01 2.515713501982894673e+00
7.326071579251564048e-01 8.297538108712733118e-01 2.209329864810558597e+00
1.077342301591430740e+00 1.010746664935508354e+00 2.085588283113250618e+00
1.277257687674309805e+00 1.213192308574407630e+00 2.033454821369660159e+00
1.935188060534491328e+00 8.036820929785474243e-01 1.797755829613647549e+00
1.744613971946058717e+00 1.062987051442880970e+00 2.410207551696140538e+00
9.473966310823460635e-01 6.385423285032933993e-01 2.694818504751793409e+00
4.819427596424561977e-01 3.785648851730550324e-01 3.520189480167366547e+00
5.264537555037455130e-01 1.876330250743762917e-01 3.398727968963802137e+00
4.134113440151845897e-01 3.961611035430028654e-02 3.373420599994302549e+00
2.962325587735083476e-01 2.750786474091986289e-01 3.073047316683995778e+00
4.641238447874811990e-01 -1.501273369616453190e-01 3.619859304801042121e+00
4.991157075060875248e-01 1.191718621427575453e-01 3.314122685621919029e+00
4.539832705210727903e-01 -2.360821188231554124e-01 2.583532988687151200e+00
9.800749254256183596e-01 -3.353179204855882833e-01 2.742605525988931259e+00
1.107284361645925141e+00 -3.911316433814494842e-02 2.921603643713539533e+00
1.116351428313064442e+00 4.234830439638298527e-01 3.267094195396206935e+00
3.750368494085196680e-01 5.617666969440728852e-01 3.299952682592603548e+00
7.938588174214726845e-01 7.390204149213580598e-02 3.251199965589214980e+00
1.602351553496658143e+00 4.671343159770822151e-01 2.649157375321692154e+00
1.491643133220791784e+00 3.268311582607540400e-01 2.878704967273955084e+00
1.008186320804774327e+00 5.021725451938183760e-01 2.299537555388788679e+00
1.099499144294266317e+00 2.530622564263276253e-01 2.223363254935307953e+00
1.232624610222286421e+00 6.144862176560201839e-01 2.414279161075370883e+00
5.682927096884057283e-01 1.658618373161019621e-01 2.846272586051275422e+00
4.470598620449349192e-01 -3.820767221055654250e-01 2.840212435544103187e+00
9.506414390640979262e-01 3.392021356643719066e-01 3.168545658457490699e+00
1.135302753306380419e+00 3.447121750140749730e-01 3.290156535980194974e+00
1.106275600226408695e+00 4.932707287482978042e-01 2.879857606216618571e+00
1.012088689977645561e+00 8.375980427335575351e-01 2.723502387238559752e+00
4.130820900290425590e-01 5.159831355129995689e-01 2.790294470749741240e+00
9.110677291274864587e-01 1.044024447697402325e+00 3.055885634217144986e+00
1.611322299592036433e+00 9.230032125546385746e-01 3.037239173396618419e+00
1.349846678770819208e+00 5.013881441274875561e-01 2.939348890796650071e+00
1.223753067531316630e+00 6.054244364344333329e-01 3.543260639337206808e+00
2.001601008306168161e+00 -3.830204029180183101e-01 3.163458640850591141e+00
1.979468780866663780e+00 1.738008587602388466e-01 3.069770206867525886e+00
1.651515998499497817e+00 1.044611876767499170e-01 2.923273290207769382e+00
1.796740356687883677e+00 4.816743550813484820e-01 3.192684364136613162e+00
1.175507046754949325e+00 4.697334333715602050e-01 3.037767968646578165e+00
1.229033961343846793e+00 8.842876137334867437e-01 2.384267383262252959e+00
1.521070207476660441e+00 7.474639130801619125e-02 2.053371805308292330e+00
1.597357348177105063e+00 1.006564578606206212e-01 1.407522431249942585e+00
1.108202151309790384e+00 4.539274232395881237e-01 1.747701473398021843e+00
9.113839922731206133e-01 4.706314108844700805e-01 1.486612483547672836e+00
7.290452100947975023e-01 1.290896811057822058e+00 1.062034092757918824e+00
5.084854448994502452e-01 5.326212692118086345e-01 1.581101178162746645e+00
6.180172958196697985e-01 4.617946863156444648e-01 2.323905553771512533e+00
1.387981204855906592e+00 5.607179338581495809e-02 2.451397889961223875e+00
6.697284743280915720e-01 -2.355692628616993523e-01 1.817148845468323781e+00
9.140650008806731064e-01 5.140102405422950493e-01 2.598747132096688173e+00
9.603116445091022246e-01 7.736361257014974235e-01 2.502914212697526342e+00
5.427945748942486492e-01 3.681047341413818952e-01 3.231865426200244862e+00
6.584804585484218542e-01 5.260596930444980668e-01 3.596185540840276307e+00
7.843193956939600309e-01 5.616169134461282963e-01 3.896241922950133052e+00
6.940093811301359938e-01 6.524542633177646822e-01 3.298025698720345567e+00
4.625112563318733438e-01 1.326709886208106703e-01 2.785535609157677506e+00
1.021501538704204126e+00 3.174150315103780873e-01 3.063218554962989337e+00
6.149847837220552282e-01 -5.808669282997435124e-01 2.819886057093515586e+00
1.527290811751312871e+00 -4.360539950142243715e-01 2.623453607993903258e+00
1.434879426863346685e+00 -9.962847189004624404e-01 2.555386850012213884e+00
1.663693534605887869e+00 -6.389551648816454987e-02 2.410187756916983393e+00
1.709558248321163543e+00 -3.282563033894980165e-01 2.847237526950444853e+00
1.747449080883608508e+00 -9.726037362399668762e-01 2.483621140134087746e+00
1.659017939804176889e+00 -7.173149966823019197e-01 2.190317532868413242e+00
4.856874089538377182e-01 -5.565227239103657242e-01 2.729961175246556682e+00
7.470436835780340790e-01 -7.336316826564871496e-01 2.251935472349769096e+00
5.533732153202457482e-01 -2.482618791462801455e-01 1.979716640916463488e+00
1.037980308229988768e+00 -3.903227127680519715e-01 1.730282778136500443e+00
8.525840125395518498e-01 5.964095570299399185e-01 1.865380266154013089e+00
9.015638648481588691e-01 2.770518849596332323e-01 1.843643158602832122e+00
5.187170756483019396e-01 9.880140764862967162e-03 1.442610891453721456e+00
1.076883792007931051e+00 1.918982602969057649e-02 1.601582609397847801e+00
7.471655072792990904e-01 2.636645903476487196e-01 1.460598678352334590e+00
7.271383680762801838e-01 1.925107798876257992e-01 1.250271976523967155e+00
4.734533683417767036e-01 2.695693418441832967e-01 1.551480992631566025e+00
4.708002161968471988e-01 4.778559171067150446e-01 1.093239855636451319e+00
6.094124243280998332e-01 4.732731599397363431e-02 1.355447283777726275e+00
-3.458260744652581764e-02 -3.911549802425022815e-01 1.714026149049606484e+00
3.312178478256538883e-01 -5.030681896145887677e-01 1.811940888341995626e+00
5.097513147724074267e-01 -5.630175362726604904e-01 2.398025609677402858e+00
4.357982406413323795e-01 -5.291210962545825902e-01 2.402956690114619320e+00
4.675125976976494679e-01 2.806714372307035354e-01 2.239964735750977098e+00
9.361824792338818702e-01 3.699343669210929941e-01 2.047810863151774630e+00
9.404060619801621890e-01 3.382240541731147410e-01 1.814788182310159259e+00
1.069609910620198834e+00 9.349389972732646825e-01 2.259894752785534866e+00
8.471848779201579527e-01 9.646790600653439851e-01 2.301817135379463863e+00
1.154932221964138028e+00 2.581018267733969918e-01 2.139806597504368302e+00
7.737498774835391835e-01 8.410469601095648118e-01 2.051338765458061708e+00
8.800668475468234053e-01 5.452653789161335807e-01 2.236437738775803208e+00
7.168582669153175102e-01 8.765783959609078080e-01 2.623431628487891132e+00
9.738167954255614323e-01 2.487682862352239843e-01 2.618697477238843607e+00
1.043320893255385018e+00 -2.912051221446000926e-01 2.392386768340009962e+00
9.707442709049821650e-01 -3.261965452587166359e-02 1.836856626924730174e+00
7.609843934157680678e-01 1.479615393756849584e-01 1.343696328352922631e+00
5.199404987431569536e-01 4.243082493695392032e-01 1.266600246523704509e+00
2.704826552148861807e-01 -9.801949372254141479e-02 2.228214564945286025e+00
6.258210380604969370e-01 -4.560565812070206670e-02 1.627415036822676520e+00
9.269463776402429023e-01 1.780559418026345930e-01 1.688345825986306004e+00
9.414473873129685089e-01 6.002683551734656620e-01 1.668415675320363833e+00
7.571386635207857374e-01 3.601474159438313727e-01 1.551395695762472160e+00
1.307234595581114212e+00 3.113657692272998045e-01 1.534398988315788470e+00
9.286529214936583010e-01 2.025967864184798073e-01 1.694782967321729172e+00
1.108495784953654972e+00 2.099785996546072939e-02 1.661715161589557566e+00
1.155198203465829465e+00 8.997033751029887005e-02 2.255719102942771226e+00
1.041231933453188097e+00 -3.272210462529368674e-02 1.757734525259502911e+00
5.628160989907974310e-01 -6.851225208939621947e-01 1.944285003194369477e+00
5.858447875616387135e-01 -2.882984714024043882e-01 2.226776360280417588e+00
8.320435175710545472e-01 2.635715978584878272e-01 1.663185590295231497e+00
1.310115190652908490e+00 1.927480894658116783e-01 1.455451951780960096e+00
1.500432325180296456e+00 2.549331487275360297e-01 1.806652555991692388e+00
1.932459797290111192e+00 2.001319137509958157e-01 1.704265148494257032e+00
1.744333944860460228e+00 5.292376956007455169e-01 1.606180982272556346e+00
1.435141643713078619e+00 5.131728111732207775e-01 2.002070499583063601e+00
9.257702736803472554e-01 -2.147839036548803704e-01 1.862389985484320665e+00
1.728471874738380376e-01 1.324492271711445734e-01 1.801905546725221186e+00
9.859094850233146579e-01 1.353919321724921659e-02 1.854708545382294460e+00
7.904495903845714100e-01 2.567605944410671914e-01 2.204219359895676966e+00
6.705530751961967795e-01 5.505225778141815685e-01 2.363114201232087375e+00
9.861791647330101496e-01 2.524361596523689300e-01 2.453286411601874217e+00
5.436589792033817981e-01 -3.948493867600126328e-01 1.627081512755575776e+00
1.032289190676990875e+00 1.492774126575791838e-01 1.933145790153594445e+00
9.265578959117898306e-01 3.232671338285363349e-01 2.093087858282542513e+00
9.871073851544083233e-01 5.846322666782951538e-01 1.114014404594594332e+00
8.775722529823337670e-01 2.449575475169751271e-01 1.350706576343171816e+00
5.457640017671581134e-01 -7.044403006356075858e-02 1.476866002020738922e+00
6.914135751692256360e-01 -1.765633050611665200e-01 1.218107714777932005e+00
6.983634301746587392e-01 -4.160947356759205906e-01 1.399649308944420412e+00
1.457210208940040275e+00 -1.226503599041582071e-01 1.783093168668158590e+00
1.618064652670563319e+00 -1.345918514042217518e-01 2.119675371390461027e+00
1.705787262007492311e+00 3.198546264742997969e-01 2.299090704417001696e+00
1.546812803143109649e+00 5.090326085129294187e-01 2.129212771540253346e+00
1.702692555608850578e+00 3.826485640194583482e-01 1.816977109368036913e+00
1.476487569784300513e+00 4.498853972753892871e-01 1.929403728193767265e+00
1.144510377513780597e+00 4.582629163802756089e-01 1.563658634204973863e+00
9.230770961879503078e-01 2.844388873479758995e-01 1.939133132114867930e+00
3.546942436729522141e-01 1.215296395174527005e-01 1.743864042595207220e+00
5.569841455536354013e-01 -1.508006259026672957e-01 2.414717068392041810e+00
9.616881061187481095e-01 -1.280820409109837132e-01 3.188572921405197658e+00
1.272422464540069909e+00 4.164550452402531189e-01 3.061362946227559334e+00
1.737676866275016829e+00 -5.355975715079422939e-01 3.397885737974846609e+00
1.709531271249654427e+00 -1.229983556275752732e-01 3.099058306978052180e+00
1.918183064080172251e+00 2.109973956634866588e-01 3.503279136933718618e+00
1.462158119096052422e+00 1.132995500955858104e+00 3.147998097328354117e+00
1.099067965220439591e+00 1.904620349867670370e+00 3.008418057072161478e+00
1.057581606261482454e+00 1.039020423495789158e+00 2.706374850017561506e+00
1.155967886756634977e+00 1.374081156970529793e+00 2.743086083871947967e+00
1.706822000648768878e+00 4.931707425613784390e-01 3.748498087367913456e+00
1.645884417793164411e+00 1.316974725740248875e+00 2.983974244143847709e+00
1.265323636465089940e+00 1.108635068940568402e+00 3.667565431890223326e+00
2.005940776293833050e+00 3.784170357622108072e-01 3.027095645317686934e+00
1.828056815955235725e+00 7.431904507503241941e-01 2.545582604852336228e+00
9.848659013548547447e-01 7.974635845155925162e-01 2.623355070052064697e+00
1.130543202671234315e+00 1.212828990491810199e-01 3.102352394264974222e+00
1.860800582503235212e+00 5.600743229153377634e-01 2.805032449333063838e+00
2.223159114371192846e+00 6.111566985888904346e-01 2.393934371311912557e+00
2.215066323315143304e+00 1.564903721776987888e-01 2.651002497758140564e+00
1.627217163236843289e+00 4.685724321466515629e-01 3.015667084870790049e+00
1.388478742083358641e+00 5.216560387150620537e-01 3.190469516856718535e+00
1.528756668681610975e+00 5.834040546379299919e-01 3.243720881269919865e+00
1.279638548840236645e+00 4.491655506601774372e-01 3.430180101192760844e+00
1.236094430109396347e+00 9.566579718059080584e-01 3.029821222972282513e+00
1.488569486459924152e+00 1.363440050981590712e+00 2.800226116015334554e+00
1.079755031742207549e+00 1.271172674839675221e+00 2.939787361461219550e+00
1.380885884845466594e+00 1.646134984839491722e+00 3.243722041288046753e+00
1.500864926248153930e+00 6.752856166386944636e-01 2.961130566121260355e+00
1.405057460690038562e+00 1.628153771403761940e-02 3.551914446936737857e+00
1.538551725576010831e+00 2.961035526240332061e-01 3.396471058713869340e+00
1.708894421240577666e+00 -2.148125031236027827e-01 3.730547272045322771e+00
1.792526596526537341e+00 1.353279290469212581e-01 3.727285666723898938e+00
1.584464152114380298e+00 3.479150368858630570e-03 3.791141469506626560e+00
1.197124608795027800e+00 -9.077962488997590174e-02 3.032312162656572774e+00
6.213414562902968008e-01 -1.340410393638470365e-01 2.307687930452337444e+00
9.203163159923961611e-01 9.480897695807163905e-02 2.768376751047654238e+00
1.495550902953579397e+00 3.702104703511319150e-01 2.269969823871639480e+00
1.146429876495741018e+00 1.604075727884039793e-01 2.640371843007817354e+00
1.115052551304054784e+00 4.697344084332570335e-01 3.223396251198201057e+00
1.442953911319673432e+00 2.996303271250968514e-01 3.260596142035828038e+00
1.386823557904069970e+00 8.065115332356505018e-01 3.131099573138445891e+00
1.850239745970480909e+00 5.282425301366957537e-01 3.632972373233428698e+00
2.087358051914821377e+00 2.115063432823917067e-01 3.511170342974503367e+00
1.646268321155576420e+00 6.540244669294315027e-01 3.846960922231143165e+00
1.995150311251933095e+00 8.839605165125717923e-01 3.295066714912509909e+00
1.553508655169322017e+00 8.350974889125808431e-01 2.704169445755036261e+00
1.782839047385140319e+00 9.664251662159182299e-01 2.562326027062586498e+00
2.207560854784441418e+00 9.133591728185770364e-01 2.834553028397106988e+00
1.637930376844358493e+00 6.404848770020978854e-01 3.106269015365387798e+00
2.032506611879734582e+00 9.001389015322734943e-01 2.505840450735810521e+00
1.803884531486046550e+00 7.803784336258657861e-01 2.598897656469275397e+00
1.346650614868462492e+00 5.934973170154733690e-03 2.450406234789398674e+00
1.433267712275094530e+00 -6.943948653068254817e-02 2.105435498043759068e+00
1.046285349895073935e+00 -2.875724894894719497e-01 2.790633660317369369e+00
4.743435821813186681e-01 2.460129287980918344e-01 2.281276019144775624e+00
5.860073324868458888e-01 -3.628996070995382794e-02 2.556950774343677235e+00
2.218308610198564401e-01 2.029366981351531374e-01 2.758788740866679579e+00
1.367887173511413423e-01 -7.062434609761591986e-02 2.875726277460945113e+00
5.269112358764052040e-01 2.472465862775126422e-01 2.029719170533549555e+00
7.482835350945531427e-01 -2.825674764075727929e-01 1.958753833450123327e+00
1.022438880193557775e+00 2.022583577503053731e-03 2.342065118908607246e+00
6.537413271544650906e-01 4.118673642109330624e-01 1.988226330119291729e+00
2.202513250431106240e-01 6.443316602446943486e-01 2.065121333970478368e+00
7.950743802163419138e-01 -3.416089757912058045e-02 2.829038981913536865e+00
3.251061849102090950e-01 -2.040859147197503914e-02 2.438087782106856949e+00
6.159583582543278757e-01 6.661537481287801987e-02 2.643670143636294156e+00
1.033052567654878962e+00 -1.987872524508208505e-01 2.773801565878518449e+00
1.290456400945472648e+00 -6.380588650779353554e-02 2.436915111684613056e+00
7.297449736276525600e-01 1.670650949372891603e-01 2.590493824965568681e+00
1.455525356177451268e+00 1.542970491457729409e-01 2.180034067712762980e+00
1.467446171333745442e+00 3.169980720892501269e-02 2.566437870861118409e+00
1.445519290581883221e+00 1.288927503463525026e-01 3.218773382365947011e+00
1.338999991275183099e+00 3.148647510447704495e-02 2.870594838480721389e+00
1.238296258763592395e+00 4.609144917798196350e-01 2.503972699703783000e+00
5.697961389826429190e-01 3.543370905248467428e-01 2.632752910405541158e+00
6.285972589837784952e-01 4.460564633379078270e-01 2.570529425538945478e+00
1.443612358885469238e+00 4.427041163534560231e-01 3.059159974614307220e+00
1.428079085837677287e+00 3.900004009610428812e-01 3.063782197357360015e+00
7.464689308269996104e-01 -3.046300905764405820e-01 2.763599953816388233e+00
8.779072921344571734e-01 4.149553919588938600e-01 3.083840637106763705e+00
8.247196947375261544e-01 3.518183813723663178e-01 3.273481269236348190e+00
5.182174624339594970e-01 -2.364107194050582006e-01 3.555439540318925840e+00
7.172931096351625735e-01 -2.676623906541930609e-01 4.015542369477434370e+00
3.011208178966128246e-01 -4.216022291737906991e-01 3.929405315958089950e+00
7.032978663445014211e-01 -4.653307919841034312e-01 4.215262495170178703e+00
7.968989453065075113e-01 -6.101321646543224342e-02 4.768971074481545003e+00
1.055786596255897658e+00 3.001747904312923043e-01 4.701331197942113072e+00
7.661767636349861021e-01 3.107162821913942996e-01 5.236677079023765558e+00
1.007410570956257967e+00 -1.338411423230063957e-01 5.865121011193296319e+00
6.041972237999249096e-01 4.094099912123824181e-01 6.269372860535269432e+00
1.081488102998509504e+00 3.455944134707839566e-01 6.622040635503012140e+00
1.075936700928197265e+00 2.708765773529932530e-01 6.378232515654173262e+00
6.116283207558255164e-01 6.629231479337537036e-02 6.199047826519830551e+00
9.767701867157734252e-01 2.976062173218071427e-01 6.825285646496932479e+00
7.483703861935916413e-01 2.318805078388269103e-01 6.712305566610257124e+00
1.077134682120587383e+00 8.943410780873305432e-01 7.130253282060317943e+00
7.013820875016845147e-01 4.914106382801793904e-01 6.923160382993271966e+00
9.135599522661240757e-01 2.475226531622784498e-01 6.927655423269136747e+00
6.184293367773083805e-01 2.197732884029574563e-01 7.051924547262863996e+00
2.502689119360845260e-01 5.820012402935819118e-01 6.874961542964582506e+00
6.159885767320557592e-01 9.279281928868082785e-02 6.178106138183363960e+00
5.279136824903051251e-01 -6.231879672963075434e-01 5.189338274524102346e+00
1.083074345601886979e+00 -2.390892999308091849e-02 5.376608362189021051e+00
1.148476037012672979e+00 -1.759600045807293289e-01 5.516653927236729871e+00
1.129991575130371517e+00 -3.086301703520115680e-01 6.019073268292881806e+00
1.251414129256448904e+00 3.107152834637254557e-01 5.958921467703690134e+00
1.178492028340405895e+00 2.282062688602112532e-01 6.284645915706438934e+00
1.476366318503779640e+00 6.791267622808820903e-01 6.372706186223806135e+00
1.088561923307522772e+00 2.977670048697113603e-01 5.766730610549610780e+00
9.074992072368596174e-01 2.747724035334002113e-01 5.603228678584322608e+00
1.370580083534960192e+00 1.602635503227540781e-01 5.469806271639400030e+00
1.648359664743326070e+00 1.262189724741713190e-03 5.976210011262509170e+00
1.374750702022512483e+00 5.550038690206358233e-02 6.256752209388463548e+00
1.570682652545351443e+00 -6.157242519481036513e-01 6.301859098235022216e+00
1.169090479900640966e+00 -3.387223755592387309e-01 6.160628576682587898e+00
9.884655980556265042e-01 -1.537477135670907158e-01 5.859954428235504942e+00
1.244386816654443395e+00 -2.112895854896379710e-01 5.593515543147637992e+00
7.943105610632548164e-01 -2.476165020199211086e-01 4.580996791456564132e+00
1.333260562678523664e+00 5.533529219733750448e-01 4.166051989658958732e+00
1.218975294182753411e+00 5.241565294757433158e-01 4.056944546908577642e+00
1.647264969665497070e+00 2.016091043117858583e-01 4.636741231085528270e+00
8.981558455810604302e-01 7.737775390547108056e-01 3.956843419873708356e+00
7.477402029396650329e-01 6.102180179549075989e-01 3.734287634908211473e+00
5.789377941907944969e-01 3.719025676641012357e-01 3.785969616450646669e+00
5.789377941907944969e-01 3.719025676641012357e-01 3.785969616450646669e+00
7.824821203059173502e-01 2.462244664360525581e-01 3.309500278845492360e+00
9.737295407428574467e-01 6.117875116326339929e-02 3.831871585579631478e+00
1.096495218804099725e+00 4.121664781839162739e-01 3.546323032383585261e+00
9.178279665802314691e-01 3.047333352239294246e-01 3.427610767848223272e+00
9.505463818337070991e-01 9.872145994852928874e-01 3.970505558198696328e+00
7.601934739659630402e-01 5.367140822225147101e-01 3.288238953847219648e+00
4.277582666977122750e-01 5.550650773850586139e-01 3.601207824209022412e+00
8.378671175224380319e-01 1.581715646717406221e-01 3.512225208760497264e+00
6.591329278674422643e-01 2.390589477568881016e-01 3.298596472763497101e+00
1.100228299041536628e+00 -2.860629371069789428e-01 3.457725818794450845e+00
7.943920881594291883e-01 -7.165147477865083658e-01 2.909937817624911105e+00
3.202827023439474008e-01 -4.499513892607184262e-01 2.663037464778903463e+00
8.050709000915761138e-01 3.037616162162928291e-01 2.855047355185682978e+00
1.522040964473777791e+00 2.030074023953140350e-01 2.672546770049758269e+00
1.377413332436646209e+00 4.423659783611041951e-01 2.603887920834954350e+00
1.140500460328743415e+00 1.737625836554246850e-01 2.892887510956039243e+00
5.902943113285054055e-01 4.704068873635658399e-01 2.811425756829811551e+00
7.668710295740668315e-01 9.372287666096639214e-01 3.327057320205682345e+00
6.752900013629067333e-01 9.788620033162620526e-02 3.189581288665884085e+00
7.135215334191125081e-01 -3.002281890876704745e-03 3.353843298545066798e+00
5.080497902925765752e-01 -1.328005594733060735e-01 2.934345205437091764e+00
3.471821380913654997e-01 4.627225959509055908e-01 3.547844822898123862e+00
1.017813395187495029e+00 5.582287886967609580e-01 3.829013250217916386e+00
1.440626791912938964e+00 4.585236108971619262e-01 3.591051476472816972e+00
1.268495635776624164e+00 1.228079738307727098e+00 3.527232812736593726e+00
8.344700958734077023e-01 4.679157103792137562e-01 3.485442614038870790e+00
4.949242236410239526e-01 8.949807696536210555e-01 3.555240993939565719e+00
6.064141191304178724e-01 3.820228203427287195e-01 3.844608425827326759e+00
7.054299465821298742e-01 3.272818622574064085e-01 3.964745741017392966e+00
3.194431244525103297e-01 4.882245069875313925e-01 3.779812032197761518e+00
1.084573122590123395e+00 2.101801165059289933e-01 3.263154962583314056e+00
1.410811476923380381e+00 1.175680962228972670e-01 3.976853755108088695e+00
9.048426039547574629e-01 3.223939758407638745e-02 3.349888451743123774e+00
7.336272964563199661e-01 8.696477651518691454e-02 3.292162295722566245e+00
4.496684538399596809e-01 -8.183482428570867384e-01 3.879121039137930271e+00
7.940086260859510747e-02 -2.908149156388801782e-01 3.563936151785379813e+00
9.922174534418600755e-01 -3.796772031970070960e-01 3.638386004275118601e+00
5.580933571106769797e-01 -1.080182210795784525e-01 3.227968609635138542e+00
1.140890891825788067e+00 4.383260081271123099e-02 3.622174094613769046e+00
1.164262689055128641e+00 -7.083687704612947611e-01 3.436146865270418349e+00
4.897801281215534708e-01 -1.476662956621573597e-01 3.600291797919783487e+00
1.127953780187595845e+00 -3.045103172743722775e-01 3.537732982177807628e+00
2.388356719556112284e-01 4.409572334686734374e-01 3.060322086658365581e+00
3.773412604366570555e-01 1.189606176717156044e-01 2.355619660844196162e+00
4.417333285976688950e-01 2.021664612943203099e-01 2.722377925286606715e+00
3.573361018554434554e-01 -6.150977136636454762e-02 2.710544798849441772e+00
8.453988340186271433e-01 -3.354763798100262040e-01 2.696937545766020516e+00
1.031820224666382124e+00 -4.742721166340280181e-02 2.675402487135282392e+00
7.009120549950040857e-01 -1.565364635979520358e-01 2.826979570597039082e+00
7.921018794004718311e-01 1.290246121796513323e-01 2.107337720768343914e+00
1.312412458293877426e+00 7.116570665702220966e-02 2.457360955886337628e+00
1.250473068200743887e+00 5.246024405180670369e-01 2.250493613071857357e+00
7.164292877859819164e-01 4.604457019903243631e-01 2.116006193687717030e+00
8.432639383868105742e-01 2.879577267570084809e-01 1.795617577389366559e+00
1.229973492362681053e+00 2.558557171228091343e-01 1.841994595787578959e+00
1.204756134405459811e+00 5.582822611116381450e-01 1.536209968992902297e+00
2.243233001216145883e+00 9.185985177737697738e-01 1.178196391484689576e+00
2.696110686051198524e+00 6.354776631388393549e-01 1.519736772518041068e+00
2.252331635753555439e+00 7.544547434677841835e-01 1.769071916377869425e+00
2.683398288586749114e+00 1.065709416901534201e+00 1.389002283097972024e+00
2.702871650467151721e+00 1.130361693411743529e+00 2.035812224236598578e+00
2.388203648084649799e+00 7.558198624013579003e-01 1.799355722204294628e+00
2.722182668048082732e+00 1.411044638628210945e+00 2.620754642428235748e+00
2.624312033724324422e+00 1.399803691301251041e+00 2.603838717546288706e+00
2.648775558005774133e+00 1.573997152746011263e+00 2.890579947089824131e+00
2.747699193780648308e+00 1.049088074164912676e+00 3.151588202668072380e+00
2.842645297232780255e+00 1.014286950358995076e+00 3.903281315116880812e+00
2.312252937089002813e+00 1.166198018563005645e+00 4.149828056268589194e+00
2.106982448458091461e+00 5.097987972385300548e-01 3.980826511810821700e+00
2.286750461618907160e+00 1.083877230765686761e+00 3.739766459273532018e+00
2.429309650931813280e+00 1.607185195516804388e+00 3.974880186717157038e+00
2.273954605365294146e+00 1.668548893741397698e+00 3.792890390263993439e+00
2.701130142808028101e+00 1.227992388664524093e+00 3.430620383173217380e+00
1.908174265128090852e+00 8.292194155222574192e-01 3.072457395887076448e+00
1.948674845567516911e+00 7.222986704583232997e-01 2.671837939021707964e+00
2.088180560265227470e+00 6.894963173868213779e-01 2.370085520517153377e+00
1.577112600822906829e+00 5.784593896154772708e-01 2.472185429407926183e+00
1.006071300919900935e+00 1.026167757818916115e+00 3.030898800188227327e+00
2.015725246580546415e-01 8.275312681889868127e-01 2.645198612406033156e+00
4.863511258062641618e-01 7.143750174180698576e-01 2.306311649126646657e+00
4.468333543222904325e-01 9.455845079535950548e-01 2.106697699308292648e+00
1.384102493426544456e+00 1.197726450594462921e+00 2.579039895745967481e+00
1.917488108700983851e+00 1.192692478735180472e+00 2.673795876232272217e+00
1.720813492726360971e+00 6.890286786660273499e-01 3.335758525944568120e+00
1.978412051723120957e+00 6.392152142160582862e-02 3.012436103923667119e+00
1.888909316661016469e+00 2.285289063002383103e-01 3.178431798701446986e+00
1.883406792175778000e+00 -2.195393404715043073e-01 3.380432088368370280e+00
1.895883544632543050e+00 2.321010354961042799e-01 3.278920495065293927e+00
1.217823136439260878e+00 6.757900986849237068e-02 3.591368632448970200e+00
8.846769417493143273e-01 -1.061793447503291410e-01 3.032439639506839146e+00
4.559640259494756043e-01 9.125480359561240207e-02 2.743810211163411950e+00
5.077277504159398713e-01 5.208187720561984202e-01 3.354323330134889147e+00
3.814741552448610573e-01 5.619980226343683771e-01 3.473916177302168506e+00
8.051220877630766992e-01 8.896740006650585286e-01 4.126771996948410681e+00
9.754054068075888040e-01 6.359229648313208250e-01 4.234134286391841862e+00
3.479857651264137708e-01 -8.613806909868404471e-03 3.702940004091951121e+00
5.383967105641587203e-01 3.849806544228573935e-01 3.421858430050633171e+00
8.602702111356850256e-01 -4.254812013935174719e-01 4.332719088962522669e+00
4.631824398182412539e-01 -1.082549658269311710e+00 4.371767207267943434e+00
9.426818476935904245e-01 -7.880430052323855739e-01 4.212344864509433684e+00
4.497768885166549269e-01 -7.048145714230709125e-01 4.263713641415346700e+00
1.005628790137978568e+00 1.200917400978814553e-01 4.235689317437358881e+00
1.053987740492921654e+00 3.177034221663596059e-01 4.847574507014712708e+00
6.920441341745601216e-01 -2.240080785906043426e-01 4.576830961046535862e+00
6.525398757065372646e-01 -1.826735731972828070e-01 4.760748512688413925e+00
4.531066823773286512e-01 -1.082397825091695742e-01 5.241359610471046260e+00
7.796427747927098251e-01 3.169376393783182033e-01 5.603499333666801974e+00
5.075957880520425292e-01 3.804549502210011203e-01 5.883297722344220659e+00
1.391979739883057787e+00 -3.630389090668729724e-01 5.698180631721835532e+00
9.183737748675981916e-01 -3.415791032987481324e-01 5.354960133626025964e+00
9.651546223125905266e-01 4.930665010864625497e-01 4.507210445177952884e+00
1.337403925265230109e+00 9.539660679619628159e-01 4.852602287127581349e+00
1.642256585554791481e+00 -2.639881151457124098e-02 4.706225179346457566e+00
1.396699155689050009e+00 3.953133510382760285e-01 4.615209664203867135e+00
4.795972651723450220e-01 2.794315364087764930e-01 4.752857064130752818e+00
6.398294007010970619e-01 4.722386793989771236e-01 4.448514349758971420e+00
1.043589856563436502e+00 3.168773487603590566e-01 4.648815079572598208e+00
6.321293385979537272e-01 1.639757189987549879e-01 4.618625271492446061e+00
4.086428958127286126e-01 1.977110718448187310e-01 4.635250400720885011e+00
8.348483633823755579e-01 3.075216264271867228e-01 4.070485819440714081e+00
9.483693873775446148e-01 -4.572756664312721542e-01 3.906131154186946564e+00
1.040387727160962950e+00 -3.865439463084002769e-01 3.283856779708361984e+00
9.731621144803886958e-01 -3.142815878621645909e-01 3.308438383501705715e+00
8.378789991478063914e-01 1.352176244374933556e-02 4.062229385332782883e+00
7.199305418668325851e-01 -4.383375815494542360e-01 4.298360422078680187e+00
1.071632859146199657e+00 2.592271018340025490e-01 4.060845628631125415e+00
1.070163726748150301e+00 -1.565998738815928826e-01 4.186440751831189466e+00
9.090177046950024264e-01 9.824655178135681399e-02 4.206991655601580504e+00
6.051139569594780054e-01 -2.340586273485550373e-01 3.937511028098695132e+00
8.014369822804804366e-01 -3.215881148151165103e-01 2.958558997785172284e+00
7.095302345913497843e-01 -6.010826981245238898e-02 2.857067798667005221e+00
1.103698622716727806e+00 1.539243123319820050e-01 2.736322366283560292e+00
1.450209534228823260e+00 -2.070589000814712921e-01 2.743399855231575923e+00
1.440599542313548476e+00 5.330722966887448122e-02 2.886897201129753121e+00
1.333624998374639770e+00 -3.663435749380208883e-02 2.852751909645395045e+00
9.336303148633712246e-01 -3.031407632652025064e-01 2.855238427778214128e+00
6.206072910773136053e-01 -7.719197961684728937e-02 3.184802940903002977e+00
9.655320086263948776e-01 -7.623525391773869342e-02 3.191333089446089399e+00
9.316571254540807479e-01 -1.657386004974316651e-01 3.244378195591703928e+00
1.181500577522630824e+00 -2.796577769058217755e-01 2.902179222066540554e+00
1.337272152941490155e+00 5.849878908207708506e-01 2.773740068982539775e+00
1.209765071868625697e+00 8.426370879271011249e-01 3.037025863416841887e+00
1.562191378435417555e+00 9.805616380659368803e-01 2.751962727928040309e+00
1.396829281205459239e+00 5.314448697972229407e-01 2.452541611472866201e+00
1.586013717135606127e+00 1.387096295490845455e+00 2.673921137426542582e+00
1.692400589710995940e+00 6.851916116574551241e-01 2.505392275715626837e+00
1.368484386954167187e+00 5.123103644526340039e-01 2.639530851170744707e+00
1.750182840663374817e+00 1.907793431619656532e-01 2.697443414113613436e+00
1.411903383814913537e+00 4.375206312678054515e-02 2.687642457691901132e+00
1.462736155877469413e+00 5.978416431145573418e-01 3.001580594774438726e+00
1.856449447606524750e+00 1.222710702455134524e-01 1.942525147444030154e+00
1.680780704558408667e+00 4.300610299146723214e-01 1.635767207958353175e+00
9.295827046762092927e-01 7.761535265839073494e-01 1.617249284959615840e+00
8.148296697584217485e-01 1.135158879459942094e+00 1.151741772356208893e+00
9.869369109711728649e-01 1.329000312648354720e+00 1.790617252954560756e+00
9.446944771372766114e-01 7.258322520221853758e-01 1.707073691006368854e+00
8.789902603992378882e-01 2.039470378355451308e-01 1.110392832081414483e+00
1.079217832332242555e+00 4.625828274796984774e-01 1.843322903810080016e+00
1.126673170008535063e+00 4.089005052865237189e-01 2.082922535856800650e+00
1.382624130049240785e+00 -6.362797875620401777e-02 1.902024073677389904e+00
1.135551696207780736e+00 -1.785484875413625716e-01 1.787308891982299697e+00
1.084091263964409801e+00 7.595085556742744992e-02 2.321856564559867220e+00
9.090319488314377860e-01 1.656848780476943839e-01 2.112382010885319072e+00
2.551119949882155180e-01 5.468686204844256382e-01 1.533701415627003906e+00
3.733112797939156513e-01 -4.402344368437993150e-01 9.477799973020781810e-01
1.398010601299700006e+00 -3.212904092677726364e-01 1.488571413021884560e+00
1.507203915402997252e+00 -4.029228647694041987e-01 1.197977625462201878e+00
4.430240274601694450e-01 2.187938640487034070e-01 1.384448489092977796e+00
8.967464294314623219e-01 2.497760964022850139e-01 1.744294155553259396e+00
1.150669707499747618e+00 1.087552191358638620e-01 1.246666806940726735e+00
7.210190789889352470e-01 6.227835261260653565e-01 1.770623490962502933e+00
8.087659787057840388e-01 2.399432074842373086e-01 2.584270830535529750e+00
7.389192970332710830e-01 7.291924653932134459e-02 3.174556997526484015e+00
1.235407697254284454e+00 2.041241534369478972e-01 2.705540254378540954e+00
6.076316576523100865e-01 6.435612775581768252e-01 2.289046996257224631e+00
7.369003599831331908e-01 9.514382610228480086e-01 2.554788466160089033e+00
8.638268276647528832e-02 4.447188680353940660e-01 3.203469385380809165e+00
7.665534663958898376e-01 6.533585884413068978e-01 2.423822469019615955e+00
4.498996416075577987e-01 4.776146013106420396e-01 2.370766141282453443e+00
1.078232690921643977e+00 2.894032021747402483e-01 2.672314768991307599e+00
4.924550229083441422e-01 4.854665681562571611e-01 2.502097507646972918e+00
7.110142652906231708e-01 6.062643940580357826e-01 1.762318524660819730e+00
5.529701360643716201e-01 8.252788445229490844e-01 1.907505360545346695e+00
1.014435342076065033e-01 2.332132246698006006e-01 2.065220366653245154e+00
7.117266750727115898e-01 7.659567598903497254e-01 1.374038098587689438e+00
9.936833125661490573e-01 7.228415104491716647e-01 1.233961901255039795e+00
6.624780568106395373e-01 1.032419023866249619e+00 1.055124847681957467e+00
5.769253010207988641e-01 1.029123456676615422e+00 1.465907446564272298e+00
9.274790904491255761e-01 1.239957119524119245e+00 1.315346881077596786e+00
8.759461819390009785e-01 1.317050998418737962e+00 1.390450713942875449e+00
1.030965108413037568e+00 1.436663863637050564e+00 1.091821750133568969e+00
7.451399007370099747e-01 6.588586061363901347e-01 1.579494574224074910e+00
6.854092040106117834e-01 1.206338198363264169e+00 2.042379247856045854e+00
6.806791464325118168e-01 5.447123199713725938e-01 2.111137463339344045e+00
7.727914725414777308e-01 2.755421174369339088e-01 1.630647264797705720e+00
6.166611912039348109e-01 1.457065388031473785e-01 1.908379493050493814e+00
-6.286819449086551714e-03 4.778509223820205654e-03 2.244174138677992314e+00
5.902471833945730495e-01 1.907055426710688728e-01 2.668033784341946824e+00
3.777039984317398513e-01 2.351469256899565985e-01 2.988128898358950902e+00
6.567829692207191039e-01 -1.567451212300482177e-01 3.699495875119042765e+00
1.694512990232758809e-01 2.654054465826339859e-01 4.183837915781212224e+00
7.254261657108133088e-01 2.178222358708669926e-01 4.822664804984798437e+00
1.096046379060137133e+00 5.309136660428889071e-02 5.201407190392412616e+00
1.212257880892684936e+00 -1.161162764539448444e-01 5.068137583271253632e+00
1.347713338103672331e+00 -1.070391099566521259e-01 5.061274250253094742e+00
1.529660924958956558e+00 -2.447806642770510854e-01 4.533494623905614418e+00
1.245710672326859170e+00 -5.674435273940774405e-01 4.722636753393776310e+00
1.207596859840657455e+00 -2.363783352223467193e-01 4.730274426706357893e+00
1.642373129354775418e+00 -1.020375971359206713e-01 4.388329434686100150e+00
1.502849671453732050e+00 4.986569438965424150e-02 4.012428514171966221e+00
1.508599209046660228e+00 1.059619527855908960e-01 3.480132755634104402e+00
1.580799404549826148e+00 2.297487161385944679e-02 3.782616070437355482e+00
1.205343348192928543e+00 -2.775814355050506554e-01 3.230965311104433635e+00
1.303279975430651216e+00 2.691053967491234267e-01 2.785886252485546777e+00
1.483559633448412018e+00 3.960102964515950785e-01 3.084585673793000637e+00
1.051834202862288903e+00 -1.358916852593295976e-01 2.439798637385438784e+00
9.410356181169756695e-01 -6.758071467154816436e-02 2.032824548617925497e+00
6.174590032525890670e-01 -5.957608792141834142e-01 1.765930605459160585e+00
8.556645978954916520e-01 1.845214426680163999e-02 1.570948484984122429e+00
1.016361228222742774e+00 -3.254710195547054485e-02 1.497199885415664511e+00
4.837882791251660319e-01 1.161005405141545488e+00 2.168435652899939114e+00
1.370719844094753004e+00 9.307618120030048958e-01 3.181293546673380490e+00
2.087194038225337778e+00 6.849631637097999270e-01 2.828114196109595913e+00
1.530832221561791995e+00 7.231569759032425715e-01 3.003432260785370289e+00
1.435702222384766191e+00 1.040130028971444132e+00 2.810850429603035217e+00
1.547585286048857034e+00 9.982575234182206048e-01 3.021223396988390153e+00
1.573820721048866167e+00 2.394802960524111124e-01 3.241653450235923106e+00
1.158348937834037917e+00 2.183429548019540783e-02 3.216188778073204357e+00
9.723296838997516067e-01 5.967501346137178003e-02 2.999044008379906590e+00
1.108579045819427789e+00 3.213463944856305154e-01 3.162920260986293641e+00
1.085581570590050893e+00 7.472866982630480548e-01 3.780928242524203675e+00
1.307172920072657396e+00 6.991656727415552774e-01 4.246035292434078734e+00
8.862155617574404287e-01 2.318545772142939776e-01 4.219032381382403329e+00
4.796158869208256292e-01 -5.334381473084264663e-02 4.693015404379644373e+00
4.069747516678179355e-01 -2.815273222425311861e-01 4.806246348384511258e+00
1.126029971089470560e+00 -2.901254502684830761e-01 4.920430577385701554e+00
1.396508410231995345e+00 3.687954889141840109e-01 5.480744596705295457e+00
1.049847953559903679e+00 3.794674812318085122e-01 4.992456530461682362e+00
1.502622827080087431e+00 5.529289812928693815e-01 5.323644168114110897e+00
1.778427420031528650e+00 1.835664860783608465e-01 5.104200449314343579e+00
1.179147780992790384e+00 1.378121086044797605e-01 5.405143202255532131e+00
1.469653192463953983e+00 1.725645119933016669e-01 5.957833323441970919e+00
1.584811137674511095e+00 4.140909849014895450e-02 5.897201495911311042e+00
1.571990867512679690e+00 -9.594373541166626926e-03 5.607690772986547501e+00
1.045712326528690728e+00 3.701508669843963095e-01 6.227034549201454716e+00
1.114109832725130200e+00 1.349554489101394195e+00 5.997358033355729923e+00
1.184633039652612130e+00 5.226278772115426907e-01 5.912053433244402356e+00
1.023176660516936121e+00 6.799054323458897375e-01 5.748374634942138073e+00
3.782944227073631871e-01 4.801027947987497879e-01 5.526124989291146150e+00
7.765497577875489776e-01 2.433786849696070176e-01 5.045215803429669243e+00
1.065654212957382718e+00 4.620127214192201737e-01 4.471207515659892273e+00
1.274235593584459147e+00 -2.625067198479796859e-01 4.224247868845653286e+00
1.383763081703699216e+00 -2.330768151759207152e-01 4.273250746228121955e+00
1.453218305279491807e+00 1.841150482740726846e-01 3.941384964057567775e+00
6.663067637244294295e-01 -1.605885800303434863e-01 3.350524643448856477e+00
1.718261736928826666e-01 -5.516464173596123677e-02 3.875043009283330342e+00
2.208650669753539353e-01 -6.117583110987471207e-01 3.723218430863954431e+00
5.892271496506190642e-01 -1.861772465215960903e-01 3.387304041694950030e+00
6.253507258339421337e-01 -6.701888843954537656e-01 3.112817656169434510e+00
7.150650845834884972e-01 -7.908483230934137964e-02 2.372698808513952873e+00
6.266141584166478040e-01 -7.531543120618897080e-02 2.554359719886963642e+00
3.007129475168464072e-01 -7.831808391894443111e-03 2.569004388030297736e+00
5.785855530978196715e-01 1.766318696439497880e-03 2.693989796565471995e+00
7.145933488285737267e-01 -3.511828547858829030e-01 2.689054268345855814e+00
4.863576618958243003e-01 -4.836092296989837336e-01 1.986150159040801721e+00
2.548376376520747888e-01 -3.724396265795234529e-01 1.460445055121237790e+00
3.621174680915819621e-01 -2.692735142211814536e-01 2.191279991968392515e+00
-6.185066824596946455e-02 9.280611248036543803e-04 2.982115696410092998e+00
7.954096174976635902e-01 2.861069329665055783e-01 2.643246445225012398e+00
7.364317062913958711e-01 -9.604428674510019637e-02 3.070099642319830568e+00
9.482308490904723941e-01 3.099880569563129296e-01 3.297451106609133209e+00
7.366528572184266599e-01 2.950280006431211383e-02 2.988893313855486067e+00
6.862036316891352294e-01 2.060605209122689518e-01 2.340973802898149270e+00
1.058335979265957683e+00 -1.291376278278648093e-01 1.798580814794702221e+00
6.741608667930845122e-01 1.368118618909635598e-01 2.128294642794710256e+00
1.309101817159459058e+00 3.943542654243634149e-02 2.266283472877281824e+00
1.654823032909977343e+00 2.170510479301197559e-01 2.265350011921850371e+00
1.742012598756359720e+00 7.330268977010111486e-01 3.075829578074869453e+00
1.580304010308404727e+00 5.895345487231264947e-01 2.868476257583310485e+00
1.702492682536361768e+00 1.061766091602213358e+00 3.273219153228111633e+00
1.644243015103614480e+00 1.261800135465846573e+00 3.961954665666754138e+00
1.269812889683607615e+00 1.607166185950585025e+00 3.150962958213019860e+00
1.281238997473002295e+00 5.301329679317861032e-01 2.510060853867168262e+00
1.144567073624639164e+00 9.525678505040258148e-01 2.228379804224040583e+00
1.472469148633105407e+00 5.314921990170387023e-01 2.413251491675436622e+00
1.475812835670158307e+00 8.793459844684996529e-01 2.026702725718134257e+00
1.102075270227846682e+00 1.042968953316238068e+00 2.705412622159844904e+00
1.548614272980388229e+00 9.529000652568377916e-01 2.994022926293919085e+00
1.714956059366930186e+00 1.096454245744180600e+00 3.032021149130393223e+00
1.210824944249579316e+00 9.609910029626533845e-01 3.102789609261823234e+00
1.195590371816347419e+00 1.192011830776811943e+00 2.660000699748997111e+00
1.456203829125378268e+00 7.120885797403386785e-01 2.650433121058896724e+00
1.118194407214035513e+00 7.922727252193249026e-01 3.174314513385331882e+00
5.763898206105315669e-01 2.358592903247205275e-01 3.306779319511174986e+00
6.603577958429044381e-01 5.607309148741522753e-01 2.806666132073520004e+00
6.347272218260361365e-01 6.306747341559612030e-01 2.372929572876657289e+00
1.099584550911377745e+00 8.244859372543861253e-02 2.501376845165905305e+00
8.492311517854367331e-01 5.140317206542327488e-01 1.798919297576867082e+00
5.322122947786039893e-01 2.012365790029188306e-01 2.221813012237416007e+00
1.380846061662482027e+00 8.226206026366309487e-01 2.854752240207070635e+00
1.075929094821296950e+00 8.793067087133102921e-01 2.159437451035009836e+00
1.280975504114992836e+00 8.791597041881508146e-01 1.821242028119670398e+00
1.410034123028229169e+00 4.402224550342087595e-01 2.082292155315357274e+00
1.383637206884262172e+00 5.808979073847084784e-01 1.340248773722441777e+00
1.199265730828572130e+00 1.917598247972510106e-01 1.529507797202545261e+00
6.877534496998130020e-01 6.464907854146788591e-01 1.811868188031755977e+00
1.244950956265887587e+00 1.627351497823810444e-01 1.945135750123080154e+00
1.108768577498771890e+00 4.697881795392786497e-01 1.554132209043546986e+00
8.227049828764878558e-01 6.032312125981525996e-01 8.839071721870941367e-01
1.167614904434001621e+00 3.943038528082468686e-01 1.474245244794078591e+00
9.455934313912296441e-01 2.949582614651606871e-01 1.672278068810097329e+00
6.500567265191113941e-01 6.350900653047435451e-01 1.893432715767963348e+00
5.926680948259391846e-01 5.287124270748992938e-01 2.311296553287379041e+00
9.913627103509980998e-01 6.176693013279761502e-01 1.639114698203574250e+00
8.355670591966397609e-01 8.206246316875296376e-01 1.581793954985450057e+00
9.780558873973375089e-01 1.108431591153631324e+00 1.468164986954128004e+00
1.196267354545960115e+00 2.192610757798184373e+00 1.378852170156123380e+00
1.780829876856056870e+00 1.375694878969886181e+00 1.212663767318230557e+00
1.722962567247245058e+00 1.177220727323600835e+00 1.573994926533833549e+00
1.352901285271814746e+00 1.429731728448112360e+00 1.608912207018204255e+00
1.693777043825425155e+00 1.179003921824498313e+00 1.286031724642276330e+00
2.027433282445745721e+00 1.591880977914339912e+00 1.456982258616771331e+00
1.997394540131805396e+00 2.001167540407405632e+00 1.577183392228657111e+00
1.907810377049226958e+00 1.702606798918585795e+00 7.797784267264852298e-01
1.412458604351619407e+00 1.394073432487449082e+00 1.928940821181285514e+00
1.243297674603462522e+00 1.308063102112561715e+00 2.525494896369909981e+00
9.316810806730040362e-01 9.764698488242031793e-01 2.129221098488745412e+00
8.699810322334129431e-01 1.008802183145730780e+00 2.550431972019579607e+00
2.472415946530576725e-01 1.856154782522309588e-01 2.260244485971707462e+00
4.363337486138522681e-01 5.455104741292664539e-01 2.413562740206196544e+00
5.991370899679742124e-01 -2.700092428387275145e-01 2.334717589719956354e+00
3.389790351544532121e-01 3.012523356671450991e-02 2.343211102885940367e+00
9.638048776047047905e-01 -7.836234068447460732e-01 2.329191094699308184e+00
1.161130421190148532e+00 -4.296985914191732703e-01 2.560835950190945010e+00
8.821326682232714100e-01 4.324334322199481495e-02 2.688637024264496578e+00
1.287432134508432746e+00 -3.013954811682815760e-01 2.139912634425118032e+00
7.699940247894001555e-01 -5.286406800970508968e-01 1.956322142543927001e+00
2.184395861997390775e-01 -5.346336785581961015e-01 1.381997590409027366e+00
6.264897769679247386e-01 3.134810782693687736e-01 1.137229194393454046e+00
1.236019419088471905e+00 2.971227630586671942e-01 1.011354866807096853e+00
8.726370748595965177e-01 6.608613149761268790e-01 1.047047140253058561e+00
7.995474761270743302e-01 6.374808850298303575e-01 1.198308135241901162e+00
1.501379085655741630e+00 1.375450778250786321e-02 1.220668828636027436e+00
1.641679857171794321e+00 -6.887910918754619471e-02 1.812146036991141296e+00
1.226807621519473201e+00 -6.225045527606343221e-01 1.474283791549619194e+00
8.258117311838575336e-01 -3.180773386352534482e-01 1.302005071335405884e+00
6.768421886462090420e-01 -9.439446830480799355e-03 1.861668740907767905e+00
4.867272451209749273e-01 1.047876028268980991e-01 1.992736474125540225e+00
3.967201106697002544e-01 7.598668742361620598e-01 3.403364141068029980e+00
6.771516094929241891e-01 4.854271960738661407e-01 3.307775606960697168e+00
5.618736528894980875e-01 2.748202916428924558e-01 3.148842094747713372e+00
9.901773994056232153e-01 -3.614294119449321663e-01 2.795997999986119531e+00
2.929238354644369546e-01 5.673721251143406530e-01 3.233926225835369372e+00
6.744371007490698178e-01 2.616028635470337149e-01 3.317107836124185472e+00
9.722624890976833134e-01 1.427963467493066907e-01 3.152753928475819478e+00
6.283593510337576182e-01 5.207923670453794562e-01 3.272760764083826768e+00
8.966852134127931695e-01 -1.974074182857774029e-01 3.398372584972589205e+00
4.785873251975168996e-01 -2.010528960296835421e-01 3.728691387798235723e+00
-4.498416606525598715e-02 1.768491097737310003e-01 3.557429710444422355e+00
7.530089196723891432e-01 -2.911515634366008687e-01 3.831924023055687911e+00
9.096001186400810568e-01 -3.033859519195737375e-01 4.158256745049951242e+00
4.274096813463073019e-01 3.452467064286120213e-02 3.793731523278007778e+00
9.496343278965760915e-01 -3.607452160145330211e-01 4.342921755911774540e+00
5.450435523621262046e-01 2.644393630276174467e-01 4.560968795540686571e+00
1.186591661175504520e+00 3.377833763082979668e-01 5.119897627828310149e+00
1.309115874446043604e+00 5.690657617275104441e-01 4.934330909967413525e+00
1.330929164353675809e+00 6.842441129403864508e-01 4.716768233549606393e+00
8.939170906374913628e-01 1.873851474261177263e-01 3.960557790214369600e+00
6.523247483228683530e-01 -3.046343049217318244e-01 3.503952473914866861e+00
1.076860920245920505e+00 -6.356943765937117519e-01 4.071469079502980648e+00
7.891435178538106499e-01 -3.192627180250122709e-01 3.838951442315007068e+00
6.482194966261602964e-01 -3.182594753263152665e-01 3.974793467795820323e+00
-1.469315493689250796e-01 -1.826122389882280095e-01 4.559113891983495037e+00
9.756769813300970595e-01 -4.052148666875283745e-01 4.279695010010634348e+00
8.267378908269125137e-01 -1.837430253985538053e-01 4.143690718896365865e+00
1.080458349526489004e+00 4.227332931339438105e-01 4.759222506593386193e+00
6.714646861518175358e-01 2.816976004395832511e-01 4.384760822615943354e+00
6.517871785548061681e-01 6.501755950272735118e-01 4.105268674902185388e+00
1.236771514682884821e+00 5.841128368747856570e-01 4.221067335259372832e+00
1.540559980653409156e+00 5.577060614284000684e-01 4.629017305298846807e+00
1.315780333503800970e+00 -1.493438710261912605e-01 4.213804269518499623e+00
1.425191368222562760e+00 4.828276800360851162e-01 4.605912561171280117e+00
5.634852205628205768e-01 6.826430001828588390e-01 3.726380922589181743e+00
9.315228453608982440e-01 5.585373390661730886e-01 3.809952261628016146e+00
8.187850605114335156e-01 1.089311339188940575e-01 4.210948060110177416e+00
9.932954946053309531e-01 -2.121810599225375793e-01 4.233123398445131969e+00
1.378588923924517040e+00 -5.197670759434788179e-01 3.539535139192666602e+00
1.064654439601930624e+00 1.159373305447989611e-01 3.381254524596694289e+00
2.103108657575455176e+00 -1.846422067395233138e-02 3.194788564562654365e+00
2.032305980453874117e+00 4.031141801797338831e-01 3.179533286908410528e+00
1.825973539383189737e+00 3.629904790532944570e-01 2.809753564418398852e+00
2.061593617573770576e+00 1.229680330392649706e-02 2.366280511817913101e+00
2.071839915437931001e+00 2.359471369153791076e-01 3.089356234066485296e+00
2.075778283550373082e+00 8.657416698595621352e-01 3.287444752153371841e+00
2.758990019242208547e+00 3.776829380905385447e-01 3.083919693433171183e+00
2.245078063766762888e+00 6.644163532635302127e-01 2.616191830661954043e+00
2.036474461140224790e+00 9.296810199830997101e-01 2.762100529403726856e+00
1.256115151055954282e+00 4.275430912770106784e-01 3.277963186889587099e+00
6.255726707834522449e-01 3.046102575558666259e-01 2.792741881022049899e+00
6.720564127915480412e-01 6.418765728272507465e-01 2.800898535141561840e+00
8.257553202344231069e-01 2.851546531025248021e-02 1.883433497168147230e+00
2.999056969058138122e-01 3.754972882925604050e-01 1.975434189589614142e+00
6.790202802636535750e-01 5.884721457524313415e-01 2.085695740007420529e+00
7.965134771109684264e-01 3.349849435511436657e-01 2.855833177049782901e+00
1.566976106416194225e+00 7.558269459819267899e-01 2.324977119169509887e+00
1.492446805079465921e+00 1.550069345716648339e+00 1.493528767768201426e+00
1.361813739594757822e+00 8.687235647302333774e-01 1.650426932757206533e+00
1.469589247332117043e+00 4.790983942847787391e-01 1.264433078117005893e+00
1.217232182680026309e+00 8.911876404360171700e-01 1.879533123086567503e+00
1.363308558667955195e+00 8.749253759861675972e-01 2.276599652552223407e+00
1.057626965325773050e+00 1.104201933792839263e+00 1.318636149144690073e+00
1.052542846082235473e+00 1.329675866849150401e+00 1.641360684767646516e+00
1.610367325207211930e+00 2.793667533553527704e-01 1.912946982974248034e+00
1.267954745493281354e+00 4.432748179613339445e-01 1.246605877892965619e+00
1.587567457061865639e+00 3.308800756612654825e-01 1.687154754796077460e+00
1.450241406704638081e+00 1.288624104169860951e-01 1.391263735790086997e+00
7.850591659233008279e-01 5.226376318293562279e-02 1.747697907884276036e+00
4.880814419091615286e-01 -1.006210915761300839e+00 2.541778488825737981e+00
8.293862406051484282e-01 -2.768842540562095333e-01 2.222144185872333200e+00
8.170452395718726946e-01 -4.021954192996778366e-01 2.679170456766733377e+00
1.051811805918514420e+00 1.887088438017747172e-01 2.300689847752801942e+00
8.911059456776841969e-01 4.413804904032613274e-01 1.899494765211696246e+00
8.269473340546328322e-01 1.937227799039639708e-01 1.684233332558211726e+00
4.402768322400135714e-01 -9.506032023380231455e-02 1.645012162626826147e+00
1.474850027870327374e+00 -2.279212635873688331e-01 1.361708550014614438e+00
1.352488078119072901e+00 -3.063355632996051514e-01 1.638536900919731920e+00
1.227819069348165204e+00 3.885580075341339423e-01 1.929969158863926726e+00
1.103614810292597559e+00 6.304427134939361022e-02 2.165347919211352945e+00
4.644278544018612398e-01 -2.043065587433516850e-01 2.182042852845115899e+00
7.669581269034053683e-01 -7.753725323479403464e-01 2.720409406981038725e+00
8.030072803120696934e-01 -2.862857583208859302e-01 2.116875440997793678e+00
5.624925212178861766e-01 -1.067377329234629468e-01 1.894675202886017429e+00
2.196998881311169882e-01 2.410375184225876655e-01 1.741095260855110682e+00
7.952274434229047451e-01 5.739003311996571099e-01 2.027304001153209523e+00
1.220173501823058393e+00 1.067973936284031394e-01 2.446453436947174431e+00
2.156021432373503188e+00 2.178275661076004011e-01 3.132656903003115723e+00
2.689655724444642182e+00 1.905610185696624825e-01 3.093210400767780754e+00
2.167037234519066935e+00 3.710241683706438920e-01 3.569254541548987358e+00
2.766816510269964002e+00 1.038326987430737480e+00 3.224910185082054515e+00
2.528962549955694250e+00 6.005266309166059635e-01 3.098222264086371691e+00
2.395205156657362000e+00 3.153341675513342546e-01 3.021618793125531166e+00
2.854017796985155897e+00 1.257933215169462438e+00 2.992519533681520016e+00
2.959851679226977339e+00 8.361972798362273807e-01 3.338959245244965235e+00
2.879117613824605737e+00 8.169261538413240542e-01 2.588899109392152287e+00
2.719292035741017521e+00 7.777477426252257242e-01 2.205564751163087145e+00
2.877678007518581715e+00 4.266920222138289587e-01 3.092485104839366450e+00
2.325822415837630608e+00 2.225690406177878444e-01 3.121041596824142506e+00
2.223438824447077078e+00 9.775578054981211018e-01 3.406634614066996747e+00
2.653834489131661201e+00 6.858065737639538195e-01 3.241394252835839929e+00
1.737266068200275182e+00 3.802977168220403326e-01 3.454788531071799174e+00
2.010980698038110859e+00 6.520784818664014937e-01 4.261563466473702100e+00
1.628476428164374656e+00 9.755967443004599504e-01 4.031678415749502697e+00
9.682970544331566121e-01 8.152055361784883436e-01 3.351547326640259339e+00
1.422326804251377919e+00 7.214393216614226612e-01 2.890466284395190932e+00
1.261964186496981277e+00 6.482798056869081282e-01 3.911593395571164145e+00
1.483875815744539084e+00 1.834076457288184026e-01 4.828901772503332523e+00
1.308415850856355034e+00 3.698154970442659173e-01 5.678589246465752360e+00
1.256308697325737800e+00 4.602313621680722000e-01 5.802519707130081805e+00
8.274378823654982007e-01 9.276198079855721979e-01 5.749653718524657897e+00
1.198795678130621489e+00 2.207460380235123365e-01 5.438662483732008113e+00
2.177863489262957586e+00 6.077053228461872791e-01 5.265761435899023901e+00
1.529283260043681869e+00 8.771348713180029955e-02 6.131707172301977593e+00
1.597670363678767913e+00 -6.498941415270460542e-01 6.132472661251682666e+00
1.205842833958499671e+00 6.928926167953515236e-01 6.635972886594217357e+00
8.249781256000836560e-01 4.434477421190037294e-01 6.676237841502053350e+00
7.272974024666035708e-01 2.192263766412217707e-01 6.629570552874460176e+00
5.760356556119409221e-01 3.712382189786526954e-03 6.731216341881702370e+00
5.710641062825991821e-01 -1.696562756227465996e-01 6.519489906927579348e+00
9.970590717005954895e-01 2.107476010345249728e-01 6.678742141305922253e+00
1.589351827644698734e+00 1.805915720532928204e-01 6.255520903825368961e+00
2.212438941143903826e+00 1.655891840276743354e-01 6.221316817437407387e+00
2.383114900390423507e+00 9.595862843800579967e-01 5.998082341571279841e+00
2.646222052829524607e+00 1.026611147272266100e+00 6.403885250635547699e+00
2.753717469446220534e+00 1.183670894499341264e+00 6.436148157570791284e+00
2.418841738133603148e+00 1.086584391263339056e+00 7.204046079863802632e+00
1.692525918776037530e+00 1.334713916580227089e+00 7.377918169516046731e+00
1.281420701654643501e+00 1.240972320896711389e+00 7.523944197755627172e+00
1.116092941737298450e+00 8.210076524228862027e-01 7.730077396743694429e+00
1.354884062512272669e+00 8.835991167837295990e-01 7.314149024002316146e+00
2.091240365749398755e+00 8.046066873549432286e-01 6.653206242709715390e+00
2.111340034062253679e+00 3.610143220339567804e-01 6.581808954165129677e+00
2.098179894528963363e+00 7.602957057683142894e-01 6.044948736814802714e+00
2.061010181347863846e+00 7.517926142292066238e-01 5.690621387750139704e+00
1.777879944976955562e+00 1.131005200170620562e-03 6.024455500336182823e+00
1.584988602476218755e+00 5.489297079676113550e-02 6.251610536806588847e+00
1.197137632022157838e+00 -2.095360289134953480e-01 5.955319161418559659e+00
1.448635465031845371e+00 -4.916622832427994250e-01 6.524860625976923068e+00
1.433661902438849944e+00 1.122023952357291965e-01 6.724935834659458322e+00
1.445655914862354674e+00 2.781108590557270777e-01 6.447089940994945145e+00
1.724977344797565815e+00 9.323447165359430300e-02 6.173065470884753658e+00
6.542689298011006294e-01 -5.063908143571250742e-01 5.661915061447584385e+00
7.853415060010364712e-01 -8.158799336494614307e-01 4.903690007416868113e+00
1.171164622970376490e+00 1.344074861888194805e-01 5.576973725531255255e+00
1.885703370780544175e+00 -4.440631297252881082e-01 5.287857882791999309e+00
1.599558430694000277e+00 -2.127804105406429502e-01 4.536502388330921676e+00
1.583190684392277836e+00 -9.322653753421783485e-02 4.496428429553862571e+00
1.335815348928094615e+00 -2.846693088417533435e-01 4.452030874739396182e+00
1.058294248994516407e+00 -1.743735441568647349e-01 4.483679912756901587e+00
1.250763802520281187e+00 -5.940395932088893272e-02 4.335353000221118691e+00
8.988536655983078161e-01 -8.946976180683914592e-03 3.887925538011344884e+00
1.455094694510516540e+00 1.711317908248254360e-01 4.041690561841735807e+00
6.407118839639788233e-01 7.755176008643886731e-02 3.747596630165474174e+00
4.364877076801595424e-01 -2.593435606911140834e-01 4.403542534902973316e+00
6.357579060792887260e-01 -4.405167133055120643e-01 4.188603428424451991e+00
6.777133540264164147e-01 -4.338341271693800516e-02 4.946699839671662602e+00
1.514453763882684378e-01 -1.463067912075690924e-01 4.607890167237576939e+00
9.364705137648099420e-01 3.833823423858661594e-01 4.113625762760606541e+00
7.998449963318554623e-01 8.292449459495835340e-01 4.260429380658903753e+00
1.359621236486584506e+00 3.027358743383209427e-01 4.412435737247324852e+00
1.069794448774920470e+00 4.258541939347166849e-01 3.330016407302168968e+00
1.100928290111903962e+00 -9.211792378912458945e-02 3.695765918702359709e+00
1.932256444005103324e+00 1.351291265023455979e-01 3.609794680273060052e+00
1.620975341200540321e+00 2.461821378348743872e-01 3.815840417416652031e+00
1.020959932552450544e+00 1.211810306350902255e-02 3.530540128351707274e+00
1.280734838198988923e+00 2.890805573671376486e-02 3.600159768136388383e+00
1.151968769218309374e+00 9.341101983474799086e-02 3.568634593110902475e+00
1.125107221663427914e+00 1.823854771194843849e-01 3.716051270462970457e+00
1.778313274153044521e+00 -1.404566733377039522e-01 4.036981661178931091e+00
1.445910306632246956e+00 -3.836035290779027385e-02 3.991907893256479323e+00
9.522224490216668613e-01 8.780945053029376446e-01 4.215777027156826229e+00
1.275361194577767865e+00 1.558653506883159512e+00 4.038995181224852793e+00
4.569288756234436422e-01 1.352172224933928524e+00 3.384147438300184607e+00
8.277852819390791872e-01 8.678055762034238008e-01 3.677405358802152691e+00
5.290209975497581762e-01 9.857029297438850701e-01 3.426033373332280085e+00
1.031524391025480325e+00 3.599824283406982683e-01 2.583020852376181509e+00
6.358059071505738347e-01 2.973087578863720659e-01 1.600001867464093230e+00
1.309105541891959490e+00 7.700175007054338439e-01 1.579149520001931872e+00
1.337390433520798450e+00 5.694881494680646972e-01 1.440162112967721786e+00
1.041889135094147933e+00 3.053021741478106899e-01 1.860631212682254620e+00
1.930128344459191847e-01 6.873138710425140685e-01 2.150671611038029507e+00
7.432412614876420243e-01 4.550913444144353837e-01 2.041708460249103130e+00
1.321292068285247812e+00 -1.319083785150107491e-02 1.830335278145171163e+00
6.017031933787041487e-01 6.182630073961594697e-01 1.678136213645667008e+00
8.646313265635529044e-01 1.065555984337168915e+00 1.404438872696305296e+00
1.277116030764772869e+00 8.190318591778130708e-01 6.688198095235063922e-01
9.447145628357854763e-01 1.033275141877885606e+00 1.351387836435411716e+00
1.239076756653029188e+00 5.277603692716625883e-01 1.461667033628835322e+00
8.507812503743796828e-01 3.942676046134078183e-01 1.342409940434891480e+00
1.038779397724176601e+00 1.840411838587195648e-01 1.360867279010334441e+00
9.089938048470954657e-01 -2.893289646885473521e-01 1.073225907996905093e+00
1.047388381971913196e+00 1.725789780814723784e-01 1.428431561290615326e+00
1.252360065720572679e+00 -1.739691047072622621e-01 1.558476350879113959e+00
1.743860891205679664e+00 4.650394525376777555e-02 1.784012748996086639e+00
1.431169031502120159e+00 4.480750158610294909e-01 1.718151838848926527e+00
1.331590025813988332e+00 3.697595639441785265e-01 2.526477276286788420e+00
1.028417387474066969e+00 2.433243100884019683e-01 2.240256655704709221e+00
8.639606602713442163e-01 8.486624637614037514e-02 2.521156954421394314e+00
5.328539071270289584e-01 -4.074909671185256155e-01 2.997180839262713725e+00
6.612504662342805206e-01 -5.192472587505895243e-01 2.743814196394364746e+00
5.405999446577209877e-01 -1.454427552177128546e-01 3.107068323352879524e+00
1.199327333677652208e+00 -4.839318231466144260e-01 3.237836753840491522e+00
1.059535570577614827e+00 -2.754454140968840004e-02 3.062057709351243773e+00
5.482960069326658914e-01 7.162714055838563798e-01 2.719458337188090269e+00
4.897317633510961388e-01 2.187267143940680447e-01 1.571826013293089686e+00
3.294832644759409512e-01 1.899097407614680488e-01 1.402058113796746941e+00
6.230470178307213613e-01 -1.684971556229475920e-01 1.773501102799464935e+00
4.597223038089585101e-01 2.794036489941326140e-01 2.210667574258031287e+00
5.103371878027915809e-01 2.551369963971399368e-01 2.152484407900579377e+00
2.572807877155388612e-01 9.132969076081670634e-02 2.058896905334030691e+00
6.973454039342156241e-01 -4.983264781411742561e-01 2.926924194405840396e+00
4.127664349769517571e-01 -3.989111794521588705e-01 3.415375093763380221e+00
4.556315208067729938e-01 -2.921147668546891785e-01 3.277098609893345227e+00
1.008301017163242719e+00 2.132704492099056215e-01 2.684262814592538238e+00
9.373627396612648210e-01 5.079075199850087152e-01 3.115059624430483343e+00
8.159786150588413944e-01 4.342812435228089740e-02 3.178584432703325913e+00
1.042297532583584152e+00 6.749934450996697421e-02 2.869058291751285239e+00
5.927112099883731222e-01 -2.748939936227101644e-05 2.944682167434954145e+00
1.025843866379821806e-01 -2.768540570845922089e-01 3.395678710281268220e+00
1.129090430934848621e+00 1.152314616416469512e-01 2.912923235742193473e+00
5.050464524233504449e-01 1.268176307228228439e-01 3.113847141110861916e+00
1.382389654845795013e+00 4.874772670196567681e-01 3.012736972034490979e+00
1.447516218935682719e+00 6.748547677784814125e-01 3.735005847642827170e+00
8.516709047954581502e-01 2.179744331995772666e-02 3.369464959004859317e+00
9.714775341172253720e-01 -7.347374752763778938e-01 3.478041297827971334e+00
1.010585964228514655e+00 -3.817339076383219343e-01 3.164554373389712794e+00
6.724232102917988563e-01 1.764720520877642307e-01 3.473835872940444602e+00
1.223972431224287227e+00 8.000887392840786427e-01 3.259365807215773625e+00
1.963180945705837566e+00 3.873048198149883214e-01 3.380248196666651772e+00
1.293854828920053102e+00 4.156699360255857179e-01 3.441236456748300476e+00
1.186373433596314086e+00 1.813560412092067309e-01 3.202432100367362366e+00
9.120638011952764135e-01 2.283950658290324898e-01 3.599013223911424308e+00
4.851844722808772437e-01 1.288872177442507594e+00 3.548801075630318547e+00
1.233063747107439267e+00 1.585246142256694801e+00 3.668728827981669216e+00
1.841819345260470309e+00 8.266383415460147877e-01 3.763892198645707232e+00
1.661095480695616189e+00 5.446242440585827849e-01 3.454857640866017654e+00
1.555216790824334172e+00 9.013104496787128772e-01 3.174994532597750219e+00
1.569764871737342027e+00 5.573464137928376694e-01 3.530768072179635286e+00
1.931657174891438844e+00 3.935432095683376597e-01 3.965264421003280582e+00
1.715180760937518256e+00 5.048244287192287238e-01 3.709640403467836745e+00
2.049208677921717126e+00 1.783345034233359550e-01 4.037987247048070216e+00
2.459550780196682052e+00 7.908546326331993004e-02 4.414243011182914955e+00
1.910360953836102604e+00 4.310442368261628299e-01 4.353933020877382098e+00
2.426529035619005015e+00 3.816346492371264776e-01 3.927321198539291291e+00
2.219331543348430635e+00 -2.725785446496823416e-01 4.109735202711554791e+00
1.866506972842998380e+00 1.995365846105224550e-01 4.729921351731634971e+00
1.518817975213178961e+00 4.807752906852880703e-01 4.582655446090345031e+00
9.947764725693984955e-01 2.298087553731816834e-01 4.721323607878797901e+00
5.517638311077482927e-01 -1.300415985660305362e-01 4.759782401868424273e+00
7.658784491407121253e-01 -2.946941433529010612e-01 4.980470302252573589e+00
6.587889380151107366e-01 -4.013465296008720262e-01 4.655097582351052310e+00
1.003480276977140928e+00 -4.966554957013913363e-01 3.755025802820096015e+00
1.715131570359103685e+00 3.292935581692821301e-02 3.345318968943918669e+00
1.359911076689104936e+00 4.386001095718956577e-01 3.286114156736304359e+00
1.211107358466370965e+00 2.661439631247403126e-01 2.868039453137309458e+00
5.732857247135648704e-01 -6.184097661618662145e-02 2.732589360709417825e+00
4.303027740113987143e-01 -2.610324446955921140e-01 3.261006619312002641e+00
7.197620781218703190e-01 -2.293742653832291922e-01 3.443101759827895680e+00
1.161900299288177729e+00 -2.333951829126399424e-01 3.386108441738740371e+00
1.328489745704822145e+00 1.689548077068219467e-01 2.899146293855150880e+00
1.384789710181390410e+00 2.052624616390976431e-01 2.880327026742904639e+00
1.735056223216609572e+00 8.582251829896766493e-01 3.276554445312992669e+00
1.521413203371583922e+00 4.101942975830087379e-01 2.654225840212881771e+00
1.245065605082067650e+00 -4.356714592935559405e-03 2.527775106302296404e+00
7.696262877234376631e-01 2.835596636438377782e-01 2.788344299335070442e+00
9.956715662693442770e-01 1.683657435710349815e-01 2.292097599763464277e+00
1.201224729746048991e+00 3.582190175674097588e-01 3.106591060970891327e+00
9.458626257486658639e-01 4.690098406969734901e-01 3.089638615590494908e+00
6.335603738474272495e-01 1.007722585018694161e+00 3.013640310627297758e+00
5.364755086363206527e-01 1.054130558010091034e+00 2.833960951860190036e+00
9.135291685497728409e-01 7.450847229007437900e-01 2.397521752828528641e+00
7.890645257217029362e-01 3.315255403025260672e-01 2.144056087519159881e+00
8.015964948060120276e-01 4.260408079659316338e-01 2.333849722382633107e+00
7.864175491570739585e-01 3.066923378893658958e-01 1.897197560147247497e+00
9.485292060555123861e-01 5.388693937986062110e-01 2.107279852406601872e+00
1.280592344713635145e+00 2.028782719103460752e-01 1.795676955481990689e+00
1.288481385282982394e+00 9.773532589633042444e-02 2.499906608117422380e+00
2.880096325143470803e-01 7.384245231827281097e-01 1.965887062344106262e+00
7.220415908768504920e-01 6.384041698546001342e-01 2.201979391534405472e+00
5.726389935076783289e-01 6.581338403134342485e-01 2.125219445047769717e+00
5.710717135160722213e-01 -8.107097255277589953e-02 1.947495622082684230e+00
3.413567491069289250e-01 3.160871240329489740e-01 1.566342547209737202e+00
4.532204617944391445e-01 1.592605771397379022e-01 1.568019581575310184e+00
8.314819038176483046e-01 2.351449707373174935e-01 2.126355530922917403e+00
1.130659986616903145e+00 2.834045069140468942e-01 2.239567736504541884e+00
6.314733076153286051e-01 -8.758741240581154053e-02 2.272133400878503462e+00
7.641560525438141349e-01 3.278192252463384415e-01 2.513273623692381165e+00
1.432418330324198852e+00 9.092725119753627405e-01 3.068148968807881793e+00
1.149604167099328000e+00 8.737397298839362225e-01 3.537222204121786007e+00
9.279389003923567136e-01 4.349677492138366852e-01 3.424472420362862923e+00
6.794255964919000412e-01 -5.112028025539640252e-02 3.010169377105845090e+00
1.377691661276776891e+00 1.180716662646895676e-01 3.028388257354852620e+00
1.392899335397613125e+00 3.916282311655089887e-01 2.403410505086920335e+00
1.701505738132678802e+00 4.538774866561386956e-01 2.345925210890668744e+00
1.445263692037200842e+00 8.721633914994911807e-01 1.648330848821189187e+00
1.333854742972679475e+00 1.048628847793747765e+00 2.038237337829091889e+00
8.688706256631372193e-01 1.044542481448024418e+00 2.159962321659044893e+00
1.376611591119431433e+00 9.612291870032322327e-01 2.100795642443836098e+00
6.482907679764522424e-01 1.038138402853246767e+00 2.755595168924647620e+00
1.290468208382468340e+00 1.118327048375971966e+00 2.537320958789183400e+00
1.058326732439922591e+00 8.368014927877590603e-01 3.008192093861209671e+00
6.168487013000030217e-01 8.780239307404577032e-01 2.951146557874861909e+00
8.606051710038512548e-01 3.194344874452162419e-01 3.596600500415819468e+00
1.157782757279047114e+00 1.232539484150108194e-01 3.376680272017509754e+00
1.169562855781515420e+00 6.912761695526513372e-02 3.867412499189282205e+00
1.139591696866181003e+00 4.480378602195836391e-01 4.064583997136967497e+00
5.974398895130119680e-01 -1.478337666341260070e-01 3.469120399743665484e+00
3.536329678141086896e-01 1.386256322504697547e-01 4.182192100331717732e+00
7.604940131166869621e-01 7.549271444377669837e-02 3.820088273696894188e+00
-9.241630528355833374e-02 2.988977755533867020e-01 3.732829577179566094e+00
7.531854262311957759e-01 -5.909343784450178383e-01 3.818199585142389552e+00
9.171219792444339491e-01 -3.684708337799901257e-01 3.911859216945220652e+00
1.127011342266276278e-01 4.087981947447948405e-01 4.390847806492757854e+00
9.820908784020396798e-01 -6.186584642268331269e-01 4.277127973669112571e+00
7.293550441900608083e-01 -5.775850775177451268e-01 3.713481929475622501e+00
4.673933144906514126e-01 -9.889026363978217771e-02 3.897080732740116904e+00
5.213092522645924598e-01 -2.913222848373295260e-01 3.870406977206537924e+00
1.374416750266306275e+00 1.556883977750381232e-02 3.583418053472896769e+00
1.333479646669496477e+00 -1.153425194980492591e-01 3.149807306284113206e+00
4.772074240406616319e-01 -1.306080078354474316e-01 3.383146539813431719e+00
6.902531494245657262e-01 6.767976664989000524e-02 3.485868147112268556e+00
7.352920104278790614e-01 1.188713477402928986e-01 3.827438758954862852e+00
-1.675109768197247107e-01 -4.898620913126983112e-01 3.659553194663707210e+00
6.382160804034116008e-01 -7.679654411099390288e-01 3.879624717418367563e+00
8.461566947670410288e-01 -6.883264619997047085e-01 4.737370058474938084e+00
1.013583056605501964e+00 -1.021122989970010941e+00 5.143371703296288011e+00
4.255743955658216615e-01 -5.512244379415277562e-01 3.730888321539983732e+00
4.233417415078756796e-01 -2.577678281745167110e-01 3.412764573008289393e+00
7.234688669130606709e-01 -1.613372049670296349e-01 3.312801542057662640e+00
5.355058903243965496e-01 -5.197144519325236356e-01 3.792917968263895823e+00
6.242944612302158136e-01 8.172677239649528413e-02 3.790836703419173226e+00
9.456983662865851015e-01 2.639876262418161534e-01 3.805202936042396011e+00
2.815457830097989889e-01 3.784180834337526056e-01 4.048593561278905462e+00
4.551751474531966490e-01 7.554881192159035308e-01 3.890510901630920948e+00
4.717450115529069343e-01 3.716065988185041080e-01 4.433614258768464822e+00
8.084005416779077580e-01 5.728549893017270689e-01 4.777057756167669034e+00
3.685829850645528927e-01 4.876531594575656547e-01 3.928398975110991564e+00
5.651098954754579795e-01 5.450531815831977100e-01 3.825200731645952867e+00
6.362081625628084325e-01 4.917506078487210441e-01 4.407583533549836119e+00
9.897649229541712890e-01 9.978136412415675727e-01 4.510243965806494337e+00
1.505026034427870529e+00 5.404174714370276744e-01 4.709020323099117000e+00
1.158356147415588344e+00 1.288475321337644863e-01 4.512678531152728212e+00
6.723340872538214885e-01 5.073833703412508056e-01 4.113001645682762941e+00
6.804021433247704476e-01 2.691296204660735547e-02 3.936124661985496598e+00
3.687372270584295397e-01 4.292583683533977845e-02 4.177254126364359443e+00
3.444354693356656005e-01 3.963390716964696470e-01 3.905329728947391832e+00
9.762973264514165361e-01 1.908943217912867363e-01 3.546197729969635670e+00
1.452684008836700347e+00 -1.267264666141323659e-01 2.870061287385358817e+00
5.428868507611939176e-01 -1.549863084544433889e-02 2.005412365171909350e+00
2.388194738553822971e-01 -6.556380562017544156e-02 1.892953746392934455e+00
4.199077479898503662e-01 -1.035014495131533901e-01 1.864825132323112644e+00
6.089110215491133626e-01 -1.590950544319481574e-01 1.767643307990493629e+00
8.490590561125519464e-01 -8.427819205838726901e-02 1.971725626348210803e+00
5.607468663917768437e-01 8.296953656354963402e-02 1.949583351995585634e+00
8.731512502609057869e-01 4.794290880816146072e-01 2.184627523569378837e+00
1.245956956817469541e+00 5.472568482598842987e-01 2.625052134170616114e+00
7.822216602918596884e-01 1.077489685137218434e+00 2.478114527673812351e+00
8.735879514596258666e-01 4.983643216272799492e-01 2.724399814642962880e+00
4.632694865551787999e-01 -3.601785595066850365e-02 2.534791683765505343e+00
6.857903171310335555e-01 -1.544170678155868115e-01 2.121588534555443939e+00
2.052282868193545662e-01 -4.293727258161870314e-02 2.462193185163254583e+00
4.435538336188366570e-01 4.989481410997675392e-01 2.824694625802694148e+00
7.473132906351189764e-01 -1.803287303976415512e-02 3.079100680785630928e+00
3.349074595833482215e-01 9.037758770254542343e-03 3.257054641221483138e+00
5.346330261004624829e-01 -4.938690054358404469e-01 2.842273622508710851e+00
3.383215457310085328e-01 -6.018113001817478047e-02 2.470756084877742342e+00
6.298446697364136204e-01 8.841218871793069534e-01 2.188811635999185601e+00
8.792730161746804551e-01 4.963757600281961668e-01 2.409440550951129190e+00
1.370127428522287083e+00 3.786121199416660477e-01 2.430117083042024007e+00
2.260455471319617882e+00 1.616910955062617061e-01 3.088315943753164206e+00
1.415998440431962768e+00 4.760695011981201374e-01 2.941324986411657516e+00
4.948220968856681945e-01 6.129907002502682500e-01 2.784438098390177085e+00
6.956406421454690570e-01 -3.845464300845388705e-02 2.486018709072430610e+00
1.186278593365368977e-01 -8.456965441261625471e-02 3.018499808398900974e+00
2.983512295041796936e-01 2.413867027693629985e-01 3.365276479896996076e+00
7.293811598611152913e-01 1.986430859258504766e-01 2.930993074954358235e+00
5.730562133506760247e-01 1.878759893845852735e-01 3.434529485573177610e+00
9.016947883516558404e-01 -1.952381912622951909e-01 3.767040688353382905e+00
1.425103104849946067e+00 -6.740566241976175821e-01 3.558704240906102712e+00
5.648890802749952922e-01 -2.011960546947417772e-01 4.202989043230921595e+00
4.454461659235485760e-01 -3.293736098210000018e-01 4.340839730566859345e+00
4.771314730112130587e-01 -7.706116362398682251e-02 4.443630498544600016e+00
8.937875720786789824e-01 -6.657912676321866563e-01 4.670735464534939041e+00
6.681724332679017664e-01 8.534680317808218675e-02 5.430508483890571725e+00
6.232413615640129967e-01 7.639058680666778178e-01 4.958974029580287990e+00
8.686078761975690732e-01 7.942837565609293105e-01 4.160900243124940445e+00
1.166113696208539885e+00 1.048933446333306096e-01 3.984388287710202370e+00
5.083993655079841467e-01 1.286496020621156477e-01 3.821424110350014836e+00
1.132454541440498064e+00 -2.738404081888272668e-01 3.394961604678113698e+00
1.571026047159567174e+00 -5.543889891429547578e-01 3.042853389814834220e+00
1.540931184983864721e+00 2.559363818192356144e-01 2.620921045135918614e+00
1.797567213042675638e+00 6.885731230096199251e-01 2.225114320191053707e+00
1.414116817444796226e+00 1.004543325917556684e+00 2.392672262447476328e+00
1.716598673460206115e+00 9.815343597330011827e-01 2.594060460690227554e+00
7.819577701642830281e-01 4.400183086131628230e-01 1.173634852126897998e+00
9.297682510838872760e-01 9.090788592970318049e-01 1.156016115465192451e+00
1.055032992719820539e+00 2.708311685172517524e-01 1.291006448489022906e+00
1.309604536529761720e+00 5.914898134713829636e-01 1.298074748165438663e+00
1.190157347480903960e+00 1.809279204240779315e-01 1.936825493570429213e+00
9.761739958888602242e-01 2.898221694489530598e-01 2.364942587392951712e+00
9.794422938181382987e-01 1.299397963536003953e-01 2.156819870391134319e+00
6.865432279778800329e-01 2.439155854782973365e-01 1.742497117198295253e+00
6.865432279778800329e-01 2.439155854782973365e-01 1.742497117198295253e+00
7.006703252326776932e-01 6.360156905259649607e-01 1.905335311365868645e+00
6.018397241477919657e-01 9.008036164324617623e-01 1.514545276584213784e+00
8.573847449305911361e-01 8.887617373421550226e-01 2.039871983837811875e+00
8.611276124867514037e-01 9.038996236536501749e-01 2.673273387220774566e+00
8.843656084668896078e-01 1.342371334694713036e+00 2.717148630414279786e+00
6.411646525629519644e-01 7.943269279965763374e-01 3.138615148982589975e+00
8.355223753971949829e-01 4.869440070210570015e-01 3.011380113206008957e+00
6.577959726049684708e-01 9.117293057992230665e-01 3.547415371536815076e+00
1.283527165739760445e+00 5.058839052746126885e-01 3.596553025120363234e+00
1.736364407858597581e+00 -8.721921309769635478e-02 2.843909430633231317e+00
1.404267433562144118e+00 8.803986142682593274e-02 2.064568662777013675e+00
1.139091307255430729e+00 4.889741669515036415e-01 1.513160357678800638e+00
3.089518708268660374e-01 9.910449578724614961e-01 2.025742413741389747e+00
6.149020604689361402e-01 2.350030924096805363e-01 1.668477295049505038e+00
4.961957753147245853e-01 4.711017046978376310e-01 2.145859981812781925e+00
6.501873882734556798e-01 -2.651145243613173275e-01 2.341650530511135031e+00
3.524806889298164880e-01 -3.784187385014535221e-01 2.287771611271644190e+00
8.489960419580163675e-01 -1.108848822483852886e-01 2.397588886848383893e+00
8.957036226098575860e-01 -1.180934567774864774e-02 2.704377941987279765e+00
6.274750590693394248e-01 3.702774553710852512e-01 2.840268543784839395e+00
7.620741062654756703e-01 -1.657129091619767569e-02 2.719583810161805282e+00
7.250961060060783225e-01 1.347275782579263614e-01 2.540984182318179574e+00
1.364214681569960064e+00 3.125356754411869886e-01 3.106550519166377811e+00
1.728566277727716205e+00 4.814280521952870595e-01 2.822161566578183844e+00
1.001467178167194438e+00 -2.338356247927719789e-01 2.506404126754562700e+00
7.554040705667172118e-01 -4.022880562883394684e-01 2.550504555355951997e+00
6.541428354611835694e-01 -5.754112042793983750e-02 2.381473281023886113e+00
1.172915906545275666e+00 -1.067940777053393436e-01 2.589830529485397825e+00
1.136896673930771984e+00 -5.133252498316952517e-01 1.854028070264465589e+00
8.961614223356828557e-01 -5.416651314621658830e-01 1.555190434346943817e+00
1.212872466687500372e+00 -4.525643979794158334e-04 1.308091361867988578e+00
7.314017191065433909e-01 1.167633838002049146e-01 1.883974062996133236e+00
4.372017691569483056e-01 5.369014347372024210e-01 2.143670088118225348e+00
1.439667496900556287e-01 4.894783479057673303e-01 1.687348776045956456e+00
9.676745856070787521e-01 2.178256070307958425e-01 1.307790251351932831e+00
1.141114028054001084e+00 1.467050470929734396e-01 2.191529901921161816e+00
1.536785473146290437e+00 -7.699528784589058407e-03 1.972057544765190462e+00
1.533742064964599194e+00 -3.735415625780614257e-01 1.683239462849682955e+00
1.311159952429891806e+00 9.019461394173713953e-02 2.328919549291621482e+00
9.027953773054852027e-01 -5.867542271906284711e-03 2.222617873721719040e+00
1.055506704638485616e+00 8.092963335620706466e-01 1.830418374251445712e+00
3.643679592852993032e-01 5.929700734019693886e-01 2.468463507751271546e+00
7.385080129976226426e-02 5.732199901189464208e-01 2.969029135869949432e+00
3.379092256324808807e-01 4.115660167983059003e-01 2.660391672413134234e+00
5.427898649637771106e-02 9.168662073142097579e-04 2.151729161394320133e+00
3.980691398730333841e-01 -2.117441473872935243e-01 2.178509202546578649e+00
4.050082715274821998e-01 1.971705396404309918e-01 2.529212528548311578e+00
-2.030904201666016984e-01 4.342200021021935807e-01 2.756984268083839673e+00
1.775693847624313926e-01 2.220053301769782106e-01 2.488783808728522562e+00
5.699654145805123084e-01 3.422141853185584059e-01 2.745633538943511365e+00
1.139403672839655934e+00 3.319435209190467195e-01 2.249756468872743831e+00
9.110171678076526280e-01 2.495100126517922068e-01 2.446156655018322024e+00
3.342642827725232912e-01 7.687974436446384230e-01 2.398595773739427450e+00
1.080770541629593406e+00 6.473569842237950622e-01 2.176614338328275888e+00
6.072199542103429160e-01 4.826946326053840886e-02 1.764258411918630642e+00
-1.492009190186351641e-01 3.114198551646073232e-02 2.346245833932973479e+00
7.613945205010025363e-01 2.879455301563839109e-01 2.763058114523063935e+00
1.210445549304842494e+00 5.014177998248365853e-01 2.478960753581023191e+00
2.017786309704450165e+00 1.972211513857752285e-01 2.468899911954500759e+00
2.189351631062416814e+00 4.849609000885660159e-01 2.238159677259585756e+00
1.869495189729565521e+00 5.648160950610493503e-01 2.598285565928028173e+00
1.300045799406529534e+00 4.763436168872096088e-01 1.906460971963923612e+00
1.422022498776177368e+00 3.287010278722501955e-01 1.946475854742485856e+00
1.315766068392981492e+00 3.152226987487904281e-02 2.032137494889127982e+00
1.412991625233759763e+00 -6.245089332693649214e-03 1.378381040695765947e+00
4.347958177501668464e-01 2.050040532171166704e-02 1.570896691158760516e+00
3.739208158475904598e-01 9.864440857135051144e-02 2.014283538919697136e+00
2.040299894922574520e-02 -5.834796990064406996e-01 1.817549550034599948e+00
6.728636937067643542e-01 -2.189279525248221114e-01 2.603444977133983596e+00
7.271008841866871686e-01 -5.577804747016780473e-03 3.271385757185243381e+00
1.006326275301431039e+00 1.841652564013084303e-01 3.271177311508362884e+00
9.888303614564121213e-01 -3.985420800241997186e-01 2.888517639957492555e+00
9.576982318661598770e-01 -4.848138784316971539e-01 2.508769303723731969e+00
1.206303087370813376e+00 -9.095278090508085445e-01 2.257524420820352873e+00
1.541874274562899272e+00 -3.230593963219096088e-01 2.527652123339102719e+00
9.394641486348287440e-01 -3.011981994997178780e-02 2.608723634904466682e+00
7.046733641997549036e-01 8.874417398410308633e-02 2.362122304017320040e+00
6.735369770050327887e-01 3.223793459891934887e-01 1.721808496410539124e+00
8.976668175575491793e-01 5.420455727144265490e-01 1.888590434659777051e+00
6.599555623993482723e-01 4.352993819901305184e-01 2.429542216468393079e+00
1.154175528362458403e+00 2.660820782815053742e-01 3.476117217042561602e+00
9.384431738250581523e-01 2.915384669675458174e-01 4.005645402841058633e+00
1.147900351537556540e+00 2.082448703451662553e-01 4.287086804822091146e+00
1.399604612013295446e+00 -9.726839444575427485e-02 4.028299737694531757e+00
6.852285707528227299e-01 1.635821025347516111e-01 4.075879022971695242e+00
9.176743542483107863e-01 5.018508806113448628e-01 4.999078118083462918e+00
5.590370421302819359e-01 9.447176070102648593e-01 5.078915758611385556e+00
8.777644500695532814e-01 7.814378639093930712e-01 5.076570798466797818e+00
9.997037595342322946e-01 6.395125024174803663e-01 5.090598186156734428e+00
1.630728456765619727e+00 8.896536840496209742e-01 4.969882406769971617e+00
1.847788807966818325e+00 7.938585089439726961e-01 4.206970904521180721e+00
1.206855979833706405e+00 -4.575484213538986711e-01 4.126286573396146018e+00
1.262985402607200491e+00 -2.804709275574728267e-01 4.532287905381226167e+00
1.436975020257785784e+00 -3.357230151825001396e-01 4.174333243830441909e+00
1.545517931111723975e+00 -1.121396324719949877e-01 4.433044325975261657e+00
1.240233497767230020e+00 -3.586589079755587994e-02 4.036140514428533166e+00
9.981000829838373445e-01 -1.309872922913132287e-01 5.198471099169970522e+00
7.104726810480028742e-01 -3.312416597788065409e-01 4.894602316510714424e+00
4.862266268246849821e-01 2.544686407539462070e-02 4.730599445293776739e+00
8.131206891870875753e-01 -1.185934213695063189e-01 4.681283813628714263e+00
8.321954588736016900e-01 1.697644158968168449e-01 4.826834831504013046e+00
4.166113080930512469e-01 1.014529680439173687e+00 4.641112447416276154e+00
7.363209591212135363e-01 4.427537895704091175e-01 4.108413159440994278e+00
7.363209591212135363e-01 4.427537895704091175e-01 4.108413159440994278e+00
7.106317438949065757e-01 8.914519038317810784e-01 3.899592798412224948e+00
1.132285438315633996e+00 8.272134949012481808e-01 3.150951292120495406e+00
1.232126420475280870e+00 3.634977649839806757e-01 2.846675489954157534e+00
1.361224057910669805e+00 7.520704822399929546e-01 2.438325397483366963e+00
1.578407935301433529e+00 8.701824712465414668e-01 3.471628605854852001e+00
1.462408341410873280e+00 1.035456075704753065e+00 3.066515277800399897e+00
1.169538264350717727e+00 3.585586186269965059e-01 3.444906154891341110e+00
6.750125895505438844e-01 2.410776045789624900e-01 3.659305501639350311e+00
9.140075766133330948e-01 3.671567393351721775e-01 3.797432151442484471e+00
1.015620336243229671e+00 9.836105174384199290e-02 3.732075123427196939e+00
9.458507398317407278e-01 7.834923417756713970e-01 3.304784400790541810e+00
9.697477439430204349e-01 5.351202681562192698e-01 3.474879485573350912e+00
1.027862211324584552e+00 1.424572481970820814e-01 3.506930261401954851e+00
6.676503863431691999e-01 -1.704946716516622662e-02 3.570714779498022740e+00
2.265011729066118140e-01 1.912708825322296802e-01 3.383563047348190356e+00
2.358280451515153420e-01 -2.247382284993114654e-01 2.607387828737095070e+00
5.672471347958434329e-01 -1.053524445404761534e-01 3.111021211007756193e+00
1.071446772648550594e+00 4.786094220989195458e-01 3.511648148527946933e+00
1.333091333335951756e+00 6.399884312385021312e-01 4.291136613685182510e+00
1.087002102817099081e+00 3.553564142344868282e-01 4.711625530542407958e+00
1.344038125933536776e+00 2.072143877870324113e-01 4.337845239165506683e+00
1.103330172873037585e+00 3.954251737971616887e-01 4.444568594903072878e+00
1.562521983084184773e+00 1.144262338764058695e+00 4.566736072359187659e+00
8.220395687108571492e-01 3.733756286404573688e-01 4.032608712616801760e+00
7.837350227716434192e-01 2.288215948881111572e-02 3.846212803674358138e+00
3.763271164019549864e-01 4.688851013483711916e-01 3.981079337300891030e+00
8.969135940682428920e-01 5.465869654997617122e-01 3.535744915362568630e+00
1.210947800467206292e+00 2.599618264982184734e-01 3.550067346637104215e+00
9.952956027541123296e-01 2.383852593659048780e-01 3.720625547015225631e+00
6.332596667193208795e-01 3.804394724879784362e-01 4.334654524827561417e+00
9.777189149258461720e-01 -9.260521049229782087e-02 4.166011198624752332e+00
6.683136200020806106e-01 -1.688046339807294793e-01 4.535570990840001038e+00
3.903998187662044983e-01 5.251114382090662502e-01 4.987488509378909640e+00
4.003518979128248834e-01 6.231402312121966380e-01 4.334467419326392346e+00
5.272034702261623185e-01 1.080300004207128406e-01 4.696806505785914965e+00
2.881678315146893876e-01 6.805989697380351311e-01 4.715155811969262700e+00
8.077309341557283862e-01 5.024034308101026358e-01 4.883195724393311288e+00
1.207978053992246892e+00 2.558226750780916436e-01 4.402568078614245373e+00
1.477232393678656330e-01 5.081657700047266246e-01 4.238372723932340769e+00
7.067093595275399931e-01 -1.527914322053793017e-01 3.965797493550702768e+00
8.682453469979896088e-01 -2.517585008632722970e-02 4.122881763507558972e+00
1.418841904762613071e+00 1.470044354640508422e-01 4.423736233772867621e+00
7.663374967130813786e-01 6.201047056986541683e-01 3.981215051146139494e+00
2.783094612812435642e-01 3.625803787670276446e-01 3.836520522526011501e+00
5.620271912581217277e-01 4.566933647796357909e-01 3.869309016972446891e+00
7.445037283543832762e-01 4.906084726700410403e-01 3.453432664323044854e+00
1.259963306477779543e+00 1.369337914658645405e-01 3.332516688333452048e+00
1.293348397704345398e+00 1.720349709003237137e-01 2.382419234165703337e+00
6.947310327321125634e-01 5.040796054994721720e-01 2.207456268824701695e+00
1.009944752356718656e+00 5.370111639369171685e-01 2.259420558899551956e+00
6.316205215574287601e-01 1.874773280419118060e-01 2.065478136759347549e+00
7.259830774021238664e-01 4.555386591844611255e-01 2.488262989464174346e+00
7.868914633271484327e-01 3.313056668384094516e-01 2.068442765213338141e+00
1.115864054178295595e+00 1.116487788262489067e+00 1.704913288550466532e+00
7.088467575838864887e-01 5.151326975332419789e-01 1.424618092038941963e+00
1.301424961880942144e+00 4.532235350888094705e-01 1.721408033187298070e+00
1.000510933219361354e+00 1.276832213856243126e+00 1.868351611781040589e+00
1.037041350610940160e+00 8.352450121191326016e-01 1.538137675957981232e+00
7.235338776826036877e-01 1.069762116265500218e+00 1.380421116474332521e+00
5.742923712795102720e-01 4.425757691917290293e-01 1.733658067814177528e+00
1.603150687859236090e+00 3.369732784745745058e-02 1.210341067269229409e+00
1.677361685406179026e+00 1.828814693711450223e-02 1.870731200471538846e+00
1.787081007027967683e+00 -1.015161278731063765e-02 1.929322645882657117e+00
1.379975748274021141e+00 -1.081957633181646755e-02 2.127301454560286409e+00
1.007718151369791926e+00 2.242280362267748128e-01 2.263406843476633235e+00
1.264151007536083338e+00 1.408556471206310889e-01 2.050926918752066008e+00
9.409435129661420927e-01 -1.750579300519413961e-01 1.946578939000007002e+00
8.754540159590916693e-01 -5.717754434560697874e-01 2.147829988943655177e+00
4.715750419301713570e-01 -6.472864605130514981e-01 1.781493109966924004e+00
2.969841685759501138e-01 -1.998179655078679284e-01 2.484976710152043466e+00
5.387155950660400539e-01 -4.558447383614241261e-02 2.954946440796184959e+00
8.356995935749912396e-01 -2.457866275743302575e-01 2.746661264069866437e+00
8.148060102686590644e-01 4.777155878704447689e-02 2.772632581984892930e+00
1.090009347026191566e+00 9.951956154441149449e-02 3.039396762147003717e+00
1.113343956116083167e+00 3.180939845601964411e-01 2.883444477210004298e+00
1.174646491689676608e+00 6.398823642379727339e-01 3.091201081000237938e+00
7.844734619069659853e-01 4.470200077623971424e-01 3.324751977282565552e+00
8.107508521107358312e-01 1.720119371728598967e-01 3.441881787257835779e+00
1.061728320590566543e+00 6.141824682987249151e-01 3.846934710097214882e+00
1.370921297832502717e+00 1.362203991543013415e-01 4.566301181808599452e+00
1.383951389669102250e+00 3.912749832586746024e-01 4.389452627492350878e+00
8.900239960308784504e-01 3.782180085213786014e-01 4.469752570412591552e+00
8.619883187146315517e-01 1.860640812336828709e-01 4.526290797333313520e+00
4.924539727020544877e-01 2.582031846626847704e-01 4.787210701596062101e+00
6.598801637733915371e-01 5.710222197511480857e-01 4.885558448150714383e+00
1.036630070133226944e+00 7.493121820117349952e-01 4.534888521834050223e+00
5.526884652410939403e-01 7.334917784271417496e-01 4.944249295406301314e+00
1.179803175589690278e+00 5.930158646423431268e-01 4.745175170355975247e+00
8.190069821511199999e-01 4.494214537100088558e-01 4.438672826455366760e+00
6.224513602413738189e-01 7.720239733305241936e-01 4.776633749887086999e+00
6.801431802015354133e-01 7.596209899217370998e-01 4.822079089001579888e+00
1.066800702057589145e+00 4.750545014767045826e-01 5.320795943093362013e+00
1.368845992007915013e+00 5.980982980871801802e-01 4.232207764595418809e+00
1.279240214659947084e+00 2.728055062197330960e-01 4.828701197522613953e+00
7.053600976647618204e-01 8.159765775243971175e-01 4.579357695919419768e+00
7.205661756660318717e-01 1.631724353803215566e-01 4.279801340171493607e+00
7.671522075351761005e-01 1.512985593865147638e-01 4.051255111711479451e+00
9.414418256015996134e-01 -6.118427427686131681e-01 4.074643616582941164e+00
7.911134093871695638e-01 3.496252118576571588e-01 4.633390204329631779e+00
1.637977684724571947e+00 -5.004160442974019407e-01 5.021266231001138891e+00
1.375423238986608787e+00 1.438067403054658910e-01 4.477235843398339021e+00
1.856106070348893189e+00 3.117297953332178739e-01 4.467871270033264786e+00
1.496053888728926973e+00 2.421344372220735619e-01 4.695235919637881672e+00
2.047387633722733913e+00 5.013454766521205919e-01 4.861652995242279118e+00
2.293858989493817724e+00 -8.576529204601289480e-02 4.267095387857724909e+00
2.101065230211997648e+00 4.227445545906080016e-01 3.734247789017765662e+00
1.940358424957554728e+00 9.688144179282720536e-01 3.482112729820503461e+00
1.610383543363890890e+00 1.104379621132209222e+00 3.434164498741106186e+00
1.550146184628452106e+00 8.213295621343075226e-01 3.729067387859400284e+00
1.364874193534759916e+00 6.378984612432705426e-01 3.825817352749032896e+00
1.661772173498083482e+00 1.565034263878226195e+00 3.541113869902116296e+00
1.281214415923226602e+00 9.682450210420078252e-01 3.104384211776028302e+00
4.979858052951913194e-01 3.717996169473796741e-01 2.793840869105252533e+00
8.424190906121680200e-01 -1.400337897169873225e-01 2.499680353916919007e+00
1.392200361901141381e+00 -1.170065730922043024e-01 2.500340298912826498e+00
1.273816748015274003e+00 4.096893404258679094e-01 2.301923352112583032e+00
1.103480597458151635e+00 7.327057054993662000e-01 2.037715015505746852e+00
6.525364582843100614e-01 2.275573099291109402e-01 1.823725975086688100e+00
3.353177530381227789e-01 1.599113885157682491e-01 2.477064143224426473e+00
7.888359557391613208e-01 -8.177058313749122065e-02 2.256367452001113438e+00
7.059617201442799361e-01 4.088323350636483000e-02 2.714967769068049819e+00
1.102794906500224936e+00 -5.421286401514058273e-01 2.389537619865646167e+00
6.547977638360906738e-01 -2.614953617931276009e-01 2.489345544438567259e+00
4.908294316289842918e-01 4.501487088939793990e-01 1.756193595370366012e+00
8.849332549292348027e-01 2.332626907156343521e-01 2.250748962560984001e+00
1.232965506186202598e+00 3.718105855602562432e-02 2.144157363657690052e+00
1.439945453340511383e+00 -1.813342261528476107e-01 2.299895649868625824e+00
6.965997012734529426e-01 2.590396120917748402e-01 2.390350346713074892e+00
6.684823028766005981e-01 -1.857684872897740758e-01 2.284590868330612867e+00
8.132547228270168294e-01 -1.317812683814812980e-01 2.221628799109053976e+00
8.790088761548973117e-01 -2.536522870386000994e-01 1.666469289443853308e+00
1.114916283855047041e+00 4.948330553226927830e-01 1.633640420138142701e+00
7.596762369219589583e-01 -1.628934159715129115e-01 1.506846433015286646e+00
1.298591761014943557e+00 2.012642674466785242e-01 1.155729586993760050e+00
6.103222347942340864e-01 8.966606103281740681e-02 1.239810353254386266e+00
6.518344872925589950e-01 -9.678529869984321687e-02 1.313410483261574058e+00
7.833357550282680215e-01 -4.332495765309244407e-01 1.990761182249577210e+00
3.970573954535770722e-02 2.925811549271337686e-01 2.212736879147331415e+00
1.232412283927475150e+00 7.217563986457498082e-01 2.034582535222064781e+00
1.076589429093675720e+00 8.135539894387000537e-01 2.482880396380185317e+00
1.388024094580580625e+00 8.381973789410714915e-01 2.730355411039142144e+00
1.480148747217878480e+00 1.249540072052021555e+00 3.014939933983986631e+00
1.878116405069632844e+00 1.041463294763734337e+00 2.638002928978851358e+00
1.345712218036434038e+00 1.580845613358230706e+00 2.320238175033823680e+00
1.594445902895030631e+00 1.129640229387626427e+00 1.502367652989271551e+00
1.147315746031319250e+00 1.523464799603906794e+00 2.020303805720573997e+00
1.211358406594974513e+00 1.256460694393217725e+00 1.839245669875315237e+00
7.460418017701375692e-01 1.157902838984708582e+00 2.043362838855584229e+00
7.636970783949403874e-01 2.561697840119973035e-01 1.370730337676150823e+00
5.285679399508474985e-01 1.846696603387469604e-01 1.883387309802722731e+00
7.983507639012618062e-01 6.468497167485066646e-01 1.330426712685667701e+00
7.091905371260128765e-01 5.011620390343582976e-01 1.268742143119301558e+00
7.496462317746465098e-01 2.699376414893999709e-01 1.656135199128010660e+00
7.853589425424788439e-01 3.754848292193482817e-01 2.528648074094740572e+00
6.515365364657221825e-01 3.925744100191568831e-01 2.404050068013792174e+00
9.463337321664426760e-01 9.963527204740177945e-01 2.646886569743825746e+00
1.493757623668900081e+00 1.338101689239485470e+00 2.702936289797140290e+00
1.883117450647612934e+00 1.159188632647161876e+00 2.962451070451249890e+00
1.242823314794018641e+00 6.702904894660366431e-01 3.740712592858995933e+00
1.303152202565325712e+00 1.301823269964577534e+00 3.808443630652718515e+00
1.102218491466588679e+00 7.535557054754065121e-01 3.904342456739236411e+00
8.983201959226098099e-01 6.048319181553069024e-01 4.719709783628831090e+00
1.101334842266594727e+00 7.677704544883947602e-01 4.656391216836432534e+00
1.256208510322273098e+00 1.112908722022776908e+00 4.563970671148556590e+00
1.110588206033341185e+00 1.001129758832140837e+00 4.710843731048719008e+00
1.415500577425440998e+00 7.136048932838358061e-01 4.356532386236735555e+00
1.755636844749142833e+00 1.085926196622041928e+00 4.907504020371486142e+00
1.639790983878616437e+00 5.394522339381193632e-01 4.239562232765672789e+00
1.657735688673477759e+00 3.153309603923873938e-01 3.931360370290427841e+00
9.934808049236240057e-01 3.036851107340617778e-02 3.958789536415515453e+00
8.891383590315936614e-01 3.474583791948581135e-01 4.427955636668511552e+00
1.005477758298076729e+00 -4.299558317692364073e-01 4.106264992214760490e+00
9.448410013869622537e-01 -7.323131520524167604e-01 4.227973517957278382e+00
5.983708084511949465e-01 -5.478802722803379766e-01 3.842232603644363031e+00
8.437974829671754939e-01 -5.284402405264747582e-01 3.819998290003769448e+00
1.221203527514975296e+00 -1.230978299678836263e-01 3.584538966100721424e+00
1.435645099567274485e+00 4.437357026110128749e-02 2.910797504315951745e+00
1.048792898299916843e+00 3.323609020000429237e-01 3.138200404604674087e+00
1.719850358110967203e+00 5.691060375945520278e-01 3.694732569648436549e+00
1.551787244681358757e+00 2.059847783967562185e-01 3.012791209346584509e+00
1.819120450597394134e+00 -1.235622423353037111e-03 3.021231489449247132e+00
1.463159763705561112e+00 -3.037731499437600763e-02 2.794286994572212635e+00
1.054154752794760341e+00 -4.165661831050586628e-01 2.500924298892807318e+00
1.140568253776242935e+00 -3.688935907291057692e-02 2.690415142947546023e+00
1.271530361947167842e+00 -3.225746270551058670e-01 3.221400628521649434e+00
1.370709180335252464e+00 -1.984017436416111724e-01 3.589960932533015736e+00
1.830520663879232623e+00 5.173675914775881235e-02 3.281383013197824994e+00
1.683565875154209301e+00 1.490180898645505903e-01 3.036352471657405960e+00
1.697310211697819371e+00 8.434057202780155249e-01 2.566887192517102623e+00
2.327709635730480731e+00 1.251464110988733891e+00 2.816716842209320060e+00
1.870226381549081163e+00 1.085215853751430259e+00 3.264852648206753027e+00
1.080059026841147407e+00 1.322065997932205805e+00 3.607851620771220791e+00
1.103927207775225572e+00 1.300019467792040473e+00 3.960322859372588766e+00
1.171445642369613571e+00 6.289692023146891131e-01 3.794511597371532208e+00
6.424384908359309643e-01 5.828711310676912838e-01 4.149912100731703468e+00
1.322887859000600352e+00 -3.625720408128527139e-02 4.293173359772900710e+00
1.500450356024935594e+00 2.780760651899909508e-01 4.013061727037980475e+00
1.210581837544180139e+00 3.387290672518211698e-01 3.960561915173303582e+00
5.924587179197862152e-01 9.137079036049494674e-02 4.000631345348014456e+00
8.058407710704575955e-01 4.372536793479134265e-01 4.104197773805082328e+00
1.214175918290661960e+00 5.622106547503443741e-01 4.564557851555055557e+00
1.787025648706052294e+00 8.629762678688730482e-01 4.109954572656401517e+00
1.903854741276711726e+00 6.141939640991341820e-01 4.265714714808444441e+00
1.887336301049821419e+00 1.544243314083816987e+00 3.777351399353667816e+00
1.679523139441453816e+00 1.690173159102059453e+00 3.499875576969052826e+00
1.240125913131969959e+00 1.726609182964681022e+00 3.273682041414673449e+00
1.593914999913841779e+00 1.288200248157751249e+00 3.454962716215302709e+00
1.151382694181719124e+00 7.649465888223019316e-01 3.152372509655652522e+00
1.068178514237974941e+00 4.385379472714653337e-01 2.724015563805812778e+00
3.920850178989633839e-01 5.468136976896325052e-01 2.743159656064598995e+00
1.572461305017549993e+00 8.624872789507957993e-01 2.610591851842813504e+00
1.196218325005929062e+00 6.472086431692701813e-01 3.111697231269026087e+00
7.206371471803515449e-01 4.301393192403212273e-01 3.050580382921066924e+00
4.629825976271741972e-01 9.143396530351281803e-02 4.042723989881172209e+00
5.029439604631973371e-01 2.737580302639627816e-01 4.007519075226856131e+00
8.725561188706599802e-01 -6.415680375178599293e-02 4.335601911386929963e+00
1.219449730791000164e+00 -1.074080850719418834e-01 3.391503159030515580e+00
6.612182838045264077e-01 1.859965393388430532e-01 2.890828979970407886e+00
8.527732972573903725e-01 8.130500621281057105e-01 3.163214285759835764e+00
8.319237988087567759e-01 3.595028622899552606e-01 3.579009142417980183e+00
8.616400707408988779e-01 5.076052362860256073e-01 3.145352208145353323e+00
1.678306062872638504e+00 5.416061873610844568e-01 2.464350601303378241e+00
1.794624975549163892e+00 7.982942159044592589e-01 2.778431237650743402e+00
1.763134036510527691e+00 3.838184706639881094e-01 2.643378422135413075e+00
1.627790040718919418e+00 1.459565718538918366e+00 3.307369306514916119e+00
2.064117091836700002e+00 2.341720914234299400e+00 3.566839751833827510e+00
2.335311293229199947e+00 1.809143926761791032e+00 3.288479672170551371e+00
2.330711285739693661e+00 1.729289408951339313e+00 2.842006302745401669e+00
2.047407517461372173e+00 8.582696185096478914e-01 2.512654879174409217e+00
1.819409143120377159e+00 3.994513307658134615e-02 2.500204479745483876e+00
1.627841414743740334e+00 1.332885113245333430e-01 2.318799920342650367e+00
7.702361331879762352e-01 -7.501425265615088156e-01 2.364017346113776785e+00
1.151696503853852249e+00 -9.559857025754565640e-01 2.697204888622973140e+00
7.696215409584278300e-01 -3.667019423782795773e-01 2.496281711633127731e+00
8.724198543758808766e-01 -2.271222185342125499e-01 2.695766971036665627e+00
1.062937420891028939e+00 2.436243482684024575e-01 2.884118840154427321e+00
1.152322921889390672e+00 1.312142170411871311e-01 2.512542888495508553e+00
8.096979757994213767e-01 6.782815413269965843e-01 2.746064457784017865e+00
1.022059501723959984e+00 2.732360670681093784e-01 2.893458919373300020e+00
1.105333826970742894e+00 8.353529903419172342e-01 3.031586809249803949e+00
1.348502921798863330e+00 1.175238063049685699e+00 3.157775708397853709e+00
1.251931565478890729e+00 1.329430099925666076e+00 3.536234753070957026e+00
7.781639277193058701e-01 7.583414177165751502e-01 3.040315778136716496e+00
6.723290266506870561e-01 1.013932952124550813e+00 3.674727324418926688e+00
9.198259886951897224e-01 4.813833957419672016e-01 3.140313325315181370e+00
8.374172612525483395e-01 7.123501959838163256e-02 2.714354081315425216e+00
3.803606036320146266e-01 -5.663943385686759716e-03 2.684934960984999286e+00
1.394434293978762840e+00 2.715518504559075730e-01 2.544282310203352715e+00
1.173405441895282175e+00 5.973940577890098774e-02 2.551769439172158815e+00
8.621843835574829473e-01 1.233874532691494122e-02 2.913508289859513489e+00
1.562886071486780049e+00 -2.411156771286686873e-01 2.643092134776299673e+00
1.446660657835870722e+00 1.659723141645220723e-01 3.504215496996744950e+00
1.233631951183282283e+00 -3.654669794764000001e-01 3.433216604014716733e+00
1.076696151053539996e+00 -4.059378234002194441e-01 3.682274223431849958e+00
1.105929823646120136e+00 6.034791405133841380e-01 3.525917056572340780e+00
1.525092096432235866e+00 6.176551073390258439e-01 3.592974165587965896e+00
1.074559117257583685e+00 2.786472150973040018e-01 4.136682650995726185e+00
1.023322781418075422e+00 5.762485601584439454e-01 4.691595698818233018e+00
1.496648424277086553e+00 8.145228203258070288e-01 4.092135195003793413e+00
1.264916085609564700e+00 6.925455770767314778e-01 3.954434846489099264e+00
1.051004887182459546e+00 -4.469801458298053309e-01 3.796931541541160637e+00
1.255900588135148599e+00 7.669733037812306864e-03 3.875794881746727594e+00
1.206339136077745122e+00 2.251375918512764363e-01 3.596823267469936525e+00
8.271121381051831367e-01 6.519720314693013830e-01 3.718037164013868079e+00
7.804991324451001633e-01 8.534087526048819705e-02 3.981466391264425919e+00
5.393709240581289199e-01 -2.665302516195420246e-01 3.693646651537831893e+00
3.818828393921780973e-01 -2.146449636051472876e-02 3.902048860068457081e+00
5.548376362214600954e-01 -5.073124373566001433e-01 3.535143159940672408e+00
4.271957838551708742e-01 -3.377148694219092029e-01 3.722862729972550966e+00
6.330873470776918754e-01 -5.774741306998483203e-01 4.118901470921225716e+00
9.752081953851179374e-01 1.413565939218114909e-01 3.505537251421545708e+00
9.639569389625407547e-01 1.574586409011222432e-01 3.675927077961063549e+00
8.740009190121550420e-01 -2.544154407257390726e-01 3.674114183928913757e+00
5.330755441987385934e-01 -1.553175786296263905e-01 2.910640291687223158e+00
1.102825651280199271e+00 -1.990117998142308942e-01 2.017236117519746852e+00
7.097033329358278797e-01 7.758061764076826794e-01 2.073410866779881623e+00
5.628150886452567558e-01 3.573235872908155364e-01 2.095775550694590983e+00
5.823544887070117859e-01 5.283685561548134846e-01 1.488010088509224227e+00
6.490618778852720316e-01 1.417508768606008940e-01 1.640748311415535010e+00
1.068411036768192268e+00 -2.713967997497096496e-01 2.010036997715702434e+00
6.992172801244384006e-01 5.088185720184678074e-01 2.533429142120778632e+00
1.164143533236538935e-01 6.142912240680551417e-01 2.442033022580693213e+00
4.806242955475077405e-01 8.608457401696344435e-01 2.926000475162715553e+00
7.647401366811333867e-01 8.925957598820558614e-01 2.875791018215714256e+00
5.160350539277462900e-01 1.139465895974322462e+00 2.572807429484444963e+00
7.419238792211551026e-01 4.657249979651527649e-01 2.132759919202118049e+00
6.491103414626078205e-01 3.479512452173966763e-01 1.943732099230268240e+00
5.939721506259063588e-01 -2.543082423510145684e-02 2.049430684833230210e+00
6.120444650780864082e-01 4.208310656622811230e-01 2.538498188925526922e+00
4.706229226307173663e-01 1.769753880297771365e-01 1.565356048634141128e+00
6.887906591197169304e-01 3.570425004712667327e-01 1.728649427672359185e+00
1.558482981768954945e-01 5.879865123967223384e-03 1.824667630091368453e+00
1.003339848569437587e+00 1.860141891853633045e-01 1.874806958438583804e+00
6.046891669286224014e-01 3.248404753277892715e-02 1.252604362383890502e+00
4.044613302147329059e-01 5.423280067326627374e-02 8.939931727185752575e-01
6.800773942909519310e-01 2.294615339148175504e-01 1.868514389381671581e+00
6.637963252096539257e-01 -1.853029105855110714e-01 1.955103405041293874e+00
1.245781999317547434e-01 8.411575748738781000e-02 2.287060386033786585e+00
8.131972524774813138e-01 1.073705644155353189e+00 2.564459481227964854e+00
6.386166874053166298e-01 5.990894161979486432e-01 2.589785888469149366e+00
1.156631111555597613e+00 2.325191953514585408e-01 2.761458265798294676e+00
1.247662049203063672e+00 6.706718756734231235e-01 2.665332778265365299e+00
1.116008240132640328e+00 2.016360769093090699e-01 2.969475027889552976e+00
1.217351777484312558e+00 3.049464258807568218e-01 2.606650598164674815e+00
1.354774503853169110e+00 4.269530254067329667e-01 2.136736545422316169e+00
1.531830001904007199e+00 4.120913486590810915e-01 2.787735006701175244e+00
1.675054079144747465e+00 1.973627769920248964e-01 2.992141467566309387e+00
1.287592364832628844e+00 -1.683427586090103789e-01 3.126100133395205205e+00
3.745860347198906037e-01 -2.724142219160694545e-01 2.701818671798493998e+00
6.305162930929774090e-01 3.660177818562197483e-01 2.833335879698892779e+00
7.575384480615418026e-01 -1.265530619172826055e-01 2.981594454052033161e+00
6.469315097202333886e-01 -2.758030329224317456e-02 2.382698652153304231e+00
8.514292562531732278e-01 3.407994865129734818e-01 2.996625375144461589e+00
1.019360540203417820e+00 1.616577240610288790e-01 2.129574506964267311e+00
1.548166228513836673e+00 -2.172309710138998692e-03 2.435330065022963453e+00
1.658328565349522110e+00 -3.709440623915131741e-01 2.924934972884296602e+00
1.480964031740525932e+00 1.155278735681957852e-01 2.736397750898488024e+00
1.300528104103735982e+00 -1.851100939136557377e-01 2.176592316833878105e+00
9.213504399692781233e-01 4.132128014219585976e-01 2.056553293362123114e+00
4.712394888698515638e-01 4.057204938488948587e-01 2.257940880966196939e+00
6.070337827106715434e-01 2.644167858948229810e-01 2.378137773715141901e+00
1.099856075659048749e+00 2.780918739000924900e-01 2.302319119585353402e+00
1.095974830452078885e+00 1.470989573217294233e-01 2.272912497929476139e+00
1.225586669330440026e+00 1.943549355183357141e-01 1.874207860637481460e+00
1.392520674896558619e+00 -1.468857751079697960e-01 1.714871415635822904e+00
1.319898725852857391e+00 -2.108614645175505009e-02 1.827967145465607457e+00
6.219362050865138158e-01 2.147414763651205039e-02 1.329263964912199336e+00
9.380761540481847849e-01 3.590190996922333899e-01 1.697759048509126734e+00
1.265060856751947016e+00 5.395213110653455102e-01 1.856148078519506139e+00
1.307588464960838470e+00 2.368645595769709455e-01 1.683023448481198781e+00
1.574305086284441657e+00 6.077148313987942307e-01 6.777652685846550229e-01
1.722051618455063604e+00 8.677617931762933168e-01 1.723360808653353615e+00
1.610044601526587460e+00 1.258300597398984977e-01 1.320579026724794325e+00
1.222264948751046632e+00 4.488287376513052651e-01 1.352746145523953336e+00
6.923647745048363555e-01 2.910120572296559516e-01 1.417178417279041369e+00
5.160736693475642678e-01 3.686512801730165712e-01 9.719715787876563873e-01
5.611337182201846518e-01 2.709881700734387833e-01 1.147656439415048357e+00
4.672507570811128552e-01 2.413404229159971104e-01 1.346281897705021491e+00
9.010456833175451985e-01 5.988403562244216244e-02 2.004904405058837824e+00
8.165130557119223975e-02 4.573787332317590104e-02 2.055826544676532919e+00
1.525295751442558578e-01 -2.431432477919188706e-01 2.246249120482616490e+00
1.736935872200749409e-01 3.013469518667221680e-01 1.794656639650556773e+00
5.440781597973046724e-01 3.202863967281278090e-01 2.350794379639815190e+00
4.640187559705946096e-01 4.278621696320841217e-01 2.062946508831560610e+00
5.499675700752213459e-01 2.480362080834851712e-01 2.110462652442846476e+00
3.286861318403838661e-01 5.483193134607478036e-01 2.482571345984875499e+00
1.262089109015544497e-01 -2.480102721737056926e-02 2.604185215809406095e+00
4.744110862382795446e-01 7.825803909763725530e-01 2.685165785554962881e+00
3.997661200182103247e-01 3.042878082869819867e-01 2.025029944557978023e+00
5.465271529121702443e-01 2.691898383499864711e-02 2.917534624074854754e+00
9.291744159918849943e-01 -2.379985478699036539e-01 3.078538593002184687e+00
5.717476634086375853e-01 -3.258732319406388300e-01 3.118079951619957768e+00
4.838457478439647796e-01 -3.955381340003157886e-01 3.215233205079901513e+00
6.836934477741277161e-02 -1.719986083303410296e-01 2.906794480785167778e+00
1.087564034619957765e+00 -2.893966531744002202e-01 2.750181205211670310e+00
8.535275814992322463e-01 -5.813628894026092730e-01 2.780820379390295916e+00
7.170582647347389926e-01 -1.388673343110392311e-01 2.609202420617760421e+00
1.105076308889896497e+00 1.444534771391137173e-01 2.484309616571191981e+00
1.124348856654694195e+00 8.059826072406068853e-01 3.505912917066515533e+00
9.981616605493139893e-01 7.849821878805706143e-01 2.696620510688998440e+00
3.938897664341220461e-01 6.577853398846806865e-01 2.406280049953888778e+00
6.952983972831255910e-01 1.454914148789682171e+00 2.616645845928771141e+00
8.128073936717533643e-01 1.310985649711531309e+00 2.574490294659672163e+00
7.346204509136223804e-01 7.004377084336659287e-01 1.944642679459652301e+00
6.799766076364734957e-01 6.523820342895798596e-01 1.909435781207669214e+00
9.595906901696407143e-01 9.211936147615529258e-01 1.580306219877702922e+00
1.038443546984467725e+00 1.346749608728740277e+00 2.532548658234052397e+00
1.413137523971353282e+00 1.324210294479899908e+00 2.009112270437387604e+00
1.145169991953861155e+00 6.907587684185656496e-01 2.148720171355531949e+00
1.285392318362180486e+00 -9.119905564585073510e-02 2.397162391825640615e+00
6.782899531993038522e-01 7.565430147101293024e-01 2.790575991205088258e+00
1.106168235685428325e+00 4.961863552929067778e-01 3.081404880287319958e+00
1.672583340153095843e+00 2.399720042724061142e-01 3.020170162425520832e+00
7.669309394453026618e-01 -1.338319591889028104e-01 2.302439602989974965e+00
1.130514076488880137e+00 -9.083004708204281408e-02 2.554187706775634226e+00
1.567949565888090868e+00 -4.946138344695397149e-01 3.055090827362668016e+00
1.976903159956310940e+00 1.479699044487823578e-01 2.594553073467821935e+00
2.368588362203338349e+00 4.854240610308871995e-01 2.777550306008468084e+00
1.814906901725128474e+00 1.003439107421163046e+00 1.929524164727430380e+00
1.181235466767023068e+00 1.291711930673971498e+00 2.250467141490248846e+00
1.025399656518495961e+00 1.379149281742622968e+00 1.994883043899592590e+00
1.101760688241782749e+00 1.510703035299862718e+00 2.268636650841876268e+00
1.127878564575395481e+00 1.732095471957776800e+00 2.392066810906389396e+00
1.398226120752122714e+00 1.154838931799641255e+00 3.182413693559927204e+00
1.537243010261095666e+00 6.720405937801874341e-01 3.581795427414691257e+00
1.821859200406492629e+00 4.224707645695701119e-01 3.945785237046519178e+00
1.922433178564236123e+00 1.649694411122573645e-03 4.158336755762661596e+00
1.666768037506727973e+00 9.283414825821767469e-02 3.093225178889250859e+00
1.491997599121721585e+00 9.778914154968833261e-02 3.175711862386548123e+00
7.356686631375518592e-01 -2.260184029145639872e-01 3.456369977794798043e+00
7.724268844213685870e-02 -4.949628361146879429e-01 3.257289989131975982e+00
9.650524312433756968e-01 -4.818036814183452865e-01 2.774538605884876663e+00
7.040142389331810469e-01 -4.824547317336321806e-01 2.958300012680278535e+00
5.877636300084612131e-01 -4.311274699514630604e-01 3.111045941298956841e+00
6.281438853405563183e-01 -1.743261693033776871e-01 2.837271860577638360e+00
8.915215643626425157e-01 -3.533130574163018123e-01 2.997879810334174167e+00
8.883399010923872519e-01 2.002223555709545799e-01 2.221282883490286686e+00
5.317760973727185814e-01 3.997998222160591975e-01 1.669923100779737712e+00
3.865247811416085977e-01 8.802403652409688251e-01 1.315839146498141377e+00
7.746172914052257275e-01 -9.383154322003761649e-02 1.772319233737569277e+00
3.527778406283744728e-01 -3.673936542148659168e-01 2.367538975608690865e+00
5.647279425767914862e-01 -5.187056133243924672e-01 2.979742105454838974e+00
2.568015239531120653e-01 -3.020386248325834799e-01 2.915097758904181102e+00
5.092325977044548369e-01 1.254357158214854107e-02 2.868925755633257246e+00
3.141253929204810835e-01 -3.388369929971840611e-01 3.608627206660705689e+00
8.620635709318678896e-02 1.451020837836063393e-01 3.835899064218434074e+00
3.141484053156758938e-01 6.514676323259295243e-01 4.696751294752192329e+00
2.126453726552206547e-01 -1.942823272541389368e-01 4.530802972445908239e+00
4.418997280936262095e-01 -2.806078056442247726e-01 4.330216811415915856e+00
4.720688603661320482e-01 -3.753135611349364131e-01 4.461832595855766748e+00
8.908124698929436036e-01 1.281458714129438681e-01 4.409289749568142902e+00
4.280500136158259528e-01 2.012939815674278862e-02 4.002700799479349314e+00
5.580496763899540635e-01 4.450736040570170693e-01 3.680730053961002834e+00
8.581492699617490061e-01 2.399007453230418141e-01 3.962657294467409663e+00
8.159521852178488466e-01 1.437525898862661300e-01 3.287027944511042410e+00
3.874661448470355096e-01 2.464026777652436329e-01 3.148045831902714919e+00
5.525229706451348921e-01 -4.330819118193320050e-02 3.075422001943381556e+00
9.074150191768700635e-01 -3.932594724359287364e-01 2.833656882308291269e+00
4.460610926748537763e-01 -5.667634839183927076e-01 3.310733146451241726e+00
7.388746239713410435e-02 2.087947403934007629e-01 2.990882442445334632e+00
7.457920213534747766e-01 -4.197948473965982252e-01 4.072110038411522304e+00
8.078037599254325185e-01 -3.690370230730880552e-01 4.283788102205721593e+00
1.005670760987553924e+00 -2.404750831142579148e-01 4.098624221597101602e+00
4.460826800910598355e-01 -2.981430883301288137e-01 3.589664765792231371e+00
8.692282393268482288e-01 -8.123191772875290595e-02 3.591995140339349746e+00
1.284377670836037044e+00 2.865466971653209960e-01 3.230054717048897572e+00
1.291663841164684356e+00 2.050049195293014159e-01 3.025987173226327265e+00
1.328107995067418612e+00 -5.548119951273971368e-02 2.665709554398831838e+00
1.053254395839316793e+00 2.984005234753084324e-01 2.243020808324204030e+00
8.669088856946191024e-01 5.769189705182686811e-01 1.488237663720677117e+00
1.839924445370896278e-01 3.233637600945303558e-02 2.370173996006121886e+00
6.560336756009426118e-01 -1.252664543669588515e-01 2.856081526120540115e+00
6.340235373854162804e-01 -1.171929177475796585e-01 2.267852443728053835e+00
6.777796171431608174e-01 2.480396671099984185e-01 2.103397581916961467e+00
9.497728339704656353e-01 2.358742296420269224e-01 1.987990290178672126e+00
5.990186898923053338e-01 -4.741840392846802255e-01 2.725833128800505101e+00
1.115689468702010023e+00 7.406624029845945700e-02 1.900924720003002610e+00
1.145199816093762202e+00 4.210710482013020339e-01 2.808282975412369709e+00
1.175472495661094241e+00 8.073905806630547743e-02 2.721267307475386144e+00
9.703036682066377150e-01 -2.730801690511577284e-01 3.271275307500565610e+00
1.131897806124736228e+00 4.753494080381593379e-01 3.545337130215218124e+00
8.467902769185783329e-01 9.129099047968649572e-01 3.132366143722133511e+00
1.441275596800094538e+00 1.128437200107424543e+00 3.249800497849628655e+00
1.145745454775271899e+00 4.617238072861081788e-01 3.300826361624817906e+00
7.261852733391486181e-01 6.773691535761188209e-01 2.683327114329286722e+00
6.647836515147221847e-01 2.871610093689959675e-01 3.072735385101390548e+00
7.155554109200890078e-01 -1.383968083640317315e-01 3.290653918889362650e+00
9.476466279080615340e-01 -3.939230987415355822e-01 3.226502072541202359e+00
1.252811993173949201e+00 -1.070389736104046946e-01 2.774361968808296108e+00
8.914257289344539315e-01 3.305146858003115140e-01 3.309343846167423830e+00
9.873114309565733659e-01 -1.840986506834601799e-01 3.536730282867657671e+00
1.142858732045060277e+00 -4.075409811584121411e-01 3.631815194443231753e+00
1.119766666298717572e+00 -3.253974011658400389e-01 3.162472100473809000e+00
5.299166699173468720e-01 2.830414223055621181e-01 3.765468753809813052e+00
6.875439063440800247e-01 7.084690299680589387e-01 3.556743461190742028e+00
1.636432625421278875e+00 1.164794873911677353e+00 3.468591451423124639e+00
1.576878653500241700e+00 8.681009775283081709e-01 2.640756826143395131e+00
1.674587660733837691e+00 7.397941137725918548e-01 2.701466403957868412e+00
1.436832564359822317e+00 7.817617955647069294e-01 2.428193895045448691e+00
1.901205640318695433e+00 3.134508090028788607e-01 3.090246877913394474e+00
2.046792993614503953e+00 6.680359721086750469e-01 3.965640633522042879e+00
1.761219604561296226e+00 1.044762406333114901e+00 4.077616144893120520e+00
1.846414355866967671e+00 1.329849070503669628e+00 4.260652583759719114e+00
1.398428485569336077e+00 8.697952561391970594e-01 3.716475536514795674e+00
1.496998313151788773e+00 7.062945928201221912e-01 3.354477131918688571e+00
1.558154576320176510e+00 3.211603411040420686e-01 4.011118821690134340e+00
1.594814989191948973e+00 2.267613877193048466e-01 4.357718695604583026e+00
1.840936068416449967e+00 5.783098032480736839e-01 4.235772826609610853e+00
1.614499214584895759e+00 1.179965214634194626e-01 4.266568443320479354e+00
1.500617918472164192e+00 2.991160202885544961e-01 4.422002379387391713e+00
1.827873899524408596e+00 5.330436168440116917e-01 3.857022157928257755e+00
1.718439323184298262e+00 -1.598553196165193313e-01 4.174203544618258377e+00
1.833166028629081623e+00 -3.876511737836871307e-01 4.236540610766620141e+00
1.260824635343586797e+00 4.538668636648262589e-01 3.681170939359803995e+00
1.217254452137528808e+00 4.444002759816120807e-01 4.210979000031069397e+00
7.066408359465489175e-01 7.025827702529487961e-01 3.948793812640115863e+00
3.877093213201386335e-01 4.465800360460255858e-01 3.935201153910347749e+00
7.383500097668833639e-01 1.102615136031523946e-01 4.073213677009494660e+00
1.193217926622338609e+00 -1.759454618213576182e-01 3.622239451907204533e+00
1.221196734327200328e+00 4.253116615115825061e-01 3.566816782410974440e+00
1.175714794467539903e+00 8.247333064698106897e-01 3.521268910820577247e+00
4.483500513204897731e-01 7.728793605257100463e-01 3.350196009233327832e+00
8.415608344402332186e-01 7.617927387059092448e-01 3.311704807057278988e+00
1.215775362189182029e+00 4.279413206954771898e-01 2.939570637990601920e+00
9.937745478179160763e-01 1.534835992995056131e-01 2.570764547381867438e+00
7.633450529041302390e-01 5.512087749429206429e-01 2.384809707628446684e+00
1.083049772498357211e+00 1.709255220647954709e-01 2.652455315836370175e+00
5.004201042817726375e-01 -2.844932605713922369e-01 2.376730393472344272e+00
3.878934723344002466e-01 -1.491955155682233303e-01 2.319301815087029706e+00
1.979955492859924726e-01 6.614291541918024819e-01 2.177303759738900446e+00
7.587224030325866453e-01 6.732859399598178918e-01 1.521885459680518693e+00
5.326285402427861637e-01 6.315148418660316842e-01 1.976251893115800184e+00
1.190787047005498200e+00 3.596713556217792651e-01 1.704183224447334943e+00
1.345198579564161445e+00 7.312418740996526889e-01 1.733190947671968685e+00
1.484026667647887932e+00 1.577082104089090331e-01 2.044273847147120904e+00
1.742371281294349261e+00 9.220980906831579560e-01 2.230358290522342024e+00
1.546089966388698000e+00 1.349835692598126746e+00 2.059253987617843951e+00
1.685977259555657914e+00 1.163861652865926910e+00 2.528458144411280362e+00
1.722137115338697511e+00 4.065543186006503884e-01 3.421789166460863285e+00
1.735987846904444298e+00 7.096976281574206569e-01 3.714581293696237907e+00
1.840363629931776490e+00 9.056309828210262758e-01 3.517885550574106013e+00
1.441503072407196884e+00 6.546755947183067192e-01 3.841585966077529779e+00
1.080695254069486078e+00 9.427943784395151905e-01 3.448679205515367219e+00
1.546005844970215870e+00 5.632334226834365132e-02 3.034039182624932440e+00
1.690900403369797633e+00 4.294673359249878697e-02 2.052217035923183719e+00
6.647960026162536007e-01 3.348683326372031699e-01 2.818043091898722263e+00
6.462054870696483100e-01 1.507258672035542424e-01 2.652108269679936292e+00
6.716621642665622227e-01 -3.857732275299709940e-02 2.796093259129931230e+00
7.571223537632602030e-01 7.022479309769279199e-02 3.173742815906485326e+00
5.798727569778642232e-01 -1.705993017616328489e-01 2.718132025178755296e+00
8.162671814887200172e-01 4.855726187949612194e-01 2.872384612068112020e+00
5.793996961298961690e-01 1.080744185468656277e-01 1.923646100479224685e+00
5.500386421441431084e-01 -6.548981991052041374e-02 1.977464058422933268e+00
2.439561637582281228e-01 1.855559147746556892e-01 2.073948275793354501e+00
1.253212973793912943e-02 -1.394314185980828902e-01 2.365539555749096579e+00
6.914043978377764077e-01 -3.843077618495059355e-01 2.677687472030647164e+00
2.020418254918712742e-01 1.949133557854907384e-01 2.799369024026239661e+00
5.233612584389628619e-01 -2.116732318358086062e-01 3.129240405127612146e+00
2.474903738943574627e-01 1.713975930981666840e-01 3.153792751388737603e+00
6.843560946457325489e-01 -1.701174298568531862e-01 3.792608905088371340e+00
4.562564341458442696e-01 -2.933532891853320168e-02 2.954964962005770523e+00
5.601968149423473126e-02 -3.971194708461471268e-01 2.679600442789264125e+00
5.417874159185697147e-01 -7.952005551674190542e-01 3.008343856543466810e+00
6.774904743869458734e-01 -4.993271142525708139e-01 3.125384847527447718e+00
3.835096412500229035e-01 3.702232917424269631e-01 2.885004918181370837e+00
2.889852577488340457e-01 1.487742878983653316e-01 2.127258695935132504e+00
2.574478604681169625e-01 1.489834421696812627e-01 1.775611469129266595e+00
6.186348944803135019e-01 -3.703558100816557036e-02 1.766340886735682014e+00
4.350037332298864468e-01 -4.783072819081648497e-01 2.109955250765731538e+00
2.281390315077159656e-02 -2.306979451844240470e-01 2.403828075552572052e+00
2.006293231494293283e-01 -2.106789565790566643e-01 3.093722830558172987e+00
1.067024856669323896e+00 2.049159183935845840e-01 2.274924531534862737e+00
9.855950523633100202e-01 1.155855220263836969e-01 2.172367675169155188e+00
6.182682301621279519e-01 -1.182337599135694500e-01 1.264892468781509294e+00
7.165008735078536306e-01 -1.305891298393949129e-01 2.109316296573381599e+00
4.305308618977774504e-01 4.470645229964009815e-01 1.738229512853824321e+00
1.029272587896762486e-01 4.543272058023319349e-01 1.905340513933288182e+00
8.317649344636000031e-01 2.188874311363478709e-01 1.842883201163652451e+00
5.763764237153621295e-01 8.330264474974304889e-01 1.723917086739140903e+00
1.003574444219705875e+00 2.489991823323498832e-01 2.211571015364411252e+00
1.248519130629438978e+00 9.397232183468768874e-01 1.784726589630366345e+00
1.281567612297138448e+00 6.148182304878624382e-03 1.804656182831662292e+00
7.710228584152971631e-01 -3.691948860210481076e-02 1.682886195176009902e+00
6.277143818695485322e-02 2.622743600714485535e-01 1.928623297835098782e+00
6.726950380888391257e-01 1.433165496910847880e-01 1.796944367453973346e+00
7.443972639310514339e-01 4.176640561554996744e-01 1.929765189238279222e+00
5.024083441381244075e-01 5.471111110805337852e-01 2.309313865758207740e+00
6.784782674049588680e-01 1.968455937370572340e-01 2.466637452486249771e+00
5.350161867571316954e-01 2.444763585804246020e-01 2.444489829900258204e+00
1.248486760512050875e+00 3.115354135163942995e-01 3.065737825021391583e+00
9.964601031792108543e-01 6.987503015246983029e-01 3.045881510456682761e+00
9.958442548316213117e-01 1.608325891402870855e-01 3.166509561329267974e+00
6.234468619954747215e-01 3.793549921357466381e-01 3.540385595225389537e+00
3.189774381393325475e-01 1.321453214560037281e+00 3.461412410761366409e+00
5.215545564719047400e-01 1.557717552425301744e-01 3.837423320171639674e+00
1.222278379550665539e+00 -1.448050494469103888e-01 3.909196941820205051e+00
5.327141457423674176e-01 -7.856340846157319757e-02 3.415296518356356614e+00
2.295270624324472208e-01 1.097037332544136545e-01 3.928533419453756892e+00
8.288687748764369534e-01 -1.339489326352691356e-01 3.789529122190432808e+00
1.104342621423731075e+00 2.093925950594437146e-01 4.301771998378846718e+00
1.056204234817034182e+00 5.243400612387054682e-01 4.442078351823865567e+00
6.883567670458280441e-01 2.478968130268412173e-02 4.716598888303741965e+00
7.311604890012787239e-01 -8.536383479760271120e-01 4.872034319015245529e+00
2.105397476359488484e-01 -4.025527165817341935e-01 4.828469087346129562e+00
2.561110643340456239e-01 -5.468973587058214569e-01 5.188924605873401319e+00
2.503382484565473409e-01 8.565875829130384367e-02 4.778566355069019167e+00
8.822678546535329680e-01 1.656807072412100068e-01 4.350548109086282977e+00
1.080083691137839086e+00 -7.033563189326770271e-01 3.764011427463645809e+00
8.951866061609932146e-01 -4.295563603448142032e-01 4.035779482681266295e+00
2.716408885842165333e-01 -4.778929085594393888e-03 4.376017077315744963e+00
3.923001771545020500e-01 4.419130036562373132e-01 4.323746182432046226e+00
2.414796036904024168e-01 6.553546767415528995e-01 3.920086684725033077e+00
6.342858517654993422e-01 7.989933224636179832e-01 3.662386183710368837e+00
7.084175170521280762e-01 9.192218977596183782e-01 4.817155056767981947e+00
1.195932462444090794e+00 5.072060141798727662e-01 5.466531677539754774e+00
1.577953467360233342e+00 5.395413310316747868e-01 5.616061170598489305e+00
1.383940983666693603e+00 8.371546411585544245e-01 5.474714180452361134e+00
1.695827330813324041e+00 5.537846871798131065e-01 5.174252575687447120e+00
1.774510718087021655e+00 6.427955881342896083e-01 4.533438172520880549e+00
1.082996233320956403e+00 1.254627793857138740e-01 4.964806898852461181e+00
8.029656019083120100e-01 -5.744858934818919405e-02 5.024018897932031713e+00
9.701799394347465633e-01 -2.274559850472467337e-01 5.416719628029661671e+00
7.087144734580331784e-01 3.455476830520380904e-01 6.476384983189118927e+00
7.413126333973092397e-01 7.589724148807458493e-02 6.289769398835050040e+00
1.686071871820688628e+00 4.063973933232675195e-01 6.781926777443471721e+00
1.051988622950312591e+00 5.755303210571200978e-01 6.779855700191319556e+00
1.677199266552676482e+00 5.396503106274465056e-01 6.729361787567916586e+00
1.829759250415545324e+00 8.375964094619976485e-01 6.407527392599492444e+00
1.429504224085121233e+00 2.613767851260266895e-01 6.333955718397651147e+00
1.900038227361136700e+00 6.949420749531965980e-01 6.803564754288479399e+00
1.738960580114042864e+00 8.629344021403601017e-01 6.374415949120417757e+00
2.123945970755870771e+00 1.045074394678652485e+00 6.504444135220412093e+00
1.702051254764833210e+00 8.235922208381016851e-01 5.847498377500943256e+00
1.442414229934067205e+00 5.861150186050189115e-01 5.672227641139783394e+00
1.932615327593671273e+00 6.322333288413432006e-01 5.332499223039898872e+00
1.352483503182702940e+00 6.778317593898205984e-02 6.093444546325331501e+00
9.801226003688577881e-01 -4.573790101933929986e-01 5.755739891465147196e+00
9.933783215256232202e-01 -3.109322595855104066e-01 5.684303331394149339e+00
7.264718049147603773e-01 -3.173521009151097916e-01 5.175387839521430777e+00
4.479906235911640389e-01 1.153433943483346547e-02 5.706981966585660260e+00
6.824885133006219906e-01 8.159262477616061049e-02 6.326421355758959919e+00
6.496827723966540624e-01 -3.339131568278049245e-01 6.178647810077179336e+00
7.635248586815780447e-01 4.430480174393156001e-02 5.862794394491881000e+00
1.396332054344771256e+00 -4.353278431913378821e-01 6.327613949207154143e+00
1.479750279992843254e+00 1.390491807132193669e-01 6.246916836203081580e+00
1.188454875055369619e+00 1.024730388414758081e-01 5.812524151192024036e+00
1.314313519492471771e+00 4.203792514370976452e-01 5.885420276529069739e+00
1.172484300926365686e+00 2.889978967305995572e-01 5.599773965702461886e+00
1.117116806768078785e+00 3.476507103031228341e-01 5.565531903846633099e+00
1.259075002287546097e+00 -5.015208617937688684e-01 5.937836680883796348e+00
1.529301219529441536e+00 1.233053020195615246e-02 6.168801202417821372e+00
1.338116570743346223e+00 -7.430013161692228252e-02 5.963169980696784833e+00
6.119946705201704251e-01 4.108926153063447995e-01 6.281418836501027059e+00
1.093610111344506919e+00 -5.883674858112887540e-02 5.781127455346520172e+00
1.671616192123136502e+00 -6.364805045291084262e-01 5.961499337698986878e+00
1.327632909795692484e+00 -5.072422353958483399e-01 6.117165339161192428e+00
1.448807102037116268e+00 -3.130964543276462675e-01 5.918533080275346414e+00
1.428510129711194843e+00 -1.645169183246047995e-01 5.177595934422250856e+00
6.939712395531545397e-01 -9.275414931275517694e-02 4.151379752843862292e+00
5.544904642355954483e-01 -1.023723101750951270e-01 4.074864443713383189e+00
1.294288944747627568e+00 -2.712150808285430093e-01 4.416790561515732350e+00
9.188223739525275269e-01 -9.075740357810820058e-02 3.593747606790361093e+00
1.176116566585923229e+00 -3.873165725676532278e-01 2.357833124173541073e+00
1.143445675606571621e+00 -2.059552837378300083e-01 2.761984871073203784e+00
1.402829655904356931e+00 3.309415824691206431e-01 2.504688501215417862e+00
8.943569282921235430e-01 3.949338806619206443e-01 2.409403157881243374e+00
8.900647935639686148e-01 1.094683478809380217e+00 2.514617960932294061e+00
1.475429925814337961e+00 1.011288244073602183e+00 2.011298717458323004e+00
1.735874021141781132e+00 6.921533792165105448e-01 1.714602578528498844e+00
1.173953816187012444e+00 6.943052755517272745e-01 1.457767190796549261e+00
1.083582266494018231e+00 8.117109356542293597e-01 1.468671763068216896e+00
9.660587175267228988e-01 7.544437722022863113e-01 1.182933999579081741e+00
5.914755667358984059e-01 5.182888440445365674e-01 1.906851820298623768e+00
1.317192434014051949e+00 1.294182083127851102e-01 1.339367953689008628e+00
1.198952267957349660e+00 -1.109568809247067156e-05 1.754554386115587228e+00
6.617446990776486571e-01 2.992040834014992878e-01 1.922491506168074737e+00
1.476537397305752508e+00 5.791121565429363516e-01 1.938719171264395191e+00
1.148424351214043959e+00 9.138043315018737345e-02 1.763305785514906798e+00
1.344870785311232941e+00 6.043981786214746021e-01 1.702220853876796003e+00
1.563860226508489104e+00 2.324735031866185242e-01 1.563261828291316879e+00
1.543569887305392019e+00 4.795239105894856246e-01 1.831891996838735714e+00
1.871478050887902533e+00 1.220105038414363297e-01 2.481651696109206995e+00
7.459864878647656239e-01 2.346973009542556443e-01 2.312229766898640460e+00
8.257754943587090057e-01 7.216568682041585303e-01 2.564037108155255318e+00
1.095889123825199540e+00 9.216345943436771160e-01 2.133064555676293050e+00
1.436306130766391131e+00 1.243054068500080156e+00 2.645433316195857198e+00
1.804301116785650860e+00 7.961992474171480927e-01 2.930704727513411267e+00
1.090463265233497570e+00 9.050678708218085067e-01 3.077703307355962536e+00
3.744781168520453507e-01 5.454016374572908665e-01 3.002789955076292649e+00
8.608370208289952696e-01 7.911409394562057829e-01 3.363996999231145146e+00
2.599814940598278445e-01 8.670769901745254415e-01 3.274056062945765344e+00
6.134577547087284310e-01 4.879735217914822343e-01 3.190718047059354578e+00
6.569812357082658316e-01 2.896308855390181125e-01 3.427952261752856611e+00
8.123342051408293241e-01 -2.786382176405507449e-01 3.317277848465922663e+00
1.119302164402784072e+00 1.782757318204467034e-01 2.638720140338132403e+00
1.798385398764306808e+00 -1.121505194424619462e-01 3.057288513291754217e+00
1.977624873660965399e+00 2.187441955724429288e-01 2.963364770156071692e+00
1.399238649433364623e+00 -2.975707452385289997e-01 3.182928866040838578e+00
1.704316003805439017e+00 -1.337488999975499082e-01 3.400346349413724045e+00
1.310131079280822730e+00 -2.623382233382084983e-03 2.752608395136100672e+00
8.568136419438159290e-01 3.491991960694707658e-02 2.635140849525212658e+00
7.870028780746998187e-01 2.127208926455714799e-01 3.236498679282040047e+00
-1.504277042570280054e-01 1.323757223595551924e-01 3.379402091207123870e+00
7.426518898819443049e-01 -3.415633378860336578e-01 3.553799556431002316e+00
4.059612929075255283e-01 -1.757318527204125846e-01 4.343146831500434679e+00
1.041559196142957555e+00 -4.986414917087210186e-01 4.003867288239059796e+00
8.295837399328122030e-01 -7.582930231852677561e-02 4.400463799885017124e+00
1.010846370242600489e+00 -8.744107981880422376e-02 4.274923581694339170e+00
5.469527681558982168e-01 -7.410838481177685066e-01 3.998133782956216020e+00
8.039444915794735635e-01 -4.717418560962527430e-01 3.515030642070667177e+00
5.451709644379764130e-01 -3.861472234643074652e-01 3.798181896755757680e+00
5.569235494555480059e-01 -4.823099265142716252e-02 3.804643817929870497e+00
1.478809737055542861e+00 2.066373411534761229e-01 3.840803497157085022e+00
1.020425987687176406e+00 1.214226488459350939e-01 4.090242771756023465e+00
5.513679947556429095e-01 -6.435352661169729815e-01 4.075239801772418957e+00
4.182069018400520477e-01 -5.022919198642064043e-01 4.252582836108782516e+00
1.203291961327618287e+00 3.693615219104935399e-01 4.578819494303702164e+00
9.166255531876188467e-01 3.721981678124891002e-01 4.397240990153446383e+00
9.605210573517294348e-01 2.425928769134904905e-01 4.811562959220448299e+00
1.425587055290839400e+00 -3.227674991898840662e-02 4.468285703215265414e+00
1.255745294027145409e+00 -1.052056181915761446e-02 4.179284297741133081e+00
1.753872380571851908e+00 3.702172862956764066e-01 4.490795241686065253e+00
7.791299251778170953e-01 2.495796629488743479e-01 4.955588001390748509e+00
8.158230071509067205e-01 2.686685673791526230e-01 4.337765843119472109e+00
1.375677604117900410e+00 -8.861415601204775117e-02 4.582332674415687812e+00
1.249115455592084478e+00 5.189813722077017966e-01 4.305611805314055296e+00
1.062103480603314498e+00 8.076210899098608120e-01 4.065466667007362922e+00
8.026043387658243766e-01 1.009730705485437419e+00 3.535660685952497495e+00
7.391374677605302423e-01 9.075097465735375568e-01 4.091084033386183982e+00
3.407561972899941782e-01 7.265887421382771771e-01 3.793821213070094789e+00
6.775398904839111669e-01 4.047706590666580451e-01 3.465775548840556386e+00
6.178678176540949307e-01 -5.672071632128661278e-02 3.532021666205655386e+00
6.654382730810275426e-01 1.010856937327849064e-01 3.525889214660510973e+00
6.121524850624462388e-01 7.969525605645986222e-01 3.825823471367069573e+00
8.905860899014846899e-01 -7.563682262984644522e-02 3.343189699847385121e+00
8.007217618999544761e-01 -2.038847349615398596e-01 3.125261781084376800e+00
6.033969362600384301e-01 2.669503716287030537e-01 3.700988223160476931e+00
1.100684979733716817e+00 5.488893776383375611e-01 3.622671304350087329e+00
1.537323037580791363e+00 1.134459789515436690e+00 3.348177970509018664e+00
1.580870413899801763e+00 8.613688075595313798e-01 3.656720344541974033e+00
8.932559674119979753e-01 4.533578218706183494e-01 3.694151734871976789e+00
1.484097471883432107e+00 -9.817978748510522435e-03 3.251904197102647220e+00
1.341622215378119432e+00 1.299240460421942078e-01 2.419658406290186914e+00
1.032503350028713074e+00 5.982600386796246145e-02 2.135398053732968648e+00
1.370458650908916498e+00 7.456650941639442198e-02 2.754796121487765426e+00
6.857474044509834776e-01 8.622883053606433812e-01 2.790817701225107861e+00
8.802323395230106096e-01 1.111288262375178082e+00 2.795648231909265924e+00
1.175501374899629914e+00 1.268303781038745859e+00 2.993114061310863772e+00
1.240693065622455071e+00 4.582146300882171119e-01 2.883302829041197057e+00
1.495839820723436242e+00 5.544883315350367381e-01 2.493300817793968172e+00
1.616569722389789243e+00 5.875070153104449133e-01 2.611815856904422972e+00
1.519520836709389533e+00 1.058094257564861973e+00 2.779442548653690448e+00
2.131671342411862291e+00 9.920809076634533596e-01 3.233744950078292657e+00
2.413710001134981464e+00 -1.267175226518021947e-02 3.481868075700000453e+00
1.903946251960740410e+00 4.294897738164397127e-01 3.948951513985510253e+00
1.775009348305616852e+00 2.589614080039139288e-01 3.678603616772416096e+00
1.924785579990637263e+00 3.311825887514656119e-01 3.482050399182562650e+00
2.155871534173334769e+00 2.215563010965238833e-01 3.302568251953116985e+00
1.896221544547862736e+00 4.134318482141982609e-01 2.854571477554410208e+00
1.740032621709639793e+00 2.609987615433391750e-01 2.954876343905609826e+00
1.476371577412477487e+00 8.571349927711152672e-01 2.821058401671153515e+00
2.379677624222132692e+00 1.286866353927510698e+00 2.488522217450530594e+00
2.497297364703523481e+00 9.449738550029919137e-01 2.570839080749488748e+00
2.592412523965888838e+00 9.829143640032892426e-01 2.505229078688617328e+00
2.418242524860090281e+00 1.036079010574908699e+00 2.957611342649271169e+00
2.316050615086811426e+00 9.444280053931236596e-01 3.196809057055477243e+00
2.331768562608003581e+00 8.690916057018387431e-01 3.406309750385555279e+00
2.317381673587533886e+00 9.042763966416854649e-01 3.896485993393923319e+00
2.201980394936129404e+00 5.614308589568109964e-01 3.799594917641979652e+00
1.528181976434945799e+00 6.378073760861248387e-02 3.685677822449873187e+00
1.291281813798381251e+00 1.608761283474801351e-01 3.437413987300383944e+00
1.105589081262104090e+00 1.850993290434234384e-01 4.007749990456764166e+00
1.105589081262104090e+00 1.850993290434234384e-01 4.007749990456764166e+00
5.356304391783979213e-01 8.290613555702126547e-01 4.231150683368874788e+00
1.373347560706288384e+00 3.259527305247683082e-01 4.084133258543460876e+00
1.900292026723683803e+00 7.365121634818866392e-01 3.794178048888389387e+00
1.970172328128257710e+00 9.005036891692483891e-01 3.358920665400507932e+00
1.934031134844335753e+00 9.305150421329415611e-01 3.440292293713934413e+00
2.487466695415767148e+00 9.874819389434712491e-01 3.641471061383124486e+00
2.367533860570328219e+00 1.382483882991382140e+00 3.056021559775293550e+00
2.031329231057450446e+00 1.660590688529228975e+00 2.851885999577547626e+00
1.858441706756507550e+00 1.434461717385286939e+00 2.604987886974966305e+00
1.795671620822288483e+00 5.537678544537516512e-01 2.593867429759131316e+00
1.356064603763816656e+00 6.945694278848018044e-01 3.389041229532917754e+00
1.051974656772987515e+00 9.352537968918976652e-02 3.033841902493264797e+00
1.136775674187235463e+00 3.842259973814024510e-01 2.960955864255639280e+00
1.297672682213668383e+00 6.642369993360403013e-01 3.213632706709884435e+00
1.580068044280568351e+00 1.082555806171826340e+00 2.786411588922101057e+00
1.699487039804975730e+00 5.665277968806738951e-01 2.400547218328263455e+00
1.199017546504776099e+00 6.258078619820517385e-01 2.196652742639483957e+00
9.701500307335009232e-01 4.910232477563351572e-01 2.682858476438133799e+00
4.397431210700225579e-01 1.121196147201641624e+00 3.377901830393703619e+00
5.648192020083731002e-02 8.768552794843952336e-01 3.618418450591788460e+00
7.355074383386065451e-01 5.895919011311792080e-01 3.336053404494273789e+00
1.071575795768171302e+00 1.705760183542383568e-01 3.259353700359930883e+00
8.250682348678942679e-01 3.270630033001445947e-01 3.471572887142054142e+00
9.073893061504739732e-01 3.798029250680820534e-01 3.203527450599480630e+00
9.470620769932915906e-01 1.028407067305712852e+00 3.043356638965919014e+00
7.694769502965598251e-01 7.484366037958207762e-01 2.570682229820255404e+00
6.754088589325358827e-01 1.239878848111559240e+00 2.389116145078014508e+00
6.966650938666661963e-01 6.133256167509506529e-01 2.489074097156137366e+00
1.075088234959545419e+00 5.637241316048352546e-01 2.718038506920267050e+00
1.995221450190944878e+00 1.630966645464317910e-01 3.041175821206180352e+00
1.896724504189446936e+00 5.445389295233182825e-01 3.503710717704565436e+00
1.728630062742107176e+00 1.149690644778897791e-01 3.546585966704166815e+00
1.286003600666744573e+00 -2.644807633769818422e-01 3.478256985387724765e+00
1.714133954267401672e+00 -7.711311719323163949e-01 3.255773083202752716e+00
1.638498089993715379e+00 5.107508959994933040e-01 3.321509707738104833e+00
1.631080716467767200e+00 -4.823151517882816597e-01 3.627414329314118113e+00
6.024128890711546447e-01 -1.310691479717347729e-01 3.115242926835209758e+00
6.084727437094398228e-01 1.038090780104301697e-01 3.416148567023970184e+00
1.103430847123880287e+00 4.110140410462203020e-01 3.215842218820921694e+00
1.045656031202662595e+00 1.264126433400055705e-01 3.266586674404687418e+00
7.318514109397703526e-01 6.159091750722239800e-01 3.402428079923602855e+00
6.993610651226256358e-01 2.093856442723704414e-02 3.036389194343739995e+00
6.943525116280739873e-01 3.773316929001424569e-01 3.086954192772522365e+00
4.210538454517583906e-01 -5.052074176005875994e-02 2.962105976072082925e+00
8.793762376894397326e-01 2.061768126528581435e-01 2.203498758104359467e+00
8.475675045417474518e-01 2.253474752078605536e-01 1.639156364985976388e+00
9.477806341251800992e-01 7.625811420543212593e-01 1.408664797755878606e+00
9.654845243840117774e-01 9.305547721237936720e-01 1.382499026462003178e+00
1.203063634650391123e+00 5.303476700665969990e-01 1.213017454322950384e+00
1.388603146132700639e+00 8.088427893963127113e-01 1.366527060751182354e+00
1.398040656561349460e+00 1.036983597409329327e+00 1.975003713234734892e+00
1.069842770026578238e+00 5.740625276899723461e-01 2.032215864493154278e+00
1.469032808459207029e+00 6.192670611508608314e-01 2.206896717903815919e+00
1.678217294451463504e+00 3.255644595859636947e-01 1.597230559308477682e+00
2.107591388632892304e+00 1.917550555141070145e-01 1.928728284710951257e+00
1.957140904537634896e+00 1.770606787802533055e-01 2.546548902793471125e+00
1.838839669116273390e+00 -8.170979187927382426e-02 2.268894347184494009e+00
1.428914815953191475e+00 6.362317023253580284e-02 2.157641795217785319e+00
1.033178866886019565e+00 4.142516771569164091e-01 1.833833482280710303e+00
5.047620513048540758e-01 1.476536663870086363e-01 2.281124550470482237e+00
1.291244306402838937e+00 -2.113161774417004479e-01 2.415303668686065830e+00
1.182017995260705723e+00 8.692776701918862592e-02 2.264224436841526078e+00
7.281727518915350750e-01 1.437991755313490494e-02 2.729680371522285043e+00
1.274678897512617093e+00 7.044906165359487993e-02 2.683699339524920013e+00
1.108921782466972150e+00 -2.455847493545311108e-02 2.360706774085312265e+00
3.888540861018600081e-01 4.480235147656514982e-01 2.186124541222145279e+00
4.344433909239879821e-01 6.142186448662798615e-01 2.762594497882280731e+00
-3.817293502287030793e-03 3.816690009691919849e-01 3.036885983947962941e+00
-2.268393360191633956e-03 5.020417649968801632e-02 3.047235947386219834e+00
8.911840733552387483e-01 -3.341884168714001069e-01 3.197342987996073749e+00
7.993581318793153700e-01 -2.786469886619731273e-01 3.194127207099604515e+00
1.160612489327381924e+00 5.643544440601812040e-01 3.229286090868558556e+00
9.694511709820896606e-01 2.006498945904737763e-01 3.068608372425829955e+00
9.150845053329850209e-01 -4.351160023919989350e-01 3.743649434345886817e+00
7.176228653712983796e-01 -4.105875340658729500e-01 4.011731951166296994e+00
8.391587476716784177e-01 -1.610361274868105652e-01 3.533821731419712897e+00
1.020927234808960193e+00 6.480954663281465189e-01 3.343574566731331910e+00
1.288184669544023109e+00 2.805728339650077063e-01 3.491674444647253406e+00
1.022413676050091924e+00 2.786860411112463964e-01 2.847251678996805424e+00
8.847693015853068665e-01 3.810316243327562802e-01 3.245152202563114763e+00
1.157880320050264533e+00 3.994250471126659652e-01 3.423255433754789578e+00
1.008707241317273517e+00 3.827894714732953396e-01 2.924604509880576853e+00
9.707012109220132245e-01 -6.717179632353131868e-04 2.203371780007420178e+00
1.160353306246768801e+00 5.264551796273451156e-01 2.439122344460095348e+00
8.432007224830990744e-01 -9.284291936281062474e-02 2.300606301839701384e+00
1.027582302791536950e+00 4.845082749611339668e-01 2.180974623531362511e+00
1.463732562894438871e+00 4.117515106386301360e-01 2.729861352695063470e+00
1.134648821940599905e+00 8.054770233514718658e-01 2.268498873789025705e+00
1.074194974245827883e+00 5.524019531766822810e-01 2.267942788121252384e+00
1.679672083638261926e+00 4.587051582679117501e-01 2.178945408750307511e+00
1.620213748309918378e+00 1.931212232068015011e-01 1.965190744372600662e+00
1.702236383334160941e+00 -1.327099815947611894e-01 1.999749822504806707e+00
1.344518677338106594e+00 3.243108192322961547e-01 2.125466353349168891e+00
1.714003450285259023e+00 5.226050587130732783e-01 1.922968998311249456e+00
1.464349456996974386e+00 9.155064387599778364e-01 2.369278273762519760e+00
1.430018722011868526e+00 8.375391917403375297e-01 2.359345536798008069e+00
1.476909060670142049e+00 6.645639659745461447e-03 2.468238493051134075e+00
7.705704204534495894e-01 -1.584337962777583875e-01 2.663962730397591461e+00
1.290885901727278240e+00 -1.129169773409577637e-01 2.085549797591391474e+00
4.293163196537629345e-01 7.516753322801104920e-02 1.776068660981035219e+00
1.058133447308617692e+00 -9.247771400646354750e-03 1.463382480254076690e+00
4.130944001103284968e-01 2.528867371705577072e-01 1.739569196758450786e+00
3.569091572381767885e-01 1.170567326377464301e+00 1.774640641967516475e+00
8.069644255302904634e-01 1.262275357286175570e+00 2.248427306926831903e+00
1.259799531638876147e+00 6.743911519810836808e-01 2.138681523997842060e+00
2.034702774234629086e+00 9.243115646836381760e-01 1.813286245096920712e+00
1.477075756020132413e+00 1.767054361741845214e-01 1.909085106457637737e+00
1.190147839815094422e+00 4.002882238034348727e-01 2.082894255506633652e+00
1.378039758354829836e+00 -9.603909996274603844e-02 2.122619000213000984e+00
1.500625949969887296e+00 2.064398608293468995e-01 1.774280300229968965e+00
1.342530881713278168e+00 4.175105003548573723e-01 2.731081363525161620e+00
1.513717933107417091e+00 9.370927644792742539e-01 2.460083868281036423e+00
1.608601983944379699e+00 7.423664961090100656e-01 2.467521655152141946e+00
2.017557018888033848e+00 2.858399279042226349e-01 2.382773441823524241e+00
1.599243913645713500e+00 3.634408702021373894e-01 1.854466938914808294e+00
1.328331639356808980e+00 -7.206808420486748856e-02 1.753411146470931437e+00
1.067785899199200195e+00 1.400826878938564723e-01 2.517790497243658443e+00
4.478598077467909611e-01 4.120532851727653489e-01 2.439549316448276439e+00
4.399843046422271531e-01 2.892822400995948562e-01 2.587943468944231107e+00
1.102547965662342921e+00 3.999783812171173181e-01 3.168108922191738230e+00
1.143431372618015196e+00 6.285226832131745045e-01 2.783901593682271969e+00
1.342536806182502263e+00 1.226116653103020093e+00 3.510216621995609021e+00
1.685737071939814813e+00 3.941905889488062087e-01 3.608667689213209240e+00
1.825185094360176619e+00 3.052406999422888068e-01 4.093582788224070512e+00
1.242095233396066867e+00 5.086720163333737776e-01 4.495203847391384677e+00
1.593259339203342950e+00 3.169747840780502424e-01 4.944527423972621349e+00
1.264773668720299726e+00 -2.437392440095869361e-01 4.966670206123939835e+00
6.156443258692675391e-01 -2.544942449740178469e-01 4.677794829563695522e+00
1.351057076838374782e-01 4.868149775300113780e-02 4.498573581692806300e+00
5.682345170940116263e-01 -1.937756486686427193e-01 4.165691897724737025e+00
1.032219783098940358e+00 3.350254485023672624e-01 4.460088088962853803e+00
1.229454869328810096e+00 6.027024793718583906e-01 4.559377966981283059e+00
1.466975793984586662e+00 7.761142194854231402e-02 4.004725380255169220e+00
2.140829927875366412e+00 1.777731895411018559e-01 3.705856961055104648e+00
2.039047983838476963e+00 5.183464230108396631e-01 4.193093590434312290e+00
1.519251771378280269e+00 5.222659687619871649e-01 4.611126600237092532e+00
1.533103885912052045e+00 6.480198286149208009e-01 4.728418803224194278e+00
1.516734203237000145e+00 6.612325036478258200e-01 5.002751845260962504e+00
1.087561001304368391e+00 5.713017269753825622e-02 5.083073495288830124e+00
1.113733776269467901e+00 1.646819104085213148e-01 5.140152973593971275e+00
1.203966370325149970e+00 8.193887527082052702e-02 5.720584289467227634e+00
1.055400131862005209e+00 6.153812824961154559e-01 5.871563959337950500e+00
1.234270635723493603e+00 3.941765909182531336e-01 5.460032333471128041e+00
9.950406976913110935e-01 1.601647026792029915e-01 5.126685988174626729e+00
8.923467674235273650e-01 7.689470143508716493e-01 4.962552109805463019e+00
1.381620355246974130e+00 6.133177036189739750e-01 5.306529571536731105e+00
7.900854497818776689e-01 4.856304108306922496e-01 5.703978434889842575e+00
9.703938144195309867e-01 1.685541467625376044e-01 6.194517952003852912e+00
1.160784729724411601e+00 4.438264091836930936e-01 5.835850617209698221e+00
7.009066412571935967e-01 -5.533915638847981544e-01 6.131853011855507241e+00
7.674454252688438505e-01 -2.412763357844376899e-01 5.651599480033764777e+00
6.576158333808844736e-01 -7.692740163705656942e-01 4.936966929760417955e+00
5.651380003042488775e-01 -3.709671345935678932e-01 4.336638139320765362e+00
4.984643214377316167e-01 -6.168106778927303635e-01 4.694257700768609709e+00
1.290634171604736480e+00 -8.518792004801772899e-02 4.750311279739900527e+00
9.347233109421686503e-01 8.901023996383367054e-02 3.823510045067987750e+00
9.983983775152945883e-01 -2.048908404814291928e-01 4.038766868040153390e+00
1.045556194392997407e+00 1.866749364604659567e-01 4.462742450673703232e+00
4.142938939477709415e-01 3.849322251240323012e-01 3.647256788381102233e+00
3.908608791220742895e-01 2.414864818369664157e-01 3.157164324909012887e+00
8.927282168404069296e-01 -1.883243782646454312e-02 3.726803258602313207e+00
3.257628520502030278e-02 -2.483835895023917828e-01 3.433127288589068904e+00
3.726004379994826143e-01 -6.038360824144295425e-01 2.818683626781536500e+00
8.840079080835381298e-01 1.221887709831742663e-01 2.916764968971508054e+00
1.134467930082754483e+00 5.382465269455350559e-02 3.167440327271672462e+00
1.263519565892481600e+00 5.353740478815739445e-01 3.118535682099848660e+00
6.751087799831142489e-01 1.555297199958857624e+00 3.514231970514250403e+00
1.759215019729140961e+00 1.781765079629947568e+00 3.372544236940709261e+00
1.588906687380512217e+00 1.399514144890756207e+00 4.112777323101193261e+00
1.311225770200644458e+00 9.797899372902728610e-01 4.055191218698777078e+00
1.480673693383161460e+00 5.141920738626374332e-01 4.014145344156051287e+00
2.014464506460221571e+00 2.891216435151717778e-01 4.526657554893580127e+00
2.109613380422764806e+00 6.610731169913590666e-01 5.251067099869735522e+00
1.678363476151905509e+00 7.383630528764147938e-01 4.999501483130483592e+00
1.587158386527662612e+00 1.054840778445188088e+00 5.347912948169806668e+00
1.285911700518319600e+00 1.351061982039894582e+00 4.723893205576914056e+00
8.752159770452800913e-01 1.058564056829574662e+00 4.186688836341323494e+00
1.035295257124255741e+00 1.257803908719963060e+00 4.538312582984495691e+00
1.504027845393736129e+00 4.935346533608984121e-01 4.642338225461945633e+00
1.302259036872557507e+00 1.033909640952702380e-01 4.851901017649201897e+00
7.662452268337107686e-01 3.176760370831054892e-01 5.027770314092038895e+00
7.621629366692275198e-01 -2.557021284971253139e-01 4.824605608653643962e+00
4.840738937552353516e-01 2.321791501171792393e-02 4.155607540108837483e+00
9.147214850759453064e-01 -5.112726824991723623e-02 4.136144903269673101e+00
9.276302883883564832e-01 3.438545024052994670e-01 4.594678052573153870e+00
1.374954865652799452e+00 1.107362358972342919e+00 3.811682255954823351e+00
1.466479006321196543e+00 8.462875797550671875e-01 2.979635698085553841e+00
2.262530398564397416e+00 1.080650789751500751e+00 3.047864238672131076e+00
1.609104620903970329e+00 5.132113925809409505e-01 2.286947355758648825e+00
1.671701019773538466e+00 8.390952689225923689e-02 1.761594098918980000e+00
1.502311823394047785e+00 2.704655006785012250e-01 1.804415047342859291e+00
1.471885418891960118e+00 5.045874958301670432e-01 1.554346420276521590e+00
1.569930553161585252e+00 3.561966974927194829e-01 1.006217035522198655e+00
1.823646540093747381e+00 4.784659660599174247e-01 1.495925233951813871e+00
2.196892451955349657e+00 1.226051324851909374e+00 1.801713716761166983e+00
1.462785944931906723e+00 5.809040688416342579e-01 2.123591485064927564e+00
5.199115978060693255e-01 -1.834138704521343088e-04 2.646191135258380012e+00
5.295993091040858136e-01 5.339174128826469357e-01 2.627873888849515005e+00
5.295993091040858136e-01 5.339174128826469357e-01 2.627873888849515005e+00
2.505230224036630315e-01 -6.155550112046317968e-02 2.713872633093717290e+00
6.061654410690767714e-01 5.083793194622635570e-01 2.688181995640902322e+00
8.949117355056896983e-01 4.109015704832716942e-01 2.747911733080926844e+00
3.832378571864422101e-01 -1.052110781938715989e-01 2.653997144551294429e+00
1.183708597475518598e+00 -1.370945082506968282e-01 2.985171629813843541e+00
1.410139471348542228e+00 5.049810086770072370e-01 3.345028113142316517e+00
1.279037604957004914e+00 1.510538595675750217e+00 3.443545064448127135e+00
1.164537918704978248e+00 1.518090496858218508e+00 3.806854593802119435e+00
9.713564199059413484e-01 1.692256620033931513e+00 3.697483754482990381e+00
1.257006060900272226e+00 1.609726048057315007e+00 3.326855083895454701e+00
1.067958412061249085e+00 9.970625505108405839e-01 3.648817736412807378e+00
6.166152825144487482e-01 1.515270794795257059e+00 3.782547666718879320e+00
3.214634726661018682e-01 8.054211491015268454e-01 3.428928328106711554e+00
1.208451108859029510e+00 2.328868318008647520e-01 3.563063707742386121e+00
1.065764192718116288e+00 -6.650662669002140037e-02 3.297284826861646145e+00
7.395870104357448183e-01 -4.107424675524579127e-02 3.832773347262321550e+00
1.237003326398145697e+00 1.502508916243104897e-01 3.680620414423955822e+00
1.755878401174142178e+00 2.819035918417955866e-02 3.339180993400655328e+00
1.188188927459924438e+00 9.525404465369408102e-01 3.314245233198689355e+00
1.004605052872713733e+00 1.827598166027495918e-01 3.588631314793847338e+00
1.095372871072247234e+00 6.867153209172113248e-01 3.862786525994702291e+00
1.121532604759400753e+00 1.149948476824457444e+00 2.917651633220018415e+00
6.199867034780995878e-01 1.210384645273023363e+00 2.745987154197206959e+00
4.601644614780117659e-01 8.203415841773441519e-01 2.668498295062020187e+00
1.058297909552303961e+00 1.063448938773711383e+00 2.659754713612201282e+00
1.244936161140371977e+00 9.245829226518579302e-01 2.021587345212275455e+00
1.039885239872780698e+00 6.001405616333284065e-01 2.008797089693012072e+00
1.219815642222454199e+00 4.401311416384542929e-01 1.362781432346095167e+00
1.206599225875277348e+00 4.426782682062150309e-01 1.526108000526888331e+00
1.493952281310322761e+00 3.887470061959035217e-01 2.430109283274457521e+00
1.620659372930343345e+00 8.128805672720025299e-01 2.620440216190383254e+00
2.166131904488587168e+00 3.745905720348028378e-01 3.156768882546684196e+00
2.387402597874549670e+00 2.838204232136483651e-01 3.486359870266459993e+00
2.768384842589912687e+00 3.870258229244203374e-01 3.502050407054183800e+00
2.117005437339041229e+00 -3.308699301341609944e-01 3.454227035428346415e+00
2.463821516823529123e+00 2.680375574515078130e-01 3.565221694670796637e+00
2.149326220260708631e+00 7.752027348749708224e-01 3.848136739345294099e+00
1.573067891346159541e+00 5.321179078509904459e-01 3.904726180580700312e+00
1.296786646820331734e+00 4.378344134746253169e-01 4.129294921529646167e+00
8.905940353798351694e-01 7.635355086650147394e-01 4.568225602022372378e+00
6.948656165756773584e-01 8.394214373847117550e-01 3.761566667982871870e+00
7.583688950030620379e-01 1.178964007904645672e-01 3.645307115176428248e+00
3.411772959601587218e-01 -1.849603353850284154e-03 3.752847604381218449e+00
4.665273999460436416e-01 -4.130003198825135668e-01 3.727482917275124041e+00
9.413655692719420376e-01 -6.712775634912763190e-01 3.241535967226220727e+00
1.163009931624175097e+00 -6.174238160567296907e-01 3.298938292696243391e+00
1.185651361571990581e+00 -1.646527727067173819e-01 3.085830895810803831e+00
5.975763324863655468e-01 -6.838442812325703501e-01 3.164325096333842513e+00
7.595751173310777427e-01 -4.508630586183812738e-01 2.955538857129188290e+00
8.202108721129532931e-01 -2.818204123099315450e-01 3.252308452868010402e+00
5.120157803777832806e-01 -3.074363921389760002e-01 2.794001850588531344e+00
6.214571310107021018e-01 -3.115921585429379248e-02 3.021611715942989385e+00
6.878543511554101597e-01 -1.474443616957667735e-01 3.338617279675994087e+00
1.141016596445654896e+00 -6.003208799554276415e-02 3.571540798661802185e+00
1.081485509114812116e+00 -1.464630794821627224e-01 4.131147405723122112e+00
6.669110528755591849e-01 1.529693122374319869e-01 4.166805752865862189e+00
1.442225001921747296e+00 6.783592004774663398e-02 4.411448781419220033e+00
1.336055094282518008e+00 2.622565667662049016e-01 4.468772460431548410e+00
9.604021072976118845e-01 9.861178842463168559e-01 3.860321158487722837e+00
1.165376342358961592e+00 1.147065765429492457e+00 3.826820773818605304e+00
1.127693585045948854e+00 9.157118015488499019e-01 3.616590899055970088e+00
1.599626836685353659e+00 9.519938755686204734e-01 4.104178519076292275e+00
1.970893658074241772e+00 8.086243062751469202e-01 3.925207815341061668e+00
1.402720501785018614e+00 6.130054734590777432e-01 2.860135019254768984e+00
1.149577846734751940e+00 1.191733073467067666e-01 2.381366242125255717e+00
1.244216935818719616e+00 4.755442304428789124e-01 2.754515540272330476e+00
1.219553716139113453e+00 2.229808900863107790e-01 2.299125885472708131e+00
1.250317288993201270e+00 1.045289521186256954e+00 2.320556244195128404e+00
1.011178857694769340e+00 3.164255098934145027e-01 2.291460405037215153e+00
4.108016662173697986e-01 2.803715979300901440e-01 2.113680549391285357e+00
7.267307316630126079e-01 -6.417906366692288644e-02 2.313389826103492641e+00
7.108761629590163444e-01 1.275390599689409099e-01 2.668024339829692781e+00
7.604657064637397879e-01 -8.948514907945187558e-02 2.265172769661556895e+00
8.817112996851282913e-01 -5.651542320073258407e-01 2.192725912644821751e+00
6.865412227376748167e-01 -2.212761950587813220e-01 1.946684339499025418e+00
4.869391022250663115e-01 -1.459129343390938860e-01 1.939731073054629995e+00
6.820120898697979994e-01 -5.302147583343290727e-01 2.188407081964256484e+00
1.157043850858230138e+00 3.647696391406232697e-02 2.524041068124859066e+00
1.023960512525372790e+00 6.856769604594835366e-02 2.039942717451053156e+00
8.039186229800011629e-01 -1.468995762293126908e-02 2.404281335063857217e+00
8.803821367345615601e-01 -1.430468518983451544e-02 2.228374712512403377e+00
9.432804804831240730e-01 -3.152741135079738521e-01 1.725080407121105219e+00
4.706456595162430978e-01 9.546202425528968472e-02 1.811778512614605985e+00
5.570052972885710663e-01 1.312936157061349862e-01 1.515560460047386204e+00
9.725642198748027933e-01 8.409045867323587942e-01 1.256432323726402345e+00
6.255287521545107587e-01 5.080991949297538612e-01 1.752309182585976233e+00
2.755494840588406102e-01 -1.111209006859008031e-01 2.062795283823064985e+00
5.471744941611468294e-01 -6.963286902118295818e-02 2.278362829929205802e+00
5.263029137957654369e-01 5.198520224155429581e-01 2.492958336188802804e+00
1.338166043733181043e+00 -1.240096676763110806e-01 2.302415106122729593e+00
1.048885738657567845e+00 7.099765983476005182e-01 2.136131476947457752e+00
7.379222426539461255e-01 -1.702669630280133628e-01 1.628641761386169451e+00
5.795879119104563326e-01 -3.182668015210732837e-01 1.889559668079578758e+00
1.089544782867892803e+00 -5.246022212946346297e-01 1.664020453709799563e+00
6.639626590523031169e-01 2.104418459128689356e-01 1.720956461288530859e+00
1.610357356235568416e+00 7.552097488348190613e-01 1.025703458652931443e+00
1.369111729676977474e+00 1.014211525250231061e+00 1.846791078083756643e+00
1.353952830283055908e+00 1.008511083279602039e+00 2.548107804072798466e+00
1.543009905734115783e+00 7.846470002639424068e-01 2.094862619905166312e+00
1.471762295031758816e+00 1.612222509705648621e-01 2.337082681805523254e+00
1.334311592853054229e+00 1.284342459108470946e-01 2.461516910251734469e+00
1.260349288236071619e+00 -2.318051128208112668e-02 2.624684060920934758e+00
8.097182567527263508e-01 -2.359204352179238295e-01 2.277010443584212229e+00
1.398507852075814739e+00 -2.631254637646306405e-01 1.845190432585642526e+00
1.147088260537426851e+00 8.868658361458253703e-03 1.606058932544299989e+00
1.365428766577789776e+00 2.712032051271383581e-01 1.183156061889132804e+00
1.169162079814448862e+00 1.286135752521857967e+00 1.908429359673534442e+00
7.448987384352426799e-01 1.546932294722932699e+00 2.054611551603722219e+00
9.831650043521086291e-01 9.476669698214842397e-01 2.422815619174702118e+00
1.201165992098024660e+00 7.038920961491837991e-01 3.248510488784025707e+00
1.327737073674308599e+00 1.130226085674989500e+00 3.410391798323267665e+00
9.961707062370959154e-01 1.341758190905970149e+00 3.170485255420377069e+00
1.197722123301439234e+00 3.179813052458407840e-01 2.793796707441897453e+00
8.767002352007903232e-01 2.443659843018014532e-01 2.279118992546186107e+00
6.235019303680252589e-01 6.814451942139465590e-01 2.243407893687025201e+00
8.939688853365320709e-01 2.419040629033328282e-01 2.171768375197330236e+00
1.319954170422379613e+00 6.296177004476023464e-01 1.681672522106528067e+00
1.572905495554358879e+00 2.762385012147356989e-01 1.740323302055076571e+00
1.952156608669046944e+00 7.150122153823326721e-02 1.585379578383673271e+00
1.902589128019836151e+00 5.590593308779712167e-01 2.242426955211924255e+00
2.262587337183020519e+00 2.358296955455289612e-01 2.845970285301723024e+00
2.583787420989678729e+00 2.692744738491308354e-01 1.991245491070533946e+00
2.554216671199637911e+00 1.874106295245975551e-01 1.956695989716118911e+00
2.414785819260957478e+00 4.295778591947149727e-01 2.113080428646407327e+00
2.595068830474735577e+00 5.164253650040774302e-01 2.329861183582720319e+00
2.072308467079637229e+00 7.006976706022161050e-01 3.174525583676486296e+00
1.789796810977200447e+00 3.420889391065007890e-01 3.117086141795900378e+00
2.027154005173687157e+00 1.129674989676957009e-01 2.813709715228198682e+00
1.512494912152827053e+00 2.789788738738154805e-01 3.443731671995506005e+00
1.585412904315104621e+00 9.829895822978254594e-02 3.054378945092340647e+00
1.667499965031062015e+00 9.321446902434935011e-02 3.171622043629485077e+00
1.412815648318919148e+00 7.286237607521699466e-01 3.199339902448146145e+00
1.159415619483846527e+00 6.388065263307410868e-01 2.759591281955655617e+00
8.589222413111303744e-01 4.771874586973373078e-01 2.694651217974997071e+00
6.542943444423229282e-01 2.046674348568017499e-01 2.279375758991579293e+00
6.276323979542404174e-01 -2.244640293749060600e-01 2.031557301900113632e+00
8.628471867487934599e-01 -2.113442973468931951e-01 2.010923871997464474e+00
7.734989200781260399e-01 -7.590161510595140604e-03 2.520898528451688936e+00
5.966881924226862255e-01 1.267869799114342000e-01 2.308875250398176870e+00
6.131931736772786579e-01 4.238091967384181036e-01 2.461017115212190021e+00
9.208695989896391598e-01 5.882194346523184070e-01 2.732988595594870063e+00
8.547139191278348980e-01 4.994695074066631824e-01 1.917353757727876529e+00
8.619966635956766154e-01 8.122000073788324670e-01 1.585362325488300250e+00
8.568028180490778745e-01 1.044286910685749747e+00 1.117327004712213023e+00
6.582786465452212799e-01 1.193190468589151010e+00 1.606908304367796081e+00
6.306818949312361644e-01 1.176900796677444960e+00 2.207054308967026479e+00
6.134245199323090647e-01 5.015937607080733773e-01 1.682872722231299134e+00
1.063584411628137660e+00 3.538839477119021248e-01 2.152150401682750847e+00
3.885740292044337352e-02 1.522259017897097944e-01 2.041276086593784900e+00
3.485027747886849103e-01 8.561352872049932117e-02 2.467181787595117193e+00
1.296485485840026985e+00 8.679603996511827679e-01 2.638816472412320646e+00
1.263315493562210179e+00 7.613430181229812188e-01 2.766818553616377852e+00
1.553912799260938726e+00 6.489097151435900823e-01 2.657094107232888192e+00
1.765722485076824944e+00 9.646157956727970939e-01 2.276508378760679019e+00
1.017703032641676719e+00 1.048911584429648380e+00 1.818415610541217697e+00
1.252928099751086766e+00 7.182012915314321955e-01 1.795113797123539801e+00
8.294778955351691518e-01 3.527022688071444478e-01 1.634477003570352860e+00
4.901354715184406685e-01 1.921061171133260359e-01 1.783097698470066605e+00
4.901354715184406685e-01 1.921061171133260359e-01 1.783097698470066605e+00
4.751938138905738018e-01 6.043516393438633227e-02 2.061573310502649914e+00
4.254861274001723315e-01 -2.186965674805608703e-02 1.980023484727989835e+00
1.248807288619201705e-01 -2.341534942351603810e-01 2.481029161136818928e+00
6.547633481479974149e-01 4.888557190399940577e-03 2.112216128081520594e+00
8.597981064510157312e-01 6.053036644366071029e-01 1.786255768507189368e+00
1.681481793437491046e+00 1.153888100006623230e+00 1.324095023940606408e+00
1.815566856600523860e+00 1.910686941540184480e-01 1.981204014936924329e+00
2.405935412178439314e+00 -1.937977523223380349e-01 2.699939091302841820e+00
2.009000037594282251e+00 -6.227391341408257119e-01 2.658604520715678099e+00
1.740229242218646943e+00 -8.279714937390445506e-01 3.144664522949077501e+00
1.488836260720594273e+00 -2.092358792933434186e-01 2.972620882456845859e+00
1.382787578436906362e+00 -2.244544949164962166e-01 2.805930410238085759e+00
8.932992413432869760e-01 -2.182621804349235695e-03 3.141441265189111043e+00
1.184980167292596143e+00 -2.394973406194812193e-01 3.460815404847624510e+00
5.640786641839685700e-01 -5.615541526100993330e-01 3.147038635002031626e+00
2.306747433967180072e-01 2.464965738087678826e-01 3.592703001508646743e+00
2.725947091437186387e-01 1.963409765922426720e-01 3.793409059396503746e+00
1.762715643067024329e-01 1.468664225990442829e-01 4.575926538736610816e+00
4.480702807093966400e-01 -1.829033179501449446e-01 4.712638090791576140e+00
2.421810495972186450e-01 -4.125066385946595804e-01 4.573641188417206571e+00
2.509163198864162725e-01 -3.664813929347421895e-01 4.014266563527556286e+00
6.795840521554143976e-01 1.545568396486395046e-02 3.887979060721213909e+00
7.228339551344932223e-01 -2.320244101637517209e-01 4.074590307579214254e+00
1.149743669194386975e+00 2.266397581516236270e-01 3.134984947058438109e+00
1.502350947874276699e+00 3.171168608947580458e-01 2.620731464179327119e+00
1.677885299987541323e+00 2.976832215702367862e-02 2.848051605983462409e+00
5.298803638344389277e-01 2.630088311276185253e-01 2.341384985314789446e+00
1.101864337204075062e+00 4.016856959634148017e-01 2.435695872282561236e+00
1.058860781656381533e+00 3.967817529949024813e-01 2.311284730190949155e+00
1.893489664091385860e+00 9.540706748758494005e-01 1.819651785817375966e+00
1.473807719285809892e+00 4.463928917713831934e-01 2.157455309486449480e+00
9.542751207760509224e-01 2.501145425317564952e-02 2.694031669366780957e+00
1.040981951026347829e+00 6.630347737689296084e-01 2.217858530796333216e+00
1.354417255574521306e+00 3.435770861376513663e-01 2.481481135463040832e+00
1.945092233900547862e+00 6.934146254158934930e-01 2.194845966361240297e+00
1.511266838110145283e+00 7.873714997610397059e-01 2.176964636984668022e+00
1.146362111008698559e+00 5.495383075574303833e-01 2.063771096424449336e+00
1.321448418856627338e+00 1.567968643160703723e-01 2.145670989735598333e+00
1.591605806473836093e+00 7.972530667861954523e-01 2.158527100224509443e+00
1.288658691247978050e+00 1.107232036299605760e+00 2.005259964770263803e+00
7.721299843448465872e-01 9.286697296208604735e-01 2.059055916521872032e+00
6.534510675671718616e-01 9.473317860077121733e-01 1.451968428726381655e+00
-2.692613565452302987e-02 1.186816555032807141e+00 1.275918902299069790e+00
4.922056280281291718e-01 1.119522967963775262e+00 2.007813762499397026e+00
7.869891520542849905e-01 7.001893062783892674e-01 1.908515647127367654e+00
6.490024556071626316e-01 1.695367708252866201e-01 1.225255024276891591e+00
7.999062485907589837e-01 -1.341451091015973332e-02 2.073419364331262393e+00
2.995304461179555400e-01 -2.730310610654990144e-01 2.280246690958974476e+00
1.200349214570128886e+00 -5.116711619845610848e-01 2.103407315168200675e+00
1.650194387821755315e+00 5.667516939293697487e-01 2.356455480624659149e+00
1.783679403910396921e+00 4.341863872116162870e-01 2.705539016641603123e+00
1.143211218122881956e+00 7.356436551198155538e-01 2.361814376584644659e+00
8.522242676215565638e-01 4.048062160485363381e-01 2.408041924240733156e+00
-2.391814861625204403e-01 7.183758767379079258e-01 1.952627842415169734e+00
9.008711343970750018e-01 4.444188281458244516e-01 2.346029518476906439e+00
7.077771303290798510e-01 4.125509771056564690e-01 2.462489669363197908e+00
8.386865024246787925e-01 6.286135079717183327e-01 2.927546486233028489e+00
8.243249685138718252e-01 2.681791385977111419e-01 2.995040679398299321e+00
5.021404921616930972e-01 -2.054401398540847135e-01 2.862239723189718088e+00
1.100072994675506788e+00 -5.463467689893994894e-01 2.926654061915810345e+00
7.350069003629851050e-01 -2.982966889025074342e-01 3.276890550865965146e+00
2.924523634106219738e-01 1.729996449234665890e-01 3.361804221827833228e+00
5.608512423167407723e-01 5.682994382772386111e-01 3.048653249968733547e+00
1.656118343795325298e+00 7.268942053825884209e-01 2.946471924094234751e+00
1.509877779044188406e+00 4.880434304459804751e-02 2.519890861934896531e+00
1.541606705078570894e+00 5.401176588509840615e-01 1.799361355319387901e+00
1.506228833753616048e+00 6.009680670036102734e-01 1.996901374815340136e+00
1.843881448019103475e+00 3.441965014366307751e-02 2.544350000450009919e+00
9.919164224359704463e-01 -5.227950689640459975e-02 2.344135195941515537e+00
8.945160785256162095e-01 -2.909271837006267153e-02 2.454622412448476343e+00
6.047971181689050235e-01 -6.531697337534412284e-01 2.191465921128658234e+00
5.343514545200892529e-01 3.218539333110770340e-02 2.122122575094869124e+00
4.345125191424227817e-01 -2.741229972373157228e-02 2.320742807128050256e+00
2.995794652299171856e-01 2.177413244795536884e-01 2.639355802937196849e+00
2.809710098283134672e-01 1.874285044069493034e-01 2.531542718451460505e+00
4.714340741334359652e-01 -1.522876621523566731e-01 2.195329608929673437e+00
8.605248388815405214e-01 -2.614569592084979854e-01 2.410954912329397182e+00
7.827275540188821656e-01 -1.617977349174186674e-01 2.279644267022897353e+00
1.242483733392111045e+00 4.719994900386411674e-01 1.775173292283743098e+00
1.415507674946051786e+00 1.387859551617057763e+00 6.399269753666300131e-01
1.965917754604024958e+00 1.407653503563891961e+00 1.355301968217089925e+00
2.658515460789537599e+00 7.787060259948687113e-01 1.697882152754618845e+00
1.552300285278992442e+00 2.957526567797531536e-01 1.765096067810802083e+00
9.625397688720787048e-01 5.249195806520696728e-01 3.067199481676969874e+00
4.958251457243778582e-01 2.591691942804995319e-02 3.165082416622511996e+00
1.178894768430629014e+00 -6.177014509212064297e-01 3.190891643207485195e+00
6.472834679633572286e-01 -1.006547425220603587e-01 3.227442999386734179e+00
1.065341868732459174e+00 9.723684439717841799e-04 3.788726786316818362e+00
6.010437750460367878e-01 1.659777791193009222e-01 3.535392264552151165e+00
7.977978675765549088e-01 4.530402237637624063e-01 2.958180873807926048e+00
1.157829739483337672e+00 6.503067182925801326e-01 3.076777800561214526e+00
7.048329927934137151e-01 5.737502807263612503e-01 3.200826451496555425e+00
1.056890310160136348e+00 7.942297091874805925e-01 3.302562444034196076e+00
1.710589190408301263e+00 1.275411374175263957e+00 3.345169451161618568e+00
1.710463033241142572e+00 1.484722141178546062e+00 2.876373926345390686e+00
2.601576867850461383e+00 1.780982370753081412e+00 2.248229863895418568e+00
2.457699528257204502e+00 1.405421509062162899e+00 2.769273368180992456e+00
3.153983061575162949e+00 1.199920235594239326e+00 2.059734152163136489e+00
1.824108643943272989e+00 6.252890539910350709e-01 1.624934107419891971e+00
2.182848745897347342e+00 1.233577239974018580e+00 1.617365445149937520e+00
1.644627284928248390e+00 1.000242599086047512e+00 2.088109677640110462e+00
1.686371015948930463e+00 7.387948105389900988e-01 2.123144060319264614e+00
1.920451759456121232e+00 5.811862268729084402e-01 1.768813597921386149e+00
2.096388857746039225e+00 4.481138195863995088e-01 2.557685483970699725e+00
1.751226545696217940e+00 3.065658276129076265e-01 3.050137490653887173e+00
8.296693041380378553e-01 2.494071889664524755e-01 3.018048768713932795e+00
5.225868939156803616e-01 4.745423423696341625e-01 3.145939142866796434e+00
1.083230369419283967e+00 4.430820693399026289e-01 3.520389780995221596e+00
9.780918923950042698e-01 1.132888551160393220e+00 3.488459624218474886e+00
1.202708116433958807e+00 1.086392569701547517e+00 3.496439992608671332e+00
1.833018600286457467e+00 5.853602986368374728e-01 4.209837121778758018e+00
2.040802470611083219e+00 3.747652284327316341e-01 4.696807817213518810e+00
2.312835717909772715e+00 6.347281516409761792e-01 3.856762505233909177e+00
2.246870341986621167e+00 7.578817545369702646e-01 3.766820361257751326e+00
2.698969551394386102e+00 1.641315916669778385e+00 3.823872670733836188e+00
2.254338834681802073e+00 1.535849911511206534e+00 3.453376632146251790e+00
2.147554213557886005e+00 1.067107144107222849e+00 3.306271696763206869e+00
1.528758387233142058e+00 1.187565476451609037e+00 3.114321603997536325e+00
1.285537093497532535e+00 7.725347251740002363e-01 2.803997786408123805e+00
1.246708566529417750e+00 5.644803350848299761e-01 2.655310254717241580e+00
1.157876143012032122e+00 1.590085709652489243e-01 2.461847773105839909e+00
1.232515530671510762e+00 2.303308094800510519e-01 2.062070776346511369e+00
1.068624792219401209e+00 -5.876632149197043020e-01 2.134756379672366755e+00
6.624823373026216267e-01 -3.534803042106253734e-01 2.287157920038862091e+00
1.006548134102741576e+00 -2.069592644241571855e-03 2.100225187360451606e+00
9.116074308274066951e-01 3.443781594409976443e-01 2.471207179192126180e+00
5.584561691323557397e-01 2.725428501695925099e-01 2.951531456048532842e+00
1.085552640988308448e-01 -5.062869392211797326e-01 2.913279713380656943e+00
8.795500929667476875e-01 -7.952838482363805417e-02 2.954250827081587705e+00
1.030264330039468712e+00 2.216636509338072714e-01 3.211988482228886443e+00
8.888814227246361055e-01 1.536166748251963643e-01 3.013205021635707137e+00
7.381853817192977063e-01 1.613484103115895019e-01 2.740386935677847191e+00
7.923467165067777929e-01 1.680877227920665740e-01 2.610475186882714738e+00
7.932520446761407440e-01 -8.664482996507436030e-02 2.408364670615570802e+00
5.638075356126471815e-01 -4.978202868313527651e-02 2.606140084391265432e+00
1.104774178484375646e+00 -3.039213913526569444e-01 2.653533655076597331e+00
5.156491563932960043e-01 1.365320924762203902e-01 2.693193739067063497e+00
1.542103977178745922e-01 1.952250224830019976e-01 1.869322595438455359e+00
1.002023993139339986e+00 3.781164888534860324e-01 2.805416587632268755e+00
1.413354544097887633e+00 7.640977060213346439e-01 3.094139630121553797e+00
1.045808046545206205e+00 1.272665038774145385e+00 3.645938949767812520e+00
1.758426175859790552e+00 1.457759773932920444e+00 2.874516008262305355e+00
1.945544931675927014e+00 6.597355821566894818e-01 2.761033163626016140e+00
1.330977305977921743e+00 1.053848260372955536e+00 2.877276835034763725e+00
1.846267635836806198e+00 9.995037060628673142e-01 3.301845319706780746e+00
2.041388104248784252e+00 9.798932357250511593e-01 3.694341149270147895e+00
1.622669406701462202e+00 1.430830096247302841e+00 3.501020715015219054e+00
1.521338700670745725e+00 1.306985397458149567e+00 3.256782163979637712e+00
1.720594026741036231e+00 7.027984040524085652e-01 3.289862462239778740e+00
1.451688581110026854e+00 9.543747031805801528e-01 3.223898031955633403e+00
1.683702236926591933e+00 1.797485352619943300e-01 3.798377172693482962e+00
6.297430385053085500e-01 -6.785202486822527329e-03 3.615063012001412002e+00
2.123230266784222331e-01 2.135883476523129862e-03 3.056002839635192370e+00
9.672033575827484464e-01 -3.706873291115311275e-01 3.140771288420338259e+00
1.046597170840146251e+00 4.973358753940115284e-01 3.631277658458773150e+00
9.953372131097679709e-01 4.152069881082942615e-01 4.397681847683196921e+00
1.040378720431026638e+00 -6.925278913770649414e-02 4.834150316513581735e+00
9.686562642878937535e-01 8.639094881294918926e-03 4.292804888598478641e+00
5.488785795433538395e-01 3.570502080875725959e-01 3.995028465807768381e+00
7.268365109942344082e-01 6.639619308427378852e-02 4.134043669727137882e+00
6.937230359847463834e-01 4.893909541082365200e-01 3.718122913840478994e+00
8.285947683887338044e-01 7.316855659379554178e-01 3.243378383554399225e+00
8.314361727051400308e-01 7.754573505582157411e-01 3.565811796164196856e+00
6.824612915295209525e-01 8.045373678942394635e-01 3.940630345207359220e+00
1.029657725579250283e+00 3.074864223818417619e-01 3.620444012769833630e+00
1.072919032955629959e+00 5.301072612455942634e-01 3.369869092796078824e+00
1.752031524309100696e+00 1.648292987088120221e-01 3.308570841319559364e+00
1.852282470516171342e+00 -3.695038365942139580e-02 4.226998950826708068e+00
1.680372545144138474e+00 -3.219000179845708520e-01 4.420971782073904066e+00
1.017685716934384921e+00 1.544235470434884572e-01 4.449189639717104683e+00
1.258642486626407653e+00 -9.903966505278802290e-02 4.022558685990103911e+00
8.775768754797668159e-01 -4.163703209370002434e-02 4.605706826131335418e+00
7.229327162784703331e-01 -2.625910031888089580e-01 4.620245036852404397e+00
2.923921036653721606e-01 4.068211219929862010e-01 4.941052109242064283e+00
6.265454909691846597e-01 1.899730866136694618e-01 4.515284508621373760e+00
4.225697349890265575e-01 -2.160353470742024107e-01 4.492590177431632803e+00
8.647036836603612109e-01 -8.584464586632270522e-02 4.235988517729444958e+00
9.211834926370093823e-01 -6.213649138157927021e-02 4.221150485429621568e+00
1.030713018175873907e+00 3.496671411625403708e-02 3.687107532503037799e+00
1.395706204937735340e+00 2.067470012697157355e-01 3.943876847478715586e+00
7.532288095195732724e-01 -3.405019335490775956e-01 3.548858204867913813e+00
1.254841742054517484e+00 -1.706574352632413971e-01 3.958936632257827437e+00
8.724066952936294639e-01 -3.305227423090715821e-01 4.366850277815984782e+00
1.331993342689922866e+00 1.348595803214845401e-01 4.777998823593470945e+00
1.183258392866718411e+00 4.496698617294770939e-01 5.248181282509480461e+00
1.216361957841763930e+00 4.949594884037739062e-01 4.933892412566082797e+00
3.049857646459064320e-01 -4.102422147445553557e-01 5.023940288438366153e+00
6.867334953699412159e-01 1.018886770156701704e-02 5.659730770323007754e+00
2.913430931368772847e-01 3.133023019806797649e-01 5.515195502472834299e+00
4.948293819856260378e-01 3.451209372945322762e-02 5.784735017221217745e+00
9.067976617046253907e-01 4.025867736807300368e-01 5.373460390020295740e+00
1.074864666485090492e+00 1.673643157181502750e-01 5.441798955399272941e+00
9.108478491748106531e-01 -3.392899806049590739e-01 5.476021765146943387e+00
1.022574896785540588e+00 -1.347860721054102706e-01 5.034509610677208258e+00
9.753970527487059172e-01 -5.114235362370874727e-01 4.476365686313594772e+00
9.364213299557642145e-01 -5.945203522571422816e-01 3.961483540255811953e+00
1.168675689438495091e+00 -5.974829746894669280e-02 4.499074222739745998e+00
1.098641851148919102e+00 -8.326190968339287901e-02 3.777921549806348089e+00
7.490922010099463346e-01 3.880595656483620814e-02 3.416947921411815692e+00
8.547368375267008211e-01 2.014617034152717812e-01 3.338880217422666163e+00
4.584937222328097639e-01 -2.409550417325290184e-01 3.604046554129661573e+00
3.278521584631533536e-01 -1.618028868375118168e-01 4.563659799008574325e+00
5.049351852090000481e-01 -6.139166448700310585e-01 4.577258794601673841e+00
7.145391464939786497e-01 -4.027739438027292951e-01 4.140396674558116885e+00
4.759415891830810486e-01 -3.652838271807116732e-01 3.470995141300247777e+00
5.311430575293335510e-01 -3.289650841050079100e-01 3.995945722672885836e+00
2.651842541951227039e-01 -3.168356332646781182e-01 4.109994580517642326e+00
3.695269523309105963e-01 -4.503620089534046689e-01 3.754265044994669509e+00
7.871154733125205194e-01 9.375756135778980094e-02 3.173772728681210964e+00
1.003248459659722203e+00 3.859328241920473301e-01 3.094576545385657962e+00
4.920271089058508851e-01 1.205386282898570638e+00 2.851516551731159588e+00
8.331386709932629975e-01 9.915105669685314593e-01 2.359628900817795305e+00
1.302148182235959739e+00 3.498270425589336541e-01 2.412089380912309178e+00
9.862992643064835141e-01 3.327702412167425627e-02 2.984199665449590366e+00
7.070346210923588171e-01 -2.279158569623780384e-01 2.978458291470928110e+00
1.402438242187008743e+00 -3.542150728590500175e-01 3.236174884372927441e+00
1.337035556179236195e+00 1.079122263215554156e+00 2.673808994878682288e+00
1.422880533762067357e+00 1.095934970787411089e+00 3.030269043012590036e+00
2.193989278442750823e+00 1.242581366827331335e+00 3.108094737208276115e+00
1.963864252209556183e+00 1.111538099697487514e+00 2.842169784774700503e+00
1.456657177482065135e+00 6.304465582368686816e-01 2.969546291243593039e+00
1.945096743880639689e+00 4.540154846986743653e-01 2.234258187841416721e+00
1.611071704540973926e+00 7.452248802263756744e-01 2.285979194615509691e+00
1.661296053012148999e+00 8.959652380200554544e-01 2.751095118056166022e+00
1.516638152732180389e+00 3.788978894316542001e-01 3.465592654669968020e+00
1.636405632461439774e+00 -5.969801399382192175e-02 3.749073229907876836e+00
1.769850008809298769e+00 -3.029850518594941478e-01 3.435991206848333590e+00
2.088323531113926546e+00 3.705992678461302314e-01 3.173094311174917248e+00
2.249246083124859297e+00 9.554062855404205079e-02 3.196841605574434642e+00
1.927771898197646383e+00 -1.237283228617817726e-01 3.318025109157501706e+00
1.773483072300357621e+00 1.918324247008350580e-01 2.869732394834285216e+00
7.289690673690983891e-01 -1.419466121741775888e-01 2.569362418628247546e+00
4.071940302048032700e-01 -1.142941878677346673e-01 1.906543634273401233e+00
9.487420562539217173e-01 -2.462966441488634306e-01 1.313237535514283572e+00
5.837250582448366698e-01 3.107900704506085243e-01 2.189830989562177699e+00
5.009925194387693237e-01 -7.182279367063976183e-03 2.392419175342993753e+00
9.786031914513551033e-01 2.288633652469082569e-01 2.832613651905058649e+00
1.661540808234401867e+00 -2.950119266297032139e-01 3.466079027630696974e+00
1.227941718203261923e+00 2.274316602572918899e-01 2.899571755739227541e+00
6.953197994406228322e-01 -1.799407810014937992e-01 3.270825299295445188e+00
4.787946471849942043e-01 6.542962697046539322e-01 2.755563324432412919e+00
9.962172152140257309e-01 3.394180088853093191e-01 2.766400118980685718e+00
8.481238508318101887e-01 4.142946849308695167e-01 2.245793540187212223e+00
7.649667643583971666e-01 9.158591932144504177e-01 2.373651319480301058e+00
8.783035654784773216e-01 2.468408297104904281e-01 1.933734155137526889e+00
1.295717166797487829e+00 5.524218696891760594e-01 2.381864163053546868e+00
1.957959680104732536e+00 5.972256939493302275e-01 2.585874496263072864e+00
2.194287454254529202e+00 1.257092312311128279e-02 2.853463585540314984e+00
1.580534395564509254e+00 2.441491760472255246e-01 2.822033506629924915e+00
1.833161740723482591e+00 2.210899531637369464e-01 2.477830307832790346e+00
1.670949277194959670e+00 8.047451093456843285e-01 2.513575953792904105e+00
2.193667381407468753e+00 4.627701969528730808e-01 2.603400381333665692e+00
1.738634747893536669e+00 1.047970347392436663e+00 2.235418939807917393e+00
1.942611699028355732e+00 9.604418081600988311e-01 2.213256805765231316e+00
2.052121801444320770e+00 1.529063581648374193e+00 2.415170859617571164e+00
1.676325386451736454e+00 1.242327789728337128e+00 2.826056544263838788e+00
1.847683879652901595e+00 9.428788731256083633e-01 3.055099455007727283e+00
1.131211596349439796e+00 5.309167464666360026e-01 3.668052444069056950e+00
9.033158005886060549e-01 -5.673401560937002541e-02 3.740696388796578731e+00
5.703669129514490344e-01 -2.130689694043028382e-01 3.817696301263025394e+00
9.700877435529655646e-01 -1.151757926819972633e-01 3.790509081340324382e+00
1.123699291424119284e+00 -3.422116784200850415e-01 4.082847923017494551e+00
8.414699371846634524e-01 -4.114858595970938282e-02 3.466760047575853765e+00
1.601804816847489876e+00 -9.366516002289668186e-02 3.303132885168400534e+00
8.525778901379846841e-01 -2.528405058047046572e-02 4.006851359118352995e+00
6.422809359005676733e-01 -2.858101468458151828e-01 3.823258666409189210e+00
5.820257055507570554e-01 -2.696710110638786961e-01 3.221728962911597272e+00
4.345686395906865895e-01 -1.052277449593679581e-01 3.336582753470647145e+00
7.530087646269266743e-01 4.225169622989712326e-01 2.720207717637221911e+00
8.922321692753766298e-01 1.021500559073192232e-01 3.029229450658297296e+00
5.036673454410869333e-01 4.654916020923579589e-01 2.484694772096887938e+00
3.207217387741775338e-01 3.874093270183983639e-01 2.702441903472451834e+00
7.110270977763041289e-01 5.053881642685925657e-01 2.782953680542210595e+00
6.546322741884983420e-01 4.508488024803143923e-01 2.589953553923572738e+00
1.507793622096512687e+00 5.941029779713864478e-01 2.565180629236694099e+00
1.483078469239765829e+00 8.170115769143009299e-01 1.933177488776666175e+00
1.565766573714583831e+00 4.627853041356932984e-01 1.901441077973011318e+00
1.463147211232761480e+00 3.989864579020603319e-01 1.431920475641916601e+00
1.297727871959107215e+00 2.810401513146179586e-01 1.770532991766853304e+00
2.012375960703903566e+00 2.325233541808369997e-01 1.567978080101371852e+00
1.954429204024959343e+00 4.278462074485238076e-01 1.589086604777767864e+00
1.749530353661110649e+00 9.785973594159795841e-01 2.214901138197120201e+00
7.744462888366856479e-01 7.912024274329442219e-01 3.134942414824493540e+00
1.644057134830364975e+00 1.028291797294971222e+00 3.092830392262408079e+00
1.422083589129635506e+00 1.062018340388446447e+00 3.063353282964142554e+00
1.961113110654706393e+00 7.747869731888353817e-01 3.507489239277050252e+00
2.079928674991746718e+00 6.610986863160434046e-01 3.467895496871668204e+00
1.662684069653988850e+00 3.498554137011014031e-01 3.363704855773022917e+00
1.835364437254050296e+00 5.364905227709401148e-01 2.779286256225127261e+00
1.098092291845879309e+00 -1.454457534660738571e-01 2.642102104576019794e+00
8.879423801838250974e-01 4.154049116930419450e-01 3.030902752306734893e+00
8.539847426769880956e-01 -1.072140981473244103e-01 2.717501323128749480e+00
5.934069045516617846e-01 4.570303422008736849e-02 2.704024722831555927e+00
9.478467503940332106e-01 -8.186493814315828899e-02 1.770430609918549392e+00
8.933086064456021713e-01 -4.684964443815708285e-02 1.738567223052057908e+00
7.844788703188443346e-01 -2.261840365166473965e-01 1.730716084011087341e+00
3.039670453638173009e-01 -1.954746001102711794e-01 1.642954131397372342e+00
7.853494541644691074e-01 -3.404442147959554354e-01 1.588165253320972470e+00
1.219002670690753964e+00 2.627197882636584936e-01 1.950371742743197467e+00
6.214464074921601799e-01 1.367532145436810287e-01 1.959475193097826251e+00
8.637525065879321229e-01 2.494426951449897623e-01 1.589647338233129759e+00
9.606200278141963089e-01 -1.095507732518113536e-01 1.802075712017608078e+00
7.574912169515690685e-01 4.975809974381306677e-01 2.165834270845557796e+00
3.656156023624969054e-01 -1.740308239605019569e-01 2.157848642419534002e+00
6.968764320981252203e-01 5.342134436647755918e-02 2.593682132812189067e+00
9.044126423179678076e-01 -5.268885636055568034e-01 2.818339582097550533e+00
1.011002918603958189e+00 -4.901945793410816821e-01 2.957431972153722999e+00
8.553577054255709911e-01 -6.277330757680875672e-01 2.428188110431596325e+00
1.139838891699303636e+00 4.198920632611446990e-02 2.553424658131221214e+00
9.578318921795752061e-01 -1.091957806018325067e-01 2.430954733611233820e+00
6.812708541874713530e-01 -1.684577773853621063e-01 2.473722338914440932e+00
5.588614516406268384e-01 -2.135923028515607225e-01 3.242236062058469148e+00
5.931662179132071167e-01 -5.997242669160641748e-01 2.147530021451374616e+00
1.095962265539627722e+00 -4.403196505684908724e-02 2.416824210771462589e+00
1.413589942386306531e+00 -5.481754496444039004e-01 2.183216784147020917e+00
1.218248118017466908e+00 -1.223696421668627743e-01 2.561569765983205293e+00
5.924601598152701154e-01 2.225143377996234573e-02 2.180269536733744573e+00
9.820578410889466703e-01 4.303657558049091003e-01 2.491992731905963154e+00
1.212071637753935560e+00 2.911766792691978800e-01 2.232047519716719108e+00
1.256333213601310339e+00 4.910455740976502614e-01 2.385428806209961561e+00
7.547623122268745099e-01 4.221040669688449487e-01 2.221932283045412682e+00
9.821622863100453182e-01 3.819252296114046819e-01 1.634519241212143204e+00
4.443088561846934015e-01 3.376405974810302024e-01 1.721375395641574046e+00
4.451424985543033785e-01 2.036346455157399260e-01 2.134684286554019650e+00
9.707109366730903854e-01 6.757494710387650094e-02 2.225210555703561077e+00
1.388254274612449546e+00 1.916777417905508596e-01 2.037038451186113264e+00
1.492736975072277206e+00 7.911904513216089230e-01 1.786778884533967382e+00
1.152569726344229162e+00 1.160741735623279203e+00 1.844618458496098734e+00
6.758903422914873671e-01 1.423185152217273819e+00 2.170489266688845120e+00
1.106690353188911846e+00 6.994836364175383014e-01 2.610535305952706775e+00
1.383683863626258725e+00 5.495718985939561652e-01 2.148237746527326131e+00
9.475667701040236812e-01 8.982620611708180824e-01 2.252966487861746359e+00
8.301839213140668194e-01 8.665879046557813936e-01 1.969097829757830098e+00
8.780703225903385700e-01 4.868828462453293482e-01 2.262764667570126509e+00
1.365131296080465795e+00 5.743808357184877755e-02 2.334451681544029711e+00
1.434096162989785261e+00 -2.803551983550396920e-01 2.632403823769610351e+00
1.949523047985534774e+00 -1.683668873845688141e-02 2.924326793079581766e+00
1.516968446291380168e+00 1.861059003319794417e-02 2.959958703885258391e+00
1.229338287451879008e+00 -4.332656056669890177e-01 3.064694483362094601e+00
1.006965850531181372e+00 -1.934513761067286897e-01 3.181003497852684880e+00
1.237840189442654948e+00 2.240906316305369128e-01 3.271877596576983738e+00
1.078914381042193282e+00 1.450109271179902126e-01 3.523382351785639077e+00
8.628122943994961380e-01 -4.081756885301394966e-02 3.364486337924351478e+00
5.939152831108076569e-01 -4.213797683793603643e-01 4.019440479149961831e+00
9.032166325411772334e-01 5.914682124443475242e-02 4.348926895775272250e+00
8.820173940936406609e-01 7.330595564388763252e-01 4.185267899199611286e+00
8.668624376548941246e-01 6.395515382840294416e-02 4.225303989815846428e+00
3.559716661573030794e-01 -3.181179258120441639e-02 4.534468096459991493e+00
5.942912385957354049e-01 2.239116883760747523e-01 3.631223400394626211e+00
5.479619215060564930e-01 3.003836108168689845e-01 3.236841909188550748e+00
7.386550397364116671e-01 -6.351609178437213343e-02 2.376178214697990843e+00
8.896534309054051626e-01 -3.198884121414919957e-01 2.102637545689077125e+00
1.034569786425750815e+00 -4.763682686632979002e-01 3.690526415187710185e+00
1.243331292765060603e+00 -1.284262412459141467e-01 3.335101830289588509e+00
5.029652841908621719e-01 -4.256025562671948426e-01 3.625565825571625655e+00
9.523948897698175653e-01 -2.561684895675074847e-01 2.784966634661427243e+00
7.262491397518080483e-01 -4.974125282294492023e-01 3.041704878692551794e+00
4.381797696092289418e-01 -2.048745899781603264e-01 2.578842219696210858e+00
3.725346858513894910e-01 -1.151183256557166967e-01 2.929711523169604259e+00
8.067397928554108644e-01 1.645903846273128746e-01 3.845281237717640632e+00
1.777015226075152610e-01 -1.934596238484174724e-01 3.570820387951106234e+00
5.350144260403310037e-01 -5.919357848911801501e-01 4.354633514658599047e+00
4.009858150863576109e-01 -2.220826116479269752e-01 4.282206995228372115e+00
4.910136635035653452e-01 -3.576702259720190291e-01 4.306562130425142243e+00
4.804688918156604371e-01 -6.535217702004071372e-01 4.080916925360530634e+00
1.209894998564005730e+00 -6.108807630762912444e-01 3.130764813168626315e+00
5.235266087165276749e-01 -3.571034571206244124e-02 2.980763923465850507e+00
7.286299357485860329e-01 -1.154102879403780257e-01 3.084350369423433769e+00
4.571548778622178677e-01 -4.203550275192636798e-01 2.899521069386326921e+00
3.391564849993580211e-01 -6.496056006894301849e-01 2.501708489577896710e+00
6.509812225831640431e-01 -2.892009473628734950e-01 3.176353569828705758e+00
6.984673501329211609e-01 7.023186978148691917e-02 3.883843303122968216e+00
2.679887759707408890e-01 -1.999282075199803055e-01 3.244448179378407904e+00
7.846477167762515581e-01 -1.306474438715510000e-01 3.041371235066322676e+00
1.089755200838423033e+00 3.135276860490283091e-01 3.520522881073774535e+00
1.270239828554705852e+00 -1.808402164444858351e-01 3.231205515751421675e+00
1.730226410732849551e+00 5.080673293859871986e-01 3.510760281086845236e+00
1.271410029283749354e+00 5.912073850383048335e-01 3.492927914836450043e+00
1.095778527588634477e+00 2.616342377699422683e-01 2.824061395546998199e+00
1.343628009407362933e+00 6.588082376381354521e-01 2.419517194838730845e+00
1.463176082461595362e+00 1.292961484216468504e+00 2.560600451862564242e+00
1.345896440610429901e+00 7.219464778137514305e-01 2.604508323037082018e+00
1.540375479836195050e+00 7.698470046666644473e-01 2.604616109308515171e+00
1.341636798633675243e+00 5.659063497809485588e-01 2.701784217110262176e+00
1.765325879133829767e+00 5.823825131216068263e-01 2.405873861260879654e+00
1.277732179811706059e+00 8.627948104519822525e-01 2.739819692915643756e+00
1.035898323563859691e+00 8.315434529427666588e-01 2.531263622953285886e+00
4.444965044099647988e-01 1.005174885424447329e+00 2.687317666850864484e+00
4.482261023611555095e-01 1.122947293555208947e+00 2.509363999388215749e+00
1.019538061396487505e+00 6.968122106729022214e-01 2.572642534165058947e+00
5.851625767943111622e-01 2.033597476010492455e-01 2.921520145118719824e+00
1.864698636755342531e-01 -1.478892101962814010e-01 2.683258345678103840e+00
6.123295718585854974e-01 -7.509586378975897925e-03 2.564991180421417383e+00
6.529514767815508547e-01 -9.880110147522512543e-03 2.198680508002261114e+00
2.126306059926057479e-01 -2.417337756056636977e-01 2.008369870283299718e+00
6.757121012191333875e-01 2.265877493258462994e-01 1.710482990911577961e+00
1.200334215527474102e+00 6.509002916677987249e-01 1.809023629511468778e+00
1.825019119764947073e-01 6.856601156168181666e-01 1.706745835801959377e+00
4.571321606889778288e-01 1.962311712680248621e-01 1.861837355158891594e+00
1.230220735650633529e-01 -7.538286816734748874e-02 2.250272403663412302e+00
7.197028045738038671e-01 4.277772805534405531e-01 2.521169293022222035e+00
1.115976942550409357e+00 1.023471636610410629e+00 2.493422676774575741e+00
1.096831630494454313e+00 1.281131649993069610e+00 1.984746973277375481e+00
5.729851938079776330e-01 1.201269840115564813e+00 2.275447329202473501e+00
1.074713413904766934e+00 1.042382791936912856e+00 2.654678964825833543e+00
1.126883229113165852e+00 6.282908225443353256e-01 2.444289333216949966e+00
1.020466811449890265e+00 4.409147544995039025e-01 3.210181234685693941e+00
5.294466076793036269e-02 6.478524140493406858e-01 3.125859898329258257e+00
4.270195509911744458e-01 3.102314283498830427e-01 2.436979315635755317e+00
4.270195509911744458e-01 3.102314283498830427e-01 2.436979315635755317e+00
9.754709681331715787e-01 -3.782990029317824521e-02 2.571886185335261032e+00
-6.050419528331510421e-02 -6.836623940519719334e-01 2.396669463059386107e+00
4.878515403825244290e-01 -1.026430984269789959e-01 1.726083942325566278e+00
1.338947068226256087e-01 -3.594671322824583015e-01 2.190132926384635859e+00
6.109958976729124025e-01 -6.025854541554922505e-01 1.814236796678494468e+00
6.324848386743169293e-01 -8.342891723604139997e-03 2.435208632777362769e+00
6.637579684898475829e-01 2.188524451061476250e-01 2.919930070715262005e+00
9.407135767689888128e-01 4.063156978895045013e-01 2.868273333303675177e+00
1.506180414670685863e+00 1.207078630076447556e+00 2.124923096290949331e+00
1.354933053298461587e+00 6.733108105575544844e-01 1.706020102885464462e+00
6.158339966240983232e-01 5.224756644509842562e-01 1.623046024270770937e+00
1.105924654609858004e+00 7.210195801538391014e-02 1.325256064919553500e+00
6.536527025642999700e-01 7.183742578855312200e-02 1.981845881750281979e+00
4.676134901069307626e-01 5.988889635914960152e-01 2.323440272014576369e+00
6.916253493870504476e-01 7.577087208169528409e-01 1.754115729247949229e+00
7.156511706938804007e-01 -1.013752705498730255e-01 1.675027897269945054e+00
9.185482985702230208e-01 3.287203320163134546e-01 2.103497666930584042e+00
9.999304851079455769e-01 -3.147344455657735129e-01 2.253339044163674920e+00
7.120397550317629776e-01 -3.323547432460166595e-02 2.274306376892551995e+00
7.120397550317629776e-01 -3.323547432460166595e-02 2.274306376892551995e+00
6.481690625025504637e-01 3.323183329963191879e-01 2.384165793907648379e+00
1.514884395720420329e+00 5.291535798191702167e-01 1.416010423483203828e+00
1.510352993631886465e+00 7.530764442487845045e-01 2.179061286608859227e+00
1.887741653017530163e+00 3.741515157408380476e-01 2.544809659201676233e+00
1.749238827424723253e+00 4.546286119439162943e-01 2.913056514892858662e+00
1.315133078095608310e+00 -2.943705876648340380e-01 3.090443910310744613e+00
1.366139440126698856e+00 -2.983155171053190613e-01 3.071080258404927488e+00
8.671554204975291391e-01 -2.784272819254067777e-01 3.580510010364529982e+00
4.495348490076885306e-01 4.260528896928417186e-01 3.370353068160264254e+00
1.488954104712835624e+00 3.925870036417382636e-01 2.675010644879791677e+00
1.538404763010992493e+00 9.679473485446036252e-01 2.677198821743080881e+00
1.215501485294569584e+00 9.234893597736202331e-01 2.716117575316654875e+00
1.631214527043326701e+00 2.471623026551568458e-01 1.965744717043962808e+00
1.507744137728925793e+00 1.270244953826330792e-01 2.149935629579625029e+00
1.142492320107322712e+00 5.861634207186467993e-01 1.576569525624710089e+00
5.447638309632086839e-01 5.676005352490574030e-01 2.259408463052122951e+00
6.109683389893135752e-01 1.593757546101282896e-01 1.683174666058851576e+00
1.490427046900510977e-01 7.538594600038610594e-01 2.003618491119451228e+00
6.266226807073933536e-01 3.790690499757552456e-01 1.396874778094515657e+00
5.387604958994456350e-01 1.541510412447031075e-01 1.536708447998224925e+00
7.775279913595952719e-01 3.197187357735981617e-01 1.504010180294811594e+00
1.416893168047419049e+00 -4.446891174697454874e-01 1.645381889021586330e+00
8.731427822431447883e-01 1.494165965662944962e-01 1.330470293127291370e+00
4.624785670181640329e-01 -2.597565990990799989e-01 1.505539166750486046e+00
5.780386761092146664e-01 -3.014644150459604988e-01 2.336960192364029965e+00
6.567295510643846868e-01 -7.598901214909083990e-01 2.076010162530173453e+00
5.511222063581632247e-01 -4.762033964448103007e-01 2.261445615571363810e+00
2.368695376449507783e-01 -3.924530253415569048e-01 2.528882233660303847e+00
3.072770114434736355e-01 -1.153528852428690604e-01 2.517768777983993012e+00
5.596481241546644725e-01 2.816159217370291928e-02 2.661039175707157867e+00
-1.251592647123295488e-01 -4.523602325946267100e-01 3.443003508555973813e+00
8.591669701482875787e-01 -4.347173700021148557e-01 3.182790466907898796e+00
1.647184676024485039e+00 1.705148290829787139e-01 3.033728073937196790e+00
8.862586831551135802e-01 7.333872816745441447e-01 3.323497858323667842e+00
4.781884111519942859e-01 3.617974457125812671e-01 2.421970331048272751e+00
1.205272465650395253e+00 3.031831921359739446e-01 2.061418197630694227e+00
1.004847320427604496e+00 -2.221347907412035971e-01 1.731061024196317799e+00
-1.289967572087042103e-01 2.066047126001735179e-01 2.065159258595823388e+00
7.616363268559460664e-01 1.334531583474509731e-01 2.427437733436326184e+00
4.437332383882793274e-01 -3.580938795240631856e-02 2.163706695029339322e+00
2.443158654196091739e-01 -2.299783445517187552e-01 2.719441329583623279e+00
2.319069420467780029e-02 -2.626918578244767932e-01 2.396392490051897362e+00
6.447001505496678941e-01 -4.992008423381844029e-01 2.660474257043778046e+00
1.575464130509291127e+00 -4.030041748679247249e-01 2.322381666227470554e+00
1.640975186482365622e+00 -2.285318420411976414e-01 2.368763338733357759e+00
1.746049395047043262e+00 -2.608078456931903211e-01 2.598774217102315376e+00
1.463774899382336736e+00 -2.295893063022768077e-01 2.588524997422211094e+00
1.141375408207542019e+00 1.867369643735442009e-02 2.649486617040372138e+00
5.753776294279699943e-01 -1.572483784871817614e-01 2.635389332272545904e+00
5.743256933345077808e-01 2.037027831769491204e-01 2.719793717888228546e+00
-5.281670737052142350e-02 1.627899258656772818e-01 2.842396420077001107e+00
1.057015558830530222e-01 -6.999548448538289724e-02 3.204174021481895451e+00
2.175562391148777031e-01 7.345498846259483905e-01 2.884656075760037464e+00
2.177039159286500158e-01 4.335878998906034232e-01 2.899526880638236381e+00
8.854076116124183216e-01 3.907366233596261673e-01 3.644867843040552557e+00
7.268788126500702607e-01 -5.354282418111207253e-02 3.971266761958799130e+00
5.716575839864422859e-01 -2.153292285979065968e-01 3.771051088036215582e+00
9.989676380766319141e-01 5.304268576927053669e-01 3.184388245259469397e+00
1.575188506106789843e+00 5.110930436418410494e-01 3.610037493752079829e+00
1.074439534504672666e+00 4.533301027736540423e-01 3.516273953786078987e+00
4.562615552268300956e-01 -8.145589968654257107e-02 2.903221353590126341e+00
4.357586787317380139e-01 -7.888874424604235269e-01 2.814228922975480440e+00
3.232181427496188392e-02 -3.513561689032063118e-01 2.326608373897675719e+00
6.267010098684687724e-01 -2.244592598879101564e-01 2.233881801975306836e+00
7.618785535709806656e-01 1.563670270097822501e-01 2.923827358906307960e+00
7.432150196619414784e-01 -1.200358819677299904e-01 2.492544276271847270e+00
1.213585367049840658e+00 -3.657549671464870311e-01 2.614989904148097732e+00
1.462449288610626397e+00 9.861049816444798777e-02 3.129692435279867624e+00
9.980466088374352340e-01 1.021432172189241872e+00 3.226638625288152262e+00
9.366768524788238182e-01 7.209646415744610515e-01 3.147907909866730858e+00
1.088587719098212947e+00 1.022721990540401971e-01 2.721931261533427904e+00
1.016663308045012704e+00 4.529284824900839945e-01 3.264555253321919537e+00
1.113110321481628251e+00 4.008459648247121310e-01 2.948540673843532023e+00
1.441069135239489096e+00 6.713880475362253852e-01 3.035394818129958150e+00
1.101083926966621052e+00 1.081694523163478694e+00 2.585267809196657662e+00
8.208493838834031164e-01 1.161395019630879988e+00 2.712401096444399418e+00
1.223887730889332559e+00 7.078410982257155037e-01 2.912177872657792932e+00
1.208631914910636596e+00 8.231798392095144301e-01 2.643354233236815176e+00
1.295651893430191937e+00 1.005512592890225987e+00 2.848457267752857902e+00
1.815916940769902066e+00 9.220128893969736783e-02 2.620043882255084000e+00
1.431968450549109706e+00 4.823216403693262322e-01 2.540986811801505318e+00
1.366872868324226831e+00 7.763795772738153467e-01 2.695710229520169587e+00
1.741082167424365723e+00 1.010234288236674605e+00 2.681869654843867856e+00
2.345151742158630093e+00 1.181046359634844833e+00 2.829077097676330421e+00
2.324855249954649317e+00 4.689046125218436778e-01 3.216787974495479041e+00
2.504209518347784158e+00 4.888754449421440773e-01 2.668699506690272116e+00
2.006103197472310029e+00 5.135430928708483167e-01 3.211528974555721394e+00
2.365757404525193230e+00 5.042166714923541626e-01 3.436201004418830696e+00
2.408229226127182709e+00 6.362801330128728949e-01 3.079587181098151216e+00
2.026449792489528168e+00 6.473872191577872970e-01 2.727525693566896781e+00
1.933080961050481994e+00 9.378447683277654212e-01 2.638896467490779774e+00
1.636918178803962842e+00 7.320021672121490575e-01 3.014574305164146928e+00
5.677716457126369409e-01 2.774242772085112052e-01 3.010615884086896177e+00
1.094357450396800768e+00 2.864528266330846340e-01 3.069514890938181306e+00
8.008818866555271754e-01 5.414616363295343682e-01 2.464647986374907784e+00
7.815831320723023445e-01 3.634374681945582997e-01 2.012198073791533925e+00
6.300732102012202018e-01 5.295802639256153022e-01 2.478441069923331685e+00
1.693361299900039585e+00 -1.042184535778113569e-01 2.328693045984227883e+00
1.326392991604028682e+00 2.111932797657418148e-01 3.292704075674088848e+00
5.890697725669694629e-01 -2.102637731206348781e-01 3.251055288837400692e+00
4.608361834687101921e-01 4.434327250773443807e-01 3.064718421176125140e+00
3.378528957019333312e-01 4.702979712588331029e-01 3.291055788458883136e+00
6.071442960340202033e-01 -1.872841546492180487e-01 2.956564775344902252e+00
1.783175181172085288e-01 -1.074799217645500821e-02 3.044790532274614492e+00
6.423706126196944144e-01 -1.235407121933194408e-01 2.859560527571349819e+00
2.872747781591958871e-01 1.681438992882662575e-01 3.135953647619146523e+00
4.356606059475313653e-01 7.377300235472261658e-01 2.753076414481560263e+00
9.935599975734574762e-01 1.273794348975847202e+00 2.494395152970486418e+00
1.598564816491937934e+00 1.342392005659673870e+00 1.948971184160462888e+00
1.658134820608443416e+00 1.550085405978097963e+00 2.128741002558019790e+00
2.142360946594365156e+00 1.342811283801707001e+00 2.172082316102808885e+00
1.095884163520473242e+00 1.013697159965828432e+00 1.858261719639504372e+00
1.082783732705437263e+00 3.525946131459792854e-01 2.123965438920798032e+00
1.299177527284160805e+00 -4.529324751351959666e-02 2.188053057162083093e+00
1.770453953400489278e+00 2.086696535923090665e-02 2.608116947758963189e+00
1.654621367048620062e+00 6.691068693253658939e-01 2.275945133866868364e+00
1.985103286129315858e+00 1.050973757080804649e+00 2.480191480382429869e+00
1.987878290196796183e+00 1.228753325264488661e+00 1.925607354647162817e+00
2.135933953322401102e+00 6.307653872178182741e-01 2.427388073535512891e+00
2.417875158814682734e+00 5.503086100887549792e-01 2.036079648206137183e+00
2.084027059397160375e+00 8.826669799626804536e-02 1.603451500608759073e+00
1.415466753053734372e+00 2.513560777071591201e-01 1.815744918789709894e+00
1.683662049977757480e+00 7.285848636970535530e-01 2.133923061758849826e+00
2.237997808993494875e+00 6.431496647457797255e-01 1.979137234891569452e+00
2.370267879130735889e+00 6.999560686577552815e-01 2.419107689213705559e+00
2.073808772448983540e+00 3.177506919939284691e-01 2.722607781479652100e+00
1.992380568067515290e+00 5.338527049267659530e-01 2.603400136764190798e+00
1.791226840181264990e+00 6.962028549716072767e-01 2.424948258188559969e+00
7.970993739880706253e-01 5.090610796780319358e-01 2.549967165486767051e+00
5.725032056543540859e-01 6.737563475181048700e-01 2.448363489709685314e+00
6.203014146115206628e-01 7.260178477072355419e-01 2.901778906925288393e+00
6.190934081710790515e-01 -3.772962880414332254e-01 2.394082263765593410e+00
9.950115979059659388e-01 -2.372519160546775197e-02 2.000742243478809801e+00
5.569192238593708710e-01 1.389869403383674207e-01 2.174124492619635252e+00
4.904392568926868035e-01 6.380998273096052387e-01 1.839829622596881320e+00
1.322766754965973013e-01 1.115406125362293777e+00 1.432605262971565985e+00
9.413692611259825149e-01 3.498321906333509701e-01 1.575548329442558515e+00
8.760602876935681405e-01 5.879531643919734263e-01 1.820399466828992230e+00
1.359635676233776902e+00 5.952188868590364557e-01 2.119716892234666528e+00
5.436839606644993106e-01 2.148400881533694684e-01 2.000771177611937457e+00
7.646235367796245797e-01 2.320423958374088769e-01 1.997140671271500745e+00
1.522818023473886839e+00 4.878766779770371542e-02 2.364749137841628546e+00
9.069542909683295795e-01 -2.877187663574644616e-01 2.162009275126140384e+00
4.475282247339993358e-01 -1.618821812242727254e-01 2.651291370924761193e+00
4.735565960742653124e-01 -6.625063292299525619e-01 3.161536234254355815e+00
8.987315759252537672e-01 -6.738386161194790391e-01 3.337029038662982394e+00
5.653167861153213236e-01 -4.668693444440112916e-01 3.383830258846365791e+00
1.188852449650155130e+00 -3.879648813656473294e-01 3.101856311362188645e+00
1.666808289984702096e+00 3.008286405745314029e-01 2.648520501387185089e+00
1.314048889514908725e+00 2.186112441616165358e-01 2.519977489767555756e+00
1.505230406263381893e+00 5.786362227611671072e-01 2.207824440686224854e+00
8.539036352545568143e-01 2.371888250088787786e-01 2.499624169912721960e+00
4.092791404884031370e-01 5.087519587173305879e-01 2.207163564036648484e+00
6.663588113065642693e-01 3.751430098263880408e-01 2.341131262740053565e+00
1.221134055343235048e+00 3.766152196808874586e-01 2.092133833997100290e+00
7.697819404243347874e-01 6.192005499357864373e-01 1.945771728564344327e+00
5.927741240050968807e-01 1.147657966934840512e-01 2.393291666441230703e+00
6.338893067978920159e-01 5.619300308332821903e-01 1.904108088509387064e+00
8.194481113027854979e-01 9.451324495620718746e-01 1.733584195800374594e+00
8.504259554393357456e-01 6.762618107576869875e-01 2.643784442314855543e+00
1.201185871735926280e+00 8.245250945151992861e-01 2.211470800752280752e+00
9.423561424830807498e-01 4.793431411658684582e-01 2.276371421126025751e+00
8.339193380389565702e-01 4.771072892293170553e-01 2.584788731358155456e+00
5.699061845681202554e-01 6.175322309911630558e-01 3.068220274857256236e+00
2.706674068550675161e-01 3.316296886588792625e-01 3.204169745233700350e+00
8.499057013567931085e-01 4.559536674658882793e-01 3.678324940081806105e+00
8.515277793063763534e-01 2.855882626369972144e-01 3.123527634884551318e+00
6.968573527475102614e-01 5.473936630376853296e-01 2.570262085020364573e+00
8.931338787149405434e-01 4.853439984798231799e-01 2.799542559613665826e+00
6.279932132883857543e-01 2.251689636965389929e-02 3.387271945700005116e+00
-1.997159823493245001e-01 -6.085590357154894992e-02 3.124916249634128285e+00
6.675755565933425562e-01 -3.530237672971792140e-01 3.560330199130932627e+00
7.032145412883108460e-01 -5.356709499044291778e-02 3.329018249455853340e+00
-1.124767177605659474e-02 -1.190829254116698294e-01 2.750631553723143607e+00
3.058643897838294046e-01 -2.747568016361187637e-01 3.274821193649840367e+00
6.443610288938673714e-01 -1.838343551284292166e-01 3.387812083002713859e+00
8.482931549952182904e-01 1.015113063522454645e-01 3.339809729990859122e+00
8.095963645917315654e-01 -2.553700038184086168e-02 2.626366815201023996e+00
1.430110976064669970e+00 5.554279958707382114e-01 2.532355170015581081e+00
1.002199876079699736e+00 5.418385314771212435e-01 2.149700653514382775e+00
4.727090766846788195e-01 3.428965344199163545e-01 2.796425653447144555e+00
1.057502094907443735e-01 -3.203788734264702009e-01 2.716916773950339259e+00
1.655412664123376010e-01 -5.374516392885575478e-01 2.223593453801197661e+00
6.216288626957979790e-01 -2.013016406444282369e-01 1.918690003751964301e+00
4.765485377664732680e-01 7.085898674540391795e-02 2.447161288169440674e+00
9.313512000129542390e-02 2.483291866663347724e-01 2.352417752248791238e+00
5.864281341854349350e-01 4.316456568804630245e-01 2.870032173667279363e+00
1.054808542027924068e+00 3.030565224361985721e-01 2.535897324740684411e+00
2.838057939144569275e-01 3.814481273228337299e-01 3.004218161370962648e+00
3.960279578438264392e-01 4.461003132554965944e-01 2.672425484920285310e+00
1.389484714860008241e+00 4.340775291318324514e-02 3.424236459549793388e+00
1.166629942814963794e+00 1.329221886168648614e-01 3.150691158498115207e+00
1.149693995809151881e+00 4.585074233160283397e-01 2.837919254809977865e+00
7.555571733237698151e-01 -1.378786061856110412e-01 2.839006883561454142e+00
9.923593254691819299e-01 1.599186787524647657e-01 3.097234021611357413e+00
1.449903884056938708e+00 -3.547714961463347416e-01 3.578932065015715036e+00
1.024472111180806166e+00 3.849724347815484116e-01 4.388678896818310804e+00
9.594271974062119623e-01 1.391881067069719591e-02 4.805789148889312301e+00
1.089198762900834394e+00 -1.011080637328426873e-01 4.638508639345080731e+00
9.005584831824887670e-01 -5.826477082069823066e-01 4.235737412066582053e+00
1.186901247671020121e+00 4.029588396058445543e-01 4.624036442652917245e+00
8.075411552528712900e-01 2.917990878092229234e-01 4.975845047080863282e+00
1.900769915229753915e+00 -1.946764196941542235e-01 4.565856401823589650e+00
1.890778440057276022e+00 6.329791107708671039e-01 5.388059819756194635e+00
1.702583283745294551e+00 1.090731673439878202e+00 4.768492574720855970e+00
1.481918564292529661e+00 2.222879408312271599e-01 4.467590069901317129e+00
1.460458273144848107e+00 5.815808198587051336e-01 4.018312879301324081e+00
5.318636056267274093e-01 -2.146285536454272114e-01 3.538546297169002930e+00
1.122212230046177650e+00 4.062906243706511655e-01 2.978089549633639699e+00
6.658243044424161372e-01 2.685918562248960084e-01 2.795552047789543693e+00
1.707954106783788895e-01 4.796744920803237000e-01 2.406551442988175804e+00
7.871922059648147618e-01 7.284189604912970628e-01 2.393667972644715647e+00
9.036962568573214671e-01 4.811189712360304238e-01 1.939194074797024658e+00
5.360954852421065953e-01 7.877764117900624974e-02 2.080647964504268366e+00
3.170878951306586035e-01 -5.978095681234063541e-02 1.868392499900570769e+00
4.462000032040385200e-01 -2.475996619846325131e-01 2.195243046763766692e+00
5.157992685854764225e-01 -2.395070017564016884e-01 2.442072957120532628e+00
5.509814953508859192e-01 -5.221108463480089723e-01 2.312845024350828727e+00
6.623072529454800961e-01 -4.829652731168888602e-01 1.497933659674125728e+00
9.876775716457555365e-01 -3.577116177472503544e-01 2.128785135703830989e+00
1.053465796232014640e+00 1.637225588019720068e-01 1.619107994463405698e+00
6.395518488569522653e-01 -1.426836816126093033e-01 1.451814590023137175e+00
7.373339610868592242e-01 4.554058361917500131e-01 1.245372908837927062e+00
9.854751818203185687e-01 4.280893077224925403e-01 1.366443471009581856e+00
1.586890141782499208e+00 4.300148599031731189e-01 1.146275702718592582e+00
1.219031231949325278e+00 6.194664858194370849e-01 1.930812072186613326e+00
1.101806756758117345e+00 9.047566565335158906e-01 2.666646798866210144e+00
1.001105076543368444e+00 9.725374242264668290e-01 2.923786887944284985e+00
1.274921804114709900e+00 5.628931453129725204e-01 2.772404102843355034e+00
8.976215241057448058e-01 8.189649199633504129e-01 3.097269906057215749e+00
6.467953072670798997e-01 3.971633267282568269e-01 2.818090244038724546e+00
8.977954280116166030e-01 6.133420578030052139e-02 3.236073574738343783e+00
1.095914271507787197e+00 -2.096643511775082569e-01 3.193715581745522503e+00
1.396411248014449713e+00 -2.620115687416251227e-01 2.571614184601913156e+00
1.651985807389514394e+00 -9.314294158115840605e-02 2.759064667428725137e+00
1.314155720094433821e+00 -8.574492081924717235e-02 2.516463972263110360e+00
1.031453474951822491e+00 -2.269597656887252790e-01 2.203292973761168394e+00
4.601100739027684794e-01 1.974158188849671758e-01 2.187324203780562470e+00
6.454101825029753270e-01 6.279699801136809367e-02 2.507040043302738219e+00
7.191017712378923177e-01 -4.791212287914484724e-01 3.203976714880024002e+00
1.122488608909080199e+00 2.375741690179270227e-01 2.967612751057974840e+00
1.272763678639139862e+00 3.580177173197746643e-01 2.904499234057190904e+00
8.651583504196900254e-01 2.260858097735987948e-01 2.881881937279486827e+00
1.152150156472979248e+00 3.422240842843427000e-01 2.907013462615179122e+00
1.148264338566954201e+00 7.671265980348490610e-02 2.967173805558620536e+00
3.841036361827239176e-01 3.215328024167161125e-01 2.718869522427407759e+00
5.050239951397521576e-01 -1.895632879873686560e-01 2.724621835905926659e+00
7.444934244121429456e-01 2.828966783425140297e-01 3.546605267962757768e+00
1.118899069487969467e+00 -1.770536016783834099e-01 3.619212678623892732e+00
1.219874965804696343e+00 3.644576995081254545e-01 3.309520168349995295e+00
1.913007576372467433e-01 7.327240399718331076e-01 2.737805600414740415e+00
2.523741500380983771e-01 5.021328580606077008e-01 2.799419094440336764e+00
7.467619443227087039e-01 1.431983505798859191e-01 2.811376168638920259e+00
1.038395073184081863e+00 2.683163316451535607e-01 2.626282960810727651e+00
6.713396353861522670e-01 -2.412613941376531845e-01 3.004122471907436420e+00
5.283156578223556776e-01 1.116484176386436794e-01 3.014240145953267724e+00
8.754988197695883212e-01 -1.066874432522429417e-01 2.519818236863383465e+00
8.208873876104365586e-01 -1.827314828888687015e-01 2.875654792177817498e+00
6.085196644335220117e-01 -5.217753571543368857e-02 2.720448682364521087e+00
5.964604063614427076e-01 1.109496247085466347e-01 2.865740393297919741e+00
1.173694236836000826e+00 -3.301446998340219485e-01 2.793680390689881055e+00
1.119522831294061715e+00 1.984876420914401252e-01 3.330586791515099510e+00
4.660897585183811920e-01 -7.864523200734205299e-02 3.361579618787540191e+00
1.110012507288431038e+00 -2.654478780625044165e-01 3.074569641729419711e+00
1.596291731894026400e+00 1.540011578662047464e-01 2.913831799301005443e+00
1.486193732140950186e+00 1.828787826728783261e-01 3.192609370462283547e+00
9.775826469719904876e-01 4.814677227388128866e-01 2.763581369522406739e+00
1.417569543311782088e+00 6.049929601339265606e-01 2.903526701938617283e+00
1.556078304504181054e+00 5.007764385340444102e-01 3.142375854602045493e+00
1.404636523501751943e+00 -2.846509091141927184e-02 2.852113585950356800e+00
1.010617424629765670e+00 -2.280785601851440247e-01 2.756955462136322144e+00
9.914394532991663844e-01 -3.578774143264688012e-01 2.310190751332795500e+00
1.063056506347222596e+00 4.980125976352315909e-01 2.009765290426539508e+00
1.102837833717781990e+00 5.807244990270017393e-01 2.715919408970475235e+00
1.091798033730739581e+00 4.985014072845704858e-01 2.448969004044427855e+00
1.475511874052119810e+00 2.923751274089960162e-01 2.420019691230265391e+00
1.454847422586359906e+00 5.711679161912177616e-01 2.295260482646862776e+00
1.247176738904938631e+00 5.444896913767947044e-01 2.946446863690666884e+00
1.744624825869921958e+00 2.854740789041304572e-01 2.790674573209459997e+00
1.106835119817936253e+00 -3.822801981771301039e-01 3.337654921640762939e+00
5.197614599058638651e-01 9.635255518072238790e-02 3.491987485022596260e+00
1.071584230796706061e+00 2.717895755622721232e-01 3.827657252905126928e+00
8.325354722133180285e-01 5.125011490788262680e-01 3.342031279502815089e+00
6.718964329049935680e-01 8.149667886844930154e-04 3.123441461630994009e+00
4.708129532752390323e-01 -1.696567042335635211e-01 2.800831382901240563e+00
4.323159093333364122e-01 2.735611194583981720e-01 3.612818951673177903e+00
8.263802434213000092e-01 -4.679398706452190804e-01 3.654574928124849631e+00
4.061281730486609454e-01 5.234060262165480815e-01 3.713803773917602413e+00
7.600268591566617937e-01 -1.467928383132672265e-01 4.119865590475713546e+00
3.351243934368502431e-01 6.721572343127211191e-01 3.874211943288142557e+00
8.336291711445820152e-01 8.963036517123789126e-01 4.174968883490818072e+00
1.612280767703887285e+00 1.501563073099812795e-01 3.577128512075134381e+00
6.716162451381486598e-01 3.914274217811324896e-01 3.672849632117543894e+00
4.403197982142964539e-01 -1.351659578313297583e-01 2.674225881516794523e+00
5.214696629630638514e-01 3.210013522570838440e-02 2.913721228607765390e+00
7.414775941597299136e-01 -4.918351344889829724e-01 1.536004655258857987e+00
4.654064847349182465e-01 -2.584279562025678656e-01 1.706520906107156454e+00
6.118728392703419727e-01 -6.586086928065325585e-01 1.227255481190622888e+00
8.986160252405283044e-01 -1.436525916211831844e-01 1.430849097792040947e+00
8.996407434434106065e-01 -2.625620057896675963e-01 1.562661014841915996e+00
6.488766400594178085e-01 -2.649458196091016848e-01 1.748671785415913726e+00
7.173872194809001179e-01 3.629173429959907105e-01 2.657729982794308832e+00
9.949028530179221397e-01 1.066639792445272628e+00 2.757085456190790040e+00
4.778751849676096675e-01 7.215203917936019451e-01 3.401484999171193735e+00
8.521192169605255051e-01 4.779937721174861709e-01 3.834247176682312297e+00
9.274284675001239764e-01 3.993611158261175520e-01 3.435865461229281603e+00
1.281299058411973002e+00 -1.615033235675698009e-01 3.356700593711207770e+00
8.897569291288186522e-01 2.150986681344775608e-02 3.921425019199521689e+00
1.046666733413117445e+00 1.850053035764122333e-01 3.890669645684846856e+00
6.705795318143979999e-01 1.366187277541334455e-01 4.238611327177584265e+00
1.243562332770537848e+00 4.415696256127052410e-01 3.568633831056076122e+00
8.055923032489846758e-01 2.840968441200936168e-01 3.107166682900238452e+00
6.377980146743257306e-01 -2.483254162527999409e-02 1.793555210405531675e+00
8.706629470293625328e-01 -2.952221321605255633e-01 2.656616904805238821e+00
9.086525667284733876e-01 8.027384660761025525e-01 2.043007193568484592e+00
1.108512368909707613e+00 2.804984003688708594e-01 1.855775673550086102e+00
4.390191029937552392e-01 -4.208314723126913015e-02 2.178701139959638766e+00
2.484540001663302355e-01 -3.841548733768412882e-01 2.590959333778662721e+00
7.076250296692514485e-01 -3.308283490694196582e-01 2.283875267584215329e+00
6.955085037923223190e-01 -5.143510078215038916e-01 2.648670575617708245e+00
1.989918072043742880e-01 -1.372786392469396710e-01 1.451342193269418823e+00
2.573752025350100059e-01 2.073623384824027638e-01 1.698781199102594730e+00
7.558357838208623614e-01 1.200091617417169965e-01 1.944567500156190398e+00
4.845072486266251421e-01 1.297647529244504438e-01 1.742574915087828691e+00
1.051008383329034901e+00 8.640214470980889239e-01 1.294426597790505173e+00
5.092572670711523752e-01 4.110448039717628510e-01 1.593994711796328456e+00
9.832384006991930214e-02 -2.576330111098267261e-01 1.167132681653112680e+00
4.899992527589166480e-01 3.008545084653159174e-01 1.437209770116474328e+00
6.225849767099834731e-01 2.502936939991687315e-01 2.021735520478622927e+00
4.723177191458817759e-01 3.279690130811079019e-03 2.306551915998667823e+00
7.871388319813354961e-01 -1.850539039106053885e-01 1.669430139723929063e+00
6.106018464561411285e-01 1.161837756490092938e-01 2.516005359820045584e+00
4.183708666537532261e-01 4.591976088089594898e-01 2.716422627456343442e+00
3.527068512025482439e-01 7.942074316787769983e-02 2.753773913492806535e+00
5.307697813512366469e-01 2.937575030730865677e-01 2.964002578828679013e+00
7.708358272442762393e-01 4.595814774297953265e-01 2.767621798296692859e+00
9.039497373321607743e-01 -1.471451063790946145e-01 2.608938258737166560e+00
7.631667950095459840e-01 -8.905969423514281669e-01 2.299635748800907820e+00
8.307790063010344062e-01 -9.651824363109133831e-01 2.107245748342965630e+00
4.861516159746551158e-01 -3.605492089580862869e-01 2.610775911899323898e+00
5.934533865617279691e-01 1.314993352004455995e-01 2.791075925799032742e+00
1.070312813439616262e+00 1.381232016555489911e-02 3.501607208737359311e+00
9.395928516492495497e-01 2.089410125124198658e-01 3.308542316541041473e+00
1.129558724640959966e+00 5.293780620082523258e-01 3.096915477095412150e+00
8.551493276307426950e-01 6.413296382248889760e-01 3.726857398407076527e+00
1.350905675596164812e+00 7.301095107185840982e-01 3.268598950864463948e+00
1.248753153009195538e+00 6.307481864735228205e-01 3.521791030660452737e+00
1.620426477904884921e+00 3.743826555829878333e-01 3.262856105823914721e+00
2.247055416219037927e+00 4.747230414736111070e-01 3.769243472741376610e+00
2.387564071298123647e+00 2.485871043871414887e-01 3.706952925094924467e+00
2.332576162255411312e+00 4.647329646976083861e-01 3.422013374280349129e+00
2.195315192567364626e+00 3.873665451771597934e-01 2.715244273311467893e+00
2.219917580898787879e+00 2.365511742374952209e-01 3.187426163505187482e+00
2.311542985328675304e+00 7.506771677385897235e-01 3.784799868601579576e+00
2.339281930608455795e+00 1.492419450726755636e+00 3.217435875400730172e+00
1.872225869749732041e+00 1.444100035037948482e+00 3.103319804133424231e+00
1.813349942714970409e+00 1.298295181365858753e+00 3.978748045880693862e+00
1.588333715970147608e+00 1.233679879070163965e+00 4.214490812793168395e+00
2.077782894867318486e+00 8.764450527306292260e-01 3.759012900938953017e+00
2.069487196876284685e+00 2.696658891838088490e-01 3.306391278816722679e+00
2.368372501377720596e+00 4.702358478851959567e-01 3.338631394928926799e+00
2.453047021002716210e+00 3.531573990859798173e-01 3.244420097141653248e+00
1.876813914749332346e+00 2.282265952812110865e-01 2.826409397534557666e+00
1.229786064123869815e+00 -1.531004802129330988e-01 3.144608382237435329e+00
1.250368692146690552e+00 -1.070564065322912040e-01 3.089021339999169058e+00
1.269506320955271939e+00 -3.721354313212438814e-01 3.107138158441698383e+00
8.613310326199127287e-01 3.194743145649284188e-03 2.940486875424805024e+00
1.027711104557630595e+00 1.835880676172411408e-01 3.115480329165657203e+00
8.520725923308467564e-01 -4.373202141903577700e-01 3.061939284797851268e+00
9.940749784570056535e-01 4.638269933596037009e-02 2.899441747957463456e+00
7.458564389124182625e-01 2.879554322514302767e-01 3.108274288071085856e+00
2.456069261688807182e-01 -1.451533951009243428e-01 3.574346574896840600e+00
3.930433588027952840e-01 -8.212502656099451848e-02 3.567038613779238698e+00
8.066275124603602409e-01 4.881020673704294932e-01 3.196912071843480696e+00
4.795989241196036423e-01 -2.445689690852935749e-01 2.545608774085975856e+00
-7.116487986429732848e-02 4.242475776108063645e-02 2.460478035243437667e+00
6.851557266820527126e-01 -2.016974167000260276e-01 3.012918794392606792e+00
8.860963336083447217e-01 7.462781478537626745e-01 2.540556905462664439e+00
-5.256623129691619101e-02 2.725714193269992425e-01 2.563840050283406224e+00
3.365985721724953361e-01 -1.854597594686571704e-02 2.655303817416781786e+00
8.911870091875365718e-01 7.770532689761664585e-03 2.615623870290331610e+00
1.476387686964604207e+00 5.354418404305558710e-01 3.028162051226361839e+00
1.225942491720672933e+00 1.546945208928582893e-01 2.715424954435982752e+00
9.620035448460739769e-01 3.097407601417581091e-01 2.733428681275829497e+00
1.139167087677575685e+00 -6.293794547056337230e-01 2.353825205121874209e+00
8.290513268762795818e-01 -1.631094709879540028e-01 2.338783583278968514e+00
2.088332312596622720e-01 1.453775116669765444e-01 2.682471576476128661e+00
1.138416814571188151e+00 -1.504954733894136309e-01 2.844808288476526226e+00
1.351025264164733564e+00 6.417919940051254601e-02 2.674461021141274042e+00
1.400625422360533889e+00 2.039194474839988169e-01 2.629324892809349112e+00
1.894888987256557966e+00 9.665705831070805498e-01 2.943701087324280596e+00
1.463358328915771223e+00 6.627904776621009741e-01 2.760204042594197382e+00
1.440996381012385585e+00 5.362549671962599795e-01 2.473830518171421744e+00
1.818384955284644500e+00 1.300381023325881014e+00 2.485175628388945679e+00
5.975693388461262856e-01 1.245424724735048061e+00 2.459306580190493641e+00
8.333791052750263439e-01 1.858666306860492723e+00 2.635261788853814124e+00
1.025254394387394186e+00 1.295469802978420404e+00 2.740928597215127382e+00
7.752938073842715605e-01 1.342247011178735461e+00 2.372365645099753007e+00
1.595698967188988959e+00 1.729461634411509907e+00 3.016827746553350842e+00
1.738521626964509403e+00 1.265348565246299684e+00 3.293316519599541081e+00
1.250075307847776429e+00 1.852042983586584812e-01 3.614818505673484950e+00
1.017637648158340236e+00 7.089198573629751365e-01 3.574785005203807042e+00
9.590982231439485473e-01 4.997664888730932731e-01 3.204196606771922085e+00
8.268409679400001711e-01 4.128232834983833199e-01 3.673494841403237565e+00
9.047490784941816244e-01 1.969872177968585991e-01 3.636172824484534161e+00
8.060203110589189146e-01 -7.745576729764963586e-02 3.854029898309222268e+00
1.127138922913468289e+00 1.135563665477118261e-01 4.203618849249481926e+00
5.401948948706503106e-01 -5.251664195713284800e-02 4.116793875919509738e+00
4.472777704028336188e-01 1.521153482474629226e-01 3.735214067632513846e+00
1.235009680973244262e+00 3.944742877966875283e-01 3.606116307061278281e+00
1.197878003063764130e+00 5.132165687641392360e-01 2.676234734994632714e+00
6.608260679960098471e-01 7.026718006463777977e-01 1.946975874230979286e+00
3.003983018726424925e-01 9.970409569331458721e-01 2.510484501383273503e+00
1.125096442331580127e+00 1.415782665838500209e+00 2.394669972882916387e+00
1.239490469719862986e+00 1.055414729670366425e+00 2.483077130665139354e+00
1.170873712377114684e+00 5.238417273196234181e-01 2.469285002565046128e+00
5.440021736481517323e-01 6.840816985815505458e-01 2.255939175738960856e+00
2.834436729181774028e-01 2.548786587143201388e-01 2.481489152979662105e+00
1.797414515028457060e-01 1.428402023824472677e-01 2.878435523474584645e+00
9.598899785663801421e-01 6.856462447958522333e-01 2.076257650828243317e+00
1.348555822650963965e+00 8.042484955792552626e-01 2.119917720734149746e+00
2.004822869653878570e+00 4.030087730140622937e-01 2.005546354261247721e+00
8.113413288308349847e-01 5.226607198336816751e-01 2.677465976872840603e+00
1.141577985143622742e+00 1.402027804330388538e-01 3.351136573854493150e+00
9.414220130782650076e-01 4.673036612297443715e-01 3.644635463286699739e+00
7.166213764899220795e-01 2.512820415998719414e-01 3.105676211093339578e+00
7.371365461706020916e-01 1.608803403846835456e-02 2.567238711709177501e+00
3.703696840450744210e-01 -2.146229622412982319e-01 2.633266646314096349e+00
6.035392928491796205e-01 -1.279357197321090156e-01 2.097552998759649068e+00
1.846265600918173266e-01 -3.729822438952694330e-02 2.435854969201264542e+00
1.320706186033921536e+00 2.060337766838483686e-01 2.364196456331019380e+00
1.193323589536901874e+00 -9.222753450645083950e-02 2.836113898036982661e+00
1.551442663950282297e+00 3.272644413993797130e-01 2.431490714027702005e+00
9.921896711579025752e-01 4.739032133261700253e-01 2.272857850486272646e+00
4.788648763475644721e-02 3.648004963247654664e-01 2.579420863691824550e+00
2.929661238259488876e-01 9.271674771171509177e-02 2.481625757729954529e+00
8.300670132794754075e-01 -3.323470318282699121e-01 2.926191235427202830e+00
1.023533666426357236e+00 -6.831526021583813613e-01 3.923111884556632400e+00
4.255764197530221837e-01 -6.692126943454292931e-01 3.453851503509953957e+00
5.750693673580703491e-01 -2.225182820371807424e-01 3.166164859755104199e+00
1.163449581695954249e+00 3.239653482184862154e-01 2.791724938742505824e+00
8.198881717569315164e-01 3.297268868651004881e-01 3.116335008965824382e+00
8.300503160606508279e-01 1.706312284094255727e-01 2.985938441012184974e+00
1.012173191658059412e+00 -6.964061694421619375e-02 2.976991440044192139e+00
7.070819244742713172e-01 -2.814423461296051143e-01 3.214723028607193278e+00
8.004438423312607576e-01 -5.974612218160706423e-01 2.768232108694091309e+00
9.939415750574345232e-01 -3.824564235599305917e-01 2.896760907841313681e+00
7.461914582256022888e-01 5.806490259354378514e-02 4.057230306714439294e+00
2.610905656801669750e-01 4.830922011480192069e-01 3.533086931109186146e+00
1.670357367570986851e+00 7.606663820507334473e-01 3.342115049828612072e+00
1.350972752373833519e+00 4.653314954828929872e-03 4.106846715942981341e+00
6.523148673657668262e-01 -6.546387174957220001e-01 4.365304422302227039e+00
4.606963424141808927e-01 -5.733093346889918118e-01 4.732813219050048481e+00
5.150689234395143812e-01 -2.965724784037044870e-01 4.251168530002666479e+00
4.093027237469068491e-01 -3.280932786775626608e-01 3.412118814651404097e+00
4.352190968586225894e-01 3.654356279229062920e-01 3.359068040775900155e+00
6.908736996683663145e-01 7.569181473872095278e-01 3.535517077875549141e+00
5.657596608688385542e-01 -1.228585834261465559e-01 3.542532778343763677e+00
1.063004625531709602e+00 -3.040540344673378081e-01 3.915099938884975650e+00
1.557804520308742280e+00 9.580834808537709579e-02 3.262474473945061959e+00
1.963000938093828029e+00 -1.339410690769699541e-01 3.345695914869966536e+00
1.519835296579557848e+00 -3.382968757791084136e-02 2.964499885541039159e+00
1.344207614448204025e+00 1.138511244540507117e-01 2.885812648769023880e+00
1.328490411320329412e-01 -6.404299190329226787e-02 3.202198469935672254e+00
5.380293929111055196e-01 -1.204040068107282840e-01 2.880321166717455750e+00
6.693544887581602820e-01 3.587396744088078293e-01 2.277516220572612049e+00
4.719815882157880060e-01 -6.964205462946153613e-01 2.246653099020687883e+00
1.208892702718046941e+00 9.776735001580411089e-03 2.786769833964538368e+00
1.131181208105935809e+00 6.012282727221247569e-01 2.415475012677601008e+00
1.260139061435790797e+00 3.075951207314345792e-01 2.611022705833369706e+00
9.895738132396306730e-01 4.844438845710526409e-01 3.536978198327330070e+00
8.769616280215009052e-01 8.800447535309862124e-01 3.345756360031744148e+00
6.688472043998512362e-01 6.802689395683167994e-01 3.449896693124820946e+00
3.204931550106944749e-01 7.574210777729575850e-02 2.844784828361306861e+00
2.894090082056586244e-01 -1.882227265072946090e-02 2.842717984896907080e+00
4.884034084792758801e-01 2.755738451570721032e-02 2.482968613511726819e+00
6.606978765949134136e-01 -3.579749924253587956e-01 2.464369989172525699e+00
1.281758890988629274e+00 2.097983915170665292e-01 2.433601993112301631e+00
1.006402324619126265e+00 6.980658906886395842e-02 2.559919813889438789e+00
8.278856988501590575e-01 1.063394625751495348e-01 3.440372235100221054e+00
5.537301391167031017e-01 -7.539230584340742003e-02 3.454444658006186941e+00
6.447630403656265941e-01 -5.573780731377965258e-01 3.536363417409375209e+00
4.910884950332885523e-01 -3.405767784085814154e-01 3.888989593309556181e+00
8.094946824922035766e-01 -1.793726726970326091e-01 4.058605119854954424e+00
1.906840335727540137e-01 -6.122963730482010314e-02 4.423174846520862680e+00
1.047185579896009466e+00 2.401133461974849781e-01 4.769530043280856724e+00
7.506659153692070152e-01 -1.138066667336768700e-01 4.738248809538134765e+00
1.052251805872228996e+00 -3.256433959358439045e-01 5.048390240237640825e+00
1.681766406243113243e+00 1.009079482525901683e-01 3.755805067813030362e+00
1.562244513103893340e+00 2.934692215638504825e-02 3.752340364529610284e+00
1.659430753738903253e+00 3.914258982231211825e-01 3.392467611057104815e+00
1.342076428164466817e+00 1.624239021315668219e-02 3.346797440574249105e+00
1.355058654484106562e+00 1.199330238776508406e-01 3.676539881891392358e+00
1.307302825443886984e+00 7.262991265295910548e-01 3.757358946105518793e+00
9.783191720953324788e-01 1.991556621295095253e-01 3.508231311388988249e+00
1.062914679141145680e+00 -4.488938856586576209e-01 3.398472973211596138e+00
1.618876580726503533e+00 3.572078781872586872e-02 4.191600799206010919e+00
1.648853914300954182e+00 3.657089662083108927e-01 4.189018267179507760e+00
1.342427349294866845e+00 -7.058539469585575765e-02 3.748648533148874584e+00
1.293718794487114909e+00 4.646610740849890231e-01 3.643937989956965495e+00
1.012491621283898136e+00 5.768331119003146101e-01 3.318522640009244906e+00
1.335210769273232234e+00 1.653756530238659206e-01 3.211187325833256168e+00
1.116613035018870326e+00 2.851734767162366624e-01 2.837473966311457652e+00
9.760785740656899856e-01 2.837961468489341166e-01 1.709956957770563113e+00
1.136667593773874829e+00 4.705751592399087802e-01 2.075282000731790255e+00
1.127304706630004594e+00 2.045308737051855230e-01 1.970343811549253976e+00
2.199177528123601177e-01 -3.619706926273301706e-01 1.664780410529993482e+00
3.202366498054994848e-01 -8.968503257065175704e-01 1.447110633863433637e+00
9.728873700511093681e-01 3.970746525797235749e-01 2.076247644956918048e+00
7.560274970489641033e-01 8.966091879889636074e-01 2.058507268735391804e+00
1.228557766427220921e+00 8.396282490435988954e-01 1.775181702719911936e+00
4.731023723849500651e-01 1.196267680038468395e+00 2.272325163531563774e+00
7.992105157641939961e-01 3.801690529803183893e-01 2.452140736813112731e+00
1.272587710585906695e+00 1.444055478667766734e-01 2.626276948102926223e+00
1.263481327289327272e+00 -7.662809630861941446e-02 2.574546902286381389e+00
5.291223056199787500e-01 1.404212335747355156e-01 1.522431759277377283e+00
6.541933937209595262e-01 1.767458705785559525e-01 1.125152043707621230e+00
8.363165239432779341e-01 7.324231980983434420e-01 1.224304367570679508e+00
2.130961141864886610e-01 2.938169790429815409e-01 1.326713960299486406e+00
8.523247789119138274e-01 4.610447751267525152e-01 1.392159553335196920e+00
8.788055345374032878e-01 5.901985527167542545e-01 1.194389347409296587e+00
1.337287634521505231e+00 1.988799703987611245e-01 1.554516390922592972e+00
1.105667584693089012e+00 2.358807677372093126e-01 1.411687373695172942e+00
1.723434002584378177e+00 1.304817959884733147e-01 2.038820200728046483e+00
1.389176887672435523e+00 -9.540637969490187165e-02 1.744195083567354976e+00
1.685460121266401323e+00 -1.040861468793391198e-01 1.044865188734187544e+00
1.662420491746936291e+00 3.265173565955327151e-01 1.191868933384528262e+00
1.744521325563903380e+00 4.854383552514504041e-01 1.201807113003003691e+00
1.319867323794589042e+00 1.832623724031536283e-01 1.677528260027806750e+00
1.244736264040738671e+00 5.833470525900508186e-01 2.279476701972891650e+00
1.011274081651326595e+00 1.428859513957689287e-02 2.627964601848134407e+00
1.060429278106999496e+00 1.850862079788946346e-01 2.724977104870484279e+00
1.426276326902644609e+00 1.363562448582505415e-01 2.269857914845717861e+00
1.315597586834145183e+00 5.168393190855782859e-03 2.487766140189998865e+00
1.445218506478988862e+00 -2.524790601679268720e-01 3.142086881122822639e+00
1.247825676552628105e+00 7.458642465481997164e-01 3.467825857527757183e+00
6.242011326593236431e-01 6.045367777349943683e-01 3.469614319323729656e+00
5.026855178214502118e-01 2.791485109593826452e-01 3.281551297241601439e+00
7.714267549518087908e-01 1.086201876192129379e-01 3.763403047085390973e+00
5.569717613186775385e-01 -4.568437518393852481e-01 3.532190131892897433e+00
4.834205013707581489e-01 -1.274938642538557376e+00 3.313221360251926928e+00
4.499185279482916799e-01 -8.808490855296352562e-02 3.349293995184896566e+00
6.279795371273978466e-01 2.548970286814688721e-02 3.064623803995397910e+00
8.984553513998293495e-01 3.105095076540978494e-01 2.824926609855570980e+00
2.591372302195194544e-01 9.237805737377230431e-04 2.899723246909016172e+00
5.147063078065881037e-01 4.744271816094045024e-01 2.401563457713963512e+00
7.291514768908867739e-01 7.602648521856943953e-01 2.994564122378032600e+00
6.398622087313257101e-01 6.549679464199262835e-01 2.971232457457106069e+00
2.734497356790332456e-01 3.569908978740020666e-01 2.800235789929103269e+00
8.244630153403775807e-01 5.602842129931141779e-02 3.075966339082524925e+00
6.960697688365320435e-01 2.741728214837415578e-01 2.658354836662969678e+00
8.119384688709190001e-02 5.278079326115286962e-01 3.082757413603905761e+00
4.842413912749945482e-01 1.140217378274245741e+00 3.177219378160435426e+00
4.427211092893753031e-01 1.249696822476799030e+00 2.611217550880317262e+00
6.372144919619548986e-01 6.617133092804224903e-01 2.249711208716144828e+00
1.257421440465902762e+00 4.425895743753356371e-01 2.157114631902057322e+00
1.478113657708228112e+00 6.703573776933544615e-01 1.686853004448948923e+00
9.222215191702670678e-01 9.085714962938580275e-01 1.862914447905272608e+00
8.319843446308117230e-01 6.360263626424396133e-01 1.590390110442193139e+00
8.936825811304703882e-01 8.189008342041050881e-01 1.796529593079488230e+00
7.540271215973340935e-01 3.248786135668254582e-01 1.925490335589204127e+00
1.217637063595692570e+00 6.341392741994087423e-01 2.631202128046488564e+00
1.146239471459295611e+00 1.173842525172679174e-01 3.124027702790670435e+00
8.999126568852973129e-01 8.341226882613649307e-01 3.035789231395004784e+00
9.892873765662364427e-01 8.741599309580471155e-01 3.911198215048517834e+00
9.892873765662364427e-01 8.741599309580471155e-01 3.911198215048517834e+00
1.360357830150239256e+00 -5.011245947544454293e-02 3.827860565112457980e+00
1.484104788364126737e+00 2.106141167697579697e-01 4.236586147019325566e+00
6.402221567830127524e-01 4.741766232209387866e-02 4.640185364639894949e+00
1.616127159317020667e-01 -5.113360349629236801e-01 5.616857968007384017e+00
8.279589205283048869e-01 -3.139201463882226317e-01 5.414616885353523479e+00
1.125478946186435403e+00 3.146452650630101600e-01 5.628126447313860581e+00
1.530893970021265815e+00 -3.245251650750465289e-01 5.017597555252354624e+00
1.573342756036021806e+00 -8.320754443729035110e-02 5.068968726040486317e+00
1.599022329271971410e+00 -3.686482352860047662e-01 4.657388127647768883e+00
1.395841029875666051e+00 -8.315242212639982755e-01 4.359236403403722981e+00
1.126349402587298432e+00 -3.213468576957962952e-01 3.853133065137677615e+00
9.747831282834553690e-01 -5.564947476859507525e-01 5.034420347321937328e+00
3.757855620322101409e-01 -4.823436589930212848e-01 4.902084500781868748e+00
1.017010853237623191e+00 -6.002126717698229585e-01 4.198554973369986065e+00
6.262506461235155530e-01 -3.218597639584855896e-01 4.247651338426143397e+00
7.701085940710385991e-01 1.502204359215665030e-01 3.707522831910998740e+00
9.039519676160061579e-01 4.868727693156537084e-01 3.571086952094750355e+00
9.813536722176871008e-01 1.400760810378749721e-01 3.413553541934070790e+00
6.083977382296231751e-01 5.655648695146368032e-01 3.322270930511634024e+00
1.089696748152615413e+00 8.793761812215086793e-02 3.908118187363165408e+00
6.252351155415085682e-01 3.827897177559594355e-01 4.596321839874642379e+00
1.069888870260078173e+00 4.858635387019317742e-01 5.020398591376817876e+00
7.443745447684884109e-01 1.171238101010265986e-01 5.022033750249454975e+00
8.171138237215531674e-01 -1.739904759597272477e-01 4.031462960888425151e+00
5.414267676018171827e-01 -2.905480691644587998e-01 4.202767296679022380e+00
8.591907844797228577e-01 -4.973957794861712245e-02 4.168658236454839461e+00
7.953738616513744697e-01 4.976324283977096030e-01 4.931111824655315168e+00
7.409319749871967620e-01 9.345353983661974784e-02 4.523020464496650739e+00
7.402094410181599970e-01 2.973757873142712782e-01 4.153223220698476048e+00
4.871001640027438073e-01 -3.965767587280056850e-01 4.315009880226191363e+00
6.426747113830679758e-01 -2.329850120786310930e-01 4.022057373871392727e+00
1.187736143742880612e+00 4.922572945243480769e-01 3.960003877991019827e+00
5.146410651473576348e-01 2.692808941198993056e-01 4.464927882647693913e+00
5.146410651473576348e-01 2.692808941198993056e-01 4.464927882647693913e+00
8.038339268077895339e-01 -4.397705806943137674e-02 3.962679699523726118e+00
4.739380930839846573e-01 -3.310246814297300444e-02 4.637432180649232016e+00
4.137977993792315012e-01 -1.986349391348490867e-01 3.902062335351651257e+00
4.631464334904795699e-01 -3.977422467783198190e-01 4.242711098353851185e+00
7.508853430768474002e-01 1.541162534822788921e-01 4.063752072539138283e+00
1.334525176691689241e+00 2.148361825397792149e-02 3.721741763315296492e+00
8.063068956938636012e-01 2.830971302591262645e-03 3.853511486097536576e+00
1.062769036229622710e+00 -5.360408699838019667e-03 4.026328363168460989e+00
2.256096648216639800e+00 6.525934776917931002e-01 3.695684071362015377e+00
2.047193602488483588e+00 5.692132631444525304e-01 3.708094748118246464e+00
1.631317681670218844e+00 8.140155055448151655e-01 3.985058938805126072e+00
1.473821465447270329e+00 3.748413885226205000e-01 4.050682922953343201e+00
7.104133055001393693e-01 -2.428126531454360970e-01 3.934556631420860207e+00
8.203786390054910171e-01 5.305341297284782431e-01 3.812307431436186445e+00
1.237108044651102912e+00 8.985145892947596913e-01 3.391103792407316408e+00
1.423199529122370466e+00 9.863878333817027722e-01 3.445746290404432699e+00
1.851805366043854040e+00 1.244106555594782781e+00 3.650789414556801393e+00
2.158135504329944165e+00 1.329333524673795841e+00 4.328541278575435136e+00
1.654356102389037630e+00 1.019051769176055000e+00 4.483036953749287790e+00
1.480992262614567290e+00 1.247335803858813374e-01 4.872953230844455419e+00
1.482998975885581716e+00 4.530917159645946046e-02 4.794284261628193100e+00
1.689868529481245440e+00 1.701124265755510900e-01 4.917221015882322632e+00
2.007631712506437793e+00 -4.052317252129634603e-03 4.939399592759813551e+00
2.125900604534253890e+00 2.714234274323665819e-01 4.412166769301798297e+00
2.074784797090940547e+00 4.099973353188795522e-01 4.332993680597950537e+00
1.140863531224946881e+00 5.303117239466879074e-01 4.817549595989738087e+00
1.399554583959610410e+00 5.629563932049627129e-01 4.592681334538102789e+00
1.273230954824277283e+00 1.191376383923204552e+00 4.323105064656308727e+00
1.122104429989770003e+00 1.033816681172100127e+00 4.505926221664791953e+00
3.533342707066196020e-01 1.428645988914231779e+00 4.436579808396041713e+00
6.359709127097428194e-01 5.286073367379806598e-01 4.041561413226713917e+00
9.166402001099872576e-01 1.006474453731161622e+00 3.839755455948962837e+00
1.400328896508843624e+00 7.417150007625996633e-01 4.005933735884213753e+00
1.638017776615064092e+00 -1.609427649217397560e-01 4.350452611638243816e+00
1.553588707557748361e+00 1.688673290633485313e-01 3.774212040699449044e+00
1.179831290246518227e+00 5.164211142630218410e-01 4.089080661963163443e+00
1.139868398668864469e+00 3.170659422622854051e-01 3.881833402306350322e+00
1.725024190028419557e+00 3.692850893293972425e-01 3.911141422339369011e+00
8.962897079641345410e-01 1.091769021674132034e+00 4.136194255408724985e+00
5.912756171001979366e-01 5.150059936128643656e-01 4.354172780147635535e+00
6.953948051071139336e-01 -2.684545133860699595e-02 4.236090684265084505e+00
7.978842731854051129e-01 4.460121320217714236e-01 4.207728047087583967e+00
9.379130273849467514e-01 5.693938294456600546e-02 4.953837807373052016e+00
9.379130273849467514e-01 5.693938294456600546e-02 4.953837807373052016e+00
1.348957057537147897e+00 1.881388368691372937e-01 3.901455510957623662e+00
1.933872693358219541e+00 -1.452399108871763739e-02 3.390816164200688210e+00
2.209304185833137701e+00 3.116553327225644043e-01 2.594424061801652304e+00
3.147785956418786668e+00 2.586476905001725002e-01 2.512907854004018393e+00
2.158607943086847669e+00 9.323072934727926198e-01 2.289155768435791494e+00
1.824875637840021714e+00 4.954461289957765580e-01 2.450997686116878960e+00
1.712568456690746199e+00 -3.091237473246174483e-01 2.600063917978542527e+00
1.467488832552496847e+00 -2.097135057238055100e-01 3.179909665484137893e+00
9.560375235098969027e-01 -4.582816174061477565e-01 2.709631698158479374e+00
1.103149316789988177e+00 -5.871568789917993580e-01 2.303061287138284730e+00
1.153981752202127620e+00 -3.202230078869763297e-01 3.509253465744806899e+00
8.631224600378408773e-01 -2.669419226056983785e-01 2.926961402816830038e+00
8.214440495205691528e-01 -6.807342069488520053e-02 3.690527342710669512e+00
8.067245933747844155e-01 1.337732085460913711e-01 2.979893556011005806e+00
1.366607962333237891e+00 1.648691975598268744e-01 3.033835900455200907e+00
1.074192344336817984e+00 5.156776781945807686e-01 2.995980051353774876e+00
9.597169040098395554e-01 -1.880208649714055213e-01 3.083653376162682758e+00
9.317571764456391570e-01 -2.558225064302565577e-01 2.541458824474013944e+00
2.719633758286599257e-01 -7.173745914286979719e-01 2.468993225547818859e+00
5.723413717291290226e-01 -7.448507663073572482e-01 2.691213816957552130e+00
7.914960529645346243e-01 -3.884878367762572005e-01 2.518720771259650881e+00
4.797870615361234936e-01 -5.509576760888323932e-01 2.249823705292860243e+00
3.144955922700424789e-01 -1.558810932410097938e-01 2.338964951742876330e+00
1.010308088805814464e+00 -1.370567322459657345e-01 2.543291643351840658e+00
9.358803855375789071e-01 -6.660827407204428230e-01 2.179492866208454949e+00
8.176635825008650160e-01 -6.430526661801788668e-01 2.892303240496055583e+00
3.205388677588755786e-01 -1.749420958956298677e-01 2.697247816584339208e+00
6.983531076112556857e-01 -8.049006274460944466e-02 2.788557510213142798e+00
4.232270659730819617e-01 1.517495899102458412e-02 3.041657952117833297e+00
2.837323447354874739e-01 -6.282848376504087673e-01 2.777514919784763059e+00
3.750792963150799686e-01 6.002625163496898564e-01 2.147444965618071411e+00
3.801632148301298808e-01 8.392025441356186499e-02 1.828091140497319023e+00
1.199702394065417788e-01 -4.144299194731397296e-01 2.088532557437287274e+00
3.270836520258186275e-01 2.181761107615237949e-01 1.670306079121077314e+00
6.337310794919057688e-01 1.856122847731133951e-01 2.251683540028891706e+00
1.167674669115228214e+00 4.967528085995513432e-01 1.963579053702630972e+00
1.229966540924765761e+00 5.806795176745552234e-02 1.837498996537146434e+00
1.842400845192592174e+00 2.953480575870452984e-01 2.605224409669041563e+00
1.185558319063792165e+00 3.544368283962762156e-01 2.918298730106955396e+00
1.503002823862767290e+00 9.575374331801672634e-01 2.750619756053243492e+00
1.451656128258248080e+00 3.969367713472326531e-01 3.199682479393061829e+00
6.007424882379736042e-01 1.816638275197159369e-01 3.556509520910478450e+00
1.478144125965935862e-01 4.479620854686602871e-03 3.611364429548371557e+00
6.414829374601512813e-01 3.151966717024824449e-01 3.281561894196413753e+00
7.810958413477363527e-01 -4.440075903784089784e-01 3.131702299643252640e+00
1.126925587030695342e+00 -7.063325724687175011e-01 3.072459902726418779e+00
1.331227930396715387e+00 5.386575087097031922e-01 2.698577039992775983e+00
1.958191643683979022e+00 6.391496236950492404e-01 1.981294367900336528e+00
1.495032626939895026e+00 4.464764589819521512e-01 2.398448969794565677e+00
1.622736140626972245e+00 4.201533066441183184e-01 1.872632110405592964e+00
1.624422507089536616e+00 8.248532577773251551e-02 2.087593632201611094e+00
9.883927865239041655e-01 7.116323600268786853e-01 2.566396224514888580e+00
1.079088628529970340e+00 5.354925000280548186e-01 3.189324441866102422e+00
6.847386005517890339e-01 9.135707211774686531e-02 2.477895705935068804e+00
3.098196443938825984e-01 4.790285326696009927e-01 2.579305480803840922e+00
4.411808986085824502e-01 3.702192819418572700e-01 2.897909847836421360e+00
3.872416098853053712e-01 3.067225958946474540e-01 2.981000251763595621e+00
8.015103619069863239e-01 8.072804632765092636e-01 2.470916748111938510e+00
8.865212777545589118e-01 2.545161072122348322e-01 1.800991212311117806e+00
9.683437155080879544e-01 7.128536033749750533e-01 2.223514195506730129e+00
6.070724658111077421e-01 1.022613262316704796e+00 2.430902843916868505e+00
4.590929497234585988e-01 8.715354294363577559e-01 3.148731841082373251e+00
7.305209630964202283e-01 2.818144876294256251e-01 3.151214591747330651e+00
5.703316188309112134e-01 -1.415429769114728287e-01 2.466293552283792323e+00
4.103348636533704075e-01 -3.268059477683648573e-01 2.251225035798051444e+00
7.648808401442721561e-01 -3.858856749798365016e-01 2.792447201383211564e+00
5.230755014181434071e-01 -2.419439037342463183e-01 2.500306968022949494e+00
6.374231270527592752e-01 1.019516676120593018e-01 2.806842645023575944e+00
9.526388539984504966e-01 -7.590260239451560031e-02 3.124866626003872661e+00
1.293169671031653589e+00 -3.394237039892265551e-01 3.609887833734484630e+00
1.398918088891099254e+00 8.696537833519419891e-01 3.495978051538060960e+00
1.988743637556604549e+00 6.012135254592522182e-01 3.925612253054628908e+00
1.704209873873240078e+00 1.554876783522528005e-01 3.327368108379604283e+00
1.143898279994204126e+00 4.247656394274113012e-01 2.620031434075837939e+00
9.578031784248655089e-01 3.775816130261484549e-01 2.629085437746556675e+00
7.592776958686715538e-01 -1.139599096319392907e-01 2.822262286986915392e+00
9.083934101740566147e-01 -3.012799491717139122e-01 3.076140326165255345e+00
6.660708780637534243e-01 3.855649384337604402e-01 3.024045108493675471e+00
6.070593080031677635e-01 6.040746248386557049e-01 3.219434760399846773e+00
8.290586547541863860e-01 9.166513014936720216e-01 3.269981346642607978e+00
5.598975605414069356e-01 4.805885042885776892e-01 2.878297388144243740e+00
3.043079775126173447e-01 1.125845404868689864e-01 2.968568650138750264e+00
6.584520363880690397e-01 4.365586095603102290e-01 3.250969890071410351e+00
1.059407913602752993e+00 8.364733292714126023e-01 3.473514992619657793e+00
8.358581527686993473e-01 7.609238800847571982e-01 3.922088670417668510e+00
8.531974493115032088e-01 9.505836790203539000e-01 3.981162602746382895e+00
1.148360907843723355e+00 1.251663152250894473e-01 4.096040061079754047e+00
1.121742674523955596e+00 -2.393681291811048939e-01 4.366940669004437225e+00
8.647926680048938497e-01 1.314010764990878322e-01 4.708050221568258031e+00
1.163185395685979895e+00 -4.130224444004436668e-01 4.247403267119201686e+00
1.100530353936036709e+00 -4.813105906871457118e-01 4.404711742287264364e+00
1.041672366378345815e+00 -3.046136419157061681e-01 4.414495494640963358e+00
1.200449488869931303e+00 -5.278222102575390595e-01 5.069830609642916208e+00
1.456994228625462462e+00 -1.709930911241166474e-01 5.476041961528710367e+00
1.854067861632522574e+00 -3.373543738494619304e-01 5.219809864151144119e+00
1.115661005340068179e+00 -4.994149782634883517e-01 4.265241035943314607e+00
1.499241247399094146e+00 -3.883325930570662443e-01 4.431843548529903920e+00
1.478823283523496679e+00 -1.742795378029415865e-01 4.607019900820875868e+00
7.912923234099437098e-01 -1.720512474777369516e-01 3.947128650034909647e+00
9.525719543181592197e-01 -6.306748763080327613e-02 3.564720920075352240e+00
6.789643816663041287e-01 2.790555130516935156e-01 3.369557671121428122e+00
8.845917652810137977e-01 2.342296861291214005e-02 3.134370141704159174e+00
7.448545700001187875e-01 2.690034792789252616e-01 2.779781432654389928e+00
7.180420268592163646e-01 6.416845456716551155e-01 2.797261380014421928e+00
8.831390931212842466e-01 3.894543586370062260e-01 2.291771357699124767e+00
1.402906246554565861e+00 6.570301915403129467e-01 2.156686299675352192e+00
1.174459913455043747e+00 9.988760295664323996e-01 2.167514968107371320e+00
1.820775106751539196e+00 1.178056061704972679e+00 1.217940360827706847e+00
2.018364874330401459e+00 1.487578282751100378e+00 1.548026364750216377e+00
1.378157396641965349e+00 1.279100593692676036e+00 2.373657506236683812e+00
1.603036673731447426e+00 2.308125748002726185e-02 2.285946452748324198e+00
1.001050663161501486e+00 -3.169634524235791506e-01 2.611268730536919325e+00
6.718938695260474603e-01 -3.223236811107377808e-01 2.399973293779140260e+00
-6.325156325385990208e-02 -3.910676429699868617e-01 2.454585444163369878e+00
4.122112305260365872e-01 2.688838125880607111e-01 2.659935953818157284e+00
5.102073164849777465e-01 5.030087001470695540e-01 2.211135775510935986e+00
8.336304900179832833e-01 -2.067587887918270750e-01 2.216977210961564637e+00
1.196789489865962564e+00 -1.482973417506745217e-01 2.252177904902172401e+00
9.470131388135842876e-01 2.004795099764522803e-01 2.160862223880829713e+00
3.642051524605927071e-01 3.171375075780398234e-01 2.085001561074133036e+00
2.720677245743977068e-01 8.066966962519240836e-01 2.908208011035200879e+00
8.337626931537241992e-01 5.468772139334872051e-01 2.976086085528534930e+00
1.633251198076686617e+00 4.426901054591770857e-01 2.541638267687861052e+00
1.035505244908427658e+00 3.088999657965431078e-01 2.305036247245149106e+00
1.667862924288507909e+00 4.174845450512276734e-01 3.321214652031361680e+00
7.861017445286113681e-01 1.941696234214356775e-01 3.159268529238278056e+00
9.328321845415989966e-01 1.783771238909423462e-01 2.818652621858304563e+00
5.668992187950294692e-01 -1.184261141550929375e-01 2.809314758270265777e+00
3.282588376835787192e-01 2.980891782341972551e-02 3.256656098046390113e+00
1.090692829386153750e+00 -3.074538375622623554e-01 3.336350710406508657e+00
1.018703634124809687e+00 -3.292113452134805551e-01 2.398247931201334282e+00
1.546537462831568677e+00 -3.219869330980882904e-01 2.624684969827712600e+00
7.762599634499712797e-01 -2.226883329600684580e-02 3.285126432053755874e+00
5.066482161839547249e-01 6.628990280357009990e-01 2.562757225008988282e+00
6.904875029875655601e-01 8.260687315263766095e-01 3.386834378666280898e+00
8.614586694647311527e-01 9.726075428202607398e-01 3.896073126425486421e+00
1.304484597777214594e+00 8.642227620397245902e-01 4.310239493525621413e+00
8.561209232618026688e-01 4.798961369662212428e-01 3.929261384850559757e+00
9.643673635970877456e-01 6.003241464700864727e-01 3.917480303214337489e+00
9.693645413281085643e-01 3.472108640191904350e-01 4.026644294338263208e+00
6.834590211216799993e-01 3.493849350621426320e-01 4.101430559891646510e+00
1.290391713207668323e+00 -2.219003859667277867e-01 3.556891971429527732e+00
1.201629583350396491e+00 -7.418883812889935647e-02 3.548339610039174641e+00
1.935951792197838861e+00 -1.808402565929585204e-01 3.240579976390579819e+00
1.292580130870512711e+00 1.589101820328471804e-01 2.672016672162909501e+00
9.842097416601019999e-01 6.886827311395471440e-01 3.250693924834844761e+00
2.848061434234242517e-01 3.049369314300001133e-01 2.867109557403149100e+00
9.005593812891770078e-01 2.121788728638309141e-01 3.432415295328131499e+00
4.075731693441311254e-01 2.878803823636541526e-01 3.407875285636067453e+00
6.409606904595898103e-01 6.535627476045301476e-01 3.305953597405731248e+00
8.856474863308174683e-01 6.251851161420795000e-01 3.478691541443280855e+00
8.629112707701459550e-01 3.316417000585472619e-02 3.427819629464358364e+00
7.956995782484096447e-01 7.745481030695017255e-02 2.804718977335749930e+00
8.277098064168311176e-01 -2.975636930385121004e-01 2.983522445223493413e+00
1.015196780764583639e+00 -4.480819378341606429e-02 3.416609109081359730e+00
9.403742274658866140e-01 3.571816284742184155e-01 3.407076146968524011e+00
6.933779853477252120e-01 8.933757206277348484e-01 4.108189356292433203e+00
7.734433176398604060e-01 4.817504470448373821e-01 4.615411103186041863e+00
7.412659901603778634e-01 -9.053774516498366842e-02 3.997562803009368615e+00
8.376462062721566626e-02 3.816970862448500479e-01 4.833649882670709275e+00
7.876977683550473452e-01 5.891241654680107187e-01 4.821741981365573970e+00
4.718346708286580982e-01 -3.788550426043832964e-01 4.772005417255230419e+00
5.410484760503289081e-01 -3.781404968632734453e-01 5.124619121330476368e+00
7.518256016417323995e-01 -1.649177648158584863e-01 4.974219979283859061e+00
3.866574241224066122e-03 -6.503438460921272535e-01 4.507144769338442103e+00
2.440599697356373166e-01 2.676800979906751587e-01 4.578768452308845660e+00
5.311458814179387256e-01 8.120963894179991094e-01 4.637631926500038304e+00
7.553751475487918698e-01 4.648089448515897448e-01 5.121632021289690861e+00
7.396198632032224829e-01 7.259561924997474935e-02 4.313979376600777904e+00
6.681158627904613123e-01 -1.790106398971334223e-01 4.390500279458330546e+00
5.609361130957487562e-01 5.489311375127068349e-01 4.455737669476878438e+00
1.013617068674528943e+00 3.401750089431821999e-01 4.450875359900465789e+00
1.566994312062982120e+00 2.706449518453277192e-01 4.550447433022480226e+00
2.162810957311619653e+00 -1.623844666053460839e-01 4.191434229839972048e+00
1.816347764775659179e+00 -2.222450855935613478e-02 3.776219299988390787e+00
2.058720504480062274e+00 3.049901563527604997e-01 3.842251651854561523e+00
1.366650847399365709e+00 9.893393513212778156e-01 3.948847909498947040e+00
1.175730416033716086e+00 6.422185406543311492e-01 3.551295525979955681e+00
8.287889956035089378e-01 6.979129262293117808e-01 3.995349037530165681e+00
9.640760032313191452e-01 7.907066378517115801e-01 3.627489983571046572e+00
9.484071226673709276e-01 3.765857209996438804e-01 3.847921113084070477e+00
1.438639537957278725e+00 -2.543961681391651020e-01 4.164630038739749018e+00
1.173171428616991419e+00 1.108333700109908199e-01 3.802997389501018510e+00
1.171895159480297544e+00 1.716257036002594438e-01 3.673984508211113109e+00
9.166693412777581207e-01 1.596255361362514946e-01 3.243450883091382853e+00
4.751799600608564433e-01 3.686879497439342068e-01 3.092288415992745065e+00
7.164778562411076024e-01 2.756824475530050833e-02 3.104428858269323577e+00
6.638008674990302227e-01 -4.669095660486491384e-02 3.042389751997145453e+00
3.416105363089725899e-01 2.199175085789193962e-01 3.192515361020165976e+00
6.919702084361502026e-01 -2.283391657711922040e-01 3.680057529763692159e+00
5.448225989048501861e-01 -1.353851811502015390e-01 2.973660347888519073e+00
7.607994086840050296e-02 -5.822513890110235790e-01 3.579132824238602240e+00
3.234440731496251997e-02 -2.752001305477080328e-01 3.735473688301254924e+00
4.670553259055363338e-01 -2.182302205694169328e-01 3.670457862445189345e+00
4.769477890650343221e-01 -6.418885398881716275e-01 3.439619751174721518e+00
2.094829238676054473e-01 1.784868352217443832e-01 3.348231572302051706e+00
1.221675744249392848e+00 -1.162838693220459296e-01 3.198079144352013792e+00
1.323307547496323178e+00 7.124974816172402470e-01 3.370987466917136466e+00
8.698359543127990312e-01 9.172994250225230406e-01 3.316831442035070410e+00
5.562605200110520842e-01 6.335531333582283819e-01 3.340615096397920425e+00
5.979150623843138002e-01 4.077606717785881019e-01 3.935860718195563379e+00
7.254331067121457810e-01 4.191340907229127444e-01 4.052862833323504610e+00
5.037995931690759654e-01 -1.839639130487681074e-01 3.678927665503039623e+00
7.735536113960405080e-01 2.175903814399196556e-01 3.809804182386117954e+00
6.384970060122696633e-01 -8.441375152517005542e-02 3.526680228298959996e+00
7.993898305114124359e-01 -5.514227929567366848e-01 2.783893264830231917e+00
1.036905642623227486e+00 2.213591422547864229e-01 3.405292146762827876e+00
9.220314708326166064e-01 6.608302576700783026e-01 3.147539638555338026e+00
7.072914353763365414e-01 7.467975793391727901e-01 3.432468213290052805e+00
9.416808809922196932e-01 1.007938133383640578e+00 4.119048991568891260e+00
1.041056594050253414e+00 9.063533448593786845e-01 5.005479610385012990e+00
1.191182291290739048e+00 4.597544791646867024e-01 4.792823548874385331e+00
1.019960433968821523e+00 2.323508700478894295e-01 4.803409832960968018e+00
8.083866035826230423e-01 6.022491020584216370e-01 4.606587932348941372e+00
1.195606382868606765e+00 7.008987014268669435e-01 4.907526490479680703e+00
5.046146847727561724e-01 3.045423363433742425e-01 4.670539915878475057e+00
7.866763464580286414e-01 5.830985359780874733e-01 4.479113607313998102e+00
1.194894604699282548e+00 -1.136909187121155906e-02 4.844233400203997064e+00
9.352460542738270100e-01 1.176964643460658988e-01 4.683879343715151577e+00
3.377105970931719159e-01 4.252508843397629357e-01 4.848490588704451376e+00
6.276345117348411939e-01 -4.084912966512962984e-03 4.468800153685624110e+00
9.092286425493556479e-01 7.267660053842774914e-01 4.436079781655825727e+00
6.556074421391949736e-01 5.636052132538145187e-01 4.069003005580768217e+00
6.117561220884268902e-01 1.828453148389719840e-01 4.091894242540123017e+00
2.558785061932346006e-01 -9.040035827849146610e-02 4.121286328827575396e+00
1.223139438881784002e+00 -1.107360077663361031e-01 3.991875617817627564e+00
1.244214435276707720e+00 -1.351646544819865015e-02 4.099509892853057558e+00
1.352095892635762242e+00 -2.240037610363503628e-01 3.403905922710553256e+00
1.352095892635762242e+00 -2.240037610363503628e-01 3.403905922710553256e+00
1.547961331164455334e+00 -2.915763887266827892e-01 2.424021426260960510e+00
1.024645210377395088e+00 1.083913980402416016e-01 2.340903265123698507e+00
1.024645210377395088e+00 1.083913980402416016e-01 2.340903265123698507e+00
1.328504780156804621e+00 9.335427585302623343e-02 1.409044471019375244e+00
8.128462865485859279e-01 -3.305573071881802161e-01 1.905985805647467890e+00
7.273928067945406584e-01 -1.197536976159276206e-01 1.692020265746065899e+00
5.890257841067112476e-01 8.631515744879497687e-01 1.977580522629991400e+00
5.519177557110280796e-01 1.033400493394653008e+00 2.398321754580575504e+00
5.337413993405144552e-01 8.963992966926001005e-01 2.593164123770065554e+00
6.203837382761943076e-01 -5.427642724740910918e-02 2.952738728327867435e+00
5.827677457962904262e-01 -4.204877234369727712e-02 3.503879272174426518e+00
5.589115298065694404e-01 -1.689538122775383761e-02 3.353851976259314416e+00
7.486820417302041397e-01 -7.077900684491438277e-01 3.316298536659584073e+00
4.934140339460835745e-01 -6.071537658472810906e-01 3.868505357214423679e+00
8.018320045435984866e-01 -2.408978884165262624e-01 3.754160618767820701e+00
3.138298994044916301e-01 1.838364672915934472e-01 3.179423414842368789e+00
2.100125338712440781e-01 -1.584151577755000817e-01 2.824197201373105148e+00
6.762509923438693171e-01 -2.280593909223444515e-01 2.450595765885749788e+00
7.207247508392001789e-01 -1.765634599040419861e-01 2.995194736201560737e+00
5.961971451328424987e-01 7.947401467990800050e-02 3.197927636475764057e+00
5.199249832226792156e-01 5.881442172524893319e-01 3.047879701051266821e+00
1.060523017345718744e+00 5.779292046770710956e-01 3.803921621633523209e+00
9.630113364813112087e-01 3.185369146524281714e-01 4.595354081627450071e+00
